year,municipality_name,is_region,crime_code,crime_count
2019,MADRID COMUNIDAD DE,True,CONVENTIONAL,370720.0
2019,MADRID COMUNIDAD DE,True,HOM_COMPLETED,32.0
2019,MADRID COMUNIDAD DE,True,HOM_ATTEMPTED,78.0
2019,MADRID COMUNIDAD DE,True,INJURY,2442.0
2019,MADRID COMUNIDAD DE,True,KIDNAPPING,16.0
2019,MADRID COMUNIDAD DE,True,SEXUAL,1967.0
2019,MADRID COMUNIDAD DE,True,SEXUAL_PENETRATION,243.0
2019,MADRID COMUNIDAD DE,True,SEXUAL_OTHER,1724.0
2019,MADRID COMUNIDAD DE,True,ROBBERY_VIOLENT,15372.0
2019,MADRID COMUNIDAD DE,True,BURGLARY,18239.0
2019,MADRID COMUNIDAD DE,True,BURGLARY_DWELLING,11469.0
2019,MADRID COMUNIDAD DE,True,THEFT,154169.0
2019,MADRID COMUNIDAD DE,True,VEHICLE_THEFT,8030.0
2019,MADRID COMUNIDAD DE,True,DRUG_TRAFFICKING,2577.0
2019,MADRID COMUNIDAD DE,True,OTHER_CONVENTIONAL,167798.0
2019,MADRID COMUNIDAD DE,True,CYBERCRIME,37016.0
2019,MADRID COMUNIDAD DE,True,CYBER_FRAUD,32841.0
2019,MADRID COMUNIDAD DE,True,CYBER_OTHER,4175.0
2019,MADRID COMUNIDAD DE,True,TOTAL,407736.0
2019,ALCALA DE HENARES,False,CONVENTIONAL,8861.0
2019,ALCALA DE HENARES,False,HOM_COMPLETED,1.0
2019,ALCALA DE HENARES,False,HOM_ATTEMPTED,3.0
2019,ALCALA DE HENARES,False,INJURY,52.0
2019,ALCALA DE HENARES,False,KIDNAPPING,0.0
2019,ALCALA DE HENARES,False,SEXUAL,40.0
2019,ALCALA DE HENARES,False,SEXUAL_PENETRATION,4.0
2019,ALCALA DE HENARES,False,SEXUAL_OTHER,36.0
2019,ALCALA DE HENARES,False,ROBBERY_VIOLENT,217.0
2019,ALCALA DE HENARES,False,BURGLARY,377.0
2019,ALCALA DE HENARES,False,BURGLARY_DWELLING,202.0
2019,ALCALA DE HENARES,False,THEFT,2738.0
2019,ALCALA DE HENARES,False,VEHICLE_THEFT,232.0
2019,ALCALA DE HENARES,False,DRUG_TRAFFICKING,49.0
2019,ALCALA DE HENARES,False,OTHER_CONVENTIONAL,5152.0
2019,ALCALA DE HENARES,False,CYBERCRIME,983.0
2019,ALCALA DE HENARES,False,CYBER_FRAUD,806.0
2019,ALCALA DE HENARES,False,CYBER_OTHER,177.0
2019,ALCALA DE HENARES,False,TOTAL,9844.0
2019,ALCOBENDAS,False,CONVENTIONAL,4644.0
2019,ALCOBENDAS,False,HOM_COMPLETED,0.0
2019,ALCOBENDAS,False,HOM_ATTEMPTED,3.0
2019,ALCOBENDAS,False,INJURY,32.0
2019,ALCOBENDAS,False,KIDNAPPING,0.0
2019,ALCOBENDAS,False,SEXUAL,42.0
2019,ALCOBENDAS,False,SEXUAL_PENETRATION,7.0
2019,ALCOBENDAS,False,SEXUAL_OTHER,35.0
2019,ALCOBENDAS,False,ROBBERY_VIOLENT,134.0
2019,ALCOBENDAS,False,BURGLARY,387.0
2019,ALCOBENDAS,False,BURGLARY_DWELLING,215.0
2019,ALCOBENDAS,False,THEFT,1343.0
2019,ALCOBENDAS,False,VEHICLE_THEFT,230.0
2019,ALCOBENDAS,False,DRUG_TRAFFICKING,29.0
2019,ALCOBENDAS,False,OTHER_CONVENTIONAL,2444.0
2019,ALCOBENDAS,False,CYBERCRIME,848.0
2019,ALCOBENDAS,False,CYBER_FRAUD,771.0
2019,ALCOBENDAS,False,CYBER_OTHER,77.0
2019,ALCOBENDAS,False,TOTAL,5492.0
2019,ALCORCON,False,CONVENTIONAL,5758.0
2019,ALCORCON,False,HOM_COMPLETED,0.0
2019,ALCORCON,False,HOM_ATTEMPTED,2.0
2019,ALCORCON,False,INJURY,29.0
2019,ALCORCON,False,KIDNAPPING,0.0
2019,ALCORCON,False,SEXUAL,22.0
2019,ALCORCON,False,SEXUAL_PENETRATION,6.0
2019,ALCORCON,False,SEXUAL_OTHER,16.0
2019,ALCORCON,False,ROBBERY_VIOLENT,257.0
2019,ALCORCON,False,BURGLARY,253.0
2019,ALCORCON,False,BURGLARY_DWELLING,154.0
2019,ALCORCON,False,THEFT,2282.0
2019,ALCORCON,False,VEHICLE_THEFT,134.0
2019,ALCORCON,False,DRUG_TRAFFICKING,38.0
2019,ALCORCON,False,OTHER_CONVENTIONAL,2741.0
2019,ALCORCON,False,CYBERCRIME,1063.0
2019,ALCORCON,False,CYBER_FRAUD,909.0
2019,ALCORCON,False,CYBER_OTHER,154.0
2019,ALCORCON,False,TOTAL,6821.0
2019,ALGETE,False,CONVENTIONAL,657.0
2019,ALGETE,False,HOM_COMPLETED,0.0
2019,ALGETE,False,HOM_ATTEMPTED,0.0
2019,ALGETE,False,INJURY,1.0
2019,ALGETE,False,KIDNAPPING,0.0
2019,ALGETE,False,SEXUAL,2.0
2019,ALGETE,False,SEXUAL_PENETRATION,0.0
2019,ALGETE,False,SEXUAL_OTHER,2.0
2019,ALGETE,False,ROBBERY_VIOLENT,16.0
2019,ALGETE,False,BURGLARY,47.0
2019,ALGETE,False,BURGLARY_DWELLING,37.0
2019,ALGETE,False,THEFT,146.0
2019,ALGETE,False,VEHICLE_THEFT,9.0
2019,ALGETE,False,DRUG_TRAFFICKING,0.0
2019,ALGETE,False,OTHER_CONVENTIONAL,436.0
2019,ALGETE,False,CYBERCRIME,114.0
2019,ALGETE,False,CYBER_FRAUD,99.0
2019,ALGETE,False,CYBER_OTHER,15.0
2019,ALGETE,False,TOTAL,771.0
2019,ARANJUEZ,False,CONVENTIONAL,2097.0
2019,ARANJUEZ,False,HOM_COMPLETED,2.0
2019,ARANJUEZ,False,HOM_ATTEMPTED,2.0
2019,ARANJUEZ,False,INJURY,14.0
2019,ARANJUEZ,False,KIDNAPPING,0.0
2019,ARANJUEZ,False,SEXUAL,12.0
2019,ARANJUEZ,False,SEXUAL_PENETRATION,1.0
2019,ARANJUEZ,False,SEXUAL_OTHER,11.0
2019,ARANJUEZ,False,ROBBERY_VIOLENT,32.0
2019,ARANJUEZ,False,BURGLARY,122.0
2019,ARANJUEZ,False,BURGLARY_DWELLING,66.0
2019,ARANJUEZ,False,THEFT,547.0
2019,ARANJUEZ,False,VEHICLE_THEFT,53.0
2019,ARANJUEZ,False,DRUG_TRAFFICKING,13.0
2019,ARANJUEZ,False,OTHER_CONVENTIONAL,1300.0
2019,ARANJUEZ,False,CYBERCRIME,206.0
2019,ARANJUEZ,False,CYBER_FRAUD,188.0
2019,ARANJUEZ,False,CYBER_OTHER,18.0
2019,ARANJUEZ,False,TOTAL,2303.0
2019,ARGANDA DEL REY,False,CONVENTIONAL,3156.0
2019,ARGANDA DEL REY,False,HOM_COMPLETED,0.0
2019,ARGANDA DEL REY,False,HOM_ATTEMPTED,0.0
2019,ARGANDA DEL REY,False,INJURY,47.0
2019,ARGANDA DEL REY,False,KIDNAPPING,0.0
2019,ARGANDA DEL REY,False,SEXUAL,16.0
2019,ARGANDA DEL REY,False,SEXUAL_PENETRATION,2.0
2019,ARGANDA DEL REY,False,SEXUAL_OTHER,14.0
2019,ARGANDA DEL REY,False,ROBBERY_VIOLENT,185.0
2019,ARGANDA DEL REY,False,BURGLARY,141.0
2019,ARGANDA DEL REY,False,BURGLARY_DWELLING,71.0
2019,ARGANDA DEL REY,False,THEFT,1129.0
2019,ARGANDA DEL REY,False,VEHICLE_THEFT,26.0
2019,ARGANDA DEL REY,False,DRUG_TRAFFICKING,16.0
2019,ARGANDA DEL REY,False,OTHER_CONVENTIONAL,1596.0
2019,ARGANDA DEL REY,False,CYBERCRIME,137.0
2019,ARGANDA DEL REY,False,CYBER_FRAUD,118.0
2019,ARGANDA DEL REY,False,CYBER_OTHER,19.0
2019,ARGANDA DEL REY,False,TOTAL,3293.0
2019,ARROYOMOLINOS,False,CONVENTIONAL,2672.0
2019,ARROYOMOLINOS,False,HOM_COMPLETED,0.0
2019,ARROYOMOLINOS,False,HOM_ATTEMPTED,0.0
2019,ARROYOMOLINOS,False,INJURY,7.0
2019,ARROYOMOLINOS,False,KIDNAPPING,0.0
2019,ARROYOMOLINOS,False,SEXUAL,18.0
2019,ARROYOMOLINOS,False,SEXUAL_PENETRATION,1.0
2019,ARROYOMOLINOS,False,SEXUAL_OTHER,17.0
2019,ARROYOMOLINOS,False,ROBBERY_VIOLENT,32.0
2019,ARROYOMOLINOS,False,BURGLARY,90.0
2019,ARROYOMOLINOS,False,BURGLARY_DWELLING,61.0
2019,ARROYOMOLINOS,False,THEFT,1621.0
2019,ARROYOMOLINOS,False,VEHICLE_THEFT,52.0
2019,ARROYOMOLINOS,False,DRUG_TRAFFICKING,2.0
2019,ARROYOMOLINOS,False,OTHER_CONVENTIONAL,850.0
2019,ARROYOMOLINOS,False,CYBERCRIME,214.0
2019,ARROYOMOLINOS,False,CYBER_FRAUD,171.0
2019,ARROYOMOLINOS,False,CYBER_OTHER,43.0
2019,ARROYOMOLINOS,False,TOTAL,2886.0
2019,BOADILLA DEL MONTE,False,CONVENTIONAL,1185.0
2019,BOADILLA DEL MONTE,False,HOM_COMPLETED,0.0
2019,BOADILLA DEL MONTE,False,HOM_ATTEMPTED,0.0
2019,BOADILLA DEL MONTE,False,INJURY,6.0
2019,BOADILLA DEL MONTE,False,KIDNAPPING,0.0
2019,BOADILLA DEL MONTE,False,SEXUAL,5.0
2019,BOADILLA DEL MONTE,False,SEXUAL_PENETRATION,0.0
2019,BOADILLA DEL MONTE,False,SEXUAL_OTHER,5.0
2019,BOADILLA DEL MONTE,False,ROBBERY_VIOLENT,11.0
2019,BOADILLA DEL MONTE,False,BURGLARY,121.0
2019,BOADILLA DEL MONTE,False,BURGLARY_DWELLING,92.0
2019,BOADILLA DEL MONTE,False,THEFT,363.0
2019,BOADILLA DEL MONTE,False,VEHICLE_THEFT,14.0
2019,BOADILLA DEL MONTE,False,DRUG_TRAFFICKING,3.0
2019,BOADILLA DEL MONTE,False,OTHER_CONVENTIONAL,662.0
2019,BOADILLA DEL MONTE,False,CYBERCRIME,139.0
2019,BOADILLA DEL MONTE,False,CYBER_FRAUD,118.0
2019,BOADILLA DEL MONTE,False,CYBER_OTHER,21.0
2019,BOADILLA DEL MONTE,False,TOTAL,1324.0
2019,CIEMPOZUELOS,False,CONVENTIONAL,1388.0
2019,CIEMPOZUELOS,False,HOM_COMPLETED,0.0
2019,CIEMPOZUELOS,False,HOM_ATTEMPTED,1.0
2019,CIEMPOZUELOS,False,INJURY,9.0
2019,CIEMPOZUELOS,False,KIDNAPPING,0.0
2019,CIEMPOZUELOS,False,SEXUAL,16.0
2019,CIEMPOZUELOS,False,SEXUAL_PENETRATION,4.0
2019,CIEMPOZUELOS,False,SEXUAL_OTHER,12.0
2019,CIEMPOZUELOS,False,ROBBERY_VIOLENT,32.0
2019,CIEMPOZUELOS,False,BURGLARY,106.0
2019,CIEMPOZUELOS,False,BURGLARY_DWELLING,50.0
2019,CIEMPOZUELOS,False,THEFT,251.0
2019,CIEMPOZUELOS,False,VEHICLE_THEFT,21.0
2019,CIEMPOZUELOS,False,DRUG_TRAFFICKING,6.0
2019,CIEMPOZUELOS,False,OTHER_CONVENTIONAL,946.0
2019,CIEMPOZUELOS,False,CYBERCRIME,83.0
2019,CIEMPOZUELOS,False,CYBER_FRAUD,71.0
2019,CIEMPOZUELOS,False,CYBER_OTHER,12.0
2019,CIEMPOZUELOS,False,TOTAL,1471.0
2019,COLMENAR VIEJO,False,CONVENTIONAL,1815.0
2019,COLMENAR VIEJO,False,HOM_COMPLETED,0.0
2019,COLMENAR VIEJO,False,HOM_ATTEMPTED,0.0
2019,COLMENAR VIEJO,False,INJURY,25.0
2019,COLMENAR VIEJO,False,KIDNAPPING,0.0
2019,COLMENAR VIEJO,False,SEXUAL,21.0
2019,COLMENAR VIEJO,False,SEXUAL_PENETRATION,1.0
2019,COLMENAR VIEJO,False,SEXUAL_OTHER,20.0
2019,COLMENAR VIEJO,False,ROBBERY_VIOLENT,59.0
2019,COLMENAR VIEJO,False,BURGLARY,118.0
2019,COLMENAR VIEJO,False,BURGLARY_DWELLING,87.0
2019,COLMENAR VIEJO,False,THEFT,443.0
2019,COLMENAR VIEJO,False,VEHICLE_THEFT,8.0
2019,COLMENAR VIEJO,False,DRUG_TRAFFICKING,8.0
2019,COLMENAR VIEJO,False,OTHER_CONVENTIONAL,1133.0
2019,COLMENAR VIEJO,False,CYBERCRIME,163.0
2019,COLMENAR VIEJO,False,CYBER_FRAUD,129.0
2019,COLMENAR VIEJO,False,CYBER_OTHER,34.0
2019,COLMENAR VIEJO,False,TOTAL,1978.0
2019,COLLADO VILLALBA,False,CONVENTIONAL,3054.0
2019,COLLADO VILLALBA,False,HOM_COMPLETED,0.0
2019,COLLADO VILLALBA,False,HOM_ATTEMPTED,0.0
2019,COLLADO VILLALBA,False,INJURY,44.0
2019,COLLADO VILLALBA,False,KIDNAPPING,0.0
2019,COLLADO VILLALBA,False,SEXUAL,29.0
2019,COLLADO VILLALBA,False,SEXUAL_PENETRATION,4.0
2019,COLLADO VILLALBA,False,SEXUAL_OTHER,25.0
2019,COLLADO VILLALBA,False,ROBBERY_VIOLENT,138.0
2019,COLLADO VILLALBA,False,BURGLARY,157.0
2019,COLLADO VILLALBA,False,BURGLARY_DWELLING,112.0
2019,COLLADO VILLALBA,False,THEFT,941.0
2019,COLLADO VILLALBA,False,VEHICLE_THEFT,21.0
2019,COLLADO VILLALBA,False,DRUG_TRAFFICKING,23.0
2019,COLLADO VILLALBA,False,OTHER_CONVENTIONAL,1701.0
2019,COLLADO VILLALBA,False,CYBERCRIME,198.0
2019,COLLADO VILLALBA,False,CYBER_FRAUD,165.0
2019,COLLADO VILLALBA,False,CYBER_OTHER,33.0
2019,COLLADO VILLALBA,False,TOTAL,3252.0
2019,COSLADA,False,CONVENTIONAL,3280.0
2019,COSLADA,False,HOM_COMPLETED,1.0
2019,COSLADA,False,HOM_ATTEMPTED,0.0
2019,COSLADA,False,INJURY,27.0
2019,COSLADA,False,KIDNAPPING,0.0
2019,COSLADA,False,SEXUAL,14.0
2019,COSLADA,False,SEXUAL_PENETRATION,1.0
2019,COSLADA,False,SEXUAL_OTHER,13.0
2019,COSLADA,False,ROBBERY_VIOLENT,88.0
2019,COSLADA,False,BURGLARY,201.0
2019,COSLADA,False,BURGLARY_DWELLING,110.0
2019,COSLADA,False,THEFT,898.0
2019,COSLADA,False,VEHICLE_THEFT,97.0
2019,COSLADA,False,DRUG_TRAFFICKING,20.0
2019,COSLADA,False,OTHER_CONVENTIONAL,1934.0
2019,COSLADA,False,CYBERCRIME,237.0
2019,COSLADA,False,CYBER_FRAUD,194.0
2019,COSLADA,False,CYBER_OTHER,43.0
2019,COSLADA,False,TOTAL,3517.0
2019,FUENLABRADA,False,CONVENTIONAL,5844.0
2019,FUENLABRADA,False,HOM_COMPLETED,1.0
2019,FUENLABRADA,False,HOM_ATTEMPTED,4.0
2019,FUENLABRADA,False,INJURY,22.0
2019,FUENLABRADA,False,KIDNAPPING,0.0
2019,FUENLABRADA,False,SEXUAL,27.0
2019,FUENLABRADA,False,SEXUAL_PENETRATION,1.0
2019,FUENLABRADA,False,SEXUAL_OTHER,26.0
2019,FUENLABRADA,False,ROBBERY_VIOLENT,296.0
2019,FUENLABRADA,False,BURGLARY,251.0
2019,FUENLABRADA,False,BURGLARY_DWELLING,126.0
2019,FUENLABRADA,False,THEFT,1860.0
2019,FUENLABRADA,False,VEHICLE_THEFT,199.0
2019,FUENLABRADA,False,DRUG_TRAFFICKING,31.0
2019,FUENLABRADA,False,OTHER_CONVENTIONAL,3153.0
2019,FUENLABRADA,False,CYBERCRIME,1046.0
2019,FUENLABRADA,False,CYBER_FRAUD,978.0
2019,FUENLABRADA,False,CYBER_OTHER,68.0
2019,FUENLABRADA,False,TOTAL,6890.0
2019,GALAPAGAR,False,CONVENTIONAL,1836.0
2019,GALAPAGAR,False,HOM_COMPLETED,0.0
2019,GALAPAGAR,False,HOM_ATTEMPTED,0.0
2019,GALAPAGAR,False,INJURY,9.0
2019,GALAPAGAR,False,KIDNAPPING,0.0
2019,GALAPAGAR,False,SEXUAL,21.0
2019,GALAPAGAR,False,SEXUAL_PENETRATION,0.0
2019,GALAPAGAR,False,SEXUAL_OTHER,21.0
2019,GALAPAGAR,False,ROBBERY_VIOLENT,28.0
2019,GALAPAGAR,False,BURGLARY,234.0
2019,GALAPAGAR,False,BURGLARY_DWELLING,177.0
2019,GALAPAGAR,False,THEFT,231.0
2019,GALAPAGAR,False,VEHICLE_THEFT,5.0
2019,GALAPAGAR,False,DRUG_TRAFFICKING,7.0
2019,GALAPAGAR,False,OTHER_CONVENTIONAL,1301.0
2019,GALAPAGAR,False,CYBERCRIME,172.0
2019,GALAPAGAR,False,CYBER_FRAUD,131.0
2019,GALAPAGAR,False,CYBER_OTHER,41.0
2019,GALAPAGAR,False,TOTAL,2008.0
2019,GETAFE,False,CONVENTIONAL,7824.0
2019,GETAFE,False,HOM_COMPLETED,0.0
2019,GETAFE,False,HOM_ATTEMPTED,0.0
2019,GETAFE,False,INJURY,47.0
2019,GETAFE,False,KIDNAPPING,2.0
2019,GETAFE,False,SEXUAL,51.0
2019,GETAFE,False,SEXUAL_PENETRATION,3.0
2019,GETAFE,False,SEXUAL_OTHER,48.0
2019,GETAFE,False,ROBBERY_VIOLENT,384.0
2019,GETAFE,False,BURGLARY,389.0
2019,GETAFE,False,BURGLARY_DWELLING,259.0
2019,GETAFE,False,THEFT,2437.0
2019,GETAFE,False,VEHICLE_THEFT,308.0
2019,GETAFE,False,DRUG_TRAFFICKING,13.0
2019,GETAFE,False,OTHER_CONVENTIONAL,4193.0
2019,GETAFE,False,CYBERCRIME,647.0
2019,GETAFE,False,CYBER_FRAUD,541.0
2019,GETAFE,False,CYBER_OTHER,106.0
2019,GETAFE,False,TOTAL,8471.0
2019,LEGANES,False,CONVENTIONAL,8877.0
2019,LEGANES,False,HOM_COMPLETED,2.0
2019,LEGANES,False,HOM_ATTEMPTED,0.0
2019,LEGANES,False,INJURY,56.0
2019,LEGANES,False,KIDNAPPING,1.0
2019,LEGANES,False,SEXUAL,54.0
2019,LEGANES,False,SEXUAL_PENETRATION,8.0
2019,LEGANES,False,SEXUAL_OTHER,46.0
2019,LEGANES,False,ROBBERY_VIOLENT,355.0
2019,LEGANES,False,BURGLARY,400.0
2019,LEGANES,False,BURGLARY_DWELLING,188.0
2019,LEGANES,False,THEFT,3672.0
2019,LEGANES,False,VEHICLE_THEFT,222.0
2019,LEGANES,False,DRUG_TRAFFICKING,30.0
2019,LEGANES,False,OTHER_CONVENTIONAL,4085.0
2019,LEGANES,False,CYBERCRIME,666.0
2019,LEGANES,False,CYBER_FRAUD,607.0
2019,LEGANES,False,CYBER_OTHER,59.0
2019,LEGANES,False,TOTAL,9543.0
2019,MADRID,False,CONVENTIONAL,230466.0
2019,MADRID,False,HOM_COMPLETED,16.0
2019,MADRID,False,HOM_ATTEMPTED,42.0
2019,MADRID,False,INJURY,1447.0
2019,MADRID,False,KIDNAPPING,9.0
2019,MADRID,False,SEXUAL,1105.0
2019,MADRID,False,SEXUAL_PENETRATION,138.0
2019,MADRID,False,SEXUAL_OTHER,967.0
2019,MADRID,False,ROBBERY_VIOLENT,10813.0
2019,MADRID,False,BURGLARY,8784.0
2019,MADRID,False,BURGLARY_DWELLING,5125.0
2019,MADRID,False,THEFT,111709.0
2019,MADRID,False,VEHICLE_THEFT,4981.0
2019,MADRID,False,DRUG_TRAFFICKING,1947.0
2019,MADRID,False,OTHER_CONVENTIONAL,89613.0
2019,MADRID,False,CYBERCRIME,21897.0
2019,MADRID,False,CYBER_FRAUD,19866.0
2019,MADRID,False,CYBER_OTHER,2031.0
2019,MADRID,False,TOTAL,252363.0
2019,MAJADAHONDA,False,CONVENTIONAL,3772.0
2019,MAJADAHONDA,False,HOM_COMPLETED,0.0
2019,MAJADAHONDA,False,HOM_ATTEMPTED,3.0
2019,MAJADAHONDA,False,INJURY,24.0
2019,MAJADAHONDA,False,KIDNAPPING,0.0
2019,MAJADAHONDA,False,SEXUAL,20.0
2019,MAJADAHONDA,False,SEXUAL_PENETRATION,3.0
2019,MAJADAHONDA,False,SEXUAL_OTHER,17.0
2019,MAJADAHONDA,False,ROBBERY_VIOLENT,83.0
2019,MAJADAHONDA,False,BURGLARY,389.0
2019,MAJADAHONDA,False,BURGLARY_DWELLING,301.0
2019,MAJADAHONDA,False,THEFT,1427.0
2019,MAJADAHONDA,False,VEHICLE_THEFT,74.0
2019,MAJADAHONDA,False,DRUG_TRAFFICKING,17.0
2019,MAJADAHONDA,False,OTHER_CONVENTIONAL,1735.0
2019,MAJADAHONDA,False,CYBERCRIME,312.0
2019,MAJADAHONDA,False,CYBER_FRAUD,263.0
2019,MAJADAHONDA,False,CYBER_OTHER,49.0
2019,MAJADAHONDA,False,TOTAL,4084.0
2019,MEJORADA DEL CAMPO,False,CONVENTIONAL,1279.0
2019,MEJORADA DEL CAMPO,False,HOM_COMPLETED,0.0
2019,MEJORADA DEL CAMPO,False,HOM_ATTEMPTED,0.0
2019,MEJORADA DEL CAMPO,False,INJURY,18.0
2019,MEJORADA DEL CAMPO,False,KIDNAPPING,0.0
2019,MEJORADA DEL CAMPO,False,SEXUAL,1.0
2019,MEJORADA DEL CAMPO,False,SEXUAL_PENETRATION,0.0
2019,MEJORADA DEL CAMPO,False,SEXUAL_OTHER,1.0
2019,MEJORADA DEL CAMPO,False,ROBBERY_VIOLENT,19.0
2019,MEJORADA DEL CAMPO,False,BURGLARY,80.0
2019,MEJORADA DEL CAMPO,False,BURGLARY_DWELLING,42.0
2019,MEJORADA DEL CAMPO,False,THEFT,245.0
2019,MEJORADA DEL CAMPO,False,VEHICLE_THEFT,29.0
2019,MEJORADA DEL CAMPO,False,DRUG_TRAFFICKING,3.0
2019,MEJORADA DEL CAMPO,False,OTHER_CONVENTIONAL,884.0
2019,MEJORADA DEL CAMPO,False,CYBERCRIME,89.0
2019,MEJORADA DEL CAMPO,False,CYBER_FRAUD,73.0
2019,MEJORADA DEL CAMPO,False,CYBER_OTHER,16.0
2019,MEJORADA DEL CAMPO,False,TOTAL,1368.0
2019,MOSTOLES,False,CONVENTIONAL,7181.0
2019,MOSTOLES,False,HOM_COMPLETED,1.0
2019,MOSTOLES,False,HOM_ATTEMPTED,3.0
2019,MOSTOLES,False,INJURY,61.0
2019,MOSTOLES,False,KIDNAPPING,1.0
2019,MOSTOLES,False,SEXUAL,44.0
2019,MOSTOLES,False,SEXUAL_PENETRATION,4.0
2019,MOSTOLES,False,SEXUAL_OTHER,40.0
2019,MOSTOLES,False,ROBBERY_VIOLENT,369.0
2019,MOSTOLES,False,BURGLARY,376.0
2019,MOSTOLES,False,BURGLARY_DWELLING,265.0
2019,MOSTOLES,False,THEFT,2097.0
2019,MOSTOLES,False,VEHICLE_THEFT,221.0
2019,MOSTOLES,False,DRUG_TRAFFICKING,45.0
2019,MOSTOLES,False,OTHER_CONVENTIONAL,3963.0
2019,MOSTOLES,False,CYBERCRIME,1357.0
2019,MOSTOLES,False,CYBER_FRAUD,1210.0
2019,MOSTOLES,False,CYBER_OTHER,147.0
2019,MOSTOLES,False,TOTAL,8538.0
2019,NAVALCARNERO,False,CONVENTIONAL,1020.0
2019,NAVALCARNERO,False,HOM_COMPLETED,0.0
2019,NAVALCARNERO,False,HOM_ATTEMPTED,0.0
2019,NAVALCARNERO,False,INJURY,5.0
2019,NAVALCARNERO,False,KIDNAPPING,0.0
2019,NAVALCARNERO,False,SEXUAL,13.0
2019,NAVALCARNERO,False,SEXUAL_PENETRATION,0.0
2019,NAVALCARNERO,False,SEXUAL_OTHER,13.0
2019,NAVALCARNERO,False,ROBBERY_VIOLENT,9.0
2019,NAVALCARNERO,False,BURGLARY,87.0
2019,NAVALCARNERO,False,BURGLARY_DWELLING,72.0
2019,NAVALCARNERO,False,THEFT,190.0
2019,NAVALCARNERO,False,VEHICLE_THEFT,25.0
2019,NAVALCARNERO,False,DRUG_TRAFFICKING,14.0
2019,NAVALCARNERO,False,OTHER_CONVENTIONAL,677.0
2019,NAVALCARNERO,False,CYBERCRIME,135.0
2019,NAVALCARNERO,False,CYBER_FRAUD,125.0
2019,NAVALCARNERO,False,CYBER_OTHER,10.0
2019,NAVALCARNERO,False,TOTAL,1155.0
2019,PARACUELLOS DE JARAMA,False,CONVENTIONAL,860.0
2019,PARACUELLOS DE JARAMA,False,HOM_COMPLETED,0.0
2019,PARACUELLOS DE JARAMA,False,HOM_ATTEMPTED,0.0
2019,PARACUELLOS DE JARAMA,False,INJURY,4.0
2019,PARACUELLOS DE JARAMA,False,KIDNAPPING,1.0
2019,PARACUELLOS DE JARAMA,False,SEXUAL,2.0
2019,PARACUELLOS DE JARAMA,False,SEXUAL_PENETRATION,1.0
2019,PARACUELLOS DE JARAMA,False,SEXUAL_OTHER,1.0
2019,PARACUELLOS DE JARAMA,False,ROBBERY_VIOLENT,13.0
2019,PARACUELLOS DE JARAMA,False,BURGLARY,89.0
2019,PARACUELLOS DE JARAMA,False,BURGLARY_DWELLING,50.0
2019,PARACUELLOS DE JARAMA,False,THEFT,133.0
2019,PARACUELLOS DE JARAMA,False,VEHICLE_THEFT,39.0
2019,PARACUELLOS DE JARAMA,False,DRUG_TRAFFICKING,2.0
2019,PARACUELLOS DE JARAMA,False,OTHER_CONVENTIONAL,577.0
2019,PARACUELLOS DE JARAMA,False,CYBERCRIME,111.0
2019,PARACUELLOS DE JARAMA,False,CYBER_FRAUD,104.0
2019,PARACUELLOS DE JARAMA,False,CYBER_OTHER,7.0
2019,PARACUELLOS DE JARAMA,False,TOTAL,971.0
2019,PARLA,False,CONVENTIONAL,6014.0
2019,PARLA,False,HOM_COMPLETED,1.0
2019,PARLA,False,HOM_ATTEMPTED,1.0
2019,PARLA,False,INJURY,21.0
2019,PARLA,False,KIDNAPPING,0.0
2019,PARLA,False,SEXUAL,38.0
2019,PARLA,False,SEXUAL_PENETRATION,5.0
2019,PARLA,False,SEXUAL_OTHER,33.0
2019,PARLA,False,ROBBERY_VIOLENT,414.0
2019,PARLA,False,BURGLARY,190.0
2019,PARLA,False,BURGLARY_DWELLING,91.0
2019,PARLA,False,THEFT,1597.0
2019,PARLA,False,VEHICLE_THEFT,139.0
2019,PARLA,False,DRUG_TRAFFICKING,20.0
2019,PARLA,False,OTHER_CONVENTIONAL,3593.0
2019,PARLA,False,CYBERCRIME,151.0
2019,PARLA,False,CYBER_FRAUD,120.0
2019,PARLA,False,CYBER_OTHER,31.0
2019,PARLA,False,TOTAL,6165.0
2019,PINTO,False,CONVENTIONAL,2546.0
2019,PINTO,False,HOM_COMPLETED,0.0
2019,PINTO,False,HOM_ATTEMPTED,0.0
2019,PINTO,False,INJURY,18.0
2019,PINTO,False,KIDNAPPING,0.0
2019,PINTO,False,SEXUAL,8.0
2019,PINTO,False,SEXUAL_PENETRATION,1.0
2019,PINTO,False,SEXUAL_OTHER,7.0
2019,PINTO,False,ROBBERY_VIOLENT,97.0
2019,PINTO,False,BURGLARY,157.0
2019,PINTO,False,BURGLARY_DWELLING,105.0
2019,PINTO,False,THEFT,731.0
2019,PINTO,False,VEHICLE_THEFT,24.0
2019,PINTO,False,DRUG_TRAFFICKING,10.0
2019,PINTO,False,OTHER_CONVENTIONAL,1501.0
2019,PINTO,False,CYBERCRIME,153.0
2019,PINTO,False,CYBER_FRAUD,123.0
2019,PINTO,False,CYBER_OTHER,30.0
2019,PINTO,False,TOTAL,2699.0
2019,POZUELO DE ALARCON,False,CONVENTIONAL,3186.0
2019,POZUELO DE ALARCON,False,HOM_COMPLETED,0.0
2019,POZUELO DE ALARCON,False,HOM_ATTEMPTED,1.0
2019,POZUELO DE ALARCON,False,INJURY,13.0
2019,POZUELO DE ALARCON,False,KIDNAPPING,0.0
2019,POZUELO DE ALARCON,False,SEXUAL,14.0
2019,POZUELO DE ALARCON,False,SEXUAL_PENETRATION,1.0
2019,POZUELO DE ALARCON,False,SEXUAL_OTHER,13.0
2019,POZUELO DE ALARCON,False,ROBBERY_VIOLENT,76.0
2019,POZUELO DE ALARCON,False,BURGLARY,184.0
2019,POZUELO DE ALARCON,False,BURGLARY_DWELLING,126.0
2019,POZUELO DE ALARCON,False,THEFT,1049.0
2019,POZUELO DE ALARCON,False,VEHICLE_THEFT,91.0
2019,POZUELO DE ALARCON,False,DRUG_TRAFFICKING,12.0
2019,POZUELO DE ALARCON,False,OTHER_CONVENTIONAL,1746.0
2019,POZUELO DE ALARCON,False,CYBERCRIME,478.0
2019,POZUELO DE ALARCON,False,CYBER_FRAUD,450.0
2019,POZUELO DE ALARCON,False,CYBER_OTHER,28.0
2019,POZUELO DE ALARCON,False,TOTAL,3664.0
2019,RIVAS VACIAMADRID,False,CONVENTIONAL,5208.0
2019,RIVAS VACIAMADRID,False,HOM_COMPLETED,0.0
2019,RIVAS VACIAMADRID,False,HOM_ATTEMPTED,1.0
2019,RIVAS VACIAMADRID,False,INJURY,22.0
2019,RIVAS VACIAMADRID,False,KIDNAPPING,0.0
2019,RIVAS VACIAMADRID,False,SEXUAL,22.0
2019,RIVAS VACIAMADRID,False,SEXUAL_PENETRATION,3.0
2019,RIVAS VACIAMADRID,False,SEXUAL_OTHER,19.0
2019,RIVAS VACIAMADRID,False,ROBBERY_VIOLENT,133.0
2019,RIVAS VACIAMADRID,False,BURGLARY,353.0
2019,RIVAS VACIAMADRID,False,BURGLARY_DWELLING,255.0
2019,RIVAS VACIAMADRID,False,THEFT,1814.0
2019,RIVAS VACIAMADRID,False,VEHICLE_THEFT,49.0
2019,RIVAS VACIAMADRID,False,DRUG_TRAFFICKING,14.0
2019,RIVAS VACIAMADRID,False,OTHER_CONVENTIONAL,2800.0
2019,RIVAS VACIAMADRID,False,CYBERCRIME,299.0
2019,RIVAS VACIAMADRID,False,CYBER_FRAUD,257.0
2019,RIVAS VACIAMADRID,False,CYBER_OTHER,42.0
2019,RIVAS VACIAMADRID,False,TOTAL,5507.0
2019,LAS ROZAS DE MADRID,False,CONVENTIONAL,4305.0
2019,LAS ROZAS DE MADRID,False,HOM_COMPLETED,0.0
2019,LAS ROZAS DE MADRID,False,HOM_ATTEMPTED,0.0
2019,LAS ROZAS DE MADRID,False,INJURY,29.0
2019,LAS ROZAS DE MADRID,False,KIDNAPPING,0.0
2019,LAS ROZAS DE MADRID,False,SEXUAL,24.0
2019,LAS ROZAS DE MADRID,False,SEXUAL_PENETRATION,2.0
2019,LAS ROZAS DE MADRID,False,SEXUAL_OTHER,22.0
2019,LAS ROZAS DE MADRID,False,ROBBERY_VIOLENT,118.0
2019,LAS ROZAS DE MADRID,False,BURGLARY,380.0
2019,LAS ROZAS DE MADRID,False,BURGLARY_DWELLING,305.0
2019,LAS ROZAS DE MADRID,False,THEFT,1529.0
2019,LAS ROZAS DE MADRID,False,VEHICLE_THEFT,52.0
2019,LAS ROZAS DE MADRID,False,DRUG_TRAFFICKING,4.0
2019,LAS ROZAS DE MADRID,False,OTHER_CONVENTIONAL,2169.0
2019,LAS ROZAS DE MADRID,False,CYBERCRIME,393.0
2019,LAS ROZAS DE MADRID,False,CYBER_FRAUD,321.0
2019,LAS ROZAS DE MADRID,False,CYBER_OTHER,72.0
2019,LAS ROZAS DE MADRID,False,TOTAL,4698.0
2019,SAN FERNANDO DE HENARES,False,CONVENTIONAL,1736.0
2019,SAN FERNANDO DE HENARES,False,HOM_COMPLETED,0.0
2019,SAN FERNANDO DE HENARES,False,HOM_ATTEMPTED,0.0
2019,SAN FERNANDO DE HENARES,False,INJURY,7.0
2019,SAN FERNANDO DE HENARES,False,KIDNAPPING,0.0
2019,SAN FERNANDO DE HENARES,False,SEXUAL,7.0
2019,SAN FERNANDO DE HENARES,False,SEXUAL_PENETRATION,3.0
2019,SAN FERNANDO DE HENARES,False,SEXUAL_OTHER,4.0
2019,SAN FERNANDO DE HENARES,False,ROBBERY_VIOLENT,38.0
2019,SAN FERNANDO DE HENARES,False,BURGLARY,82.0
2019,SAN FERNANDO DE HENARES,False,BURGLARY_DWELLING,39.0
2019,SAN FERNANDO DE HENARES,False,THEFT,583.0
2019,SAN FERNANDO DE HENARES,False,VEHICLE_THEFT,69.0
2019,SAN FERNANDO DE HENARES,False,DRUG_TRAFFICKING,15.0
2019,SAN FERNANDO DE HENARES,False,OTHER_CONVENTIONAL,935.0
2019,SAN FERNANDO DE HENARES,False,CYBERCRIME,119.0
2019,SAN FERNANDO DE HENARES,False,CYBER_FRAUD,93.0
2019,SAN FERNANDO DE HENARES,False,CYBER_OTHER,26.0
2019,SAN FERNANDO DE HENARES,False,TOTAL,1855.0
2019,SAN SEBASTIAN DE LOS REYES,False,CONVENTIONAL,4215.0
2019,SAN SEBASTIAN DE LOS REYES,False,HOM_COMPLETED,0.0
2019,SAN SEBASTIAN DE LOS REYES,False,HOM_ATTEMPTED,0.0
2019,SAN SEBASTIAN DE LOS REYES,False,INJURY,14.0
2019,SAN SEBASTIAN DE LOS REYES,False,KIDNAPPING,0.0
2019,SAN SEBASTIAN DE LOS REYES,False,SEXUAL,22.0
2019,SAN SEBASTIAN DE LOS REYES,False,SEXUAL_PENETRATION,7.0
2019,SAN SEBASTIAN DE LOS REYES,False,SEXUAL_OTHER,15.0
2019,SAN SEBASTIAN DE LOS REYES,False,ROBBERY_VIOLENT,105.0
2019,SAN SEBASTIAN DE LOS REYES,False,BURGLARY,276.0
2019,SAN SEBASTIAN DE LOS REYES,False,BURGLARY_DWELLING,147.0
2019,SAN SEBASTIAN DE LOS REYES,False,THEFT,1910.0
2019,SAN SEBASTIAN DE LOS REYES,False,VEHICLE_THEFT,89.0
2019,SAN SEBASTIAN DE LOS REYES,False,DRUG_TRAFFICKING,9.0
2019,SAN SEBASTIAN DE LOS REYES,False,OTHER_CONVENTIONAL,1790.0
2019,SAN SEBASTIAN DE LOS REYES,False,CYBERCRIME,598.0
2019,SAN SEBASTIAN DE LOS REYES,False,CYBER_FRAUD,535.0
2019,SAN SEBASTIAN DE LOS REYES,False,CYBER_OTHER,63.0
2019,SAN SEBASTIAN DE LOS REYES,False,TOTAL,4813.0
2019,TORREJON DE ARDOZ,False,CONVENTIONAL,4399.0
2019,TORREJON DE ARDOZ,False,HOM_COMPLETED,0.0
2019,TORREJON DE ARDOZ,False,HOM_ATTEMPTED,4.0
2019,TORREJON DE ARDOZ,False,INJURY,46.0
2019,TORREJON DE ARDOZ,False,KIDNAPPING,0.0
2019,TORREJON DE ARDOZ,False,SEXUAL,31.0
2019,TORREJON DE ARDOZ,False,SEXUAL_PENETRATION,6.0
2019,TORREJON DE ARDOZ,False,SEXUAL_OTHER,25.0
2019,TORREJON DE ARDOZ,False,ROBBERY_VIOLENT,95.0
2019,TORREJON DE ARDOZ,False,BURGLARY,232.0
2019,TORREJON DE ARDOZ,False,BURGLARY_DWELLING,110.0
2019,TORREJON DE ARDOZ,False,THEFT,1247.0
2019,TORREJON DE ARDOZ,False,VEHICLE_THEFT,93.0
2019,TORREJON DE ARDOZ,False,DRUG_TRAFFICKING,20.0
2019,TORREJON DE ARDOZ,False,OTHER_CONVENTIONAL,2631.0
2019,TORREJON DE ARDOZ,False,CYBERCRIME,292.0
2019,TORREJON DE ARDOZ,False,CYBER_FRAUD,236.0
2019,TORREJON DE ARDOZ,False,CYBER_OTHER,56.0
2019,TORREJON DE ARDOZ,False,TOTAL,4691.0
2019,TORRELODONES,False,CONVENTIONAL,1163.0
2019,TORRELODONES,False,HOM_COMPLETED,0.0
2019,TORRELODONES,False,HOM_ATTEMPTED,0.0
2019,TORRELODONES,False,INJURY,13.0
2019,TORRELODONES,False,KIDNAPPING,0.0
2019,TORRELODONES,False,SEXUAL,5.0
2019,TORRELODONES,False,SEXUAL_PENETRATION,0.0
2019,TORRELODONES,False,SEXUAL_OTHER,5.0
2019,TORRELODONES,False,ROBBERY_VIOLENT,23.0
2019,TORRELODONES,False,BURGLARY,149.0
2019,TORRELODONES,False,BURGLARY_DWELLING,132.0
2019,TORRELODONES,False,THEFT,305.0
2019,TORRELODONES,False,VEHICLE_THEFT,6.0
2019,TORRELODONES,False,DRUG_TRAFFICKING,7.0
2019,TORRELODONES,False,OTHER_CONVENTIONAL,655.0
2019,TORRELODONES,False,CYBERCRIME,157.0
2019,TORRELODONES,False,CYBER_FRAUD,126.0
2019,TORRELODONES,False,CYBER_OTHER,31.0
2019,TORRELODONES,False,TOTAL,1320.0
2019,TRES CANTOS,False,CONVENTIONAL,1150.0
2019,TRES CANTOS,False,HOM_COMPLETED,0.0
2019,TRES CANTOS,False,HOM_ATTEMPTED,0.0
2019,TRES CANTOS,False,INJURY,8.0
2019,TRES CANTOS,False,KIDNAPPING,0.0
2019,TRES CANTOS,False,SEXUAL,8.0
2019,TRES CANTOS,False,SEXUAL_PENETRATION,2.0
2019,TRES CANTOS,False,SEXUAL_OTHER,6.0
2019,TRES CANTOS,False,ROBBERY_VIOLENT,26.0
2019,TRES CANTOS,False,BURGLARY,69.0
2019,TRES CANTOS,False,BURGLARY_DWELLING,56.0
2019,TRES CANTOS,False,THEFT,352.0
2019,TRES CANTOS,False,VEHICLE_THEFT,8.0
2019,TRES CANTOS,False,DRUG_TRAFFICKING,8.0
2019,TRES CANTOS,False,OTHER_CONVENTIONAL,671.0
2019,TRES CANTOS,False,CYBERCRIME,120.0
2019,TRES CANTOS,False,CYBER_FRAUD,106.0
2019,TRES CANTOS,False,CYBER_OTHER,14.0
2019,TRES CANTOS,False,TOTAL,1270.0
2019,VALDEMORO,False,CONVENTIONAL,3164.0
2019,VALDEMORO,False,HOM_COMPLETED,1.0
2019,VALDEMORO,False,HOM_ATTEMPTED,1.0
2019,VALDEMORO,False,INJURY,39.0
2019,VALDEMORO,False,KIDNAPPING,1.0
2019,VALDEMORO,False,SEXUAL,26.0
2019,VALDEMORO,False,SEXUAL_PENETRATION,4.0
2019,VALDEMORO,False,SEXUAL_OTHER,22.0
2019,VALDEMORO,False,ROBBERY_VIOLENT,95.0
2019,VALDEMORO,False,BURGLARY,181.0
2019,VALDEMORO,False,BURGLARY_DWELLING,104.0
2019,VALDEMORO,False,THEFT,652.0
2019,VALDEMORO,False,VEHICLE_THEFT,66.0
2019,VALDEMORO,False,DRUG_TRAFFICKING,8.0
2019,VALDEMORO,False,OTHER_CONVENTIONAL,2094.0
2019,VALDEMORO,False,CYBERCRIME,362.0
2019,VALDEMORO,False,CYBER_FRAUD,294.0
2019,VALDEMORO,False,CYBER_OTHER,68.0
2019,VALDEMORO,False,TOTAL,3526.0
2019,VILLANUEVA DE LA CANADA,False,CONVENTIONAL,908.0
2019,VILLANUEVA DE LA CANADA,False,HOM_COMPLETED,0.0
2019,VILLANUEVA DE LA CANADA,False,HOM_ATTEMPTED,0.0
2019,VILLANUEVA DE LA CANADA,False,INJURY,5.0
2019,VILLANUEVA DE LA CANADA,False,KIDNAPPING,0.0
2019,VILLANUEVA DE LA CANADA,False,SEXUAL,8.0
2019,VILLANUEVA DE LA CANADA,False,SEXUAL_PENETRATION,1.0
2019,VILLANUEVA DE LA CANADA,False,SEXUAL_OTHER,7.0
2019,VILLANUEVA DE LA CANADA,False,ROBBERY_VIOLENT,20.0
2019,VILLANUEVA DE LA CANADA,False,BURGLARY,67.0
2019,VILLANUEVA DE LA CANADA,False,BURGLARY_DWELLING,65.0
2019,VILLANUEVA DE LA CANADA,False,THEFT,247.0
2019,VILLANUEVA DE LA CANADA,False,VEHICLE_THEFT,6.0
2019,VILLANUEVA DE LA CANADA,False,DRUG_TRAFFICKING,1.0
2019,VILLANUEVA DE LA CANADA,False,OTHER_CONVENTIONAL,554.0
2019,VILLANUEVA DE LA CANADA,False,CYBERCRIME,85.0
2019,VILLANUEVA DE LA CANADA,False,CYBER_FRAUD,70.0
2019,VILLANUEVA DE LA CANADA,False,CYBER_OTHER,15.0
2019,VILLANUEVA DE LA CANADA,False,TOTAL,993.0
2019,VILLAVICIOSA DE ODON,False,CONVENTIONAL,1036.0
2019,VILLAVICIOSA DE ODON,False,HOM_COMPLETED,0.0
2019,VILLAVICIOSA DE ODON,False,HOM_ATTEMPTED,0.0
2019,VILLAVICIOSA DE ODON,False,INJURY,12.0
2019,VILLAVICIOSA DE ODON,False,KIDNAPPING,0.0
2019,VILLAVICIOSA DE ODON,False,SEXUAL,15.0
2019,VILLAVICIOSA DE ODON,False,SEXUAL_PENETRATION,2.0
2019,VILLAVICIOSA DE ODON,False,SEXUAL_OTHER,13.0
2019,VILLAVICIOSA DE ODON,False,ROBBERY_VIOLENT,36.0
2019,VILLAVICIOSA DE ODON,False,BURGLARY,141.0
2019,VILLAVICIOSA DE ODON,False,BURGLARY_DWELLING,110.0
2019,VILLAVICIOSA DE ODON,False,THEFT,294.0
2019,VILLAVICIOSA DE ODON,False,VEHICLE_THEFT,11.0
2019,VILLAVICIOSA DE ODON,False,DRUG_TRAFFICKING,8.0
2019,VILLAVICIOSA DE ODON,False,OTHER_CONVENTIONAL,519.0
2019,VILLAVICIOSA DE ODON,False,CYBERCRIME,143.0
2019,VILLAVICIOSA DE ODON,False,CYBER_FRAUD,111.0
2019,VILLAVICIOSA DE ODON,False,CYBER_OTHER,32.0
2019,VILLAVICIOSA DE ODON,False,TOTAL,1179.0
2020,MADRID COMUNIDAD DE,True,HOM_COMPLETED,38.0
2020,MADRID COMUNIDAD DE,True,HOM_ATTEMPTED,98.0
2020,MADRID COMUNIDAD DE,True,INJURY,2287.0
2020,MADRID COMUNIDAD DE,True,KIDNAPPING,10.0
2020,MADRID COMUNIDAD DE,True,SEXUAL,1976.0
2020,MADRID COMUNIDAD DE,True,SEXUAL_PENETRATION,217.0
2020,MADRID COMUNIDAD DE,True,SEXUAL_OTHER,1759.0
2020,MADRID COMUNIDAD DE,True,ROBBERY_VIOLENT,10688.0
2020,MADRID COMUNIDAD DE,True,BURGLARY,12262.0
2020,MADRID COMUNIDAD DE,True,BURGLARY_DWELLING,7052.0
2020,MADRID COMUNIDAD DE,True,THEFT,92213.0
2020,MADRID COMUNIDAD DE,True,VEHICLE_THEFT,6235.0
2020,MADRID COMUNIDAD DE,True,DRUG_TRAFFICKING,2470.0
2020,MADRID COMUNIDAD DE,True,OTHER,181917.0
2020,MADRID COMUNIDAD DE,True,TOTAL,310194.0
2020,ALCALA DE HENARES,False,HOM_COMPLETED,1.0
2020,ALCALA DE HENARES,False,HOM_ATTEMPTED,1.0
2020,ALCALA DE HENARES,False,INJURY,43.0
2020,ALCALA DE HENARES,False,KIDNAPPING,1.0
2020,ALCALA DE HENARES,False,SEXUAL,49.0
2020,ALCALA DE HENARES,False,SEXUAL_PENETRATION,3.0
2020,ALCALA DE HENARES,False,SEXUAL_OTHER,46.0
2020,ALCALA DE HENARES,False,ROBBERY_VIOLENT,150.0
2020,ALCALA DE HENARES,False,BURGLARY,294.0
2020,ALCALA DE HENARES,False,BURGLARY_DWELLING,138.0
2020,ALCALA DE HENARES,False,THEFT,1833.0
2020,ALCALA DE HENARES,False,VEHICLE_THEFT,167.0
2020,ALCALA DE HENARES,False,DRUG_TRAFFICKING,40.0
2020,ALCALA DE HENARES,False,OTHER,5444.0
2020,ALCALA DE HENARES,False,TOTAL,8023.0
2020,ALCOBENDAS,False,HOM_COMPLETED,0.0
2020,ALCOBENDAS,False,HOM_ATTEMPTED,3.0
2020,ALCOBENDAS,False,INJURY,39.0
2020,ALCOBENDAS,False,KIDNAPPING,0.0
2020,ALCOBENDAS,False,SEXUAL,41.0
2020,ALCOBENDAS,False,SEXUAL_PENETRATION,5.0
2020,ALCOBENDAS,False,SEXUAL_OTHER,36.0
2020,ALCOBENDAS,False,ROBBERY_VIOLENT,75.0
2020,ALCOBENDAS,False,BURGLARY,159.0
2020,ALCOBENDAS,False,BURGLARY_DWELLING,83.0
2020,ALCOBENDAS,False,THEFT,933.0
2020,ALCOBENDAS,False,VEHICLE_THEFT,225.0
2020,ALCOBENDAS,False,DRUG_TRAFFICKING,25.0
2020,ALCOBENDAS,False,OTHER,2792.0
2020,ALCOBENDAS,False,TOTAL,4292.0
2020,ALCORCON,False,HOM_COMPLETED,1.0
2020,ALCORCON,False,HOM_ATTEMPTED,2.0
2020,ALCORCON,False,INJURY,32.0
2020,ALCORCON,False,KIDNAPPING,0.0
2020,ALCORCON,False,SEXUAL,29.0
2020,ALCORCON,False,SEXUAL_PENETRATION,3.0
2020,ALCORCON,False,SEXUAL_OTHER,26.0
2020,ALCORCON,False,ROBBERY_VIOLENT,203.0
2020,ALCORCON,False,BURGLARY,220.0
2020,ALCORCON,False,BURGLARY_DWELLING,112.0
2020,ALCORCON,False,THEFT,1768.0
2020,ALCORCON,False,VEHICLE_THEFT,119.0
2020,ALCORCON,False,DRUG_TRAFFICKING,26.0
2020,ALCORCON,False,OTHER,3471.0
2020,ALCORCON,False,TOTAL,5871.0
2020,ALGETE,False,HOM_COMPLETED,0.0
2020,ALGETE,False,HOM_ATTEMPTED,0.0
2020,ALGETE,False,INJURY,4.0
2020,ALGETE,False,KIDNAPPING,0.0
2020,ALGETE,False,SEXUAL,5.0
2020,ALGETE,False,SEXUAL_PENETRATION,1.0
2020,ALGETE,False,SEXUAL_OTHER,4.0
2020,ALGETE,False,ROBBERY_VIOLENT,6.0
2020,ALGETE,False,BURGLARY,21.0
2020,ALGETE,False,BURGLARY_DWELLING,11.0
2020,ALGETE,False,THEFT,96.0
2020,ALGETE,False,VEHICLE_THEFT,8.0
2020,ALGETE,False,DRUG_TRAFFICKING,1.0
2020,ALGETE,False,OTHER,408.0
2020,ALGETE,False,TOTAL,549.0
2020,ARANJUEZ,False,HOM_COMPLETED,0.0
2020,ARANJUEZ,False,HOM_ATTEMPTED,0.0
2020,ARANJUEZ,False,INJURY,20.0
2020,ARANJUEZ,False,KIDNAPPING,0.0
2020,ARANJUEZ,False,SEXUAL,8.0
2020,ARANJUEZ,False,SEXUAL_PENETRATION,0.0
2020,ARANJUEZ,False,SEXUAL_OTHER,8.0
2020,ARANJUEZ,False,ROBBERY_VIOLENT,30.0
2020,ARANJUEZ,False,BURGLARY,89.0
2020,ARANJUEZ,False,BURGLARY_DWELLING,59.0
2020,ARANJUEZ,False,THEFT,449.0
2020,ARANJUEZ,False,VEHICLE_THEFT,29.0
2020,ARANJUEZ,False,DRUG_TRAFFICKING,11.0
2020,ARANJUEZ,False,OTHER,1471.0
2020,ARANJUEZ,False,TOTAL,2107.0
2020,ARGANDA DEL REY,False,HOM_COMPLETED,0.0
2020,ARGANDA DEL REY,False,HOM_ATTEMPTED,0.0
2020,ARGANDA DEL REY,False,INJURY,36.0
2020,ARGANDA DEL REY,False,KIDNAPPING,0.0
2020,ARGANDA DEL REY,False,SEXUAL,14.0
2020,ARGANDA DEL REY,False,SEXUAL_PENETRATION,2.0
2020,ARGANDA DEL REY,False,SEXUAL_OTHER,12.0
2020,ARGANDA DEL REY,False,ROBBERY_VIOLENT,51.0
2020,ARGANDA DEL REY,False,BURGLARY,118.0
2020,ARGANDA DEL REY,False,BURGLARY_DWELLING,48.0
2020,ARGANDA DEL REY,False,THEFT,364.0
2020,ARGANDA DEL REY,False,VEHICLE_THEFT,22.0
2020,ARGANDA DEL REY,False,DRUG_TRAFFICKING,10.0
2020,ARGANDA DEL REY,False,OTHER,1631.0
2020,ARGANDA DEL REY,False,TOTAL,2246.0
2020,ARROYOMOLINOS,False,HOM_COMPLETED,0.0
2020,ARROYOMOLINOS,False,HOM_ATTEMPTED,3.0
2020,ARROYOMOLINOS,False,INJURY,15.0
2020,ARROYOMOLINOS,False,KIDNAPPING,0.0
2020,ARROYOMOLINOS,False,SEXUAL,9.0
2020,ARROYOMOLINOS,False,SEXUAL_PENETRATION,1.0
2020,ARROYOMOLINOS,False,SEXUAL_OTHER,8.0
2020,ARROYOMOLINOS,False,ROBBERY_VIOLENT,36.0
2020,ARROYOMOLINOS,False,BURGLARY,77.0
2020,ARROYOMOLINOS,False,BURGLARY_DWELLING,49.0
2020,ARROYOMOLINOS,False,THEFT,1015.0
2020,ARROYOMOLINOS,False,VEHICLE_THEFT,59.0
2020,ARROYOMOLINOS,False,DRUG_TRAFFICKING,4.0
2020,ARROYOMOLINOS,False,OTHER,1124.0
2020,ARROYOMOLINOS,False,TOTAL,2342.0
2020,BOADILLA DEL MONTE,False,HOM_COMPLETED,0.0
2020,BOADILLA DEL MONTE,False,HOM_ATTEMPTED,0.0
2020,BOADILLA DEL MONTE,False,INJURY,12.0
2020,BOADILLA DEL MONTE,False,KIDNAPPING,0.0
2020,BOADILLA DEL MONTE,False,SEXUAL,7.0
2020,BOADILLA DEL MONTE,False,SEXUAL_PENETRATION,0.0
2020,BOADILLA DEL MONTE,False,SEXUAL_OTHER,7.0
2020,BOADILLA DEL MONTE,False,ROBBERY_VIOLENT,32.0
2020,BOADILLA DEL MONTE,False,BURGLARY,67.0
2020,BOADILLA DEL MONTE,False,BURGLARY_DWELLING,53.0
2020,BOADILLA DEL MONTE,False,THEFT,266.0
2020,BOADILLA DEL MONTE,False,VEHICLE_THEFT,8.0
2020,BOADILLA DEL MONTE,False,DRUG_TRAFFICKING,2.0
2020,BOADILLA DEL MONTE,False,OTHER,834.0
2020,BOADILLA DEL MONTE,False,TOTAL,1228.0
2020,CIEMPOZUELOS,False,HOM_COMPLETED,2.0
2020,CIEMPOZUELOS,False,HOM_ATTEMPTED,1.0
2020,CIEMPOZUELOS,False,INJURY,10.0
2020,CIEMPOZUELOS,False,KIDNAPPING,0.0
2020,CIEMPOZUELOS,False,SEXUAL,7.0
2020,CIEMPOZUELOS,False,SEXUAL_PENETRATION,0.0
2020,CIEMPOZUELOS,False,SEXUAL_OTHER,7.0
2020,CIEMPOZUELOS,False,ROBBERY_VIOLENT,38.0
2020,CIEMPOZUELOS,False,BURGLARY,80.0
2020,CIEMPOZUELOS,False,BURGLARY_DWELLING,47.0
2020,CIEMPOZUELOS,False,THEFT,202.0
2020,CIEMPOZUELOS,False,VEHICLE_THEFT,25.0
2020,CIEMPOZUELOS,False,DRUG_TRAFFICKING,10.0
2020,CIEMPOZUELOS,False,OTHER,798.0
2020,CIEMPOZUELOS,False,TOTAL,1173.0
2020,COLMENAR VIEJO,False,HOM_COMPLETED,0.0
2020,COLMENAR VIEJO,False,HOM_ATTEMPTED,2.0
2020,COLMENAR VIEJO,False,INJURY,22.0
2020,COLMENAR VIEJO,False,KIDNAPPING,1.0
2020,COLMENAR VIEJO,False,SEXUAL,13.0
2020,COLMENAR VIEJO,False,SEXUAL_PENETRATION,0.0
2020,COLMENAR VIEJO,False,SEXUAL_OTHER,13.0
2020,COLMENAR VIEJO,False,ROBBERY_VIOLENT,40.0
2020,COLMENAR VIEJO,False,BURGLARY,66.0
2020,COLMENAR VIEJO,False,BURGLARY_DWELLING,50.0
2020,COLMENAR VIEJO,False,THEFT,336.0
2020,COLMENAR VIEJO,False,VEHICLE_THEFT,9.0
2020,COLMENAR VIEJO,False,DRUG_TRAFFICKING,8.0
2020,COLMENAR VIEJO,False,OTHER,1000.0
2020,COLMENAR VIEJO,False,TOTAL,1497.0
2020,COLLADO VILLALBA,False,HOM_COMPLETED,1.0
2020,COLLADO VILLALBA,False,HOM_ATTEMPTED,2.0
2020,COLLADO VILLALBA,False,INJURY,30.0
2020,COLLADO VILLALBA,False,KIDNAPPING,0.0
2020,COLLADO VILLALBA,False,SEXUAL,26.0
2020,COLLADO VILLALBA,False,SEXUAL_PENETRATION,3.0
2020,COLLADO VILLALBA,False,SEXUAL_OTHER,23.0
2020,COLLADO VILLALBA,False,ROBBERY_VIOLENT,44.0
2020,COLLADO VILLALBA,False,BURGLARY,110.0
2020,COLLADO VILLALBA,False,BURGLARY_DWELLING,65.0
2020,COLLADO VILLALBA,False,THEFT,506.0
2020,COLLADO VILLALBA,False,VEHICLE_THEFT,19.0
2020,COLLADO VILLALBA,False,DRUG_TRAFFICKING,17.0
2020,COLLADO VILLALBA,False,OTHER,1598.0
2020,COLLADO VILLALBA,False,TOTAL,2353.0
2020,COSLADA,False,HOM_COMPLETED,0.0
2020,COSLADA,False,HOM_ATTEMPTED,3.0
2020,COSLADA,False,INJURY,24.0
2020,COSLADA,False,KIDNAPPING,0.0
2020,COSLADA,False,SEXUAL,9.0
2020,COSLADA,False,SEXUAL_PENETRATION,1.0
2020,COSLADA,False,SEXUAL_OTHER,8.0
2020,COSLADA,False,ROBBERY_VIOLENT,60.0
2020,COSLADA,False,BURGLARY,115.0
2020,COSLADA,False,BURGLARY_DWELLING,61.0
2020,COSLADA,False,THEFT,672.0
2020,COSLADA,False,VEHICLE_THEFT,67.0
2020,COSLADA,False,DRUG_TRAFFICKING,25.0
2020,COSLADA,False,OTHER,1938.0
2020,COSLADA,False,TOTAL,2913.0
2020,FUENLABRADA,False,HOM_COMPLETED,1.0
2020,FUENLABRADA,False,HOM_ATTEMPTED,4.0
2020,FUENLABRADA,False,INJURY,28.0
2020,FUENLABRADA,False,KIDNAPPING,0.0
2020,FUENLABRADA,False,SEXUAL,38.0
2020,FUENLABRADA,False,SEXUAL_PENETRATION,1.0
2020,FUENLABRADA,False,SEXUAL_OTHER,37.0
2020,FUENLABRADA,False,ROBBERY_VIOLENT,186.0
2020,FUENLABRADA,False,BURGLARY,246.0
2020,FUENLABRADA,False,BURGLARY_DWELLING,131.0
2020,FUENLABRADA,False,THEFT,1413.0
2020,FUENLABRADA,False,VEHICLE_THEFT,140.0
2020,FUENLABRADA,False,DRUG_TRAFFICKING,37.0
2020,FUENLABRADA,False,OTHER,3103.0
2020,FUENLABRADA,False,TOTAL,5196.0
2020,GALAPAGAR,False,HOM_COMPLETED,0.0
2020,GALAPAGAR,False,HOM_ATTEMPTED,0.0
2020,GALAPAGAR,False,INJURY,21.0
2020,GALAPAGAR,False,KIDNAPPING,0.0
2020,GALAPAGAR,False,SEXUAL,16.0
2020,GALAPAGAR,False,SEXUAL_PENETRATION,2.0
2020,GALAPAGAR,False,SEXUAL_OTHER,14.0
2020,GALAPAGAR,False,ROBBERY_VIOLENT,26.0
2020,GALAPAGAR,False,BURGLARY,162.0
2020,GALAPAGAR,False,BURGLARY_DWELLING,144.0
2020,GALAPAGAR,False,THEFT,184.0
2020,GALAPAGAR,False,VEHICLE_THEFT,3.0
2020,GALAPAGAR,False,DRUG_TRAFFICKING,3.0
2020,GALAPAGAR,False,OTHER,1290.0
2020,GALAPAGAR,False,TOTAL,1705.0
2020,GETAFE,False,HOM_COMPLETED,3.0
2020,GETAFE,False,HOM_ATTEMPTED,2.0
2020,GETAFE,False,INJURY,34.0
2020,GETAFE,False,KIDNAPPING,1.0
2020,GETAFE,False,SEXUAL,53.0
2020,GETAFE,False,SEXUAL_PENETRATION,5.0
2020,GETAFE,False,SEXUAL_OTHER,48.0
2020,GETAFE,False,ROBBERY_VIOLENT,287.0
2020,GETAFE,False,BURGLARY,273.0
2020,GETAFE,False,BURGLARY_DWELLING,173.0
2020,GETAFE,False,THEFT,1854.0
2020,GETAFE,False,VEHICLE_THEFT,202.0
2020,GETAFE,False,DRUG_TRAFFICKING,31.0
2020,GETAFE,False,OTHER,4206.0
2020,GETAFE,False,TOTAL,6946.0
2020,LEGANES,False,HOM_COMPLETED,0.0
2020,LEGANES,False,HOM_ATTEMPTED,1.0
2020,LEGANES,False,INJURY,37.0
2020,LEGANES,False,KIDNAPPING,0.0
2020,LEGANES,False,SEXUAL,40.0
2020,LEGANES,False,SEXUAL_PENETRATION,4.0
2020,LEGANES,False,SEXUAL_OTHER,36.0
2020,LEGANES,False,ROBBERY_VIOLENT,283.0
2020,LEGANES,False,BURGLARY,307.0
2020,LEGANES,False,BURGLARY_DWELLING,146.0
2020,LEGANES,False,THEFT,2767.0
2020,LEGANES,False,VEHICLE_THEFT,185.0
2020,LEGANES,False,DRUG_TRAFFICKING,24.0
2020,LEGANES,False,OTHER,4213.0
2020,LEGANES,False,TOTAL,7857.0
2020,MADRID,False,HOM_COMPLETED,16.0
2020,MADRID,False,HOM_ATTEMPTED,46.0
2020,MADRID,False,INJURY,1304.0
2020,MADRID,False,KIDNAPPING,4.0
2020,MADRID,False,SEXUAL,1124.0
2020,MADRID,False,SEXUAL_PENETRATION,132.0
2020,MADRID,False,SEXUAL_OTHER,992.0
2020,MADRID,False,ROBBERY_VIOLENT,7575.0
2020,MADRID,False,BURGLARY,5832.0
2020,MADRID,False,BURGLARY_DWELLING,2872.0
2020,MADRID,False,THEFT,63107.0
2020,MADRID,False,VEHICLE_THEFT,3727.0
2020,MADRID,False,DRUG_TRAFFICKING,1825.0
2020,MADRID,False,OTHER,97681.0
2020,MADRID,False,TOTAL,182241.0
2020,MAJADAHONDA,False,HOM_COMPLETED,0.0
2020,MAJADAHONDA,False,HOM_ATTEMPTED,1.0
2020,MAJADAHONDA,False,INJURY,19.0
2020,MAJADAHONDA,False,KIDNAPPING,0.0
2020,MAJADAHONDA,False,SEXUAL,12.0
2020,MAJADAHONDA,False,SEXUAL_PENETRATION,0.0
2020,MAJADAHONDA,False,SEXUAL_OTHER,12.0
2020,MAJADAHONDA,False,ROBBERY_VIOLENT,61.0
2020,MAJADAHONDA,False,BURGLARY,169.0
2020,MAJADAHONDA,False,BURGLARY_DWELLING,108.0
2020,MAJADAHONDA,False,THEFT,1141.0
2020,MAJADAHONDA,False,VEHICLE_THEFT,153.0
2020,MAJADAHONDA,False,DRUG_TRAFFICKING,13.0
2020,MAJADAHONDA,False,OTHER,1830.0
2020,MAJADAHONDA,False,TOTAL,3399.0
2020,MEJORADA DEL CAMPO,False,HOM_COMPLETED,0.0
2020,MEJORADA DEL CAMPO,False,HOM_ATTEMPTED,0.0
2020,MEJORADA DEL CAMPO,False,INJURY,24.0
2020,MEJORADA DEL CAMPO,False,KIDNAPPING,0.0
2020,MEJORADA DEL CAMPO,False,SEXUAL,7.0
2020,MEJORADA DEL CAMPO,False,SEXUAL_PENETRATION,0.0
2020,MEJORADA DEL CAMPO,False,SEXUAL_OTHER,7.0
2020,MEJORADA DEL CAMPO,False,ROBBERY_VIOLENT,13.0
2020,MEJORADA DEL CAMPO,False,BURGLARY,54.0
2020,MEJORADA DEL CAMPO,False,BURGLARY_DWELLING,33.0
2020,MEJORADA DEL CAMPO,False,THEFT,181.0
2020,MEJORADA DEL CAMPO,False,VEHICLE_THEFT,19.0
2020,MEJORADA DEL CAMPO,False,DRUG_TRAFFICKING,6.0
2020,MEJORADA DEL CAMPO,False,OTHER,886.0
2020,MEJORADA DEL CAMPO,False,TOTAL,1190.0
2020,MOSTOLES,False,HOM_COMPLETED,0.0
2020,MOSTOLES,False,HOM_ATTEMPTED,8.0
2020,MOSTOLES,False,INJURY,42.0
2020,MOSTOLES,False,KIDNAPPING,0.0
2020,MOSTOLES,False,SEXUAL,46.0
2020,MOSTOLES,False,SEXUAL_PENETRATION,8.0
2020,MOSTOLES,False,SEXUAL_OTHER,38.0
2020,MOSTOLES,False,ROBBERY_VIOLENT,214.0
2020,MOSTOLES,False,BURGLARY,314.0
2020,MOSTOLES,False,BURGLARY_DWELLING,186.0
2020,MOSTOLES,False,THEFT,1301.0
2020,MOSTOLES,False,VEHICLE_THEFT,186.0
2020,MOSTOLES,False,DRUG_TRAFFICKING,47.0
2020,MOSTOLES,False,OTHER,5050.0
2020,MOSTOLES,False,TOTAL,7208.0
2020,NAVALCARNERO,False,HOM_COMPLETED,0.0
2020,NAVALCARNERO,False,HOM_ATTEMPTED,2.0
2020,NAVALCARNERO,False,INJURY,6.0
2020,NAVALCARNERO,False,KIDNAPPING,0.0
2020,NAVALCARNERO,False,SEXUAL,4.0
2020,NAVALCARNERO,False,SEXUAL_PENETRATION,0.0
2020,NAVALCARNERO,False,SEXUAL_OTHER,4.0
2020,NAVALCARNERO,False,ROBBERY_VIOLENT,11.0
2020,NAVALCARNERO,False,BURGLARY,47.0
2020,NAVALCARNERO,False,BURGLARY_DWELLING,21.0
2020,NAVALCARNERO,False,THEFT,173.0
2020,NAVALCARNERO,False,VEHICLE_THEFT,23.0
2020,NAVALCARNERO,False,DRUG_TRAFFICKING,7.0
2020,NAVALCARNERO,False,OTHER,858.0
2020,NAVALCARNERO,False,TOTAL,1131.0
2020,PARACUELLOS DE JARAMA,False,HOM_COMPLETED,0.0
2020,PARACUELLOS DE JARAMA,False,HOM_ATTEMPTED,0.0
2020,PARACUELLOS DE JARAMA,False,INJURY,5.0
2020,PARACUELLOS DE JARAMA,False,KIDNAPPING,0.0
2020,PARACUELLOS DE JARAMA,False,SEXUAL,5.0
2020,PARACUELLOS DE JARAMA,False,SEXUAL_PENETRATION,0.0
2020,PARACUELLOS DE JARAMA,False,SEXUAL_OTHER,5.0
2020,PARACUELLOS DE JARAMA,False,ROBBERY_VIOLENT,14.0
2020,PARACUELLOS DE JARAMA,False,BURGLARY,51.0
2020,PARACUELLOS DE JARAMA,False,BURGLARY_DWELLING,38.0
2020,PARACUELLOS DE JARAMA,False,THEFT,80.0
2020,PARACUELLOS DE JARAMA,False,VEHICLE_THEFT,20.0
2020,PARACUELLOS DE JARAMA,False,DRUG_TRAFFICKING,3.0
2020,PARACUELLOS DE JARAMA,False,OTHER,580.0
2020,PARACUELLOS DE JARAMA,False,TOTAL,758.0
2020,PARLA,False,HOM_COMPLETED,1.0
2020,PARLA,False,HOM_ATTEMPTED,1.0
2020,PARLA,False,INJURY,32.0
2020,PARLA,False,KIDNAPPING,1.0
2020,PARLA,False,SEXUAL,36.0
2020,PARLA,False,SEXUAL_PENETRATION,4.0
2020,PARLA,False,SEXUAL_OTHER,32.0
2020,PARLA,False,ROBBERY_VIOLENT,281.0
2020,PARLA,False,BURGLARY,155.0
2020,PARLA,False,BURGLARY_DWELLING,88.0
2020,PARLA,False,THEFT,1239.0
2020,PARLA,False,VEHICLE_THEFT,109.0
2020,PARLA,False,DRUG_TRAFFICKING,19.0
2020,PARLA,False,OTHER,3447.0
2020,PARLA,False,TOTAL,5321.0
2020,PINTO,False,HOM_COMPLETED,0.0
2020,PINTO,False,HOM_ATTEMPTED,0.0
2020,PINTO,False,INJURY,13.0
2020,PINTO,False,KIDNAPPING,0.0
2020,PINTO,False,SEXUAL,10.0
2020,PINTO,False,SEXUAL_PENETRATION,1.0
2020,PINTO,False,SEXUAL_OTHER,9.0
2020,PINTO,False,ROBBERY_VIOLENT,64.0
2020,PINTO,False,BURGLARY,79.0
2020,PINTO,False,BURGLARY_DWELLING,64.0
2020,PINTO,False,THEFT,479.0
2020,PINTO,False,VEHICLE_THEFT,23.0
2020,PINTO,False,DRUG_TRAFFICKING,9.0
2020,PINTO,False,OTHER,1412.0
2020,PINTO,False,TOTAL,2089.0
2020,POZUELO DE ALARCON,False,HOM_COMPLETED,0.0
2020,POZUELO DE ALARCON,False,HOM_ATTEMPTED,0.0
2020,POZUELO DE ALARCON,False,INJURY,21.0
2020,POZUELO DE ALARCON,False,KIDNAPPING,0.0
2020,POZUELO DE ALARCON,False,SEXUAL,20.0
2020,POZUELO DE ALARCON,False,SEXUAL_PENETRATION,3.0
2020,POZUELO DE ALARCON,False,SEXUAL_OTHER,17.0
2020,POZUELO DE ALARCON,False,ROBBERY_VIOLENT,70.0
2020,POZUELO DE ALARCON,False,BURGLARY,96.0
2020,POZUELO DE ALARCON,False,BURGLARY_DWELLING,76.0
2020,POZUELO DE ALARCON,False,THEFT,757.0
2020,POZUELO DE ALARCON,False,VEHICLE_THEFT,86.0
2020,POZUELO DE ALARCON,False,DRUG_TRAFFICKING,17.0
2020,POZUELO DE ALARCON,False,OTHER,1597.0
2020,POZUELO DE ALARCON,False,TOTAL,2664.0
2020,RIVAS VACIAMADRID,False,HOM_COMPLETED,0.0
2020,RIVAS VACIAMADRID,False,HOM_ATTEMPTED,1.0
2020,RIVAS VACIAMADRID,False,INJURY,35.0
2020,RIVAS VACIAMADRID,False,KIDNAPPING,0.0
2020,RIVAS VACIAMADRID,False,SEXUAL,14.0
2020,RIVAS VACIAMADRID,False,SEXUAL_PENETRATION,2.0
2020,RIVAS VACIAMADRID,False,SEXUAL_OTHER,12.0
2020,RIVAS VACIAMADRID,False,ROBBERY_VIOLENT,73.0
2020,RIVAS VACIAMADRID,False,BURGLARY,201.0
2020,RIVAS VACIAMADRID,False,BURGLARY_DWELLING,125.0
2020,RIVAS VACIAMADRID,False,THEFT,1279.0
2020,RIVAS VACIAMADRID,False,VEHICLE_THEFT,24.0
2020,RIVAS VACIAMADRID,False,DRUG_TRAFFICKING,13.0
2020,RIVAS VACIAMADRID,False,OTHER,3022.0
2020,RIVAS VACIAMADRID,False,TOTAL,4662.0
2020,LAS ROZAS DE MADRID,False,HOM_COMPLETED,0.0
2020,LAS ROZAS DE MADRID,False,HOM_ATTEMPTED,0.0
2020,LAS ROZAS DE MADRID,False,INJURY,31.0
2020,LAS ROZAS DE MADRID,False,KIDNAPPING,0.0
2020,LAS ROZAS DE MADRID,False,SEXUAL,29.0
2020,LAS ROZAS DE MADRID,False,SEXUAL_PENETRATION,1.0
2020,LAS ROZAS DE MADRID,False,SEXUAL_OTHER,28.0
2020,LAS ROZAS DE MADRID,False,ROBBERY_VIOLENT,82.0
2020,LAS ROZAS DE MADRID,False,BURGLARY,248.0
2020,LAS ROZAS DE MADRID,False,BURGLARY_DWELLING,205.0
2020,LAS ROZAS DE MADRID,False,THEFT,1062.0
2020,LAS ROZAS DE MADRID,False,VEHICLE_THEFT,64.0
2020,LAS ROZAS DE MADRID,False,DRUG_TRAFFICKING,10.0
2020,LAS ROZAS DE MADRID,False,OTHER,2096.0
2020,LAS ROZAS DE MADRID,False,TOTAL,3622.0
2020,SAN FERNANDO DE HENARES,False,HOM_COMPLETED,0.0
2020,SAN FERNANDO DE HENARES,False,HOM_ATTEMPTED,0.0
2020,SAN FERNANDO DE HENARES,False,INJURY,5.0
2020,SAN FERNANDO DE HENARES,False,KIDNAPPING,0.0
2020,SAN FERNANDO DE HENARES,False,SEXUAL,10.0
2020,SAN FERNANDO DE HENARES,False,SEXUAL_PENETRATION,0.0
2020,SAN FERNANDO DE HENARES,False,SEXUAL_OTHER,10.0
2020,SAN FERNANDO DE HENARES,False,ROBBERY_VIOLENT,31.0
2020,SAN FERNANDO DE HENARES,False,BURGLARY,69.0
2020,SAN FERNANDO DE HENARES,False,BURGLARY_DWELLING,30.0
2020,SAN FERNANDO DE HENARES,False,THEFT,384.0
2020,SAN FERNANDO DE HENARES,False,VEHICLE_THEFT,51.0
2020,SAN FERNANDO DE HENARES,False,DRUG_TRAFFICKING,24.0
2020,SAN FERNANDO DE HENARES,False,OTHER,1035.0
2020,SAN FERNANDO DE HENARES,False,TOTAL,1609.0
2020,SAN SEBASTIAN DE LOS REYES,False,HOM_COMPLETED,1.0
2020,SAN SEBASTIAN DE LOS REYES,False,HOM_ATTEMPTED,3.0
2020,SAN SEBASTIAN DE LOS REYES,False,INJURY,12.0
2020,SAN SEBASTIAN DE LOS REYES,False,KIDNAPPING,0.0
2020,SAN SEBASTIAN DE LOS REYES,False,SEXUAL,31.0
2020,SAN SEBASTIAN DE LOS REYES,False,SEXUAL_PENETRATION,8.0
2020,SAN SEBASTIAN DE LOS REYES,False,SEXUAL_OTHER,23.0
2020,SAN SEBASTIAN DE LOS REYES,False,ROBBERY_VIOLENT,69.0
2020,SAN SEBASTIAN DE LOS REYES,False,BURGLARY,151.0
2020,SAN SEBASTIAN DE LOS REYES,False,BURGLARY_DWELLING,72.0
2020,SAN SEBASTIAN DE LOS REYES,False,THEFT,1169.0
2020,SAN SEBASTIAN DE LOS REYES,False,VEHICLE_THEFT,57.0
2020,SAN SEBASTIAN DE LOS REYES,False,DRUG_TRAFFICKING,16.0
2020,SAN SEBASTIAN DE LOS REYES,False,OTHER,2190.0
2020,SAN SEBASTIAN DE LOS REYES,False,TOTAL,3699.0
2020,TORREJON DE ARDOZ,False,HOM_COMPLETED,2.0
2020,TORREJON DE ARDOZ,False,HOM_ATTEMPTED,3.0
2020,TORREJON DE ARDOZ,False,INJURY,37.0
2020,TORREJON DE ARDOZ,False,KIDNAPPING,0.0
2020,TORREJON DE ARDOZ,False,SEXUAL,48.0
2020,TORREJON DE ARDOZ,False,SEXUAL_PENETRATION,8.0
2020,TORREJON DE ARDOZ,False,SEXUAL_OTHER,40.0
2020,TORREJON DE ARDOZ,False,ROBBERY_VIOLENT,94.0
2020,TORREJON DE ARDOZ,False,BURGLARY,128.0
2020,TORREJON DE ARDOZ,False,BURGLARY_DWELLING,53.0
2020,TORREJON DE ARDOZ,False,THEFT,931.0
2020,TORREJON DE ARDOZ,False,VEHICLE_THEFT,63.0
2020,TORREJON DE ARDOZ,False,DRUG_TRAFFICKING,26.0
2020,TORREJON DE ARDOZ,False,OTHER,2720.0
2020,TORREJON DE ARDOZ,False,TOTAL,4052.0
2020,TORRELODONES,False,HOM_COMPLETED,0.0
2020,TORRELODONES,False,HOM_ATTEMPTED,0.0
2020,TORRELODONES,False,INJURY,5.0
2020,TORRELODONES,False,KIDNAPPING,0.0
2020,TORRELODONES,False,SEXUAL,2.0
2020,TORRELODONES,False,SEXUAL_PENETRATION,1.0
2020,TORRELODONES,False,SEXUAL_OTHER,1.0
2020,TORRELODONES,False,ROBBERY_VIOLENT,17.0
2020,TORRELODONES,False,BURGLARY,78.0
2020,TORRELODONES,False,BURGLARY_DWELLING,75.0
2020,TORRELODONES,False,THEFT,228.0
2020,TORRELODONES,False,VEHICLE_THEFT,8.0
2020,TORRELODONES,False,DRUG_TRAFFICKING,0.0
2020,TORRELODONES,False,OTHER,699.0
2020,TORRELODONES,False,TOTAL,1037.0
2020,TRES CANTOS,False,HOM_COMPLETED,0.0
2020,TRES CANTOS,False,HOM_ATTEMPTED,0.0
2020,TRES CANTOS,False,INJURY,10.0
2020,TRES CANTOS,False,KIDNAPPING,0.0
2020,TRES CANTOS,False,SEXUAL,7.0
2020,TRES CANTOS,False,SEXUAL_PENETRATION,0.0
2020,TRES CANTOS,False,SEXUAL_OTHER,7.0
2020,TRES CANTOS,False,ROBBERY_VIOLENT,12.0
2020,TRES CANTOS,False,BURGLARY,53.0
2020,TRES CANTOS,False,BURGLARY_DWELLING,35.0
2020,TRES CANTOS,False,THEFT,240.0
2020,TRES CANTOS,False,VEHICLE_THEFT,3.0
2020,TRES CANTOS,False,DRUG_TRAFFICKING,6.0
2020,TRES CANTOS,False,OTHER,828.0
2020,TRES CANTOS,False,TOTAL,1159.0
2020,VALDEMORO,False,HOM_COMPLETED,0.0
2020,VALDEMORO,False,HOM_ATTEMPTED,1.0
2020,VALDEMORO,False,INJURY,56.0
2020,VALDEMORO,False,KIDNAPPING,0.0
2020,VALDEMORO,False,SEXUAL,38.0
2020,VALDEMORO,False,SEXUAL_PENETRATION,4.0
2020,VALDEMORO,False,SEXUAL_OTHER,34.0
2020,VALDEMORO,False,ROBBERY_VIOLENT,85.0
2020,VALDEMORO,False,BURGLARY,99.0
2020,VALDEMORO,False,BURGLARY_DWELLING,46.0
2020,VALDEMORO,False,THEFT,489.0
2020,VALDEMORO,False,VEHICLE_THEFT,51.0
2020,VALDEMORO,False,DRUG_TRAFFICKING,15.0
2020,VALDEMORO,False,OTHER,2185.0
2020,VALDEMORO,False,TOTAL,3019.0
2020,VILLANUEVA DE LA CANADA,False,HOM_COMPLETED,0.0
2020,VILLANUEVA DE LA CANADA,False,HOM_ATTEMPTED,1.0
2020,VILLANUEVA DE LA CANADA,False,INJURY,4.0
2020,VILLANUEVA DE LA CANADA,False,KIDNAPPING,0.0
2020,VILLANUEVA DE LA CANADA,False,SEXUAL,6.0
2020,VILLANUEVA DE LA CANADA,False,SEXUAL_PENETRATION,1.0
2020,VILLANUEVA DE LA CANADA,False,SEXUAL_OTHER,5.0
2020,VILLANUEVA DE LA CANADA,False,ROBBERY_VIOLENT,8.0
2020,VILLANUEVA DE LA CANADA,False,BURGLARY,57.0
2020,VILLANUEVA DE LA CANADA,False,BURGLARY_DWELLING,51.0
2020,VILLANUEVA DE LA CANADA,False,THEFT,155.0
2020,VILLANUEVA DE LA CANADA,False,VEHICLE_THEFT,5.0
2020,VILLANUEVA DE LA CANADA,False,DRUG_TRAFFICKING,4.0
2020,VILLANUEVA DE LA CANADA,False,OTHER,608.0
2020,VILLANUEVA DE LA CANADA,False,TOTAL,848.0
2020,VILLAVICIOSA DE ODON,False,HOM_COMPLETED,0.0
2020,VILLAVICIOSA DE ODON,False,HOM_ATTEMPTED,1.0
2020,VILLAVICIOSA DE ODON,False,INJURY,7.0
2020,VILLAVICIOSA DE ODON,False,KIDNAPPING,0.0
2020,VILLAVICIOSA DE ODON,False,SEXUAL,3.0
2020,VILLAVICIOSA DE ODON,False,SEXUAL_PENETRATION,0.0
2020,VILLAVICIOSA DE ODON,False,SEXUAL_OTHER,3.0
2020,VILLAVICIOSA DE ODON,False,ROBBERY_VIOLENT,40.0
2020,VILLAVICIOSA DE ODON,False,BURGLARY,73.0
2020,VILLAVICIOSA DE ODON,False,BURGLARY_DWELLING,54.0
2020,VILLAVICIOSA DE ODON,False,THEFT,176.0
2020,VILLAVICIOSA DE ODON,False,VEHICLE_THEFT,20.0
2020,VILLAVICIOSA DE ODON,False,DRUG_TRAFFICKING,3.0
2020,VILLAVICIOSA DE ODON,False,OTHER,682.0
2020,VILLAVICIOSA DE ODON,False,TOTAL,1005.0
2021,MADRID COMUNIDAD DE,True,CONVENTIONAL,292948.0
2021,MADRID COMUNIDAD DE,True,HOM_COMPLETED,37.0
2021,MADRID COMUNIDAD DE,True,HOM_ATTEMPTED,94.0
2021,MADRID COMUNIDAD DE,True,INJURY,2717.0
2021,MADRID COMUNIDAD DE,True,KIDNAPPING,13.0
2021,MADRID COMUNIDAD DE,True,SEXUAL,2179.0
2021,MADRID COMUNIDAD DE,True,SEXUAL_PENETRATION,274.0
2021,MADRID COMUNIDAD DE,True,SEXUAL_OTHER,1905.0
2021,MADRID COMUNIDAD DE,True,ROBBERY_VIOLENT,12153.0
2021,MADRID COMUNIDAD DE,True,BURGLARY,12381.0
2021,MADRID COMUNIDAD DE,True,BURGLARY_DWELLING,8243.0
2021,MADRID COMUNIDAD DE,True,THEFT,108778.0
2021,MADRID COMUNIDAD DE,True,VEHICLE_THEFT,6922.0
2021,MADRID COMUNIDAD DE,True,DRUG_TRAFFICKING,2502.0
2021,MADRID COMUNIDAD DE,True,OTHER_CONVENTIONAL,145172.0
2021,MADRID COMUNIDAD DE,True,CYBERCRIME,53039.0
2021,MADRID COMUNIDAD DE,True,CYBER_FRAUD,46978.0
2021,MADRID COMUNIDAD DE,True,CYBER_OTHER,6061.0
2021,MADRID COMUNIDAD DE,True,TOTAL,345987.0
2021,ALCALA DE HENARES,False,CONVENTIONAL,7665.0
2021,ALCALA DE HENARES,False,HOM_COMPLETED,1.0
2021,ALCALA DE HENARES,False,HOM_ATTEMPTED,8.0
2021,ALCALA DE HENARES,False,INJURY,66.0
2021,ALCALA DE HENARES,False,KIDNAPPING,1.0
2021,ALCALA DE HENARES,False,SEXUAL,51.0
2021,ALCALA DE HENARES,False,SEXUAL_PENETRATION,3.0
2021,ALCALA DE HENARES,False,SEXUAL_OTHER,48.0
2021,ALCALA DE HENARES,False,ROBBERY_VIOLENT,232.0
2021,ALCALA DE HENARES,False,BURGLARY,376.0
2021,ALCALA DE HENARES,False,BURGLARY_DWELLING,161.0
2021,ALCALA DE HENARES,False,THEFT,2483.0
2021,ALCALA DE HENARES,False,VEHICLE_THEFT,222.0
2021,ALCALA DE HENARES,False,DRUG_TRAFFICKING,28.0
2021,ALCALA DE HENARES,False,OTHER_CONVENTIONAL,4197.0
2021,ALCALA DE HENARES,False,CYBERCRIME,1973.0
2021,ALCALA DE HENARES,False,CYBER_FRAUD,1669.0
2021,ALCALA DE HENARES,False,CYBER_OTHER,304.0
2021,ALCALA DE HENARES,False,TOTAL,9638.0
2021,ALCOBENDAS,False,CONVENTIONAL,3664.0
2021,ALCOBENDAS,False,HOM_COMPLETED,0.0
2021,ALCOBENDAS,False,HOM_ATTEMPTED,1.0
2021,ALCOBENDAS,False,INJURY,43.0
2021,ALCOBENDAS,False,KIDNAPPING,0.0
2021,ALCOBENDAS,False,SEXUAL,27.0
2021,ALCOBENDAS,False,SEXUAL_PENETRATION,5.0
2021,ALCOBENDAS,False,SEXUAL_OTHER,22.0
2021,ALCOBENDAS,False,ROBBERY_VIOLENT,70.0
2021,ALCOBENDAS,False,BURGLARY,208.0
2021,ALCOBENDAS,False,BURGLARY_DWELLING,145.0
2021,ALCOBENDAS,False,THEFT,1114.0
2021,ALCOBENDAS,False,VEHICLE_THEFT,246.0
2021,ALCOBENDAS,False,DRUG_TRAFFICKING,32.0
2021,ALCOBENDAS,False,OTHER_CONVENTIONAL,1923.0
2021,ALCOBENDAS,False,CYBERCRIME,832.0
2021,ALCOBENDAS,False,CYBER_FRAUD,747.0
2021,ALCOBENDAS,False,CYBER_OTHER,85.0
2021,ALCOBENDAS,False,TOTAL,4496.0
2021,ALCORCON,False,CONVENTIONAL,5628.0
2021,ALCORCON,False,HOM_COMPLETED,0.0
2021,ALCORCON,False,HOM_ATTEMPTED,4.0
2021,ALCORCON,False,INJURY,30.0
2021,ALCORCON,False,KIDNAPPING,1.0
2021,ALCORCON,False,SEXUAL,37.0
2021,ALCORCON,False,SEXUAL_PENETRATION,6.0
2021,ALCORCON,False,SEXUAL_OTHER,31.0
2021,ALCORCON,False,ROBBERY_VIOLENT,245.0
2021,ALCORCON,False,BURGLARY,248.0
2021,ALCORCON,False,BURGLARY_DWELLING,148.0
2021,ALCORCON,False,THEFT,2135.0
2021,ALCORCON,False,VEHICLE_THEFT,142.0
2021,ALCORCON,False,DRUG_TRAFFICKING,26.0
2021,ALCORCON,False,OTHER_CONVENTIONAL,2760.0
2021,ALCORCON,False,CYBERCRIME,1353.0
2021,ALCORCON,False,CYBER_FRAUD,1189.0
2021,ALCORCON,False,CYBER_OTHER,164.0
2021,ALCORCON,False,TOTAL,6981.0
2021,ALGETE,False,CONVENTIONAL,552.0
2021,ALGETE,False,HOM_COMPLETED,0.0
2021,ALGETE,False,HOM_ATTEMPTED,0.0
2021,ALGETE,False,INJURY,6.0
2021,ALGETE,False,KIDNAPPING,0.0
2021,ALGETE,False,SEXUAL,3.0
2021,ALGETE,False,SEXUAL_PENETRATION,0.0
2021,ALGETE,False,SEXUAL_OTHER,3.0
2021,ALGETE,False,ROBBERY_VIOLENT,8.0
2021,ALGETE,False,BURGLARY,33.0
2021,ALGETE,False,BURGLARY_DWELLING,21.0
2021,ALGETE,False,THEFT,132.0
2021,ALGETE,False,VEHICLE_THEFT,17.0
2021,ALGETE,False,DRUG_TRAFFICKING,4.0
2021,ALGETE,False,OTHER_CONVENTIONAL,349.0
2021,ALGETE,False,CYBERCRIME,153.0
2021,ALGETE,False,CYBER_FRAUD,134.0
2021,ALGETE,False,CYBER_OTHER,19.0
2021,ALGETE,False,TOTAL,705.0
2021,ARANJUEZ,False,CONVENTIONAL,1779.0
2021,ARANJUEZ,False,HOM_COMPLETED,1.0
2021,ARANJUEZ,False,HOM_ATTEMPTED,0.0
2021,ARANJUEZ,False,INJURY,22.0
2021,ARANJUEZ,False,KIDNAPPING,0.0
2021,ARANJUEZ,False,SEXUAL,9.0
2021,ARANJUEZ,False,SEXUAL_PENETRATION,0.0
2021,ARANJUEZ,False,SEXUAL_OTHER,9.0
2021,ARANJUEZ,False,ROBBERY_VIOLENT,36.0
2021,ARANJUEZ,False,BURGLARY,80.0
2021,ARANJUEZ,False,BURGLARY_DWELLING,49.0
2021,ARANJUEZ,False,THEFT,555.0
2021,ARANJUEZ,False,VEHICLE_THEFT,35.0
2021,ARANJUEZ,False,DRUG_TRAFFICKING,8.0
2021,ARANJUEZ,False,OTHER_CONVENTIONAL,1033.0
2021,ARANJUEZ,False,CYBERCRIME,429.0
2021,ARANJUEZ,False,CYBER_FRAUD,410.0
2021,ARANJUEZ,False,CYBER_OTHER,19.0
2021,ARANJUEZ,False,TOTAL,2208.0
2021,ARGANDA DEL REY,False,CONVENTIONAL,2114.0
2021,ARGANDA DEL REY,False,HOM_COMPLETED,0.0
2021,ARGANDA DEL REY,False,HOM_ATTEMPTED,0.0
2021,ARGANDA DEL REY,False,INJURY,50.0
2021,ARGANDA DEL REY,False,KIDNAPPING,0.0
2021,ARGANDA DEL REY,False,SEXUAL,21.0
2021,ARGANDA DEL REY,False,SEXUAL_PENETRATION,0.0
2021,ARGANDA DEL REY,False,SEXUAL_OTHER,21.0
2021,ARGANDA DEL REY,False,ROBBERY_VIOLENT,48.0
2021,ARGANDA DEL REY,False,BURGLARY,108.0
2021,ARGANDA DEL REY,False,BURGLARY_DWELLING,52.0
2021,ARGANDA DEL REY,False,THEFT,413.0
2021,ARGANDA DEL REY,False,VEHICLE_THEFT,21.0
2021,ARGANDA DEL REY,False,DRUG_TRAFFICKING,11.0
2021,ARGANDA DEL REY,False,OTHER_CONVENTIONAL,1442.0
2021,ARGANDA DEL REY,False,CYBERCRIME,308.0
2021,ARGANDA DEL REY,False,CYBER_FRAUD,229.0
2021,ARGANDA DEL REY,False,CYBER_OTHER,79.0
2021,ARGANDA DEL REY,False,TOTAL,2422.0
2021,ARROYOMOLINOS,False,CONVENTIONAL,2280.0
2021,ARROYOMOLINOS,False,HOM_COMPLETED,0.0
2021,ARROYOMOLINOS,False,HOM_ATTEMPTED,1.0
2021,ARROYOMOLINOS,False,INJURY,11.0
2021,ARROYOMOLINOS,False,KIDNAPPING,0.0
2021,ARROYOMOLINOS,False,SEXUAL,5.0
2021,ARROYOMOLINOS,False,SEXUAL_PENETRATION,2.0
2021,ARROYOMOLINOS,False,SEXUAL_OTHER,3.0
2021,ARROYOMOLINOS,False,ROBBERY_VIOLENT,40.0
2021,ARROYOMOLINOS,False,BURGLARY,67.0
2021,ARROYOMOLINOS,False,BURGLARY_DWELLING,53.0
2021,ARROYOMOLINOS,False,THEFT,1314.0
2021,ARROYOMOLINOS,False,VEHICLE_THEFT,40.0
2021,ARROYOMOLINOS,False,DRUG_TRAFFICKING,12.0
2021,ARROYOMOLINOS,False,OTHER_CONVENTIONAL,790.0
2021,ARROYOMOLINOS,False,CYBERCRIME,360.0
2021,ARROYOMOLINOS,False,CYBER_FRAUD,312.0
2021,ARROYOMOLINOS,False,CYBER_OTHER,48.0
2021,ARROYOMOLINOS,False,TOTAL,2640.0
2021,BOADILLA DEL MONTE,False,CONVENTIONAL,1431.0
2021,BOADILLA DEL MONTE,False,HOM_COMPLETED,0.0
2021,BOADILLA DEL MONTE,False,HOM_ATTEMPTED,1.0
2021,BOADILLA DEL MONTE,False,INJURY,13.0
2021,BOADILLA DEL MONTE,False,KIDNAPPING,0.0
2021,BOADILLA DEL MONTE,False,SEXUAL,16.0
2021,BOADILLA DEL MONTE,False,SEXUAL_PENETRATION,2.0
2021,BOADILLA DEL MONTE,False,SEXUAL_OTHER,14.0
2021,BOADILLA DEL MONTE,False,ROBBERY_VIOLENT,20.0
2021,BOADILLA DEL MONTE,False,BURGLARY,112.0
2021,BOADILLA DEL MONTE,False,BURGLARY_DWELLING,92.0
2021,BOADILLA DEL MONTE,False,THEFT,371.0
2021,BOADILLA DEL MONTE,False,VEHICLE_THEFT,5.0
2021,BOADILLA DEL MONTE,False,DRUG_TRAFFICKING,8.0
2021,BOADILLA DEL MONTE,False,OTHER_CONVENTIONAL,885.0
2021,BOADILLA DEL MONTE,False,CYBERCRIME,311.0
2021,BOADILLA DEL MONTE,False,CYBER_FRAUD,263.0
2021,BOADILLA DEL MONTE,False,CYBER_OTHER,48.0
2021,BOADILLA DEL MONTE,False,TOTAL,1742.0
2021,CIEMPOZUELOS,False,CONVENTIONAL,1250.0
2021,CIEMPOZUELOS,False,HOM_COMPLETED,1.0
2021,CIEMPOZUELOS,False,HOM_ATTEMPTED,0.0
2021,CIEMPOZUELOS,False,INJURY,21.0
2021,CIEMPOZUELOS,False,KIDNAPPING,0.0
2021,CIEMPOZUELOS,False,SEXUAL,15.0
2021,CIEMPOZUELOS,False,SEXUAL_PENETRATION,0.0
2021,CIEMPOZUELOS,False,SEXUAL_OTHER,15.0
2021,CIEMPOZUELOS,False,ROBBERY_VIOLENT,32.0
2021,CIEMPOZUELOS,False,BURGLARY,106.0
2021,CIEMPOZUELOS,False,BURGLARY_DWELLING,90.0
2021,CIEMPOZUELOS,False,THEFT,209.0
2021,CIEMPOZUELOS,False,VEHICLE_THEFT,22.0
2021,CIEMPOZUELOS,False,DRUG_TRAFFICKING,9.0
2021,CIEMPOZUELOS,False,OTHER_CONVENTIONAL,835.0
2021,CIEMPOZUELOS,False,CYBERCRIME,105.0
2021,CIEMPOZUELOS,False,CYBER_FRAUD,86.0
2021,CIEMPOZUELOS,False,CYBER_OTHER,19.0
2021,CIEMPOZUELOS,False,TOTAL,1355.0
2021,COLMENAR VIEJO,False,CONVENTIONAL,1327.0
2021,COLMENAR VIEJO,False,HOM_COMPLETED,0.0
2021,COLMENAR VIEJO,False,HOM_ATTEMPTED,2.0
2021,COLMENAR VIEJO,False,INJURY,29.0
2021,COLMENAR VIEJO,False,KIDNAPPING,0.0
2021,COLMENAR VIEJO,False,SEXUAL,15.0
2021,COLMENAR VIEJO,False,SEXUAL_PENETRATION,1.0
2021,COLMENAR VIEJO,False,SEXUAL_OTHER,14.0
2021,COLMENAR VIEJO,False,ROBBERY_VIOLENT,40.0
2021,COLMENAR VIEJO,False,BURGLARY,96.0
2021,COLMENAR VIEJO,False,BURGLARY_DWELLING,78.0
2021,COLMENAR VIEJO,False,THEFT,296.0
2021,COLMENAR VIEJO,False,VEHICLE_THEFT,14.0
2021,COLMENAR VIEJO,False,DRUG_TRAFFICKING,12.0
2021,COLMENAR VIEJO,False,OTHER_CONVENTIONAL,823.0
2021,COLMENAR VIEJO,False,CYBERCRIME,230.0
2021,COLMENAR VIEJO,False,CYBER_FRAUD,221.0
2021,COLMENAR VIEJO,False,CYBER_OTHER,9.0
2021,COLMENAR VIEJO,False,TOTAL,1557.0
2021,COLLADO VILLALBA,False,CONVENTIONAL,2136.0
2021,COLLADO VILLALBA,False,HOM_COMPLETED,1.0
2021,COLLADO VILLALBA,False,HOM_ATTEMPTED,0.0
2021,COLLADO VILLALBA,False,INJURY,35.0
2021,COLLADO VILLALBA,False,KIDNAPPING,0.0
2021,COLLADO VILLALBA,False,SEXUAL,24.0
2021,COLLADO VILLALBA,False,SEXUAL_PENETRATION,3.0
2021,COLLADO VILLALBA,False,SEXUAL_OTHER,21.0
2021,COLLADO VILLALBA,False,ROBBERY_VIOLENT,72.0
2021,COLLADO VILLALBA,False,BURGLARY,129.0
2021,COLLADO VILLALBA,False,BURGLARY_DWELLING,85.0
2021,COLLADO VILLALBA,False,THEFT,596.0
2021,COLLADO VILLALBA,False,VEHICLE_THEFT,15.0
2021,COLLADO VILLALBA,False,DRUG_TRAFFICKING,6.0
2021,COLLADO VILLALBA,False,OTHER_CONVENTIONAL,1258.0
2021,COLLADO VILLALBA,False,CYBERCRIME,395.0
2021,COLLADO VILLALBA,False,CYBER_FRAUD,337.0
2021,COLLADO VILLALBA,False,CYBER_OTHER,58.0
2021,COLLADO VILLALBA,False,TOTAL,2531.0
2021,COSLADA,False,CONVENTIONAL,2714.0
2021,COSLADA,False,HOM_COMPLETED,0.0
2021,COSLADA,False,HOM_ATTEMPTED,2.0
2021,COSLADA,False,INJURY,27.0
2021,COSLADA,False,KIDNAPPING,0.0
2021,COSLADA,False,SEXUAL,10.0
2021,COSLADA,False,SEXUAL_PENETRATION,0.0
2021,COSLADA,False,SEXUAL_OTHER,10.0
2021,COSLADA,False,ROBBERY_VIOLENT,60.0
2021,COSLADA,False,BURGLARY,145.0
2021,COSLADA,False,BURGLARY_DWELLING,72.0
2021,COSLADA,False,THEFT,877.0
2021,COSLADA,False,VEHICLE_THEFT,75.0
2021,COSLADA,False,DRUG_TRAFFICKING,19.0
2021,COSLADA,False,OTHER_CONVENTIONAL,1499.0
2021,COSLADA,False,CYBERCRIME,541.0
2021,COSLADA,False,CYBER_FRAUD,463.0
2021,COSLADA,False,CYBER_OTHER,78.0
2021,COSLADA,False,TOTAL,3255.0
2021,FUENLABRADA,False,CONVENTIONAL,5501.0
2021,FUENLABRADA,False,HOM_COMPLETED,1.0
2021,FUENLABRADA,False,HOM_ATTEMPTED,1.0
2021,FUENLABRADA,False,INJURY,33.0
2021,FUENLABRADA,False,KIDNAPPING,0.0
2021,FUENLABRADA,False,SEXUAL,45.0
2021,FUENLABRADA,False,SEXUAL_PENETRATION,7.0
2021,FUENLABRADA,False,SEXUAL_OTHER,38.0
2021,FUENLABRADA,False,ROBBERY_VIOLENT,235.0
2021,FUENLABRADA,False,BURGLARY,265.0
2021,FUENLABRADA,False,BURGLARY_DWELLING,154.0
2021,FUENLABRADA,False,THEFT,1696.0
2021,FUENLABRADA,False,VEHICLE_THEFT,161.0
2021,FUENLABRADA,False,DRUG_TRAFFICKING,39.0
2021,FUENLABRADA,False,OTHER_CONVENTIONAL,3025.0
2021,FUENLABRADA,False,CYBERCRIME,1292.0
2021,FUENLABRADA,False,CYBER_FRAUD,1194.0
2021,FUENLABRADA,False,CYBER_OTHER,98.0
2021,FUENLABRADA,False,TOTAL,6793.0
2021,GALAPAGAR,False,CONVENTIONAL,1287.0
2021,GALAPAGAR,False,HOM_COMPLETED,0.0
2021,GALAPAGAR,False,HOM_ATTEMPTED,2.0
2021,GALAPAGAR,False,INJURY,26.0
2021,GALAPAGAR,False,KIDNAPPING,0.0
2021,GALAPAGAR,False,SEXUAL,15.0
2021,GALAPAGAR,False,SEXUAL_PENETRATION,2.0
2021,GALAPAGAR,False,SEXUAL_OTHER,13.0
2021,GALAPAGAR,False,ROBBERY_VIOLENT,25.0
2021,GALAPAGAR,False,BURGLARY,106.0
2021,GALAPAGAR,False,BURGLARY_DWELLING,91.0
2021,GALAPAGAR,False,THEFT,217.0
2021,GALAPAGAR,False,VEHICLE_THEFT,8.0
2021,GALAPAGAR,False,DRUG_TRAFFICKING,5.0
2021,GALAPAGAR,False,OTHER_CONVENTIONAL,883.0
2021,GALAPAGAR,False,CYBERCRIME,344.0
2021,GALAPAGAR,False,CYBER_FRAUD,293.0
2021,GALAPAGAR,False,CYBER_OTHER,51.0
2021,GALAPAGAR,False,TOTAL,1631.0
2021,GETAFE,False,CONVENTIONAL,7058.0
2021,GETAFE,False,HOM_COMPLETED,1.0
2021,GETAFE,False,HOM_ATTEMPTED,0.0
2021,GETAFE,False,INJURY,26.0
2021,GETAFE,False,KIDNAPPING,1.0
2021,GETAFE,False,SEXUAL,63.0
2021,GETAFE,False,SEXUAL_PENETRATION,11.0
2021,GETAFE,False,SEXUAL_OTHER,52.0
2021,GETAFE,False,ROBBERY_VIOLENT,360.0
2021,GETAFE,False,BURGLARY,226.0
2021,GETAFE,False,BURGLARY_DWELLING,143.0
2021,GETAFE,False,THEFT,2413.0
2021,GETAFE,False,VEHICLE_THEFT,204.0
2021,GETAFE,False,DRUG_TRAFFICKING,21.0
2021,GETAFE,False,OTHER_CONVENTIONAL,3743.0
2021,GETAFE,False,CYBERCRIME,1219.0
2021,GETAFE,False,CYBER_FRAUD,1103.0
2021,GETAFE,False,CYBER_OTHER,116.0
2021,GETAFE,False,TOTAL,8277.0
2021,LEGANES,False,CONVENTIONAL,6948.0
2021,LEGANES,False,HOM_COMPLETED,0.0
2021,LEGANES,False,HOM_ATTEMPTED,2.0
2021,LEGANES,False,INJURY,72.0
2021,LEGANES,False,KIDNAPPING,0.0
2021,LEGANES,False,SEXUAL,47.0
2021,LEGANES,False,SEXUAL_PENETRATION,7.0
2021,LEGANES,False,SEXUAL_OTHER,40.0
2021,LEGANES,False,ROBBERY_VIOLENT,256.0
2021,LEGANES,False,BURGLARY,298.0
2021,LEGANES,False,BURGLARY_DWELLING,169.0
2021,LEGANES,False,THEFT,2780.0
2021,LEGANES,False,VEHICLE_THEFT,197.0
2021,LEGANES,False,DRUG_TRAFFICKING,28.0
2021,LEGANES,False,OTHER_CONVENTIONAL,3268.0
2021,LEGANES,False,CYBERCRIME,1172.0
2021,LEGANES,False,CYBER_FRAUD,1072.0
2021,LEGANES,False,CYBER_OTHER,100.0
2021,LEGANES,False,TOTAL,8120.0
2021,MADRID,False,CONVENTIONAL,174344.0
2021,MADRID,False,HOM_COMPLETED,18.0
2021,MADRID,False,HOM_ATTEMPTED,50.0
2021,MADRID,False,INJURY,1507.0
2021,MADRID,False,KIDNAPPING,9.0
2021,MADRID,False,SEXUAL,1235.0
2021,MADRID,False,SEXUAL_PENETRATION,155.0
2021,MADRID,False,SEXUAL_OTHER,1080.0
2021,MADRID,False,ROBBERY_VIOLENT,8609.0
2021,MADRID,False,BURGLARY,5904.0
2021,MADRID,False,BURGLARY_DWELLING,3837.0
2021,MADRID,False,THEFT,73259.0
2021,MADRID,False,VEHICLE_THEFT,4302.0
2021,MADRID,False,DRUG_TRAFFICKING,1824.0
2021,MADRID,False,OTHER_CONVENTIONAL,77627.0
2021,MADRID,False,CYBERCRIME,28483.0
2021,MADRID,False,CYBER_FRAUD,25477.0
2021,MADRID,False,CYBER_OTHER,3006.0
2021,MADRID,False,TOTAL,202827.0
2021,MAJADAHONDA,False,CONVENTIONAL,3507.0
2021,MAJADAHONDA,False,HOM_COMPLETED,1.0
2021,MAJADAHONDA,False,HOM_ATTEMPTED,0.0
2021,MAJADAHONDA,False,INJURY,29.0
2021,MAJADAHONDA,False,KIDNAPPING,0.0
2021,MAJADAHONDA,False,SEXUAL,24.0
2021,MAJADAHONDA,False,SEXUAL_PENETRATION,4.0
2021,MAJADAHONDA,False,SEXUAL_OTHER,20.0
2021,MAJADAHONDA,False,ROBBERY_VIOLENT,72.0
2021,MAJADAHONDA,False,BURGLARY,174.0
2021,MAJADAHONDA,False,BURGLARY_DWELLING,113.0
2021,MAJADAHONDA,False,THEFT,1507.0
2021,MAJADAHONDA,False,VEHICLE_THEFT,114.0
2021,MAJADAHONDA,False,DRUG_TRAFFICKING,8.0
2021,MAJADAHONDA,False,OTHER_CONVENTIONAL,1578.0
2021,MAJADAHONDA,False,CYBERCRIME,406.0
2021,MAJADAHONDA,False,CYBER_FRAUD,346.0
2021,MAJADAHONDA,False,CYBER_OTHER,60.0
2021,MAJADAHONDA,False,TOTAL,3913.0
2021,MEJORADA DEL CAMPO,False,CONVENTIONAL,1157.0
2021,MEJORADA DEL CAMPO,False,HOM_COMPLETED,0.0
2021,MEJORADA DEL CAMPO,False,HOM_ATTEMPTED,0.0
2021,MEJORADA DEL CAMPO,False,INJURY,20.0
2021,MEJORADA DEL CAMPO,False,KIDNAPPING,0.0
2021,MEJORADA DEL CAMPO,False,SEXUAL,6.0
2021,MEJORADA DEL CAMPO,False,SEXUAL_PENETRATION,0.0
2021,MEJORADA DEL CAMPO,False,SEXUAL_OTHER,6.0
2021,MEJORADA DEL CAMPO,False,ROBBERY_VIOLENT,14.0
2021,MEJORADA DEL CAMPO,False,BURGLARY,39.0
2021,MEJORADA DEL CAMPO,False,BURGLARY_DWELLING,20.0
2021,MEJORADA DEL CAMPO,False,THEFT,240.0
2021,MEJORADA DEL CAMPO,False,VEHICLE_THEFT,35.0
2021,MEJORADA DEL CAMPO,False,DRUG_TRAFFICKING,9.0
2021,MEJORADA DEL CAMPO,False,OTHER_CONVENTIONAL,794.0
2021,MEJORADA DEL CAMPO,False,CYBERCRIME,181.0
2021,MEJORADA DEL CAMPO,False,CYBER_FRAUD,146.0
2021,MEJORADA DEL CAMPO,False,CYBER_OTHER,35.0
2021,MEJORADA DEL CAMPO,False,TOTAL,1338.0
2021,MOSTOLES,False,CONVENTIONAL,6034.0
2021,MOSTOLES,False,HOM_COMPLETED,0.0
2021,MOSTOLES,False,HOM_ATTEMPTED,3.0
2021,MOSTOLES,False,INJURY,46.0
2021,MOSTOLES,False,KIDNAPPING,0.0
2021,MOSTOLES,False,SEXUAL,40.0
2021,MOSTOLES,False,SEXUAL_PENETRATION,11.0
2021,MOSTOLES,False,SEXUAL_OTHER,29.0
2021,MOSTOLES,False,ROBBERY_VIOLENT,227.0
2021,MOSTOLES,False,BURGLARY,352.0
2021,MOSTOLES,False,BURGLARY_DWELLING,239.0
2021,MOSTOLES,False,THEFT,1514.0
2021,MOSTOLES,False,VEHICLE_THEFT,145.0
2021,MOSTOLES,False,DRUG_TRAFFICKING,47.0
2021,MOSTOLES,False,OTHER_CONVENTIONAL,3660.0
2021,MOSTOLES,False,CYBERCRIME,1777.0
2021,MOSTOLES,False,CYBER_FRAUD,1583.0
2021,MOSTOLES,False,CYBER_OTHER,194.0
2021,MOSTOLES,False,TOTAL,7811.0
2021,NAVALCARNERO,False,CONVENTIONAL,919.0
2021,NAVALCARNERO,False,HOM_COMPLETED,0.0
2021,NAVALCARNERO,False,HOM_ATTEMPTED,0.0
2021,NAVALCARNERO,False,INJURY,5.0
2021,NAVALCARNERO,False,KIDNAPPING,0.0
2021,NAVALCARNERO,False,SEXUAL,7.0
2021,NAVALCARNERO,False,SEXUAL_PENETRATION,1.0
2021,NAVALCARNERO,False,SEXUAL_OTHER,6.0
2021,NAVALCARNERO,False,ROBBERY_VIOLENT,18.0
2021,NAVALCARNERO,False,BURGLARY,69.0
2021,NAVALCARNERO,False,BURGLARY_DWELLING,54.0
2021,NAVALCARNERO,False,THEFT,188.0
2021,NAVALCARNERO,False,VEHICLE_THEFT,25.0
2021,NAVALCARNERO,False,DRUG_TRAFFICKING,11.0
2021,NAVALCARNERO,False,OTHER_CONVENTIONAL,596.0
2021,NAVALCARNERO,False,CYBERCRIME,281.0
2021,NAVALCARNERO,False,CYBER_FRAUD,254.0
2021,NAVALCARNERO,False,CYBER_OTHER,27.0
2021,NAVALCARNERO,False,TOTAL,1200.0
2021,PARACUELLOS DE JARAMA,False,CONVENTIONAL,693.0
2021,PARACUELLOS DE JARAMA,False,HOM_COMPLETED,0.0
2021,PARACUELLOS DE JARAMA,False,HOM_ATTEMPTED,0.0
2021,PARACUELLOS DE JARAMA,False,INJURY,7.0
2021,PARACUELLOS DE JARAMA,False,KIDNAPPING,0.0
2021,PARACUELLOS DE JARAMA,False,SEXUAL,6.0
2021,PARACUELLOS DE JARAMA,False,SEXUAL_PENETRATION,0.0
2021,PARACUELLOS DE JARAMA,False,SEXUAL_OTHER,6.0
2021,PARACUELLOS DE JARAMA,False,ROBBERY_VIOLENT,14.0
2021,PARACUELLOS DE JARAMA,False,BURGLARY,39.0
2021,PARACUELLOS DE JARAMA,False,BURGLARY_DWELLING,29.0
2021,PARACUELLOS DE JARAMA,False,THEFT,122.0
2021,PARACUELLOS DE JARAMA,False,VEHICLE_THEFT,19.0
2021,PARACUELLOS DE JARAMA,False,DRUG_TRAFFICKING,5.0
2021,PARACUELLOS DE JARAMA,False,OTHER_CONVENTIONAL,481.0
2021,PARACUELLOS DE JARAMA,False,CYBERCRIME,195.0
2021,PARACUELLOS DE JARAMA,False,CYBER_FRAUD,164.0
2021,PARACUELLOS DE JARAMA,False,CYBER_OTHER,31.0
2021,PARACUELLOS DE JARAMA,False,TOTAL,888.0
2021,PARLA,False,CONVENTIONAL,5011.0
2021,PARLA,False,HOM_COMPLETED,3.0
2021,PARLA,False,HOM_ATTEMPTED,0.0
2021,PARLA,False,INJURY,42.0
2021,PARLA,False,KIDNAPPING,0.0
2021,PARLA,False,SEXUAL,56.0
2021,PARLA,False,SEXUAL_PENETRATION,9.0
2021,PARLA,False,SEXUAL_OTHER,47.0
2021,PARLA,False,ROBBERY_VIOLENT,316.0
2021,PARLA,False,BURGLARY,144.0
2021,PARLA,False,BURGLARY_DWELLING,89.0
2021,PARLA,False,THEFT,1316.0
2021,PARLA,False,VEHICLE_THEFT,75.0
2021,PARLA,False,DRUG_TRAFFICKING,31.0
2021,PARLA,False,OTHER_CONVENTIONAL,3028.0
2021,PARLA,False,CYBERCRIME,412.0
2021,PARLA,False,CYBER_FRAUD,370.0
2021,PARLA,False,CYBER_OTHER,42.0
2021,PARLA,False,TOTAL,5423.0
2021,PINTO,False,CONVENTIONAL,2075.0
2021,PINTO,False,HOM_COMPLETED,0.0
2021,PINTO,False,HOM_ATTEMPTED,0.0
2021,PINTO,False,INJURY,13.0
2021,PINTO,False,KIDNAPPING,0.0
2021,PINTO,False,SEXUAL,18.0
2021,PINTO,False,SEXUAL_PENETRATION,5.0
2021,PINTO,False,SEXUAL_OTHER,13.0
2021,PINTO,False,ROBBERY_VIOLENT,99.0
2021,PINTO,False,BURGLARY,66.0
2021,PINTO,False,BURGLARY_DWELLING,41.0
2021,PINTO,False,THEFT,618.0
2021,PINTO,False,VEHICLE_THEFT,38.0
2021,PINTO,False,DRUG_TRAFFICKING,24.0
2021,PINTO,False,OTHER_CONVENTIONAL,1199.0
2021,PINTO,False,CYBERCRIME,282.0
2021,PINTO,False,CYBER_FRAUD,249.0
2021,PINTO,False,CYBER_OTHER,33.0
2021,PINTO,False,TOTAL,2357.0
2021,POZUELO DE ALARCON,False,CONVENTIONAL,2027.0
2021,POZUELO DE ALARCON,False,HOM_COMPLETED,2.0
2021,POZUELO DE ALARCON,False,HOM_ATTEMPTED,0.0
2021,POZUELO DE ALARCON,False,INJURY,14.0
2021,POZUELO DE ALARCON,False,KIDNAPPING,0.0
2021,POZUELO DE ALARCON,False,SEXUAL,10.0
2021,POZUELO DE ALARCON,False,SEXUAL_PENETRATION,1.0
2021,POZUELO DE ALARCON,False,SEXUAL_OTHER,9.0
2021,POZUELO DE ALARCON,False,ROBBERY_VIOLENT,63.0
2021,POZUELO DE ALARCON,False,BURGLARY,90.0
2021,POZUELO DE ALARCON,False,BURGLARY_DWELLING,74.0
2021,POZUELO DE ALARCON,False,THEFT,861.0
2021,POZUELO DE ALARCON,False,VEHICLE_THEFT,77.0
2021,POZUELO DE ALARCON,False,DRUG_TRAFFICKING,16.0
2021,POZUELO DE ALARCON,False,OTHER_CONVENTIONAL,894.0
2021,POZUELO DE ALARCON,False,CYBERCRIME,442.0
2021,POZUELO DE ALARCON,False,CYBER_FRAUD,420.0
2021,POZUELO DE ALARCON,False,CYBER_OTHER,22.0
2021,POZUELO DE ALARCON,False,TOTAL,2469.0
2021,RIVAS VACIAMADRID,False,CONVENTIONAL,4239.0
2021,RIVAS VACIAMADRID,False,HOM_COMPLETED,0.0
2021,RIVAS VACIAMADRID,False,HOM_ATTEMPTED,2.0
2021,RIVAS VACIAMADRID,False,INJURY,44.0
2021,RIVAS VACIAMADRID,False,KIDNAPPING,0.0
2021,RIVAS VACIAMADRID,False,SEXUAL,25.0
2021,RIVAS VACIAMADRID,False,SEXUAL_PENETRATION,4.0
2021,RIVAS VACIAMADRID,False,SEXUAL_OTHER,21.0
2021,RIVAS VACIAMADRID,False,ROBBERY_VIOLENT,141.0
2021,RIVAS VACIAMADRID,False,BURGLARY,262.0
2021,RIVAS VACIAMADRID,False,BURGLARY_DWELLING,152.0
2021,RIVAS VACIAMADRID,False,THEFT,1528.0
2021,RIVAS VACIAMADRID,False,VEHICLE_THEFT,29.0
2021,RIVAS VACIAMADRID,False,DRUG_TRAFFICKING,8.0
2021,RIVAS VACIAMADRID,False,OTHER_CONVENTIONAL,2200.0
2021,RIVAS VACIAMADRID,False,CYBERCRIME,956.0
2021,RIVAS VACIAMADRID,False,CYBER_FRAUD,807.0
2021,RIVAS VACIAMADRID,False,CYBER_OTHER,149.0
2021,RIVAS VACIAMADRID,False,TOTAL,5195.0
2021,LAS ROZAS DE MADRID,False,CONVENTIONAL,3366.0
2021,LAS ROZAS DE MADRID,False,HOM_COMPLETED,0.0
2021,LAS ROZAS DE MADRID,False,HOM_ATTEMPTED,0.0
2021,LAS ROZAS DE MADRID,False,INJURY,35.0
2021,LAS ROZAS DE MADRID,False,KIDNAPPING,0.0
2021,LAS ROZAS DE MADRID,False,SEXUAL,17.0
2021,LAS ROZAS DE MADRID,False,SEXUAL_PENETRATION,2.0
2021,LAS ROZAS DE MADRID,False,SEXUAL_OTHER,15.0
2021,LAS ROZAS DE MADRID,False,ROBBERY_VIOLENT,54.0
2021,LAS ROZAS DE MADRID,False,BURGLARY,212.0
2021,LAS ROZAS DE MADRID,False,BURGLARY_DWELLING,157.0
2021,LAS ROZAS DE MADRID,False,THEFT,1144.0
2021,LAS ROZAS DE MADRID,False,VEHICLE_THEFT,66.0
2021,LAS ROZAS DE MADRID,False,DRUG_TRAFFICKING,9.0
2021,LAS ROZAS DE MADRID,False,OTHER_CONVENTIONAL,1829.0
2021,LAS ROZAS DE MADRID,False,CYBERCRIME,573.0
2021,LAS ROZAS DE MADRID,False,CYBER_FRAUD,479.0
2021,LAS ROZAS DE MADRID,False,CYBER_OTHER,94.0
2021,LAS ROZAS DE MADRID,False,TOTAL,3939.0
2021,SAN FERNANDO DE HENARES,False,CONVENTIONAL,1525.0
2021,SAN FERNANDO DE HENARES,False,HOM_COMPLETED,0.0
2021,SAN FERNANDO DE HENARES,False,HOM_ATTEMPTED,0.0
2021,SAN FERNANDO DE HENARES,False,INJURY,16.0
2021,SAN FERNANDO DE HENARES,False,KIDNAPPING,0.0
2021,SAN FERNANDO DE HENARES,False,SEXUAL,8.0
2021,SAN FERNANDO DE HENARES,False,SEXUAL_PENETRATION,1.0
2021,SAN FERNANDO DE HENARES,False,SEXUAL_OTHER,7.0
2021,SAN FERNANDO DE HENARES,False,ROBBERY_VIOLENT,34.0
2021,SAN FERNANDO DE HENARES,False,BURGLARY,57.0
2021,SAN FERNANDO DE HENARES,False,BURGLARY_DWELLING,34.0
2021,SAN FERNANDO DE HENARES,False,THEFT,433.0
2021,SAN FERNANDO DE HENARES,False,VEHICLE_THEFT,64.0
2021,SAN FERNANDO DE HENARES,False,DRUG_TRAFFICKING,24.0
2021,SAN FERNANDO DE HENARES,False,OTHER_CONVENTIONAL,889.0
2021,SAN FERNANDO DE HENARES,False,CYBERCRIME,283.0
2021,SAN FERNANDO DE HENARES,False,CYBER_FRAUD,243.0
2021,SAN FERNANDO DE HENARES,False,CYBER_OTHER,40.0
2021,SAN FERNANDO DE HENARES,False,TOTAL,1808.0
2021,SAN SEBASTIAN DE LOS REYES,False,CONVENTIONAL,3220.0
2021,SAN SEBASTIAN DE LOS REYES,False,HOM_COMPLETED,0.0
2021,SAN SEBASTIAN DE LOS REYES,False,HOM_ATTEMPTED,2.0
2021,SAN SEBASTIAN DE LOS REYES,False,INJURY,22.0
2021,SAN SEBASTIAN DE LOS REYES,False,KIDNAPPING,0.0
2021,SAN SEBASTIAN DE LOS REYES,False,SEXUAL,20.0
2021,SAN SEBASTIAN DE LOS REYES,False,SEXUAL_PENETRATION,1.0
2021,SAN SEBASTIAN DE LOS REYES,False,SEXUAL_OTHER,19.0
2021,SAN SEBASTIAN DE LOS REYES,False,ROBBERY_VIOLENT,74.0
2021,SAN SEBASTIAN DE LOS REYES,False,BURGLARY,127.0
2021,SAN SEBASTIAN DE LOS REYES,False,BURGLARY_DWELLING,95.0
2021,SAN SEBASTIAN DE LOS REYES,False,THEFT,1349.0
2021,SAN SEBASTIAN DE LOS REYES,False,VEHICLE_THEFT,62.0
2021,SAN SEBASTIAN DE LOS REYES,False,DRUG_TRAFFICKING,23.0
2021,SAN SEBASTIAN DE LOS REYES,False,OTHER_CONVENTIONAL,1541.0
2021,SAN SEBASTIAN DE LOS REYES,False,CYBERCRIME,595.0
2021,SAN SEBASTIAN DE LOS REYES,False,CYBER_FRAUD,530.0
2021,SAN SEBASTIAN DE LOS REYES,False,CYBER_OTHER,65.0
2021,SAN SEBASTIAN DE LOS REYES,False,TOTAL,3815.0
2021,TORREJON DE ARDOZ,False,CONVENTIONAL,4311.0
2021,TORREJON DE ARDOZ,False,HOM_COMPLETED,1.0
2021,TORREJON DE ARDOZ,False,HOM_ATTEMPTED,5.0
2021,TORREJON DE ARDOZ,False,INJURY,45.0
2021,TORREJON DE ARDOZ,False,KIDNAPPING,0.0
2021,TORREJON DE ARDOZ,False,SEXUAL,41.0
2021,TORREJON DE ARDOZ,False,SEXUAL_PENETRATION,9.0
2021,TORREJON DE ARDOZ,False,SEXUAL_OTHER,32.0
2021,TORREJON DE ARDOZ,False,ROBBERY_VIOLENT,95.0
2021,TORREJON DE ARDOZ,False,BURGLARY,105.0
2021,TORREJON DE ARDOZ,False,BURGLARY_DWELLING,59.0
2021,TORREJON DE ARDOZ,False,THEFT,1305.0
2021,TORREJON DE ARDOZ,False,VEHICLE_THEFT,56.0
2021,TORREJON DE ARDOZ,False,DRUG_TRAFFICKING,48.0
2021,TORREJON DE ARDOZ,False,OTHER_CONVENTIONAL,2610.0
2021,TORREJON DE ARDOZ,False,CYBERCRIME,786.0
2021,TORREJON DE ARDOZ,False,CYBER_FRAUD,701.0
2021,TORREJON DE ARDOZ,False,CYBER_OTHER,85.0
2021,TORREJON DE ARDOZ,False,TOTAL,5097.0
2021,TORRELODONES,False,CONVENTIONAL,911.0
2021,TORRELODONES,False,HOM_COMPLETED,0.0
2021,TORRELODONES,False,HOM_ATTEMPTED,0.0
2021,TORRELODONES,False,INJURY,9.0
2021,TORRELODONES,False,KIDNAPPING,0.0
2021,TORRELODONES,False,SEXUAL,4.0
2021,TORRELODONES,False,SEXUAL_PENETRATION,0.0
2021,TORRELODONES,False,SEXUAL_OTHER,4.0
2021,TORRELODONES,False,ROBBERY_VIOLENT,35.0
2021,TORRELODONES,False,BURGLARY,87.0
2021,TORRELODONES,False,BURGLARY_DWELLING,73.0
2021,TORRELODONES,False,THEFT,278.0
2021,TORRELODONES,False,VEHICLE_THEFT,4.0
2021,TORRELODONES,False,DRUG_TRAFFICKING,5.0
2021,TORRELODONES,False,OTHER_CONVENTIONAL,489.0
2021,TORRELODONES,False,CYBERCRIME,226.0
2021,TORRELODONES,False,CYBER_FRAUD,198.0
2021,TORRELODONES,False,CYBER_OTHER,28.0
2021,TORRELODONES,False,TOTAL,1137.0
2021,TRES CANTOS,False,CONVENTIONAL,1188.0
2021,TRES CANTOS,False,HOM_COMPLETED,0.0
2021,TRES CANTOS,False,HOM_ATTEMPTED,0.0
2021,TRES CANTOS,False,INJURY,12.0
2021,TRES CANTOS,False,KIDNAPPING,0.0
2021,TRES CANTOS,False,SEXUAL,11.0
2021,TRES CANTOS,False,SEXUAL_PENETRATION,2.0
2021,TRES CANTOS,False,SEXUAL_OTHER,9.0
2021,TRES CANTOS,False,ROBBERY_VIOLENT,25.0
2021,TRES CANTOS,False,BURGLARY,47.0
2021,TRES CANTOS,False,BURGLARY_DWELLING,35.0
2021,TRES CANTOS,False,THEFT,374.0
2021,TRES CANTOS,False,VEHICLE_THEFT,5.0
2021,TRES CANTOS,False,DRUG_TRAFFICKING,6.0
2021,TRES CANTOS,False,OTHER_CONVENTIONAL,708.0
2021,TRES CANTOS,False,CYBERCRIME,320.0
2021,TRES CANTOS,False,CYBER_FRAUD,284.0
2021,TRES CANTOS,False,CYBER_OTHER,36.0
2021,TRES CANTOS,False,TOTAL,1508.0
2021,VALDEMORO,False,CONVENTIONAL,2871.0
2021,VALDEMORO,False,HOM_COMPLETED,0.0
2021,VALDEMORO,False,HOM_ATTEMPTED,0.0
2021,VALDEMORO,False,INJURY,58.0
2021,VALDEMORO,False,KIDNAPPING,0.0
2021,VALDEMORO,False,SEXUAL,41.0
2021,VALDEMORO,False,SEXUAL_PENETRATION,4.0
2021,VALDEMORO,False,SEXUAL_OTHER,37.0
2021,VALDEMORO,False,ROBBERY_VIOLENT,53.0
2021,VALDEMORO,False,BURGLARY,115.0
2021,VALDEMORO,False,BURGLARY_DWELLING,68.0
2021,VALDEMORO,False,THEFT,656.0
2021,VALDEMORO,False,VEHICLE_THEFT,40.0
2021,VALDEMORO,False,DRUG_TRAFFICKING,13.0
2021,VALDEMORO,False,OTHER_CONVENTIONAL,1895.0
2021,VALDEMORO,False,CYBERCRIME,572.0
2021,VALDEMORO,False,CYBER_FRAUD,497.0
2021,VALDEMORO,False,CYBER_OTHER,75.0
2021,VALDEMORO,False,TOTAL,3443.0
2021,VILLANUEVA DE LA CANADA,False,CONVENTIONAL,810.0
2021,VILLANUEVA DE LA CANADA,False,HOM_COMPLETED,0.0
2021,VILLANUEVA DE LA CANADA,False,HOM_ATTEMPTED,0.0
2021,VILLANUEVA DE LA CANADA,False,INJURY,11.0
2021,VILLANUEVA DE LA CANADA,False,KIDNAPPING,0.0
2021,VILLANUEVA DE LA CANADA,False,SEXUAL,8.0
2021,VILLANUEVA DE LA CANADA,False,SEXUAL_PENETRATION,1.0
2021,VILLANUEVA DE LA CANADA,False,SEXUAL_OTHER,7.0
2021,VILLANUEVA DE LA CANADA,False,ROBBERY_VIOLENT,20.0
2021,VILLANUEVA DE LA CANADA,False,BURGLARY,57.0
2021,VILLANUEVA DE LA CANADA,False,BURGLARY_DWELLING,47.0
2021,VILLANUEVA DE LA CANADA,False,THEFT,240.0
2021,VILLANUEVA DE LA CANADA,False,VEHICLE_THEFT,6.0
2021,VILLANUEVA DE LA CANADA,False,DRUG_TRAFFICKING,0.0
2021,VILLANUEVA DE LA CANADA,False,OTHER_CONVENTIONAL,468.0
2021,VILLANUEVA DE LA CANADA,False,CYBERCRIME,123.0
2021,VILLANUEVA DE LA CANADA,False,CYBER_FRAUD,104.0
2021,VILLANUEVA DE LA CANADA,False,CYBER_OTHER,19.0
2021,VILLANUEVA DE LA CANADA,False,TOTAL,933.0
2021,VILLAVICIOSA DE ODON,False,CONVENTIONAL,1048.0
2021,VILLAVICIOSA DE ODON,False,HOM_COMPLETED,0.0
2021,VILLAVICIOSA DE ODON,False,HOM_ATTEMPTED,0.0
2021,VILLAVICIOSA DE ODON,False,INJURY,13.0
2021,VILLAVICIOSA DE ODON,False,KIDNAPPING,0.0
2021,VILLAVICIOSA DE ODON,False,SEXUAL,12.0
2021,VILLAVICIOSA DE ODON,False,SEXUAL_PENETRATION,1.0
2021,VILLAVICIOSA DE ODON,False,SEXUAL_OTHER,11.0
2021,VILLAVICIOSA DE ODON,False,ROBBERY_VIOLENT,53.0
2021,VILLAVICIOSA DE ODON,False,BURGLARY,100.0
2021,VILLAVICIOSA DE ODON,False,BURGLARY_DWELLING,73.0
2021,VILLAVICIOSA DE ODON,False,THEFT,274.0
2021,VILLAVICIOSA DE ODON,False,VEHICLE_THEFT,6.0
2021,VILLAVICIOSA DE ODON,False,DRUG_TRAFFICKING,3.0
2021,VILLAVICIOSA DE ODON,False,OTHER_CONVENTIONAL,587.0
2021,VILLAVICIOSA DE ODON,False,CYBERCRIME,213.0
2021,VILLAVICIOSA DE ODON,False,CYBER_FRAUD,183.0
2021,VILLAVICIOSA DE ODON,False,CYBER_OTHER,30.0
2021,VILLAVICIOSA DE ODON,False,TOTAL,1261.0
2022,MADRID COMUNIDAD DE,True,CONVENTIONAL,338524.0
2022,MADRID COMUNIDAD DE,True,HOM_COMPLETED,47.0
2022,MADRID COMUNIDAD DE,True,HOM_ATTEMPTED,134.0
2022,MADRID COMUNIDAD DE,True,INJURY,3164.0
2022,MADRID COMUNIDAD DE,True,KIDNAPPING,14.0
2022,MADRID COMUNIDAD DE,True,SEXUAL,2467.0
2022,MADRID COMUNIDAD DE,True,SEXUAL_PENETRATION,388.0
2022,MADRID COMUNIDAD DE,True,SEXUAL_OTHER,2079.0
2022,MADRID COMUNIDAD DE,True,ROBBERY_VIOLENT,12856.0
2022,MADRID COMUNIDAD DE,True,BURGLARY,13631.0
2022,MADRID COMUNIDAD DE,True,BURGLARY_DWELLING,9437.0
2022,MADRID COMUNIDAD DE,True,THEFT,132876.0
2022,MADRID COMUNIDAD DE,True,VEHICLE_THEFT,7450.0
2022,MADRID COMUNIDAD DE,True,DRUG_TRAFFICKING,2978.0
2022,MADRID COMUNIDAD DE,True,OTHER_CONVENTIONAL,162907.0
2022,MADRID COMUNIDAD DE,True,CYBERCRIME,64437.0
2022,MADRID COMUNIDAD DE,True,CYBER_FRAUD,58446.0
2022,MADRID COMUNIDAD DE,True,CYBER_OTHER,5991.0
2022,MADRID COMUNIDAD DE,True,TOTAL,402961.0
2022,ALCALA DE HENARES,False,CONVENTIONAL,8107.0
2022,ALCALA DE HENARES,False,HOM_COMPLETED,1.0
2022,ALCALA DE HENARES,False,HOM_ATTEMPTED,6.0
2022,ALCALA DE HENARES,False,INJURY,86.0
2022,ALCALA DE HENARES,False,KIDNAPPING,0.0
2022,ALCALA DE HENARES,False,SEXUAL,55.0
2022,ALCALA DE HENARES,False,SEXUAL_PENETRATION,11.0
2022,ALCALA DE HENARES,False,SEXUAL_OTHER,44.0
2022,ALCALA DE HENARES,False,ROBBERY_VIOLENT,212.0
2022,ALCALA DE HENARES,False,BURGLARY,359.0
2022,ALCALA DE HENARES,False,BURGLARY_DWELLING,164.0
2022,ALCALA DE HENARES,False,THEFT,2705.0
2022,ALCALA DE HENARES,False,VEHICLE_THEFT,234.0
2022,ALCALA DE HENARES,False,DRUG_TRAFFICKING,42.0
2022,ALCALA DE HENARES,False,OTHER_CONVENTIONAL,4407.0
2022,ALCALA DE HENARES,False,CYBERCRIME,2222.0
2022,ALCALA DE HENARES,False,CYBER_FRAUD,1925.0
2022,ALCALA DE HENARES,False,CYBER_OTHER,297.0
2022,ALCALA DE HENARES,False,TOTAL,10329.0
2022,ALCOBENDAS,False,CONVENTIONAL,4160.0
2022,ALCOBENDAS,False,HOM_COMPLETED,0.0
2022,ALCOBENDAS,False,HOM_ATTEMPTED,1.0
2022,ALCOBENDAS,False,INJURY,37.0
2022,ALCOBENDAS,False,KIDNAPPING,0.0
2022,ALCOBENDAS,False,SEXUAL,25.0
2022,ALCOBENDAS,False,SEXUAL_PENETRATION,8.0
2022,ALCOBENDAS,False,SEXUAL_OTHER,17.0
2022,ALCOBENDAS,False,ROBBERY_VIOLENT,96.0
2022,ALCOBENDAS,False,BURGLARY,182.0
2022,ALCOBENDAS,False,BURGLARY_DWELLING,106.0
2022,ALCOBENDAS,False,THEFT,1241.0
2022,ALCOBENDAS,False,VEHICLE_THEFT,241.0
2022,ALCOBENDAS,False,DRUG_TRAFFICKING,31.0
2022,ALCOBENDAS,False,OTHER_CONVENTIONAL,2306.0
2022,ALCOBENDAS,False,CYBERCRIME,1098.0
2022,ALCOBENDAS,False,CYBER_FRAUD,1026.0
2022,ALCOBENDAS,False,CYBER_OTHER,72.0
2022,ALCOBENDAS,False,TOTAL,5258.0
2022,ALCORCON,False,CONVENTIONAL,6186.0
2022,ALCORCON,False,HOM_COMPLETED,2.0
2022,ALCORCON,False,HOM_ATTEMPTED,2.0
2022,ALCORCON,False,INJURY,31.0
2022,ALCORCON,False,KIDNAPPING,1.0
2022,ALCORCON,False,SEXUAL,44.0
2022,ALCORCON,False,SEXUAL_PENETRATION,4.0
2022,ALCORCON,False,SEXUAL_OTHER,40.0
2022,ALCORCON,False,ROBBERY_VIOLENT,195.0
2022,ALCORCON,False,BURGLARY,250.0
2022,ALCORCON,False,BURGLARY_DWELLING,170.0
2022,ALCORCON,False,THEFT,2565.0
2022,ALCORCON,False,VEHICLE_THEFT,98.0
2022,ALCORCON,False,DRUG_TRAFFICKING,30.0
2022,ALCORCON,False,OTHER_CONVENTIONAL,2968.0
2022,ALCORCON,False,CYBERCRIME,1564.0
2022,ALCORCON,False,CYBER_FRAUD,1352.0
2022,ALCORCON,False,CYBER_OTHER,212.0
2022,ALCORCON,False,TOTAL,7750.0
2022,ALGETE,False,CONVENTIONAL,675.0
2022,ALGETE,False,HOM_COMPLETED,0.0
2022,ALGETE,False,HOM_ATTEMPTED,0.0
2022,ALGETE,False,INJURY,1.0
2022,ALGETE,False,KIDNAPPING,0.0
2022,ALGETE,False,SEXUAL,5.0
2022,ALGETE,False,SEXUAL_PENETRATION,0.0
2022,ALGETE,False,SEXUAL_OTHER,5.0
2022,ALGETE,False,ROBBERY_VIOLENT,9.0
2022,ALGETE,False,BURGLARY,61.0
2022,ALGETE,False,BURGLARY_DWELLING,42.0
2022,ALGETE,False,THEFT,163.0
2022,ALGETE,False,VEHICLE_THEFT,10.0
2022,ALGETE,False,DRUG_TRAFFICKING,3.0
2022,ALGETE,False,OTHER_CONVENTIONAL,423.0
2022,ALGETE,False,CYBERCRIME,206.0
2022,ALGETE,False,CYBER_FRAUD,191.0
2022,ALGETE,False,CYBER_OTHER,15.0
2022,ALGETE,False,TOTAL,881.0
2022,ARANJUEZ,False,CONVENTIONAL,2368.0
2022,ARANJUEZ,False,HOM_COMPLETED,0.0
2022,ARANJUEZ,False,HOM_ATTEMPTED,2.0
2022,ARANJUEZ,False,INJURY,15.0
2022,ARANJUEZ,False,KIDNAPPING,0.0
2022,ARANJUEZ,False,SEXUAL,12.0
2022,ARANJUEZ,False,SEXUAL_PENETRATION,0.0
2022,ARANJUEZ,False,SEXUAL_OTHER,12.0
2022,ARANJUEZ,False,ROBBERY_VIOLENT,42.0
2022,ARANJUEZ,False,BURGLARY,86.0
2022,ARANJUEZ,False,BURGLARY_DWELLING,59.0
2022,ARANJUEZ,False,THEFT,714.0
2022,ARANJUEZ,False,VEHICLE_THEFT,44.0
2022,ARANJUEZ,False,DRUG_TRAFFICKING,16.0
2022,ARANJUEZ,False,OTHER_CONVENTIONAL,1437.0
2022,ARANJUEZ,False,CYBERCRIME,497.0
2022,ARANJUEZ,False,CYBER_FRAUD,465.0
2022,ARANJUEZ,False,CYBER_OTHER,32.0
2022,ARANJUEZ,False,TOTAL,2865.0
2022,ARGANDA DEL REY,False,CONVENTIONAL,2548.0
2022,ARGANDA DEL REY,False,HOM_COMPLETED,0.0
2022,ARGANDA DEL REY,False,HOM_ATTEMPTED,1.0
2022,ARGANDA DEL REY,False,INJURY,53.0
2022,ARGANDA DEL REY,False,KIDNAPPING,2.0
2022,ARGANDA DEL REY,False,SEXUAL,13.0
2022,ARGANDA DEL REY,False,SEXUAL_PENETRATION,1.0
2022,ARGANDA DEL REY,False,SEXUAL_OTHER,12.0
2022,ARGANDA DEL REY,False,ROBBERY_VIOLENT,92.0
2022,ARGANDA DEL REY,False,BURGLARY,108.0
2022,ARGANDA DEL REY,False,BURGLARY_DWELLING,59.0
2022,ARGANDA DEL REY,False,THEFT,755.0
2022,ARGANDA DEL REY,False,VEHICLE_THEFT,24.0
2022,ARGANDA DEL REY,False,DRUG_TRAFFICKING,13.0
2022,ARGANDA DEL REY,False,OTHER_CONVENTIONAL,1487.0
2022,ARGANDA DEL REY,False,CYBERCRIME,416.0
2022,ARGANDA DEL REY,False,CYBER_FRAUD,352.0
2022,ARGANDA DEL REY,False,CYBER_OTHER,64.0
2022,ARGANDA DEL REY,False,TOTAL,2964.0
2022,ARROYOMOLINOS,False,CONVENTIONAL,2476.0
2022,ARROYOMOLINOS,False,HOM_COMPLETED,0.0
2022,ARROYOMOLINOS,False,HOM_ATTEMPTED,1.0
2022,ARROYOMOLINOS,False,INJURY,16.0
2022,ARROYOMOLINOS,False,KIDNAPPING,0.0
2022,ARROYOMOLINOS,False,SEXUAL,13.0
2022,ARROYOMOLINOS,False,SEXUAL_PENETRATION,3.0
2022,ARROYOMOLINOS,False,SEXUAL_OTHER,10.0
2022,ARROYOMOLINOS,False,ROBBERY_VIOLENT,36.0
2022,ARROYOMOLINOS,False,BURGLARY,68.0
2022,ARROYOMOLINOS,False,BURGLARY_DWELLING,58.0
2022,ARROYOMOLINOS,False,THEFT,1276.0
2022,ARROYOMOLINOS,False,VEHICLE_THEFT,46.0
2022,ARROYOMOLINOS,False,DRUG_TRAFFICKING,3.0
2022,ARROYOMOLINOS,False,OTHER_CONVENTIONAL,1017.0
2022,ARROYOMOLINOS,False,CYBERCRIME,314.0
2022,ARROYOMOLINOS,False,CYBER_FRAUD,276.0
2022,ARROYOMOLINOS,False,CYBER_OTHER,38.0
2022,ARROYOMOLINOS,False,TOTAL,2790.0
2022,BOADILLA DEL MONTE,False,CONVENTIONAL,1752.0
2022,BOADILLA DEL MONTE,False,HOM_COMPLETED,0.0
2022,BOADILLA DEL MONTE,False,HOM_ATTEMPTED,0.0
2022,BOADILLA DEL MONTE,False,INJURY,17.0
2022,BOADILLA DEL MONTE,False,KIDNAPPING,0.0
2022,BOADILLA DEL MONTE,False,SEXUAL,20.0
2022,BOADILLA DEL MONTE,False,SEXUAL_PENETRATION,3.0
2022,BOADILLA DEL MONTE,False,SEXUAL_OTHER,17.0
2022,BOADILLA DEL MONTE,False,ROBBERY_VIOLENT,26.0
2022,BOADILLA DEL MONTE,False,BURGLARY,150.0
2022,BOADILLA DEL MONTE,False,BURGLARY_DWELLING,143.0
2022,BOADILLA DEL MONTE,False,THEFT,471.0
2022,BOADILLA DEL MONTE,False,VEHICLE_THEFT,11.0
2022,BOADILLA DEL MONTE,False,DRUG_TRAFFICKING,3.0
2022,BOADILLA DEL MONTE,False,OTHER_CONVENTIONAL,1054.0
2022,BOADILLA DEL MONTE,False,CYBERCRIME,513.0
2022,BOADILLA DEL MONTE,False,CYBER_FRAUD,457.0
2022,BOADILLA DEL MONTE,False,CYBER_OTHER,56.0
2022,BOADILLA DEL MONTE,False,TOTAL,2265.0
2022,CIEMPOZUELOS,False,CONVENTIONAL,1215.0
2022,CIEMPOZUELOS,False,HOM_COMPLETED,1.0
2022,CIEMPOZUELOS,False,HOM_ATTEMPTED,2.0
2022,CIEMPOZUELOS,False,INJURY,22.0
2022,CIEMPOZUELOS,False,KIDNAPPING,0.0
2022,CIEMPOZUELOS,False,SEXUAL,14.0
2022,CIEMPOZUELOS,False,SEXUAL_PENETRATION,2.0
2022,CIEMPOZUELOS,False,SEXUAL_OTHER,12.0
2022,CIEMPOZUELOS,False,ROBBERY_VIOLENT,32.0
2022,CIEMPOZUELOS,False,BURGLARY,73.0
2022,CIEMPOZUELOS,False,BURGLARY_DWELLING,45.0
2022,CIEMPOZUELOS,False,THEFT,255.0
2022,CIEMPOZUELOS,False,VEHICLE_THEFT,25.0
2022,CIEMPOZUELOS,False,DRUG_TRAFFICKING,7.0
2022,CIEMPOZUELOS,False,OTHER_CONVENTIONAL,784.0
2022,CIEMPOZUELOS,False,CYBERCRIME,164.0
2022,CIEMPOZUELOS,False,CYBER_FRAUD,130.0
2022,CIEMPOZUELOS,False,CYBER_OTHER,34.0
2022,CIEMPOZUELOS,False,TOTAL,1379.0
2022,COLMENAR VIEJO,False,CONVENTIONAL,1561.0
2022,COLMENAR VIEJO,False,HOM_COMPLETED,0.0
2022,COLMENAR VIEJO,False,HOM_ATTEMPTED,1.0
2022,COLMENAR VIEJO,False,INJURY,23.0
2022,COLMENAR VIEJO,False,KIDNAPPING,0.0
2022,COLMENAR VIEJO,False,SEXUAL,7.0
2022,COLMENAR VIEJO,False,SEXUAL_PENETRATION,0.0
2022,COLMENAR VIEJO,False,SEXUAL_OTHER,7.0
2022,COLMENAR VIEJO,False,ROBBERY_VIOLENT,21.0
2022,COLMENAR VIEJO,False,BURGLARY,84.0
2022,COLMENAR VIEJO,False,BURGLARY_DWELLING,68.0
2022,COLMENAR VIEJO,False,THEFT,356.0
2022,COLMENAR VIEJO,False,VEHICLE_THEFT,10.0
2022,COLMENAR VIEJO,False,DRUG_TRAFFICKING,4.0
2022,COLMENAR VIEJO,False,OTHER_CONVENTIONAL,1055.0
2022,COLMENAR VIEJO,False,CYBERCRIME,363.0
2022,COLMENAR VIEJO,False,CYBER_FRAUD,340.0
2022,COLMENAR VIEJO,False,CYBER_OTHER,23.0
2022,COLMENAR VIEJO,False,TOTAL,1924.0
2022,COLLADO VILLALBA,False,CONVENTIONAL,2510.0
2022,COLLADO VILLALBA,False,HOM_COMPLETED,0.0
2022,COLLADO VILLALBA,False,HOM_ATTEMPTED,0.0
2022,COLLADO VILLALBA,False,INJURY,46.0
2022,COLLADO VILLALBA,False,KIDNAPPING,1.0
2022,COLLADO VILLALBA,False,SEXUAL,29.0
2022,COLLADO VILLALBA,False,SEXUAL_PENETRATION,5.0
2022,COLLADO VILLALBA,False,SEXUAL_OTHER,24.0
2022,COLLADO VILLALBA,False,ROBBERY_VIOLENT,80.0
2022,COLLADO VILLALBA,False,BURGLARY,143.0
2022,COLLADO VILLALBA,False,BURGLARY_DWELLING,102.0
2022,COLLADO VILLALBA,False,THEFT,739.0
2022,COLLADO VILLALBA,False,VEHICLE_THEFT,17.0
2022,COLLADO VILLALBA,False,DRUG_TRAFFICKING,16.0
2022,COLLADO VILLALBA,False,OTHER_CONVENTIONAL,1439.0
2022,COLLADO VILLALBA,False,CYBERCRIME,576.0
2022,COLLADO VILLALBA,False,CYBER_FRAUD,504.0
2022,COLLADO VILLALBA,False,CYBER_OTHER,72.0
2022,COLLADO VILLALBA,False,TOTAL,3086.0
2022,COSLADA,False,CONVENTIONAL,2973.0
2022,COSLADA,False,HOM_COMPLETED,0.0
2022,COSLADA,False,HOM_ATTEMPTED,2.0
2022,COSLADA,False,INJURY,22.0
2022,COSLADA,False,KIDNAPPING,0.0
2022,COSLADA,False,SEXUAL,21.0
2022,COSLADA,False,SEXUAL_PENETRATION,2.0
2022,COSLADA,False,SEXUAL_OTHER,19.0
2022,COSLADA,False,ROBBERY_VIOLENT,76.0
2022,COSLADA,False,BURGLARY,156.0
2022,COSLADA,False,BURGLARY_DWELLING,83.0
2022,COSLADA,False,THEFT,899.0
2022,COSLADA,False,VEHICLE_THEFT,109.0
2022,COSLADA,False,DRUG_TRAFFICKING,18.0
2022,COSLADA,False,OTHER_CONVENTIONAL,1670.0
2022,COSLADA,False,CYBERCRIME,670.0
2022,COSLADA,False,CYBER_FRAUD,611.0
2022,COSLADA,False,CYBER_OTHER,59.0
2022,COSLADA,False,TOTAL,3643.0
2022,FUENLABRADA,False,CONVENTIONAL,5089.0
2022,FUENLABRADA,False,HOM_COMPLETED,1.0
2022,FUENLABRADA,False,HOM_ATTEMPTED,0.0
2022,FUENLABRADA,False,INJURY,30.0
2022,FUENLABRADA,False,KIDNAPPING,0.0
2022,FUENLABRADA,False,SEXUAL,29.0
2022,FUENLABRADA,False,SEXUAL_PENETRATION,9.0
2022,FUENLABRADA,False,SEXUAL_OTHER,20.0
2022,FUENLABRADA,False,ROBBERY_VIOLENT,203.0
2022,FUENLABRADA,False,BURGLARY,226.0
2022,FUENLABRADA,False,BURGLARY_DWELLING,142.0
2022,FUENLABRADA,False,THEFT,1653.0
2022,FUENLABRADA,False,VEHICLE_THEFT,229.0
2022,FUENLABRADA,False,DRUG_TRAFFICKING,49.0
2022,FUENLABRADA,False,OTHER_CONVENTIONAL,2669.0
2022,FUENLABRADA,False,CYBERCRIME,1115.0
2022,FUENLABRADA,False,CYBER_FRAUD,1059.0
2022,FUENLABRADA,False,CYBER_OTHER,56.0
2022,FUENLABRADA,False,TOTAL,6204.0
2022,GALAPAGAR,False,CONVENTIONAL,1272.0
2022,GALAPAGAR,False,HOM_COMPLETED,0.0
2022,GALAPAGAR,False,HOM_ATTEMPTED,0.0
2022,GALAPAGAR,False,INJURY,35.0
2022,GALAPAGAR,False,KIDNAPPING,0.0
2022,GALAPAGAR,False,SEXUAL,19.0
2022,GALAPAGAR,False,SEXUAL_PENETRATION,0.0
2022,GALAPAGAR,False,SEXUAL_OTHER,19.0
2022,GALAPAGAR,False,ROBBERY_VIOLENT,18.0
2022,GALAPAGAR,False,BURGLARY,90.0
2022,GALAPAGAR,False,BURGLARY_DWELLING,86.0
2022,GALAPAGAR,False,THEFT,195.0
2022,GALAPAGAR,False,VEHICLE_THEFT,4.0
2022,GALAPAGAR,False,DRUG_TRAFFICKING,6.0
2022,GALAPAGAR,False,OTHER_CONVENTIONAL,905.0
2022,GALAPAGAR,False,CYBERCRIME,367.0
2022,GALAPAGAR,False,CYBER_FRAUD,309.0
2022,GALAPAGAR,False,CYBER_OTHER,58.0
2022,GALAPAGAR,False,TOTAL,1639.0
2022,GETAFE,False,CONVENTIONAL,7155.0
2022,GETAFE,False,HOM_COMPLETED,0.0
2022,GETAFE,False,HOM_ATTEMPTED,1.0
2022,GETAFE,False,INJURY,27.0
2022,GETAFE,False,KIDNAPPING,0.0
2022,GETAFE,False,SEXUAL,51.0
2022,GETAFE,False,SEXUAL_PENETRATION,11.0
2022,GETAFE,False,SEXUAL_OTHER,40.0
2022,GETAFE,False,ROBBERY_VIOLENT,282.0
2022,GETAFE,False,BURGLARY,231.0
2022,GETAFE,False,BURGLARY_DWELLING,155.0
2022,GETAFE,False,THEFT,2502.0
2022,GETAFE,False,VEHICLE_THEFT,255.0
2022,GETAFE,False,DRUG_TRAFFICKING,29.0
2022,GETAFE,False,OTHER_CONVENTIONAL,3777.0
2022,GETAFE,False,CYBERCRIME,1405.0
2022,GETAFE,False,CYBER_FRAUD,1311.0
2022,GETAFE,False,CYBER_OTHER,94.0
2022,GETAFE,False,TOTAL,8560.0
2022,LEGANES,False,CONVENTIONAL,7632.0
2022,LEGANES,False,HOM_COMPLETED,0.0
2022,LEGANES,False,HOM_ATTEMPTED,0.0
2022,LEGANES,False,INJURY,66.0
2022,LEGANES,False,KIDNAPPING,0.0
2022,LEGANES,False,SEXUAL,52.0
2022,LEGANES,False,SEXUAL_PENETRATION,12.0
2022,LEGANES,False,SEXUAL_OTHER,40.0
2022,LEGANES,False,ROBBERY_VIOLENT,199.0
2022,LEGANES,False,BURGLARY,308.0
2022,LEGANES,False,BURGLARY_DWELLING,188.0
2022,LEGANES,False,THEFT,3268.0
2022,LEGANES,False,VEHICLE_THEFT,221.0
2022,LEGANES,False,DRUG_TRAFFICKING,57.0
2022,LEGANES,False,OTHER_CONVENTIONAL,3461.0
2022,LEGANES,False,CYBERCRIME,1456.0
2022,LEGANES,False,CYBER_FRAUD,1311.0
2022,LEGANES,False,CYBER_OTHER,145.0
2022,LEGANES,False,TOTAL,9088.0
2022,MADRID,False,CONVENTIONAL,208227.0
2022,MADRID,False,HOM_COMPLETED,27.0
2022,MADRID,False,HOM_ATTEMPTED,83.0
2022,MADRID,False,INJURY,1753.0
2022,MADRID,False,KIDNAPPING,5.0
2022,MADRID,False,SEXUAL,1443.0
2022,MADRID,False,SEXUAL_PENETRATION,218.0
2022,MADRID,False,SEXUAL_OTHER,1225.0
2022,MADRID,False,ROBBERY_VIOLENT,9118.0
2022,MADRID,False,BURGLARY,7066.0
2022,MADRID,False,BURGLARY_DWELLING,4836.0
2022,MADRID,False,THEFT,91604.0
2022,MADRID,False,VEHICLE_THEFT,4489.0
2022,MADRID,False,DRUG_TRAFFICKING,2208.0
2022,MADRID,False,OTHER_CONVENTIONAL,90431.0
2022,MADRID,False,CYBERCRIME,35174.0
2022,MADRID,False,CYBER_FRAUD,32268.0
2022,MADRID,False,CYBER_OTHER,2906.0
2022,MADRID,False,TOTAL,243401.0
2022,MAJADAHONDA,False,CONVENTIONAL,4047.0
2022,MAJADAHONDA,False,HOM_COMPLETED,0.0
2022,MAJADAHONDA,False,HOM_ATTEMPTED,1.0
2022,MAJADAHONDA,False,INJURY,47.0
2022,MAJADAHONDA,False,KIDNAPPING,0.0
2022,MAJADAHONDA,False,SEXUAL,31.0
2022,MAJADAHONDA,False,SEXUAL_PENETRATION,0.0
2022,MAJADAHONDA,False,SEXUAL_OTHER,31.0
2022,MAJADAHONDA,False,ROBBERY_VIOLENT,52.0
2022,MAJADAHONDA,False,BURGLARY,223.0
2022,MAJADAHONDA,False,BURGLARY_DWELLING,146.0
2022,MAJADAHONDA,False,THEFT,1464.0
2022,MAJADAHONDA,False,VEHICLE_THEFT,148.0
2022,MAJADAHONDA,False,DRUG_TRAFFICKING,7.0
2022,MAJADAHONDA,False,OTHER_CONVENTIONAL,2074.0
2022,MAJADAHONDA,False,CYBERCRIME,537.0
2022,MAJADAHONDA,False,CYBER_FRAUD,481.0
2022,MAJADAHONDA,False,CYBER_OTHER,56.0
2022,MAJADAHONDA,False,TOTAL,4584.0
2022,MEJORADA DEL CAMPO,False,CONVENTIONAL,1127.0
2022,MEJORADA DEL CAMPO,False,HOM_COMPLETED,0.0
2022,MEJORADA DEL CAMPO,False,HOM_ATTEMPTED,0.0
2022,MEJORADA DEL CAMPO,False,INJURY,16.0
2022,MEJORADA DEL CAMPO,False,KIDNAPPING,0.0
2022,MEJORADA DEL CAMPO,False,SEXUAL,10.0
2022,MEJORADA DEL CAMPO,False,SEXUAL_PENETRATION,1.0
2022,MEJORADA DEL CAMPO,False,SEXUAL_OTHER,9.0
2022,MEJORADA DEL CAMPO,False,ROBBERY_VIOLENT,15.0
2022,MEJORADA DEL CAMPO,False,BURGLARY,45.0
2022,MEJORADA DEL CAMPO,False,BURGLARY_DWELLING,26.0
2022,MEJORADA DEL CAMPO,False,THEFT,200.0
2022,MEJORADA DEL CAMPO,False,VEHICLE_THEFT,29.0
2022,MEJORADA DEL CAMPO,False,DRUG_TRAFFICKING,4.0
2022,MEJORADA DEL CAMPO,False,OTHER_CONVENTIONAL,808.0
2022,MEJORADA DEL CAMPO,False,CYBERCRIME,239.0
2022,MEJORADA DEL CAMPO,False,CYBER_FRAUD,197.0
2022,MEJORADA DEL CAMPO,False,CYBER_OTHER,42.0
2022,MEJORADA DEL CAMPO,False,TOTAL,1366.0
2022,MOSTOLES,False,CONVENTIONAL,6376.0
2022,MOSTOLES,False,HOM_COMPLETED,2.0
2022,MOSTOLES,False,HOM_ATTEMPTED,3.0
2022,MOSTOLES,False,INJURY,49.0
2022,MOSTOLES,False,KIDNAPPING,1.0
2022,MOSTOLES,False,SEXUAL,64.0
2022,MOSTOLES,False,SEXUAL_PENETRATION,18.0
2022,MOSTOLES,False,SEXUAL_OTHER,46.0
2022,MOSTOLES,False,ROBBERY_VIOLENT,256.0
2022,MOSTOLES,False,BURGLARY,350.0
2022,MOSTOLES,False,BURGLARY_DWELLING,265.0
2022,MOSTOLES,False,THEFT,1739.0
2022,MOSTOLES,False,VEHICLE_THEFT,190.0
2022,MOSTOLES,False,DRUG_TRAFFICKING,46.0
2022,MOSTOLES,False,OTHER_CONVENTIONAL,3676.0
2022,MOSTOLES,False,CYBERCRIME,2052.0
2022,MOSTOLES,False,CYBER_FRAUD,1851.0
2022,MOSTOLES,False,CYBER_OTHER,201.0
2022,MOSTOLES,False,TOTAL,8428.0
2022,NAVALCARNERO,False,CONVENTIONAL,1165.0
2022,NAVALCARNERO,False,HOM_COMPLETED,0.0
2022,NAVALCARNERO,False,HOM_ATTEMPTED,2.0
2022,NAVALCARNERO,False,INJURY,10.0
2022,NAVALCARNERO,False,KIDNAPPING,0.0
2022,NAVALCARNERO,False,SEXUAL,8.0
2022,NAVALCARNERO,False,SEXUAL_PENETRATION,3.0
2022,NAVALCARNERO,False,SEXUAL_OTHER,5.0
2022,NAVALCARNERO,False,ROBBERY_VIOLENT,27.0
2022,NAVALCARNERO,False,BURGLARY,82.0
2022,NAVALCARNERO,False,BURGLARY_DWELLING,62.0
2022,NAVALCARNERO,False,THEFT,240.0
2022,NAVALCARNERO,False,VEHICLE_THEFT,40.0
2022,NAVALCARNERO,False,DRUG_TRAFFICKING,14.0
2022,NAVALCARNERO,False,OTHER_CONVENTIONAL,742.0
2022,NAVALCARNERO,False,CYBERCRIME,334.0
2022,NAVALCARNERO,False,CYBER_FRAUD,287.0
2022,NAVALCARNERO,False,CYBER_OTHER,47.0
2022,NAVALCARNERO,False,TOTAL,1499.0
2022,PARACUELLOS DE JARAMA,False,CONVENTIONAL,761.0
2022,PARACUELLOS DE JARAMA,False,HOM_COMPLETED,0.0
2022,PARACUELLOS DE JARAMA,False,HOM_ATTEMPTED,0.0
2022,PARACUELLOS DE JARAMA,False,INJURY,8.0
2022,PARACUELLOS DE JARAMA,False,KIDNAPPING,0.0
2022,PARACUELLOS DE JARAMA,False,SEXUAL,10.0
2022,PARACUELLOS DE JARAMA,False,SEXUAL_PENETRATION,0.0
2022,PARACUELLOS DE JARAMA,False,SEXUAL_OTHER,10.0
2022,PARACUELLOS DE JARAMA,False,ROBBERY_VIOLENT,15.0
2022,PARACUELLOS DE JARAMA,False,BURGLARY,46.0
2022,PARACUELLOS DE JARAMA,False,BURGLARY_DWELLING,33.0
2022,PARACUELLOS DE JARAMA,False,THEFT,177.0
2022,PARACUELLOS DE JARAMA,False,VEHICLE_THEFT,24.0
2022,PARACUELLOS DE JARAMA,False,DRUG_TRAFFICKING,3.0
2022,PARACUELLOS DE JARAMA,False,OTHER_CONVENTIONAL,478.0
2022,PARACUELLOS DE JARAMA,False,CYBERCRIME,199.0
2022,PARACUELLOS DE JARAMA,False,CYBER_FRAUD,175.0
2022,PARACUELLOS DE JARAMA,False,CYBER_OTHER,24.0
2022,PARACUELLOS DE JARAMA,False,TOTAL,960.0
2022,PARLA,False,CONVENTIONAL,5630.0
2022,PARLA,False,HOM_COMPLETED,1.0
2022,PARLA,False,HOM_ATTEMPTED,2.0
2022,PARLA,False,INJURY,42.0
2022,PARLA,False,KIDNAPPING,1.0
2022,PARLA,False,SEXUAL,47.0
2022,PARLA,False,SEXUAL_PENETRATION,10.0
2022,PARLA,False,SEXUAL_OTHER,37.0
2022,PARLA,False,ROBBERY_VIOLENT,382.0
2022,PARLA,False,BURGLARY,190.0
2022,PARLA,False,BURGLARY_DWELLING,109.0
2022,PARLA,False,THEFT,1558.0
2022,PARLA,False,VEHICLE_THEFT,91.0
2022,PARLA,False,DRUG_TRAFFICKING,17.0
2022,PARLA,False,OTHER_CONVENTIONAL,3299.0
2022,PARLA,False,CYBERCRIME,652.0
2022,PARLA,False,CYBER_FRAUD,608.0
2022,PARLA,False,CYBER_OTHER,44.0
2022,PARLA,False,TOTAL,6282.0
2022,PINTO,False,CONVENTIONAL,2425.0
2022,PINTO,False,HOM_COMPLETED,0.0
2022,PINTO,False,HOM_ATTEMPTED,1.0
2022,PINTO,False,INJURY,24.0
2022,PINTO,False,KIDNAPPING,0.0
2022,PINTO,False,SEXUAL,25.0
2022,PINTO,False,SEXUAL_PENETRATION,2.0
2022,PINTO,False,SEXUAL_OTHER,23.0
2022,PINTO,False,ROBBERY_VIOLENT,64.0
2022,PINTO,False,BURGLARY,128.0
2022,PINTO,False,BURGLARY_DWELLING,105.0
2022,PINTO,False,THEFT,871.0
2022,PINTO,False,VEHICLE_THEFT,23.0
2022,PINTO,False,DRUG_TRAFFICKING,20.0
2022,PINTO,False,OTHER_CONVENTIONAL,1269.0
2022,PINTO,False,CYBERCRIME,473.0
2022,PINTO,False,CYBER_FRAUD,415.0
2022,PINTO,False,CYBER_OTHER,58.0
2022,PINTO,False,TOTAL,2898.0
2022,POZUELO DE ALARCON,False,CONVENTIONAL,2255.0
2022,POZUELO DE ALARCON,False,HOM_COMPLETED,1.0
2022,POZUELO DE ALARCON,False,HOM_ATTEMPTED,1.0
2022,POZUELO DE ALARCON,False,INJURY,21.0
2022,POZUELO DE ALARCON,False,KIDNAPPING,1.0
2022,POZUELO DE ALARCON,False,SEXUAL,12.0
2022,POZUELO DE ALARCON,False,SEXUAL_PENETRATION,1.0
2022,POZUELO DE ALARCON,False,SEXUAL_OTHER,11.0
2022,POZUELO DE ALARCON,False,ROBBERY_VIOLENT,57.0
2022,POZUELO DE ALARCON,False,BURGLARY,81.0
2022,POZUELO DE ALARCON,False,BURGLARY_DWELLING,70.0
2022,POZUELO DE ALARCON,False,THEFT,920.0
2022,POZUELO DE ALARCON,False,VEHICLE_THEFT,79.0
2022,POZUELO DE ALARCON,False,DRUG_TRAFFICKING,9.0
2022,POZUELO DE ALARCON,False,OTHER_CONVENTIONAL,1073.0
2022,POZUELO DE ALARCON,False,CYBERCRIME,413.0
2022,POZUELO DE ALARCON,False,CYBER_FRAUD,383.0
2022,POZUELO DE ALARCON,False,CYBER_OTHER,30.0
2022,POZUELO DE ALARCON,False,TOTAL,2668.0
2022,RIVAS VACIAMADRID,False,CONVENTIONAL,4578.0
2022,RIVAS VACIAMADRID,False,HOM_COMPLETED,1.0
2022,RIVAS VACIAMADRID,False,HOM_ATTEMPTED,1.0
2022,RIVAS VACIAMADRID,False,INJURY,68.0
2022,RIVAS VACIAMADRID,False,KIDNAPPING,0.0
2022,RIVAS VACIAMADRID,False,SEXUAL,20.0
2022,RIVAS VACIAMADRID,False,SEXUAL_PENETRATION,3.0
2022,RIVAS VACIAMADRID,False,SEXUAL_OTHER,17.0
2022,RIVAS VACIAMADRID,False,ROBBERY_VIOLENT,154.0
2022,RIVAS VACIAMADRID,False,BURGLARY,236.0
2022,RIVAS VACIAMADRID,False,BURGLARY_DWELLING,154.0
2022,RIVAS VACIAMADRID,False,THEFT,1673.0
2022,RIVAS VACIAMADRID,False,VEHICLE_THEFT,42.0
2022,RIVAS VACIAMADRID,False,DRUG_TRAFFICKING,21.0
2022,RIVAS VACIAMADRID,False,OTHER_CONVENTIONAL,2362.0
2022,RIVAS VACIAMADRID,False,CYBERCRIME,848.0
2022,RIVAS VACIAMADRID,False,CYBER_FRAUD,771.0
2022,RIVAS VACIAMADRID,False,CYBER_OTHER,77.0
2022,RIVAS VACIAMADRID,False,TOTAL,5426.0
2022,LAS ROZAS DE MADRID,False,CONVENTIONAL,3512.0
2022,LAS ROZAS DE MADRID,False,HOM_COMPLETED,1.0
2022,LAS ROZAS DE MADRID,False,HOM_ATTEMPTED,2.0
2022,LAS ROZAS DE MADRID,False,INJURY,54.0
2022,LAS ROZAS DE MADRID,False,KIDNAPPING,0.0
2022,LAS ROZAS DE MADRID,False,SEXUAL,32.0
2022,LAS ROZAS DE MADRID,False,SEXUAL_PENETRATION,5.0
2022,LAS ROZAS DE MADRID,False,SEXUAL_OTHER,27.0
2022,LAS ROZAS DE MADRID,False,ROBBERY_VIOLENT,84.0
2022,LAS ROZAS DE MADRID,False,BURGLARY,163.0
2022,LAS ROZAS DE MADRID,False,BURGLARY_DWELLING,142.0
2022,LAS ROZAS DE MADRID,False,THEFT,1256.0
2022,LAS ROZAS DE MADRID,False,VEHICLE_THEFT,43.0
2022,LAS ROZAS DE MADRID,False,DRUG_TRAFFICKING,14.0
2022,LAS ROZAS DE MADRID,False,OTHER_CONVENTIONAL,1863.0
2022,LAS ROZAS DE MADRID,False,CYBERCRIME,899.0
2022,LAS ROZAS DE MADRID,False,CYBER_FRAUD,823.0
2022,LAS ROZAS DE MADRID,False,CYBER_OTHER,76.0
2022,LAS ROZAS DE MADRID,False,TOTAL,4411.0
2022,SAN FERNANDO DE HENARES,False,CONVENTIONAL,1605.0
2022,SAN FERNANDO DE HENARES,False,HOM_COMPLETED,0.0
2022,SAN FERNANDO DE HENARES,False,HOM_ATTEMPTED,0.0
2022,SAN FERNANDO DE HENARES,False,INJURY,9.0
2022,SAN FERNANDO DE HENARES,False,KIDNAPPING,0.0
2022,SAN FERNANDO DE HENARES,False,SEXUAL,6.0
2022,SAN FERNANDO DE HENARES,False,SEXUAL_PENETRATION,1.0
2022,SAN FERNANDO DE HENARES,False,SEXUAL_OTHER,5.0
2022,SAN FERNANDO DE HENARES,False,ROBBERY_VIOLENT,53.0
2022,SAN FERNANDO DE HENARES,False,BURGLARY,61.0
2022,SAN FERNANDO DE HENARES,False,BURGLARY_DWELLING,34.0
2022,SAN FERNANDO DE HENARES,False,THEFT,476.0
2022,SAN FERNANDO DE HENARES,False,VEHICLE_THEFT,57.0
2022,SAN FERNANDO DE HENARES,False,DRUG_TRAFFICKING,20.0
2022,SAN FERNANDO DE HENARES,False,OTHER_CONVENTIONAL,923.0
2022,SAN FERNANDO DE HENARES,False,CYBERCRIME,312.0
2022,SAN FERNANDO DE HENARES,False,CYBER_FRAUD,284.0
2022,SAN FERNANDO DE HENARES,False,CYBER_OTHER,28.0
2022,SAN FERNANDO DE HENARES,False,TOTAL,1917.0
2022,SAN SEBASTIAN DE LOS REYES,False,CONVENTIONAL,3494.0
2022,SAN SEBASTIAN DE LOS REYES,False,HOM_COMPLETED,0.0
2022,SAN SEBASTIAN DE LOS REYES,False,HOM_ATTEMPTED,0.0
2022,SAN SEBASTIAN DE LOS REYES,False,INJURY,22.0
2022,SAN SEBASTIAN DE LOS REYES,False,KIDNAPPING,0.0
2022,SAN SEBASTIAN DE LOS REYES,False,SEXUAL,31.0
2022,SAN SEBASTIAN DE LOS REYES,False,SEXUAL_PENETRATION,6.0
2022,SAN SEBASTIAN DE LOS REYES,False,SEXUAL_OTHER,25.0
2022,SAN SEBASTIAN DE LOS REYES,False,ROBBERY_VIOLENT,80.0
2022,SAN SEBASTIAN DE LOS REYES,False,BURGLARY,151.0
2022,SAN SEBASTIAN DE LOS REYES,False,BURGLARY_DWELLING,94.0
2022,SAN SEBASTIAN DE LOS REYES,False,THEFT,1537.0
2022,SAN SEBASTIAN DE LOS REYES,False,VEHICLE_THEFT,89.0
2022,SAN SEBASTIAN DE LOS REYES,False,DRUG_TRAFFICKING,34.0
2022,SAN SEBASTIAN DE LOS REYES,False,OTHER_CONVENTIONAL,1550.0
2022,SAN SEBASTIAN DE LOS REYES,False,CYBERCRIME,759.0
2022,SAN SEBASTIAN DE LOS REYES,False,CYBER_FRAUD,707.0
2022,SAN SEBASTIAN DE LOS REYES,False,CYBER_OTHER,52.0
2022,SAN SEBASTIAN DE LOS REYES,False,TOTAL,4253.0
2022,TORREJON DE ARDOZ,False,CONVENTIONAL,4771.0
2022,TORREJON DE ARDOZ,False,HOM_COMPLETED,7.0
2022,TORREJON DE ARDOZ,False,HOM_ATTEMPTED,9.0
2022,TORREJON DE ARDOZ,False,INJURY,55.0
2022,TORREJON DE ARDOZ,False,KIDNAPPING,0.0
2022,TORREJON DE ARDOZ,False,SEXUAL,46.0
2022,TORREJON DE ARDOZ,False,SEXUAL_PENETRATION,9.0
2022,TORREJON DE ARDOZ,False,SEXUAL_OTHER,37.0
2022,TORREJON DE ARDOZ,False,ROBBERY_VIOLENT,118.0
2022,TORREJON DE ARDOZ,False,BURGLARY,121.0
2022,TORREJON DE ARDOZ,False,BURGLARY_DWELLING,74.0
2022,TORREJON DE ARDOZ,False,THEFT,1667.0
2022,TORREJON DE ARDOZ,False,VEHICLE_THEFT,107.0
2022,TORREJON DE ARDOZ,False,DRUG_TRAFFICKING,64.0
2022,TORREJON DE ARDOZ,False,OTHER_CONVENTIONAL,2577.0
2022,TORREJON DE ARDOZ,False,CYBERCRIME,947.0
2022,TORREJON DE ARDOZ,False,CYBER_FRAUD,876.0
2022,TORREJON DE ARDOZ,False,CYBER_OTHER,71.0
2022,TORREJON DE ARDOZ,False,TOTAL,5718.0
2022,TORRELODONES,False,CONVENTIONAL,893.0
2022,TORRELODONES,False,HOM_COMPLETED,0.0
2022,TORRELODONES,False,HOM_ATTEMPTED,1.0
2022,TORRELODONES,False,INJURY,13.0
2022,TORRELODONES,False,KIDNAPPING,0.0
2022,TORRELODONES,False,SEXUAL,4.0
2022,TORRELODONES,False,SEXUAL_PENETRATION,1.0
2022,TORRELODONES,False,SEXUAL_OTHER,3.0
2022,TORRELODONES,False,ROBBERY_VIOLENT,30.0
2022,TORRELODONES,False,BURGLARY,75.0
2022,TORRELODONES,False,BURGLARY_DWELLING,66.0
2022,TORRELODONES,False,THEFT,286.0
2022,TORRELODONES,False,VEHICLE_THEFT,6.0
2022,TORRELODONES,False,DRUG_TRAFFICKING,1.0
2022,TORRELODONES,False,OTHER_CONVENTIONAL,477.0
2022,TORRELODONES,False,CYBERCRIME,273.0
2022,TORRELODONES,False,CYBER_FRAUD,227.0
2022,TORRELODONES,False,CYBER_OTHER,46.0
2022,TORRELODONES,False,TOTAL,1166.0
2022,TRES CANTOS,False,CONVENTIONAL,1151.0
2022,TRES CANTOS,False,HOM_COMPLETED,0.0
2022,TRES CANTOS,False,HOM_ATTEMPTED,0.0
2022,TRES CANTOS,False,INJURY,22.0
2022,TRES CANTOS,False,KIDNAPPING,0.0
2022,TRES CANTOS,False,SEXUAL,8.0
2022,TRES CANTOS,False,SEXUAL_PENETRATION,4.0
2022,TRES CANTOS,False,SEXUAL_OTHER,4.0
2022,TRES CANTOS,False,ROBBERY_VIOLENT,35.0
2022,TRES CANTOS,False,BURGLARY,65.0
2022,TRES CANTOS,False,BURGLARY_DWELLING,50.0
2022,TRES CANTOS,False,THEFT,426.0
2022,TRES CANTOS,False,VEHICLE_THEFT,8.0
2022,TRES CANTOS,False,DRUG_TRAFFICKING,1.0
2022,TRES CANTOS,False,OTHER_CONVENTIONAL,586.0
2022,TRES CANTOS,False,CYBERCRIME,325.0
2022,TRES CANTOS,False,CYBER_FRAUD,310.0
2022,TRES CANTOS,False,CYBER_OTHER,15.0
2022,TRES CANTOS,False,TOTAL,1476.0
2022,VALDEMORO,False,CONVENTIONAL,3001.0
2022,VALDEMORO,False,HOM_COMPLETED,0.0
2022,VALDEMORO,False,HOM_ATTEMPTED,1.0
2022,VALDEMORO,False,INJURY,65.0
2022,VALDEMORO,False,KIDNAPPING,0.0
2022,VALDEMORO,False,SEXUAL,27.0
2022,VALDEMORO,False,SEXUAL_PENETRATION,4.0
2022,VALDEMORO,False,SEXUAL_OTHER,23.0
2022,VALDEMORO,False,ROBBERY_VIOLENT,77.0
2022,VALDEMORO,False,BURGLARY,119.0
2022,VALDEMORO,False,BURGLARY_DWELLING,72.0
2022,VALDEMORO,False,THEFT,830.0
2022,VALDEMORO,False,VEHICLE_THEFT,46.0
2022,VALDEMORO,False,DRUG_TRAFFICKING,18.0
2022,VALDEMORO,False,OTHER_CONVENTIONAL,1818.0
2022,VALDEMORO,False,CYBERCRIME,747.0
2022,VALDEMORO,False,CYBER_FRAUD,641.0
2022,VALDEMORO,False,CYBER_OTHER,106.0
2022,VALDEMORO,False,TOTAL,3748.0
2022,VILLANUEVA DE LA CANADA,False,CONVENTIONAL,947.0
2022,VILLANUEVA DE LA CANADA,False,HOM_COMPLETED,0.0
2022,VILLANUEVA DE LA CANADA,False,HOM_ATTEMPTED,1.0
2022,VILLANUEVA DE LA CANADA,False,INJURY,4.0
2022,VILLANUEVA DE LA CANADA,False,KIDNAPPING,0.0
2022,VILLANUEVA DE LA CANADA,False,SEXUAL,11.0
2022,VILLANUEVA DE LA CANADA,False,SEXUAL_PENETRATION,0.0
2022,VILLANUEVA DE LA CANADA,False,SEXUAL_OTHER,11.0
2022,VILLANUEVA DE LA CANADA,False,ROBBERY_VIOLENT,15.0
2022,VILLANUEVA DE LA CANADA,False,BURGLARY,68.0
2022,VILLANUEVA DE LA CANADA,False,BURGLARY_DWELLING,63.0
2022,VILLANUEVA DE LA CANADA,False,THEFT,320.0
2022,VILLANUEVA DE LA CANADA,False,VEHICLE_THEFT,6.0
2022,VILLANUEVA DE LA CANADA,False,DRUG_TRAFFICKING,3.0
2022,VILLANUEVA DE LA CANADA,False,OTHER_CONVENTIONAL,519.0
2022,VILLANUEVA DE LA CANADA,False,CYBERCRIME,190.0
2022,VILLANUEVA DE LA CANADA,False,CYBER_FRAUD,166.0
2022,VILLANUEVA DE LA CANADA,False,CYBER_OTHER,24.0
2022,VILLANUEVA DE LA CANADA,False,TOTAL,1137.0
2022,VILLAVICIOSA DE ODON,False,CONVENTIONAL,1136.0
2022,VILLAVICIOSA DE ODON,False,HOM_COMPLETED,0.0
2022,VILLAVICIOSA DE ODON,False,HOM_ATTEMPTED,0.0
2022,VILLAVICIOSA DE ODON,False,INJURY,8.0
2022,VILLAVICIOSA DE ODON,False,KIDNAPPING,0.0
2022,VILLAVICIOSA DE ODON,False,SEXUAL,13.0
2022,VILLAVICIOSA DE ODON,False,SEXUAL_PENETRATION,6.0
2022,VILLAVICIOSA DE ODON,False,SEXUAL_OTHER,7.0
2022,VILLAVICIOSA DE ODON,False,ROBBERY_VIOLENT,49.0
2022,VILLAVICIOSA DE ODON,False,BURGLARY,100.0
2022,VILLAVICIOSA DE ODON,False,BURGLARY_DWELLING,82.0
2022,VILLAVICIOSA DE ODON,False,THEFT,320.0
2022,VILLAVICIOSA DE ODON,False,VEHICLE_THEFT,8.0
2022,VILLAVICIOSA DE ODON,False,DRUG_TRAFFICKING,4.0
2022,VILLAVICIOSA DE ODON,False,OTHER_CONVENTIONAL,634.0
2022,VILLAVICIOSA DE ODON,False,CYBERCRIME,268.0
2022,VILLAVICIOSA DE ODON,False,CYBER_FRAUD,225.0
2022,VILLAVICIOSA DE ODON,False,CYBER_OTHER,43.0
2022,VILLAVICIOSA DE ODON,False,TOTAL,1404.0
2023,MADRID COMUNIDAD DE,True,CONVENTIONAL,333218.0
2023,MADRID COMUNIDAD DE,True,HOM_COMPLETED,36.0
2023,MADRID COMUNIDAD DE,True,HOM_ATTEMPTED,174.0
2023,MADRID COMUNIDAD DE,True,INJURY,3347.0
2023,MADRID COMUNIDAD DE,True,KIDNAPPING,19.0
2023,MADRID COMUNIDAD DE,True,SEXUAL,2830.0
2023,MADRID COMUNIDAD DE,True,SEXUAL_PENETRATION,649.0
2023,MADRID COMUNIDAD DE,True,SEXUAL_OTHER,2181.0
2023,MADRID COMUNIDAD DE,True,ROBBERY_VIOLENT,12233.0
2023,MADRID COMUNIDAD DE,True,BURGLARY,14544.0
2023,MADRID COMUNIDAD DE,True,BURGLARY_DWELLING,9326.0
2023,MADRID COMUNIDAD DE,True,THEFT,128268.0
2023,MADRID COMUNIDAD DE,True,VEHICLE_THEFT,7119.0
2023,MADRID COMUNIDAD DE,True,DRUG_TRAFFICKING,3384.0
2023,MADRID COMUNIDAD DE,True,OTHER_CONVENTIONAL,161264.0
2023,MADRID COMUNIDAD DE,True,CYBERCRIME,79624.0
2023,MADRID COMUNIDAD DE,True,CYBER_FRAUD,72314.0
2023,MADRID COMUNIDAD DE,True,CYBER_OTHER,7310.0
2023,MADRID COMUNIDAD DE,True,TOTAL,412842.0
2023,ALCALA DE HENARES,False,CONVENTIONAL,7277.0
2023,ALCALA DE HENARES,False,HOM_COMPLETED,1.0
2023,ALCALA DE HENARES,False,HOM_ATTEMPTED,7.0
2023,ALCALA DE HENARES,False,INJURY,86.0
2023,ALCALA DE HENARES,False,KIDNAPPING,0.0
2023,ALCALA DE HENARES,False,SEXUAL,61.0
2023,ALCALA DE HENARES,False,SEXUAL_PENETRATION,8.0
2023,ALCALA DE HENARES,False,SEXUAL_OTHER,53.0
2023,ALCALA DE HENARES,False,ROBBERY_VIOLENT,190.0
2023,ALCALA DE HENARES,False,BURGLARY,265.0
2023,ALCALA DE HENARES,False,BURGLARY_DWELLING,136.0
2023,ALCALA DE HENARES,False,THEFT,2347.0
2023,ALCALA DE HENARES,False,VEHICLE_THEFT,245.0
2023,ALCALA DE HENARES,False,DRUG_TRAFFICKING,64.0
2023,ALCALA DE HENARES,False,OTHER_CONVENTIONAL,4011.0
2023,ALCALA DE HENARES,False,CYBERCRIME,2508.0
2023,ALCALA DE HENARES,False,CYBER_FRAUD,2171.0
2023,ALCALA DE HENARES,False,CYBER_OTHER,337.0
2023,ALCALA DE HENARES,False,TOTAL,9785.0
2023,ALCOBENDAS,False,CONVENTIONAL,4029.0
2023,ALCOBENDAS,False,HOM_COMPLETED,2.0
2023,ALCOBENDAS,False,HOM_ATTEMPTED,1.0
2023,ALCOBENDAS,False,INJURY,41.0
2023,ALCOBENDAS,False,KIDNAPPING,0.0
2023,ALCOBENDAS,False,SEXUAL,52.0
2023,ALCOBENDAS,False,SEXUAL_PENETRATION,12.0
2023,ALCOBENDAS,False,SEXUAL_OTHER,40.0
2023,ALCOBENDAS,False,ROBBERY_VIOLENT,81.0
2023,ALCOBENDAS,False,BURGLARY,209.0
2023,ALCOBENDAS,False,BURGLARY_DWELLING,136.0
2023,ALCOBENDAS,False,THEFT,1171.0
2023,ALCOBENDAS,False,VEHICLE_THEFT,157.0
2023,ALCOBENDAS,False,DRUG_TRAFFICKING,60.0
2023,ALCOBENDAS,False,OTHER_CONVENTIONAL,2255.0
2023,ALCOBENDAS,False,CYBERCRIME,1187.0
2023,ALCOBENDAS,False,CYBER_FRAUD,1070.0
2023,ALCOBENDAS,False,CYBER_OTHER,117.0
2023,ALCOBENDAS,False,TOTAL,5216.0
2023,ALCORCON,False,CONVENTIONAL,5940.0
2023,ALCORCON,False,HOM_COMPLETED,0.0
2023,ALCORCON,False,HOM_ATTEMPTED,3.0
2023,ALCORCON,False,INJURY,46.0
2023,ALCORCON,False,KIDNAPPING,0.0
2023,ALCORCON,False,SEXUAL,33.0
2023,ALCORCON,False,SEXUAL_PENETRATION,4.0
2023,ALCORCON,False,SEXUAL_OTHER,29.0
2023,ALCORCON,False,ROBBERY_VIOLENT,197.0
2023,ALCORCON,False,BURGLARY,188.0
2023,ALCORCON,False,BURGLARY_DWELLING,115.0
2023,ALCORCON,False,THEFT,2512.0
2023,ALCORCON,False,VEHICLE_THEFT,151.0
2023,ALCORCON,False,DRUG_TRAFFICKING,39.0
2023,ALCORCON,False,OTHER_CONVENTIONAL,2771.0
2023,ALCORCON,False,CYBERCRIME,1639.0
2023,ALCORCON,False,CYBER_FRAUD,1454.0
2023,ALCORCON,False,CYBER_OTHER,185.0
2023,ALCORCON,False,TOTAL,7579.0
2023,ALGETE,False,CONVENTIONAL,625.0
2023,ALGETE,False,HOM_COMPLETED,0.0
2023,ALGETE,False,HOM_ATTEMPTED,0.0
2023,ALGETE,False,INJURY,5.0
2023,ALGETE,False,KIDNAPPING,0.0
2023,ALGETE,False,SEXUAL,7.0
2023,ALGETE,False,SEXUAL_PENETRATION,3.0
2023,ALGETE,False,SEXUAL_OTHER,4.0
2023,ALGETE,False,ROBBERY_VIOLENT,10.0
2023,ALGETE,False,BURGLARY,85.0
2023,ALGETE,False,BURGLARY_DWELLING,67.0
2023,ALGETE,False,THEFT,138.0
2023,ALGETE,False,VEHICLE_THEFT,10.0
2023,ALGETE,False,DRUG_TRAFFICKING,2.0
2023,ALGETE,False,OTHER_CONVENTIONAL,368.0
2023,ALGETE,False,CYBERCRIME,294.0
2023,ALGETE,False,CYBER_FRAUD,268.0
2023,ALGETE,False,CYBER_OTHER,26.0
2023,ALGETE,False,TOTAL,919.0
2023,ARANJUEZ,False,CONVENTIONAL,2221.0
2023,ARANJUEZ,False,HOM_COMPLETED,1.0
2023,ARANJUEZ,False,HOM_ATTEMPTED,2.0
2023,ARANJUEZ,False,INJURY,10.0
2023,ARANJUEZ,False,KIDNAPPING,0.0
2023,ARANJUEZ,False,SEXUAL,15.0
2023,ARANJUEZ,False,SEXUAL_PENETRATION,2.0
2023,ARANJUEZ,False,SEXUAL_OTHER,13.0
2023,ARANJUEZ,False,ROBBERY_VIOLENT,46.0
2023,ARANJUEZ,False,BURGLARY,121.0
2023,ARANJUEZ,False,BURGLARY_DWELLING,76.0
2023,ARANJUEZ,False,THEFT,632.0
2023,ARANJUEZ,False,VEHICLE_THEFT,39.0
2023,ARANJUEZ,False,DRUG_TRAFFICKING,17.0
2023,ARANJUEZ,False,OTHER_CONVENTIONAL,1338.0
2023,ARANJUEZ,False,CYBERCRIME,637.0
2023,ARANJUEZ,False,CYBER_FRAUD,590.0
2023,ARANJUEZ,False,CYBER_OTHER,47.0
2023,ARANJUEZ,False,TOTAL,2858.0
2023,ARGANDA DEL REY,False,CONVENTIONAL,2942.0
2023,ARGANDA DEL REY,False,HOM_COMPLETED,0.0
2023,ARGANDA DEL REY,False,HOM_ATTEMPTED,1.0
2023,ARGANDA DEL REY,False,INJURY,34.0
2023,ARGANDA DEL REY,False,KIDNAPPING,0.0
2023,ARGANDA DEL REY,False,SEXUAL,34.0
2023,ARGANDA DEL REY,False,SEXUAL_PENETRATION,5.0
2023,ARGANDA DEL REY,False,SEXUAL_OTHER,29.0
2023,ARGANDA DEL REY,False,ROBBERY_VIOLENT,116.0
2023,ARGANDA DEL REY,False,BURGLARY,181.0
2023,ARGANDA DEL REY,False,BURGLARY_DWELLING,116.0
2023,ARGANDA DEL REY,False,THEFT,973.0
2023,ARGANDA DEL REY,False,VEHICLE_THEFT,29.0
2023,ARGANDA DEL REY,False,DRUG_TRAFFICKING,30.0
2023,ARGANDA DEL REY,False,OTHER_CONVENTIONAL,1544.0
2023,ARGANDA DEL REY,False,CYBERCRIME,758.0
2023,ARGANDA DEL REY,False,CYBER_FRAUD,668.0
2023,ARGANDA DEL REY,False,CYBER_OTHER,90.0
2023,ARGANDA DEL REY,False,TOTAL,3700.0
2023,ARROYOMOLINOS,False,CONVENTIONAL,2339.0
2023,ARROYOMOLINOS,False,HOM_COMPLETED,0.0
2023,ARROYOMOLINOS,False,HOM_ATTEMPTED,0.0
2023,ARROYOMOLINOS,False,INJURY,25.0
2023,ARROYOMOLINOS,False,KIDNAPPING,4.0
2023,ARROYOMOLINOS,False,SEXUAL,8.0
2023,ARROYOMOLINOS,False,SEXUAL_PENETRATION,0.0
2023,ARROYOMOLINOS,False,SEXUAL_OTHER,8.0
2023,ARROYOMOLINOS,False,ROBBERY_VIOLENT,30.0
2023,ARROYOMOLINOS,False,BURGLARY,91.0
2023,ARROYOMOLINOS,False,BURGLARY_DWELLING,73.0
2023,ARROYOMOLINOS,False,THEFT,1290.0
2023,ARROYOMOLINOS,False,VEHICLE_THEFT,58.0
2023,ARROYOMOLINOS,False,DRUG_TRAFFICKING,7.0
2023,ARROYOMOLINOS,False,OTHER_CONVENTIONAL,826.0
2023,ARROYOMOLINOS,False,CYBERCRIME,583.0
2023,ARROYOMOLINOS,False,CYBER_FRAUD,510.0
2023,ARROYOMOLINOS,False,CYBER_OTHER,73.0
2023,ARROYOMOLINOS,False,TOTAL,2922.0
2023,BOADILLA DEL MONTE,False,CONVENTIONAL,1502.0
2023,BOADILLA DEL MONTE,False,HOM_COMPLETED,0.0
2023,BOADILLA DEL MONTE,False,HOM_ATTEMPTED,1.0
2023,BOADILLA DEL MONTE,False,INJURY,24.0
2023,BOADILLA DEL MONTE,False,KIDNAPPING,0.0
2023,BOADILLA DEL MONTE,False,SEXUAL,20.0
2023,BOADILLA DEL MONTE,False,SEXUAL_PENETRATION,4.0
2023,BOADILLA DEL MONTE,False,SEXUAL_OTHER,16.0
2023,BOADILLA DEL MONTE,False,ROBBERY_VIOLENT,20.0
2023,BOADILLA DEL MONTE,False,BURGLARY,169.0
2023,BOADILLA DEL MONTE,False,BURGLARY_DWELLING,139.0
2023,BOADILLA DEL MONTE,False,THEFT,406.0
2023,BOADILLA DEL MONTE,False,VEHICLE_THEFT,12.0
2023,BOADILLA DEL MONTE,False,DRUG_TRAFFICKING,7.0
2023,BOADILLA DEL MONTE,False,OTHER_CONVENTIONAL,843.0
2023,BOADILLA DEL MONTE,False,CYBERCRIME,957.0
2023,BOADILLA DEL MONTE,False,CYBER_FRAUD,859.0
2023,BOADILLA DEL MONTE,False,CYBER_OTHER,98.0
2023,BOADILLA DEL MONTE,False,TOTAL,2459.0
2023,CIEMPOZUELOS,False,CONVENTIONAL,1141.0
2023,CIEMPOZUELOS,False,HOM_COMPLETED,0.0
2023,CIEMPOZUELOS,False,HOM_ATTEMPTED,2.0
2023,CIEMPOZUELOS,False,INJURY,22.0
2023,CIEMPOZUELOS,False,KIDNAPPING,0.0
2023,CIEMPOZUELOS,False,SEXUAL,17.0
2023,CIEMPOZUELOS,False,SEXUAL_PENETRATION,2.0
2023,CIEMPOZUELOS,False,SEXUAL_OTHER,15.0
2023,CIEMPOZUELOS,False,ROBBERY_VIOLENT,46.0
2023,CIEMPOZUELOS,False,BURGLARY,106.0
2023,CIEMPOZUELOS,False,BURGLARY_DWELLING,67.0
2023,CIEMPOZUELOS,False,THEFT,229.0
2023,CIEMPOZUELOS,False,VEHICLE_THEFT,19.0
2023,CIEMPOZUELOS,False,DRUG_TRAFFICKING,9.0
2023,CIEMPOZUELOS,False,OTHER_CONVENTIONAL,691.0
2023,CIEMPOZUELOS,False,CYBERCRIME,333.0
2023,CIEMPOZUELOS,False,CYBER_FRAUD,288.0
2023,CIEMPOZUELOS,False,CYBER_OTHER,45.0
2023,CIEMPOZUELOS,False,TOTAL,1474.0
2023,COLLADO VILLALBA,False,CONVENTIONAL,2631.0
2023,COLLADO VILLALBA,False,HOM_COMPLETED,0.0
2023,COLLADO VILLALBA,False,HOM_ATTEMPTED,1.0
2023,COLLADO VILLALBA,False,INJURY,42.0
2023,COLLADO VILLALBA,False,KIDNAPPING,0.0
2023,COLLADO VILLALBA,False,SEXUAL,33.0
2023,COLLADO VILLALBA,False,SEXUAL_PENETRATION,5.0
2023,COLLADO VILLALBA,False,SEXUAL_OTHER,28.0
2023,COLLADO VILLALBA,False,ROBBERY_VIOLENT,72.0
2023,COLLADO VILLALBA,False,BURGLARY,157.0
2023,COLLADO VILLALBA,False,BURGLARY_DWELLING,86.0
2023,COLLADO VILLALBA,False,THEFT,746.0
2023,COLLADO VILLALBA,False,VEHICLE_THEFT,21.0
2023,COLLADO VILLALBA,False,DRUG_TRAFFICKING,9.0
2023,COLLADO VILLALBA,False,OTHER_CONVENTIONAL,1550.0
2023,COLLADO VILLALBA,False,CYBERCRIME,483.0
2023,COLLADO VILLALBA,False,CYBER_FRAUD,385.0
2023,COLLADO VILLALBA,False,CYBER_OTHER,98.0
2023,COLLADO VILLALBA,False,TOTAL,3114.0
2023,COLMENAR VIEJO,False,CONVENTIONAL,1924.0
2023,COLMENAR VIEJO,False,HOM_COMPLETED,0.0
2023,COLMENAR VIEJO,False,HOM_ATTEMPTED,2.0
2023,COLMENAR VIEJO,False,INJURY,31.0
2023,COLMENAR VIEJO,False,KIDNAPPING,0.0
2023,COLMENAR VIEJO,False,SEXUAL,19.0
2023,COLMENAR VIEJO,False,SEXUAL_PENETRATION,0.0
2023,COLMENAR VIEJO,False,SEXUAL_OTHER,19.0
2023,COLMENAR VIEJO,False,ROBBERY_VIOLENT,48.0
2023,COLMENAR VIEJO,False,BURGLARY,124.0
2023,COLMENAR VIEJO,False,BURGLARY_DWELLING,92.0
2023,COLMENAR VIEJO,False,THEFT,569.0
2023,COLMENAR VIEJO,False,VEHICLE_THEFT,14.0
2023,COLMENAR VIEJO,False,DRUG_TRAFFICKING,8.0
2023,COLMENAR VIEJO,False,OTHER_CONVENTIONAL,1109.0
2023,COLMENAR VIEJO,False,CYBERCRIME,546.0
2023,COLMENAR VIEJO,False,CYBER_FRAUD,519.0
2023,COLMENAR VIEJO,False,CYBER_OTHER,27.0
2023,COLMENAR VIEJO,False,TOTAL,2470.0
2023,COSLADA,False,CONVENTIONAL,2669.0
2023,COSLADA,False,HOM_COMPLETED,0.0
2023,COSLADA,False,HOM_ATTEMPTED,0.0
2023,COSLADA,False,INJURY,17.0
2023,COSLADA,False,KIDNAPPING,0.0
2023,COSLADA,False,SEXUAL,19.0
2023,COSLADA,False,SEXUAL_PENETRATION,2.0
2023,COSLADA,False,SEXUAL_OTHER,17.0
2023,COSLADA,False,ROBBERY_VIOLENT,56.0
2023,COSLADA,False,BURGLARY,164.0
2023,COSLADA,False,BURGLARY_DWELLING,68.0
2023,COSLADA,False,THEFT,908.0
2023,COSLADA,False,VEHICLE_THEFT,82.0
2023,COSLADA,False,DRUG_TRAFFICKING,30.0
2023,COSLADA,False,OTHER_CONVENTIONAL,1393.0
2023,COSLADA,False,CYBERCRIME,719.0
2023,COSLADA,False,CYBER_FRAUD,691.0
2023,COSLADA,False,CYBER_OTHER,28.0
2023,COSLADA,False,TOTAL,3388.0
2023,FUENLABRADA,False,CONVENTIONAL,4746.0
2023,FUENLABRADA,False,HOM_COMPLETED,1.0
2023,FUENLABRADA,False,HOM_ATTEMPTED,2.0
2023,FUENLABRADA,False,INJURY,24.0
2023,FUENLABRADA,False,KIDNAPPING,0.0
2023,FUENLABRADA,False,SEXUAL,42.0
2023,FUENLABRADA,False,SEXUAL_PENETRATION,17.0
2023,FUENLABRADA,False,SEXUAL_OTHER,25.0
2023,FUENLABRADA,False,ROBBERY_VIOLENT,186.0
2023,FUENLABRADA,False,BURGLARY,213.0
2023,FUENLABRADA,False,BURGLARY_DWELLING,113.0
2023,FUENLABRADA,False,THEFT,1508.0
2023,FUENLABRADA,False,VEHICLE_THEFT,249.0
2023,FUENLABRADA,False,DRUG_TRAFFICKING,51.0
2023,FUENLABRADA,False,OTHER_CONVENTIONAL,2470.0
2023,FUENLABRADA,False,CYBERCRIME,1307.0
2023,FUENLABRADA,False,CYBER_FRAUD,1240.0
2023,FUENLABRADA,False,CYBER_OTHER,67.0
2023,FUENLABRADA,False,TOTAL,6053.0
2023,GALAPAGAR,False,CONVENTIONAL,1389.0
2023,GALAPAGAR,False,HOM_COMPLETED,0.0
2023,GALAPAGAR,False,HOM_ATTEMPTED,0.0
2023,GALAPAGAR,False,INJURY,46.0
2023,GALAPAGAR,False,KIDNAPPING,0.0
2023,GALAPAGAR,False,SEXUAL,20.0
2023,GALAPAGAR,False,SEXUAL_PENETRATION,5.0
2023,GALAPAGAR,False,SEXUAL_OTHER,15.0
2023,GALAPAGAR,False,ROBBERY_VIOLENT,27.0
2023,GALAPAGAR,False,BURGLARY,132.0
2023,GALAPAGAR,False,BURGLARY_DWELLING,115.0
2023,GALAPAGAR,False,THEFT,208.0
2023,GALAPAGAR,False,VEHICLE_THEFT,8.0
2023,GALAPAGAR,False,DRUG_TRAFFICKING,9.0
2023,GALAPAGAR,False,OTHER_CONVENTIONAL,939.0
2023,GALAPAGAR,False,CYBERCRIME,533.0
2023,GALAPAGAR,False,CYBER_FRAUD,442.0
2023,GALAPAGAR,False,CYBER_OTHER,91.0
2023,GALAPAGAR,False,TOTAL,1922.0
2023,GETAFE,False,CONVENTIONAL,7193.0
2023,GETAFE,False,HOM_COMPLETED,1.0
2023,GETAFE,False,HOM_ATTEMPTED,0.0
2023,GETAFE,False,INJURY,36.0
2023,GETAFE,False,KIDNAPPING,0.0
2023,GETAFE,False,SEXUAL,66.0
2023,GETAFE,False,SEXUAL_PENETRATION,13.0
2023,GETAFE,False,SEXUAL_OTHER,53.0
2023,GETAFE,False,ROBBERY_VIOLENT,259.0
2023,GETAFE,False,BURGLARY,275.0
2023,GETAFE,False,BURGLARY_DWELLING,129.0
2023,GETAFE,False,THEFT,2420.0
2023,GETAFE,False,VEHICLE_THEFT,266.0
2023,GETAFE,False,DRUG_TRAFFICKING,32.0
2023,GETAFE,False,OTHER_CONVENTIONAL,3838.0
2023,GETAFE,False,CYBERCRIME,1919.0
2023,GETAFE,False,CYBER_FRAUD,1813.0
2023,GETAFE,False,CYBER_OTHER,106.0
2023,GETAFE,False,TOTAL,9112.0
2023,LEGANES,False,CONVENTIONAL,7837.0
2023,LEGANES,False,HOM_COMPLETED,0.0
2023,LEGANES,False,HOM_ATTEMPTED,2.0
2023,LEGANES,False,INJURY,55.0
2023,LEGANES,False,KIDNAPPING,2.0
2023,LEGANES,False,SEXUAL,83.0
2023,LEGANES,False,SEXUAL_PENETRATION,22.0
2023,LEGANES,False,SEXUAL_OTHER,61.0
2023,LEGANES,False,ROBBERY_VIOLENT,249.0
2023,LEGANES,False,BURGLARY,325.0
2023,LEGANES,False,BURGLARY_DWELLING,167.0
2023,LEGANES,False,THEFT,3195.0
2023,LEGANES,False,VEHICLE_THEFT,287.0
2023,LEGANES,False,DRUG_TRAFFICKING,49.0
2023,LEGANES,False,OTHER_CONVENTIONAL,3590.0
2023,LEGANES,False,CYBERCRIME,1120.0
2023,LEGANES,False,CYBER_FRAUD,997.0
2023,LEGANES,False,CYBER_OTHER,123.0
2023,LEGANES,False,TOTAL,8957.0
2023,MADRID,False,CONVENTIONAL,207817.0
2023,MADRID,False,HOM_COMPLETED,23.0
2023,MADRID,False,HOM_ATTEMPTED,119.0
2023,MADRID,False,INJURY,1838.0
2023,MADRID,False,KIDNAPPING,10.0
2023,MADRID,False,SEXUAL,1676.0
2023,MADRID,False,SEXUAL_PENETRATION,412.0
2023,MADRID,False,SEXUAL_OTHER,1264.0
2023,MADRID,False,ROBBERY_VIOLENT,8883.0
2023,MADRID,False,BURGLARY,7380.0
2023,MADRID,False,BURGLARY_DWELLING,4586.0
2023,MADRID,False,THEFT,88516.0
2023,MADRID,False,VEHICLE_THEFT,4039.0
2023,MADRID,False,DRUG_TRAFFICKING,2478.0
2023,MADRID,False,OTHER_CONVENTIONAL,92855.0
2023,MADRID,False,CYBERCRIME,40686.0
2023,MADRID,False,CYBER_FRAUD,37277.0
2023,MADRID,False,CYBER_OTHER,3409.0
2023,MADRID,False,TOTAL,248503.0
2023,MAJADAHONDA,False,CONVENTIONAL,3355.0
2023,MAJADAHONDA,False,HOM_COMPLETED,0.0
2023,MAJADAHONDA,False,HOM_ATTEMPTED,0.0
2023,MAJADAHONDA,False,INJURY,55.0
2023,MAJADAHONDA,False,KIDNAPPING,0.0
2023,MAJADAHONDA,False,SEXUAL,31.0
2023,MAJADAHONDA,False,SEXUAL_PENETRATION,3.0
2023,MAJADAHONDA,False,SEXUAL_OTHER,28.0
2023,MAJADAHONDA,False,ROBBERY_VIOLENT,53.0
2023,MAJADAHONDA,False,BURGLARY,184.0
2023,MAJADAHONDA,False,BURGLARY_DWELLING,112.0
2023,MAJADAHONDA,False,THEFT,1214.0
2023,MAJADAHONDA,False,VEHICLE_THEFT,69.0
2023,MAJADAHONDA,False,DRUG_TRAFFICKING,15.0
2023,MAJADAHONDA,False,OTHER_CONVENTIONAL,1734.0
2023,MAJADAHONDA,False,CYBERCRIME,1292.0
2023,MAJADAHONDA,False,CYBER_FRAUD,1157.0
2023,MAJADAHONDA,False,CYBER_OTHER,135.0
2023,MAJADAHONDA,False,TOTAL,4647.0
2023,MEJORADA DEL CAMPO,False,CONVENTIONAL,1084.0
2023,MEJORADA DEL CAMPO,False,HOM_COMPLETED,1.0
2023,MEJORADA DEL CAMPO,False,HOM_ATTEMPTED,1.0
2023,MEJORADA DEL CAMPO,False,INJURY,17.0
2023,MEJORADA DEL CAMPO,False,KIDNAPPING,1.0
2023,MEJORADA DEL CAMPO,False,SEXUAL,9.0
2023,MEJORADA DEL CAMPO,False,SEXUAL_PENETRATION,1.0
2023,MEJORADA DEL CAMPO,False,SEXUAL_OTHER,8.0
2023,MEJORADA DEL CAMPO,False,ROBBERY_VIOLENT,17.0
2023,MEJORADA DEL CAMPO,False,BURGLARY,56.0
2023,MEJORADA DEL CAMPO,False,BURGLARY_DWELLING,34.0
2023,MEJORADA DEL CAMPO,False,THEFT,205.0
2023,MEJORADA DEL CAMPO,False,VEHICLE_THEFT,25.0
2023,MEJORADA DEL CAMPO,False,DRUG_TRAFFICKING,11.0
2023,MEJORADA DEL CAMPO,False,OTHER_CONVENTIONAL,741.0
2023,MEJORADA DEL CAMPO,False,CYBERCRIME,354.0
2023,MEJORADA DEL CAMPO,False,CYBER_FRAUD,323.0
2023,MEJORADA DEL CAMPO,False,CYBER_OTHER,31.0
2023,MEJORADA DEL CAMPO,False,TOTAL,1438.0
2023,MOSTOLES,False,CONVENTIONAL,6441.0
2023,MOSTOLES,False,HOM_COMPLETED,2.0
2023,MOSTOLES,False,HOM_ATTEMPTED,5.0
2023,MOSTOLES,False,INJURY,55.0
2023,MOSTOLES,False,KIDNAPPING,0.0
2023,MOSTOLES,False,SEXUAL,54.0
2023,MOSTOLES,False,SEXUAL_PENETRATION,21.0
2023,MOSTOLES,False,SEXUAL_OTHER,33.0
2023,MOSTOLES,False,ROBBERY_VIOLENT,217.0
2023,MOSTOLES,False,BURGLARY,329.0
2023,MOSTOLES,False,BURGLARY_DWELLING,219.0
2023,MOSTOLES,False,THEFT,1779.0
2023,MOSTOLES,False,VEHICLE_THEFT,207.0
2023,MOSTOLES,False,DRUG_TRAFFICKING,57.0
2023,MOSTOLES,False,OTHER_CONVENTIONAL,3736.0
2023,MOSTOLES,False,CYBERCRIME,2242.0
2023,MOSTOLES,False,CYBER_FRAUD,2072.0
2023,MOSTOLES,False,CYBER_OTHER,170.0
2023,MOSTOLES,False,TOTAL,8683.0
2023,NAVALCARNERO,False,CONVENTIONAL,1076.0
2023,NAVALCARNERO,False,HOM_COMPLETED,0.0
2023,NAVALCARNERO,False,HOM_ATTEMPTED,1.0
2023,NAVALCARNERO,False,INJURY,13.0
2023,NAVALCARNERO,False,KIDNAPPING,0.0
2023,NAVALCARNERO,False,SEXUAL,17.0
2023,NAVALCARNERO,False,SEXUAL_PENETRATION,1.0
2023,NAVALCARNERO,False,SEXUAL_OTHER,16.0
2023,NAVALCARNERO,False,ROBBERY_VIOLENT,14.0
2023,NAVALCARNERO,False,BURGLARY,55.0
2023,NAVALCARNERO,False,BURGLARY_DWELLING,45.0
2023,NAVALCARNERO,False,THEFT,237.0
2023,NAVALCARNERO,False,VEHICLE_THEFT,37.0
2023,NAVALCARNERO,False,DRUG_TRAFFICKING,13.0
2023,NAVALCARNERO,False,OTHER_CONVENTIONAL,689.0
2023,NAVALCARNERO,False,CYBERCRIME,482.0
2023,NAVALCARNERO,False,CYBER_FRAUD,417.0
2023,NAVALCARNERO,False,CYBER_OTHER,65.0
2023,NAVALCARNERO,False,TOTAL,1558.0
2023,PARACUELLOS DE JARAMA,False,CONVENTIONAL,652.0
2023,PARACUELLOS DE JARAMA,False,HOM_COMPLETED,0.0
2023,PARACUELLOS DE JARAMA,False,HOM_ATTEMPTED,0.0
2023,PARACUELLOS DE JARAMA,False,INJURY,7.0
2023,PARACUELLOS DE JARAMA,False,KIDNAPPING,0.0
2023,PARACUELLOS DE JARAMA,False,SEXUAL,16.0
2023,PARACUELLOS DE JARAMA,False,SEXUAL_PENETRATION,1.0
2023,PARACUELLOS DE JARAMA,False,SEXUAL_OTHER,15.0
2023,PARACUELLOS DE JARAMA,False,ROBBERY_VIOLENT,14.0
2023,PARACUELLOS DE JARAMA,False,BURGLARY,67.0
2023,PARACUELLOS DE JARAMA,False,BURGLARY_DWELLING,46.0
2023,PARACUELLOS DE JARAMA,False,THEFT,119.0
2023,PARACUELLOS DE JARAMA,False,VEHICLE_THEFT,27.0
2023,PARACUELLOS DE JARAMA,False,DRUG_TRAFFICKING,4.0
2023,PARACUELLOS DE JARAMA,False,OTHER_CONVENTIONAL,398.0
2023,PARACUELLOS DE JARAMA,False,CYBERCRIME,443.0
2023,PARACUELLOS DE JARAMA,False,CYBER_FRAUD,381.0
2023,PARACUELLOS DE JARAMA,False,CYBER_OTHER,62.0
2023,PARACUELLOS DE JARAMA,False,TOTAL,1095.0
2023,PARLA,False,CONVENTIONAL,5373.0
2023,PARLA,False,HOM_COMPLETED,0.0
2023,PARLA,False,HOM_ATTEMPTED,3.0
2023,PARLA,False,INJURY,42.0
2023,PARLA,False,KIDNAPPING,0.0
2023,PARLA,False,SEXUAL,40.0
2023,PARLA,False,SEXUAL_PENETRATION,14.0
2023,PARLA,False,SEXUAL_OTHER,26.0
2023,PARLA,False,ROBBERY_VIOLENT,273.0
2023,PARLA,False,BURGLARY,173.0
2023,PARLA,False,BURGLARY_DWELLING,68.0
2023,PARLA,False,THEFT,1634.0
2023,PARLA,False,VEHICLE_THEFT,85.0
2023,PARLA,False,DRUG_TRAFFICKING,25.0
2023,PARLA,False,OTHER_CONVENTIONAL,3098.0
2023,PARLA,False,CYBERCRIME,1154.0
2023,PARLA,False,CYBER_FRAUD,1098.0
2023,PARLA,False,CYBER_OTHER,56.0
2023,PARLA,False,TOTAL,6527.0
2023,PINTO,False,CONVENTIONAL,2357.0
2023,PINTO,False,HOM_COMPLETED,0.0
2023,PINTO,False,HOM_ATTEMPTED,3.0
2023,PINTO,False,INJURY,33.0
2023,PINTO,False,KIDNAPPING,0.0
2023,PINTO,False,SEXUAL,21.0
2023,PINTO,False,SEXUAL_PENETRATION,5.0
2023,PINTO,False,SEXUAL_OTHER,16.0
2023,PINTO,False,ROBBERY_VIOLENT,46.0
2023,PINTO,False,BURGLARY,123.0
2023,PINTO,False,BURGLARY_DWELLING,83.0
2023,PINTO,False,THEFT,786.0
2023,PINTO,False,VEHICLE_THEFT,17.0
2023,PINTO,False,DRUG_TRAFFICKING,20.0
2023,PINTO,False,OTHER_CONVENTIONAL,1308.0
2023,PINTO,False,CYBERCRIME,745.0
2023,PINTO,False,CYBER_FRAUD,670.0
2023,PINTO,False,CYBER_OTHER,75.0
2023,PINTO,False,TOTAL,3102.0
2023,POZUELO DE ALARCON,False,CONVENTIONAL,1923.0
2023,POZUELO DE ALARCON,False,HOM_COMPLETED,0.0
2023,POZUELO DE ALARCON,False,HOM_ATTEMPTED,0.0
2023,POZUELO DE ALARCON,False,INJURY,23.0
2023,POZUELO DE ALARCON,False,KIDNAPPING,0.0
2023,POZUELO DE ALARCON,False,SEXUAL,13.0
2023,POZUELO DE ALARCON,False,SEXUAL_PENETRATION,4.0
2023,POZUELO DE ALARCON,False,SEXUAL_OTHER,9.0
2023,POZUELO DE ALARCON,False,ROBBERY_VIOLENT,33.0
2023,POZUELO DE ALARCON,False,BURGLARY,106.0
2023,POZUELO DE ALARCON,False,BURGLARY_DWELLING,86.0
2023,POZUELO DE ALARCON,False,THEFT,711.0
2023,POZUELO DE ALARCON,False,VEHICLE_THEFT,70.0
2023,POZUELO DE ALARCON,False,DRUG_TRAFFICKING,21.0
2023,POZUELO DE ALARCON,False,OTHER_CONVENTIONAL,946.0
2023,POZUELO DE ALARCON,False,CYBERCRIME,489.0
2023,POZUELO DE ALARCON,False,CYBER_FRAUD,439.0
2023,POZUELO DE ALARCON,False,CYBER_OTHER,50.0
2023,POZUELO DE ALARCON,False,TOTAL,2412.0
2023,RIVAS VACIAMADRID,False,CONVENTIONAL,4328.0
2023,RIVAS VACIAMADRID,False,HOM_COMPLETED,0.0
2023,RIVAS VACIAMADRID,False,HOM_ATTEMPTED,1.0
2023,RIVAS VACIAMADRID,False,INJURY,62.0
2023,RIVAS VACIAMADRID,False,KIDNAPPING,0.0
2023,RIVAS VACIAMADRID,False,SEXUAL,28.0
2023,RIVAS VACIAMADRID,False,SEXUAL_PENETRATION,7.0
2023,RIVAS VACIAMADRID,False,SEXUAL_OTHER,21.0
2023,RIVAS VACIAMADRID,False,ROBBERY_VIOLENT,136.0
2023,RIVAS VACIAMADRID,False,BURGLARY,381.0
2023,RIVAS VACIAMADRID,False,BURGLARY_DWELLING,257.0
2023,RIVAS VACIAMADRID,False,THEFT,1830.0
2023,RIVAS VACIAMADRID,False,VEHICLE_THEFT,54.0
2023,RIVAS VACIAMADRID,False,DRUG_TRAFFICKING,17.0
2023,RIVAS VACIAMADRID,False,OTHER_CONVENTIONAL,1819.0
2023,RIVAS VACIAMADRID,False,CYBERCRIME,1452.0
2023,RIVAS VACIAMADRID,False,CYBER_FRAUD,1357.0
2023,RIVAS VACIAMADRID,False,CYBER_OTHER,95.0
2023,RIVAS VACIAMADRID,False,TOTAL,5780.0
2023,LAS ROZAS DE MADRID,False,CONVENTIONAL,3210.0
2023,LAS ROZAS DE MADRID,False,HOM_COMPLETED,0.0
2023,LAS ROZAS DE MADRID,False,HOM_ATTEMPTED,2.0
2023,LAS ROZAS DE MADRID,False,INJURY,58.0
2023,LAS ROZAS DE MADRID,False,KIDNAPPING,0.0
2023,LAS ROZAS DE MADRID,False,SEXUAL,28.0
2023,LAS ROZAS DE MADRID,False,SEXUAL_PENETRATION,5.0
2023,LAS ROZAS DE MADRID,False,SEXUAL_OTHER,23.0
2023,LAS ROZAS DE MADRID,False,ROBBERY_VIOLENT,93.0
2023,LAS ROZAS DE MADRID,False,BURGLARY,216.0
2023,LAS ROZAS DE MADRID,False,BURGLARY_DWELLING,173.0
2023,LAS ROZAS DE MADRID,False,THEFT,1321.0
2023,LAS ROZAS DE MADRID,False,VEHICLE_THEFT,34.0
2023,LAS ROZAS DE MADRID,False,DRUG_TRAFFICKING,8.0
2023,LAS ROZAS DE MADRID,False,OTHER_CONVENTIONAL,1450.0
2023,LAS ROZAS DE MADRID,False,CYBERCRIME,1554.0
2023,LAS ROZAS DE MADRID,False,CYBER_FRAUD,1380.0
2023,LAS ROZAS DE MADRID,False,CYBER_OTHER,174.0
2023,LAS ROZAS DE MADRID,False,TOTAL,4764.0
2023,SAN FERNANDO DE HENARES,False,CONVENTIONAL,1483.0
2023,SAN FERNANDO DE HENARES,False,HOM_COMPLETED,0.0
2023,SAN FERNANDO DE HENARES,False,HOM_ATTEMPTED,0.0
2023,SAN FERNANDO DE HENARES,False,INJURY,9.0
2023,SAN FERNANDO DE HENARES,False,KIDNAPPING,0.0
2023,SAN FERNANDO DE HENARES,False,SEXUAL,7.0
2023,SAN FERNANDO DE HENARES,False,SEXUAL_PENETRATION,2.0
2023,SAN FERNANDO DE HENARES,False,SEXUAL_OTHER,5.0
2023,SAN FERNANDO DE HENARES,False,ROBBERY_VIOLENT,49.0
2023,SAN FERNANDO DE HENARES,False,BURGLARY,31.0
2023,SAN FERNANDO DE HENARES,False,BURGLARY_DWELLING,11.0
2023,SAN FERNANDO DE HENARES,False,THEFT,515.0
2023,SAN FERNANDO DE HENARES,False,VEHICLE_THEFT,67.0
2023,SAN FERNANDO DE HENARES,False,DRUG_TRAFFICKING,7.0
2023,SAN FERNANDO DE HENARES,False,OTHER_CONVENTIONAL,798.0
2023,SAN FERNANDO DE HENARES,False,CYBERCRIME,350.0
2023,SAN FERNANDO DE HENARES,False,CYBER_FRAUD,324.0
2023,SAN FERNANDO DE HENARES,False,CYBER_OTHER,26.0
2023,SAN FERNANDO DE HENARES,False,TOTAL,1833.0
2023,SAN SEBASTIAN DE LOS REYES,False,CONVENTIONAL,3646.0
2023,SAN SEBASTIAN DE LOS REYES,False,HOM_COMPLETED,0.0
2023,SAN SEBASTIAN DE LOS REYES,False,HOM_ATTEMPTED,2.0
2023,SAN SEBASTIAN DE LOS REYES,False,INJURY,33.0
2023,SAN SEBASTIAN DE LOS REYES,False,KIDNAPPING,0.0
2023,SAN SEBASTIAN DE LOS REYES,False,SEXUAL,21.0
2023,SAN SEBASTIAN DE LOS REYES,False,SEXUAL_PENETRATION,3.0
2023,SAN SEBASTIAN DE LOS REYES,False,SEXUAL_OTHER,18.0
2023,SAN SEBASTIAN DE LOS REYES,False,ROBBERY_VIOLENT,73.0
2023,SAN SEBASTIAN DE LOS REYES,False,BURGLARY,162.0
2023,SAN SEBASTIAN DE LOS REYES,False,BURGLARY_DWELLING,103.0
2023,SAN SEBASTIAN DE LOS REYES,False,THEFT,1509.0
2023,SAN SEBASTIAN DE LOS REYES,False,VEHICLE_THEFT,77.0
2023,SAN SEBASTIAN DE LOS REYES,False,DRUG_TRAFFICKING,25.0
2023,SAN SEBASTIAN DE LOS REYES,False,OTHER_CONVENTIONAL,1744.0
2023,SAN SEBASTIAN DE LOS REYES,False,CYBERCRIME,818.0
2023,SAN SEBASTIAN DE LOS REYES,False,CYBER_FRAUD,749.0
2023,SAN SEBASTIAN DE LOS REYES,False,CYBER_OTHER,69.0
2023,SAN SEBASTIAN DE LOS REYES,False,TOTAL,4464.0
2023,SAN MARTIN DE LA VEGA,False,CONVENTIONAL,653.0
2023,SAN MARTIN DE LA VEGA,False,HOM_COMPLETED,0.0
2023,SAN MARTIN DE LA VEGA,False,HOM_ATTEMPTED,0.0
2023,SAN MARTIN DE LA VEGA,False,INJURY,9.0
2023,SAN MARTIN DE LA VEGA,False,KIDNAPPING,0.0
2023,SAN MARTIN DE LA VEGA,False,SEXUAL,6.0
2023,SAN MARTIN DE LA VEGA,False,SEXUAL_PENETRATION,0.0
2023,SAN MARTIN DE LA VEGA,False,SEXUAL_OTHER,6.0
2023,SAN MARTIN DE LA VEGA,False,ROBBERY_VIOLENT,9.0
2023,SAN MARTIN DE LA VEGA,False,BURGLARY,26.0
2023,SAN MARTIN DE LA VEGA,False,BURGLARY_DWELLING,16.0
2023,SAN MARTIN DE LA VEGA,False,THEFT,185.0
2023,SAN MARTIN DE LA VEGA,False,VEHICLE_THEFT,7.0
2023,SAN MARTIN DE LA VEGA,False,DRUG_TRAFFICKING,5.0
2023,SAN MARTIN DE LA VEGA,False,OTHER_CONVENTIONAL,406.0
2023,SAN MARTIN DE LA VEGA,False,CYBERCRIME,242.0
2023,SAN MARTIN DE LA VEGA,False,CYBER_FRAUD,216.0
2023,SAN MARTIN DE LA VEGA,False,CYBER_OTHER,26.0
2023,SAN MARTIN DE LA VEGA,False,TOTAL,895.0
2023,TORREJON DE ARDOZ,False,CONVENTIONAL,4485.0
2023,TORREJON DE ARDOZ,False,HOM_COMPLETED,0.0
2023,TORREJON DE ARDOZ,False,HOM_ATTEMPTED,3.0
2023,TORREJON DE ARDOZ,False,INJURY,49.0
2023,TORREJON DE ARDOZ,False,KIDNAPPING,0.0
2023,TORREJON DE ARDOZ,False,SEXUAL,37.0
2023,TORREJON DE ARDOZ,False,SEXUAL_PENETRATION,15.0
2023,TORREJON DE ARDOZ,False,SEXUAL_OTHER,22.0
2023,TORREJON DE ARDOZ,False,ROBBERY_VIOLENT,108.0
2023,TORREJON DE ARDOZ,False,BURGLARY,116.0
2023,TORREJON DE ARDOZ,False,BURGLARY_DWELLING,71.0
2023,TORREJON DE ARDOZ,False,THEFT,1615.0
2023,TORREJON DE ARDOZ,False,VEHICLE_THEFT,95.0
2023,TORREJON DE ARDOZ,False,DRUG_TRAFFICKING,48.0
2023,TORREJON DE ARDOZ,False,OTHER_CONVENTIONAL,2414.0
2023,TORREJON DE ARDOZ,False,CYBERCRIME,964.0
2023,TORREJON DE ARDOZ,False,CYBER_FRAUD,859.0
2023,TORREJON DE ARDOZ,False,CYBER_OTHER,105.0
2023,TORREJON DE ARDOZ,False,TOTAL,5449.0
2023,TORRELODONES,False,CONVENTIONAL,859.0
2023,TORRELODONES,False,HOM_COMPLETED,0.0
2023,TORRELODONES,False,HOM_ATTEMPTED,0.0
2023,TORRELODONES,False,INJURY,14.0
2023,TORRELODONES,False,KIDNAPPING,0.0
2023,TORRELODONES,False,SEXUAL,11.0
2023,TORRELODONES,False,SEXUAL_PENETRATION,1.0
2023,TORRELODONES,False,SEXUAL_OTHER,10.0
2023,TORRELODONES,False,ROBBERY_VIOLENT,15.0
2023,TORRELODONES,False,BURGLARY,91.0
2023,TORRELODONES,False,BURGLARY_DWELLING,77.0
2023,TORRELODONES,False,THEFT,280.0
2023,TORRELODONES,False,VEHICLE_THEFT,6.0
2023,TORRELODONES,False,DRUG_TRAFFICKING,5.0
2023,TORRELODONES,False,OTHER_CONVENTIONAL,437.0
2023,TORRELODONES,False,CYBERCRIME,434.0
2023,TORRELODONES,False,CYBER_FRAUD,383.0
2023,TORRELODONES,False,CYBER_OTHER,51.0
2023,TORRELODONES,False,TOTAL,1293.0
2023,TRES CANTOS,False,CONVENTIONAL,1107.0
2023,TRES CANTOS,False,HOM_COMPLETED,0.0
2023,TRES CANTOS,False,HOM_ATTEMPTED,0.0
2023,TRES CANTOS,False,INJURY,17.0
2023,TRES CANTOS,False,KIDNAPPING,0.0
2023,TRES CANTOS,False,SEXUAL,10.0
2023,TRES CANTOS,False,SEXUAL_PENETRATION,2.0
2023,TRES CANTOS,False,SEXUAL_OTHER,8.0
2023,TRES CANTOS,False,ROBBERY_VIOLENT,16.0
2023,TRES CANTOS,False,BURGLARY,80.0
2023,TRES CANTOS,False,BURGLARY_DWELLING,56.0
2023,TRES CANTOS,False,THEFT,411.0
2023,TRES CANTOS,False,VEHICLE_THEFT,2.0
2023,TRES CANTOS,False,DRUG_TRAFFICKING,2.0
2023,TRES CANTOS,False,OTHER_CONVENTIONAL,569.0
2023,TRES CANTOS,False,CYBERCRIME,498.0
2023,TRES CANTOS,False,CYBER_FRAUD,454.0
2023,TRES CANTOS,False,CYBER_OTHER,44.0
2023,TRES CANTOS,False,TOTAL,1605.0
2023,VALDEMORO,False,CONVENTIONAL,3012.0
2023,VALDEMORO,False,HOM_COMPLETED,0.0
2023,VALDEMORO,False,HOM_ATTEMPTED,1.0
2023,VALDEMORO,False,INJURY,74.0
2023,VALDEMORO,False,KIDNAPPING,0.0
2023,VALDEMORO,False,SEXUAL,29.0
2023,VALDEMORO,False,SEXUAL_PENETRATION,9.0
2023,VALDEMORO,False,SEXUAL_OTHER,20.0
2023,VALDEMORO,False,ROBBERY_VIOLENT,60.0
2023,VALDEMORO,False,BURGLARY,103.0
2023,VALDEMORO,False,BURGLARY_DWELLING,62.0
2023,VALDEMORO,False,THEFT,785.0
2023,VALDEMORO,False,VEHICLE_THEFT,45.0
2023,VALDEMORO,False,DRUG_TRAFFICKING,14.0
2023,VALDEMORO,False,OTHER_CONVENTIONAL,1901.0
2023,VALDEMORO,False,CYBERCRIME,1067.0
2023,VALDEMORO,False,CYBER_FRAUD,930.0
2023,VALDEMORO,False,CYBER_OTHER,137.0
2023,VALDEMORO,False,TOTAL,4079.0
2023,VILLANUEVA DE LA CANADA,False,CONVENTIONAL,849.0
2023,VILLANUEVA DE LA CANADA,False,HOM_COMPLETED,0.0
2023,VILLANUEVA DE LA CANADA,False,HOM_ATTEMPTED,0.0
2023,VILLANUEVA DE LA CANADA,False,INJURY,9.0
2023,VILLANUEVA DE LA CANADA,False,KIDNAPPING,0.0
2023,VILLANUEVA DE LA CANADA,False,SEXUAL,16.0
2023,VILLANUEVA DE LA CANADA,False,SEXUAL_PENETRATION,3.0
2023,VILLANUEVA DE LA CANADA,False,SEXUAL_OTHER,13.0
2023,VILLANUEVA DE LA CANADA,False,ROBBERY_VIOLENT,18.0
2023,VILLANUEVA DE LA CANADA,False,BURGLARY,69.0
2023,VILLANUEVA DE LA CANADA,False,BURGLARY_DWELLING,61.0
2023,VILLANUEVA DE LA CANADA,False,THEFT,299.0
2023,VILLANUEVA DE LA CANADA,False,VEHICLE_THEFT,3.0
2023,VILLANUEVA DE LA CANADA,False,DRUG_TRAFFICKING,10.0
2023,VILLANUEVA DE LA CANADA,False,OTHER_CONVENTIONAL,425.0
2023,VILLANUEVA DE LA CANADA,False,CYBERCRIME,253.0
2023,VILLANUEVA DE LA CANADA,False,CYBER_FRAUD,235.0
2023,VILLANUEVA DE LA CANADA,False,CYBER_OTHER,18.0
2023,VILLANUEVA DE LA CANADA,False,TOTAL,1102.0
2023,VILLAVICIOSA DE ODON,False,CONVENTIONAL,1082.0
2023,VILLAVICIOSA DE ODON,False,HOM_COMPLETED,0.0
2023,VILLAVICIOSA DE ODON,False,HOM_ATTEMPTED,0.0
2023,VILLAVICIOSA DE ODON,False,INJURY,17.0
2023,VILLAVICIOSA DE ODON,False,KIDNAPPING,0.0
2023,VILLAVICIOSA DE ODON,False,SEXUAL,9.0
2023,VILLAVICIOSA DE ODON,False,SEXUAL_PENETRATION,2.0
2023,VILLAVICIOSA DE ODON,False,SEXUAL_OTHER,7.0
2023,VILLAVICIOSA DE ODON,False,ROBBERY_VIOLENT,37.0
2023,VILLAVICIOSA DE ODON,False,BURGLARY,124.0
2023,VILLAVICIOSA DE ODON,False,BURGLARY_DWELLING,110.0
2023,VILLAVICIOSA DE ODON,False,THEFT,301.0
2023,VILLAVICIOSA DE ODON,False,VEHICLE_THEFT,7.0
2023,VILLAVICIOSA DE ODON,False,DRUG_TRAFFICKING,6.0
2023,VILLAVICIOSA DE ODON,False,OTHER_CONVENTIONAL,581.0
2023,VILLAVICIOSA DE ODON,False,CYBERCRIME,332.0
2023,VILLAVICIOSA DE ODON,False,CYBER_FRAUD,280.0
2023,VILLAVICIOSA DE ODON,False,CYBER_OTHER,52.0
2023,VILLAVICIOSA DE ODON,False,TOTAL,1414.0
2024,MADRID COMUNIDAD DE,True,CONVENTIONAL,325965.0
2024,MADRID COMUNIDAD DE,True,HOM_COMPLETED,23.0
2024,MADRID COMUNIDAD DE,True,HOM_ATTEMPTED,155.0
2024,MADRID COMUNIDAD DE,True,INJURY,3529.0
2024,MADRID COMUNIDAD DE,True,KIDNAPPING,16.0
2024,MADRID COMUNIDAD DE,True,SEXUAL,2985.0
2024,MADRID COMUNIDAD DE,True,SEXUAL_PENETRATION,664.0
2024,MADRID COMUNIDAD DE,True,SEXUAL_OTHER,2321.0
2024,MADRID COMUNIDAD DE,True,ROBBERY_VIOLENT,11282.0
2024,MADRID COMUNIDAD DE,True,BURGLARY,13482.0
2024,MADRID COMUNIDAD DE,True,BURGLARY_DWELLING,8795.0
2024,MADRID COMUNIDAD DE,True,THEFT,117462.0
2024,MADRID COMUNIDAD DE,True,VEHICLE_THEFT,6987.0
2024,MADRID COMUNIDAD DE,True,DRUG_TRAFFICKING,3842.0
2024,MADRID COMUNIDAD DE,True,OTHER_CONVENTIONAL,166202.0
2024,MADRID COMUNIDAD DE,True,CYBERCRIME,74007.0
2024,MADRID COMUNIDAD DE,True,CYBER_FRAUD,65892.0
2024,MADRID COMUNIDAD DE,True,CYBER_OTHER,8115.0
2024,MADRID COMUNIDAD DE,True,TOTAL,399972.0
2024,ALCALA DE HENARES,False,CONVENTIONAL,7550.0
2024,ALCALA DE HENARES,False,HOM_COMPLETED,1.0
2024,ALCALA DE HENARES,False,HOM_ATTEMPTED,13.0
2024,ALCALA DE HENARES,False,INJURY,63.0
2024,ALCALA DE HENARES,False,KIDNAPPING,0.0
2024,ALCALA DE HENARES,False,SEXUAL,68.0
2024,ALCALA DE HENARES,False,SEXUAL_PENETRATION,13.0
2024,ALCALA DE HENARES,False,SEXUAL_OTHER,55.0
2024,ALCALA DE HENARES,False,ROBBERY_VIOLENT,217.0
2024,ALCALA DE HENARES,False,BURGLARY,314.0
2024,ALCALA DE HENARES,False,BURGLARY_DWELLING,199.0
2024,ALCALA DE HENARES,False,THEFT,2209.0
2024,ALCALA DE HENARES,False,VEHICLE_THEFT,224.0
2024,ALCALA DE HENARES,False,DRUG_TRAFFICKING,86.0
2024,ALCALA DE HENARES,False,OTHER_CONVENTIONAL,4355.0
2024,ALCALA DE HENARES,False,CYBERCRIME,2215.0
2024,ALCALA DE HENARES,False,CYBER_FRAUD,1919.0
2024,ALCALA DE HENARES,False,CYBER_OTHER,296.0
2024,ALCALA DE HENARES,False,TOTAL,9765.0
2024,ALCOBENDAS,False,CONVENTIONAL,4182.0
2024,ALCOBENDAS,False,HOM_COMPLETED,1.0
2024,ALCOBENDAS,False,HOM_ATTEMPTED,1.0
2024,ALCOBENDAS,False,INJURY,34.0
2024,ALCOBENDAS,False,KIDNAPPING,0.0
2024,ALCOBENDAS,False,SEXUAL,50.0
2024,ALCOBENDAS,False,SEXUAL_PENETRATION,11.0
2024,ALCOBENDAS,False,SEXUAL_OTHER,39.0
2024,ALCOBENDAS,False,ROBBERY_VIOLENT,78.0
2024,ALCOBENDAS,False,BURGLARY,169.0
2024,ALCOBENDAS,False,BURGLARY_DWELLING,111.0
2024,ALCOBENDAS,False,THEFT,1200.0
2024,ALCOBENDAS,False,VEHICLE_THEFT,183.0
2024,ALCOBENDAS,False,DRUG_TRAFFICKING,44.0
2024,ALCOBENDAS,False,OTHER_CONVENTIONAL,2422.0
2024,ALCOBENDAS,False,CYBERCRIME,1308.0
2024,ALCOBENDAS,False,CYBER_FRAUD,1189.0
2024,ALCOBENDAS,False,CYBER_OTHER,119.0
2024,ALCOBENDAS,False,TOTAL,5490.0
2024,ALCORCON,False,CONVENTIONAL,5925.0
2024,ALCORCON,False,HOM_COMPLETED,0.0
2024,ALCORCON,False,HOM_ATTEMPTED,0.0
2024,ALCORCON,False,INJURY,47.0
2024,ALCORCON,False,KIDNAPPING,1.0
2024,ALCORCON,False,SEXUAL,33.0
2024,ALCORCON,False,SEXUAL_PENETRATION,9.0
2024,ALCORCON,False,SEXUAL_OTHER,24.0
2024,ALCORCON,False,ROBBERY_VIOLENT,159.0
2024,ALCORCON,False,BURGLARY,214.0
2024,ALCORCON,False,BURGLARY_DWELLING,134.0
2024,ALCORCON,False,THEFT,2429.0
2024,ALCORCON,False,VEHICLE_THEFT,106.0
2024,ALCORCON,False,DRUG_TRAFFICKING,46.0
2024,ALCORCON,False,OTHER_CONVENTIONAL,2890.0
2024,ALCORCON,False,CYBERCRIME,1058.0
2024,ALCORCON,False,CYBER_FRAUD,865.0
2024,ALCORCON,False,CYBER_OTHER,193.0
2024,ALCORCON,False,TOTAL,6983.0
2024,ALGETE,False,CONVENTIONAL,596.0
2024,ALGETE,False,HOM_COMPLETED,0.0
2024,ALGETE,False,HOM_ATTEMPTED,0.0
2024,ALGETE,False,INJURY,11.0
2024,ALGETE,False,KIDNAPPING,0.0
2024,ALGETE,False,SEXUAL,9.0
2024,ALGETE,False,SEXUAL_PENETRATION,0.0
2024,ALGETE,False,SEXUAL_OTHER,9.0
2024,ALGETE,False,ROBBERY_VIOLENT,16.0
2024,ALGETE,False,BURGLARY,29.0
2024,ALGETE,False,BURGLARY_DWELLING,23.0
2024,ALGETE,False,THEFT,133.0
2024,ALGETE,False,VEHICLE_THEFT,15.0
2024,ALGETE,False,DRUG_TRAFFICKING,0.0
2024,ALGETE,False,OTHER_CONVENTIONAL,383.0
2024,ALGETE,False,CYBERCRIME,274.0
2024,ALGETE,False,CYBER_FRAUD,242.0
2024,ALGETE,False,CYBER_OTHER,32.0
2024,ALGETE,False,TOTAL,870.0
2024,ARANJUEZ,False,CONVENTIONAL,2298.0
2024,ARANJUEZ,False,HOM_COMPLETED,0.0
2024,ARANJUEZ,False,HOM_ATTEMPTED,2.0
2024,ARANJUEZ,False,INJURY,14.0
2024,ARANJUEZ,False,KIDNAPPING,0.0
2024,ARANJUEZ,False,SEXUAL,16.0
2024,ARANJUEZ,False,SEXUAL_PENETRATION,2.0
2024,ARANJUEZ,False,SEXUAL_OTHER,14.0
2024,ARANJUEZ,False,ROBBERY_VIOLENT,48.0
2024,ARANJUEZ,False,BURGLARY,114.0
2024,ARANJUEZ,False,BURGLARY_DWELLING,65.0
2024,ARANJUEZ,False,THEFT,703.0
2024,ARANJUEZ,False,VEHICLE_THEFT,55.0
2024,ARANJUEZ,False,DRUG_TRAFFICKING,16.0
2024,ARANJUEZ,False,OTHER_CONVENTIONAL,1330.0
2024,ARANJUEZ,False,CYBERCRIME,518.0
2024,ARANJUEZ,False,CYBER_FRAUD,476.0
2024,ARANJUEZ,False,CYBER_OTHER,42.0
2024,ARANJUEZ,False,TOTAL,2816.0
2024,ARGANDA DEL REY,False,CONVENTIONAL,2704.0
2024,ARGANDA DEL REY,False,HOM_COMPLETED,0.0
2024,ARGANDA DEL REY,False,HOM_ATTEMPTED,1.0
2024,ARGANDA DEL REY,False,INJURY,34.0
2024,ARGANDA DEL REY,False,KIDNAPPING,0.0
2024,ARGANDA DEL REY,False,SEXUAL,16.0
2024,ARGANDA DEL REY,False,SEXUAL_PENETRATION,2.0
2024,ARGANDA DEL REY,False,SEXUAL_OTHER,14.0
2024,ARGANDA DEL REY,False,ROBBERY_VIOLENT,92.0
2024,ARGANDA DEL REY,False,BURGLARY,104.0
2024,ARGANDA DEL REY,False,BURGLARY_DWELLING,58.0
2024,ARGANDA DEL REY,False,THEFT,828.0
2024,ARGANDA DEL REY,False,VEHICLE_THEFT,36.0
2024,ARGANDA DEL REY,False,DRUG_TRAFFICKING,20.0
2024,ARGANDA DEL REY,False,OTHER_CONVENTIONAL,1573.0
2024,ARGANDA DEL REY,False,CYBERCRIME,719.0
2024,ARGANDA DEL REY,False,CYBER_FRAUD,622.0
2024,ARGANDA DEL REY,False,CYBER_OTHER,97.0
2024,ARGANDA DEL REY,False,TOTAL,3423.0
2024,ARROYOMOLINOS,False,CONVENTIONAL,1938.0
2024,ARROYOMOLINOS,False,HOM_COMPLETED,0.0
2024,ARROYOMOLINOS,False,HOM_ATTEMPTED,1.0
2024,ARROYOMOLINOS,False,INJURY,6.0
2024,ARROYOMOLINOS,False,KIDNAPPING,0.0
2024,ARROYOMOLINOS,False,SEXUAL,20.0
2024,ARROYOMOLINOS,False,SEXUAL_PENETRATION,8.0
2024,ARROYOMOLINOS,False,SEXUAL_OTHER,12.0
2024,ARROYOMOLINOS,False,ROBBERY_VIOLENT,17.0
2024,ARROYOMOLINOS,False,BURGLARY,78.0
2024,ARROYOMOLINOS,False,BURGLARY_DWELLING,54.0
2024,ARROYOMOLINOS,False,THEFT,1002.0
2024,ARROYOMOLINOS,False,VEHICLE_THEFT,44.0
2024,ARROYOMOLINOS,False,DRUG_TRAFFICKING,7.0
2024,ARROYOMOLINOS,False,OTHER_CONVENTIONAL,763.0
2024,ARROYOMOLINOS,False,CYBERCRIME,508.0
2024,ARROYOMOLINOS,False,CYBER_FRAUD,447.0
2024,ARROYOMOLINOS,False,CYBER_OTHER,61.0
2024,ARROYOMOLINOS,False,TOTAL,2446.0
2024,BOADILLA DEL MONTE,False,CONVENTIONAL,1397.0
2024,BOADILLA DEL MONTE,False,HOM_COMPLETED,0.0
2024,BOADILLA DEL MONTE,False,HOM_ATTEMPTED,0.0
2024,BOADILLA DEL MONTE,False,INJURY,16.0
2024,BOADILLA DEL MONTE,False,KIDNAPPING,0.0
2024,BOADILLA DEL MONTE,False,SEXUAL,14.0
2024,BOADILLA DEL MONTE,False,SEXUAL_PENETRATION,4.0
2024,BOADILLA DEL MONTE,False,SEXUAL_OTHER,10.0
2024,BOADILLA DEL MONTE,False,ROBBERY_VIOLENT,17.0
2024,BOADILLA DEL MONTE,False,BURGLARY,149.0
2024,BOADILLA DEL MONTE,False,BURGLARY_DWELLING,131.0
2024,BOADILLA DEL MONTE,False,THEFT,393.0
2024,BOADILLA DEL MONTE,False,VEHICLE_THEFT,12.0
2024,BOADILLA DEL MONTE,False,DRUG_TRAFFICKING,7.0
2024,BOADILLA DEL MONTE,False,OTHER_CONVENTIONAL,789.0
2024,BOADILLA DEL MONTE,False,CYBERCRIME,919.0
2024,BOADILLA DEL MONTE,False,CYBER_FRAUD,825.0
2024,BOADILLA DEL MONTE,False,CYBER_OTHER,94.0
2024,BOADILLA DEL MONTE,False,TOTAL,2316.0
2024,CIEMPOZUELOS,False,CONVENTIONAL,1102.0
2024,CIEMPOZUELOS,False,HOM_COMPLETED,0.0
2024,CIEMPOZUELOS,False,HOM_ATTEMPTED,2.0
2024,CIEMPOZUELOS,False,INJURY,21.0
2024,CIEMPOZUELOS,False,KIDNAPPING,0.0
2024,CIEMPOZUELOS,False,SEXUAL,7.0
2024,CIEMPOZUELOS,False,SEXUAL_PENETRATION,1.0
2024,CIEMPOZUELOS,False,SEXUAL_OTHER,6.0
2024,CIEMPOZUELOS,False,ROBBERY_VIOLENT,39.0
2024,CIEMPOZUELOS,False,BURGLARY,53.0
2024,CIEMPOZUELOS,False,BURGLARY_DWELLING,28.0
2024,CIEMPOZUELOS,False,THEFT,265.0
2024,CIEMPOZUELOS,False,VEHICLE_THEFT,17.0
2024,CIEMPOZUELOS,False,DRUG_TRAFFICKING,5.0
2024,CIEMPOZUELOS,False,OTHER_CONVENTIONAL,693.0
2024,CIEMPOZUELOS,False,CYBERCRIME,355.0
2024,CIEMPOZUELOS,False,CYBER_FRAUD,284.0
2024,CIEMPOZUELOS,False,CYBER_OTHER,71.0
2024,CIEMPOZUELOS,False,TOTAL,1457.0
2024,COLLADO VILLALBA,False,CONVENTIONAL,2720.0
2024,COLLADO VILLALBA,False,HOM_COMPLETED,0.0
2024,COLLADO VILLALBA,False,HOM_ATTEMPTED,3.0
2024,COLLADO VILLALBA,False,INJURY,65.0
2024,COLLADO VILLALBA,False,KIDNAPPING,1.0
2024,COLLADO VILLALBA,False,SEXUAL,41.0
2024,COLLADO VILLALBA,False,SEXUAL_PENETRATION,3.0
2024,COLLADO VILLALBA,False,SEXUAL_OTHER,38.0
2024,COLLADO VILLALBA,False,ROBBERY_VIOLENT,80.0
2024,COLLADO VILLALBA,False,BURGLARY,168.0
2024,COLLADO VILLALBA,False,BURGLARY_DWELLING,110.0
2024,COLLADO VILLALBA,False,THEFT,711.0
2024,COLLADO VILLALBA,False,VEHICLE_THEFT,14.0
2024,COLLADO VILLALBA,False,DRUG_TRAFFICKING,9.0
2024,COLLADO VILLALBA,False,OTHER_CONVENTIONAL,1628.0
2024,COLLADO VILLALBA,False,CYBERCRIME,613.0
2024,COLLADO VILLALBA,False,CYBER_FRAUD,522.0
2024,COLLADO VILLALBA,False,CYBER_OTHER,91.0
2024,COLLADO VILLALBA,False,TOTAL,3333.0
2024,COLMENAR VIEJO,False,CONVENTIONAL,1893.0
2024,COLMENAR VIEJO,False,HOM_COMPLETED,0.0
2024,COLMENAR VIEJO,False,HOM_ATTEMPTED,0.0
2024,COLMENAR VIEJO,False,INJURY,21.0
2024,COLMENAR VIEJO,False,KIDNAPPING,0.0
2024,COLMENAR VIEJO,False,SEXUAL,34.0
2024,COLMENAR VIEJO,False,SEXUAL_PENETRATION,6.0
2024,COLMENAR VIEJO,False,SEXUAL_OTHER,28.0
2024,COLMENAR VIEJO,False,ROBBERY_VIOLENT,38.0
2024,COLMENAR VIEJO,False,BURGLARY,144.0
2024,COLMENAR VIEJO,False,BURGLARY_DWELLING,103.0
2024,COLMENAR VIEJO,False,THEFT,477.0
2024,COLMENAR VIEJO,False,VEHICLE_THEFT,14.0
2024,COLMENAR VIEJO,False,DRUG_TRAFFICKING,7.0
2024,COLMENAR VIEJO,False,OTHER_CONVENTIONAL,1158.0
2024,COLMENAR VIEJO,False,CYBERCRIME,584.0
2024,COLMENAR VIEJO,False,CYBER_FRAUD,530.0
2024,COLMENAR VIEJO,False,CYBER_OTHER,54.0
2024,COLMENAR VIEJO,False,TOTAL,2477.0
2024,COSLADA,False,CONVENTIONAL,2909.0
2024,COSLADA,False,HOM_COMPLETED,0.0
2024,COSLADA,False,HOM_ATTEMPTED,1.0
2024,COSLADA,False,INJURY,30.0
2024,COSLADA,False,KIDNAPPING,0.0
2024,COSLADA,False,SEXUAL,27.0
2024,COSLADA,False,SEXUAL_PENETRATION,12.0
2024,COSLADA,False,SEXUAL_OTHER,15.0
2024,COSLADA,False,ROBBERY_VIOLENT,61.0
2024,COSLADA,False,BURGLARY,140.0
2024,COSLADA,False,BURGLARY_DWELLING,65.0
2024,COSLADA,False,THEFT,973.0
2024,COSLADA,False,VEHICLE_THEFT,128.0
2024,COSLADA,False,DRUG_TRAFFICKING,12.0
2024,COSLADA,False,OTHER_CONVENTIONAL,1537.0
2024,COSLADA,False,CYBERCRIME,676.0
2024,COSLADA,False,CYBER_FRAUD,637.0
2024,COSLADA,False,CYBER_OTHER,39.0
2024,COSLADA,False,TOTAL,3585.0
2024,FUENLABRADA,False,CONVENTIONAL,4348.0
2024,FUENLABRADA,False,HOM_COMPLETED,0.0
2024,FUENLABRADA,False,HOM_ATTEMPTED,0.0
2024,FUENLABRADA,False,INJURY,36.0
2024,FUENLABRADA,False,KIDNAPPING,0.0
2024,FUENLABRADA,False,SEXUAL,45.0
2024,FUENLABRADA,False,SEXUAL_PENETRATION,11.0
2024,FUENLABRADA,False,SEXUAL_OTHER,34.0
2024,FUENLABRADA,False,ROBBERY_VIOLENT,188.0
2024,FUENLABRADA,False,BURGLARY,304.0
2024,FUENLABRADA,False,BURGLARY_DWELLING,217.0
2024,FUENLABRADA,False,THEFT,1344.0
2024,FUENLABRADA,False,VEHICLE_THEFT,193.0
2024,FUENLABRADA,False,DRUG_TRAFFICKING,50.0
2024,FUENLABRADA,False,OTHER_CONVENTIONAL,2188.0
2024,FUENLABRADA,False,CYBERCRIME,1604.0
2024,FUENLABRADA,False,CYBER_FRAUD,1551.0
2024,FUENLABRADA,False,CYBER_OTHER,53.0
2024,FUENLABRADA,False,TOTAL,5952.0
2024,GALAPAGAR,False,CONVENTIONAL,1303.0
2024,GALAPAGAR,False,HOM_COMPLETED,0.0
2024,GALAPAGAR,False,HOM_ATTEMPTED,0.0
2024,GALAPAGAR,False,INJURY,35.0
2024,GALAPAGAR,False,KIDNAPPING,0.0
2024,GALAPAGAR,False,SEXUAL,14.0
2024,GALAPAGAR,False,SEXUAL_PENETRATION,0.0
2024,GALAPAGAR,False,SEXUAL_OTHER,14.0
2024,GALAPAGAR,False,ROBBERY_VIOLENT,36.0
2024,GALAPAGAR,False,BURGLARY,87.0
2024,GALAPAGAR,False,BURGLARY_DWELLING,79.0
2024,GALAPAGAR,False,THEFT,218.0
2024,GALAPAGAR,False,VEHICLE_THEFT,9.0
2024,GALAPAGAR,False,DRUG_TRAFFICKING,3.0
2024,GALAPAGAR,False,OTHER_CONVENTIONAL,901.0
2024,GALAPAGAR,False,CYBERCRIME,518.0
2024,GALAPAGAR,False,CYBER_FRAUD,447.0
2024,GALAPAGAR,False,CYBER_OTHER,71.0
2024,GALAPAGAR,False,TOTAL,1821.0
2024,GETAFE,False,CONVENTIONAL,7274.0
2024,GETAFE,False,HOM_COMPLETED,0.0
2024,GETAFE,False,HOM_ATTEMPTED,4.0
2024,GETAFE,False,INJURY,53.0
2024,GETAFE,False,KIDNAPPING,3.0
2024,GETAFE,False,SEXUAL,62.0
2024,GETAFE,False,SEXUAL_PENETRATION,12.0
2024,GETAFE,False,SEXUAL_OTHER,50.0
2024,GETAFE,False,ROBBERY_VIOLENT,233.0
2024,GETAFE,False,BURGLARY,181.0
2024,GETAFE,False,BURGLARY_DWELLING,114.0
2024,GETAFE,False,THEFT,2356.0
2024,GETAFE,False,VEHICLE_THEFT,253.0
2024,GETAFE,False,DRUG_TRAFFICKING,22.0
2024,GETAFE,False,OTHER_CONVENTIONAL,4107.0
2024,GETAFE,False,CYBERCRIME,1714.0
2024,GETAFE,False,CYBER_FRAUD,1554.0
2024,GETAFE,False,CYBER_OTHER,160.0
2024,GETAFE,False,TOTAL,8988.0
2024,LEGANES,False,CONVENTIONAL,7637.0
2024,LEGANES,False,HOM_COMPLETED,0.0
2024,LEGANES,False,HOM_ATTEMPTED,1.0
2024,LEGANES,False,INJURY,70.0
2024,LEGANES,False,KIDNAPPING,0.0
2024,LEGANES,False,SEXUAL,63.0
2024,LEGANES,False,SEXUAL_PENETRATION,16.0
2024,LEGANES,False,SEXUAL_OTHER,47.0
2024,LEGANES,False,ROBBERY_VIOLENT,186.0
2024,LEGANES,False,BURGLARY,317.0
2024,LEGANES,False,BURGLARY_DWELLING,162.0
2024,LEGANES,False,THEFT,2911.0
2024,LEGANES,False,VEHICLE_THEFT,308.0
2024,LEGANES,False,DRUG_TRAFFICKING,72.0
2024,LEGANES,False,OTHER_CONVENTIONAL,3709.0
2024,LEGANES,False,CYBERCRIME,1400.0
2024,LEGANES,False,CYBER_FRAUD,1304.0
2024,LEGANES,False,CYBER_OTHER,96.0
2024,LEGANES,False,TOTAL,9037.0
2024,MADRID,False,CONVENTIONAL,200749.0
2024,MADRID,False,HOM_COMPLETED,12.0
2024,MADRID,False,HOM_ATTEMPTED,83.0
2024,MADRID,False,INJURY,1929.0
2024,MADRID,False,KIDNAPPING,7.0
2024,MADRID,False,SEXUAL,1753.0
2024,MADRID,False,SEXUAL_PENETRATION,407.0
2024,MADRID,False,SEXUAL_OTHER,1346.0
2024,MADRID,False,ROBBERY_VIOLENT,8175.0
2024,MADRID,False,BURGLARY,6914.0
2024,MADRID,False,BURGLARY_DWELLING,4340.0
2024,MADRID,False,THEFT,79774.0
2024,MADRID,False,VEHICLE_THEFT,3982.0
2024,MADRID,False,DRUG_TRAFFICKING,2964.0
2024,MADRID,False,OTHER_CONVENTIONAL,95156.0
2024,MADRID,False,CYBERCRIME,36824.0
2024,MADRID,False,CYBER_FRAUD,32907.0
2024,MADRID,False,CYBER_OTHER,3917.0
2024,MADRID,False,TOTAL,237573.0
2024,MAJADAHONDA,False,CONVENTIONAL,3548.0
2024,MAJADAHONDA,False,HOM_COMPLETED,0.0
2024,MAJADAHONDA,False,HOM_ATTEMPTED,0.0
2024,MAJADAHONDA,False,INJURY,41.0
2024,MAJADAHONDA,False,KIDNAPPING,0.0
2024,MAJADAHONDA,False,SEXUAL,37.0
2024,MAJADAHONDA,False,SEXUAL_PENETRATION,7.0
2024,MAJADAHONDA,False,SEXUAL_OTHER,30.0
2024,MAJADAHONDA,False,ROBBERY_VIOLENT,63.0
2024,MAJADAHONDA,False,BURGLARY,156.0
2024,MAJADAHONDA,False,BURGLARY_DWELLING,115.0
2024,MAJADAHONDA,False,THEFT,1382.0
2024,MAJADAHONDA,False,VEHICLE_THEFT,77.0
2024,MAJADAHONDA,False,DRUG_TRAFFICKING,10.0
2024,MAJADAHONDA,False,OTHER_CONVENTIONAL,1782.0
2024,MAJADAHONDA,False,CYBERCRIME,1183.0
2024,MAJADAHONDA,False,CYBER_FRAUD,1058.0
2024,MAJADAHONDA,False,CYBER_OTHER,125.0
2024,MAJADAHONDA,False,TOTAL,4731.0
2024,MEJORADA DEL CAMPO,False,CONVENTIONAL,898.0
2024,MEJORADA DEL CAMPO,False,HOM_COMPLETED,0.0
2024,MEJORADA DEL CAMPO,False,HOM_ATTEMPTED,2.0
2024,MEJORADA DEL CAMPO,False,INJURY,17.0
2024,MEJORADA DEL CAMPO,False,KIDNAPPING,0.0
2024,MEJORADA DEL CAMPO,False,SEXUAL,20.0
2024,MEJORADA DEL CAMPO,False,SEXUAL_PENETRATION,0.0
2024,MEJORADA DEL CAMPO,False,SEXUAL_OTHER,20.0
2024,MEJORADA DEL CAMPO,False,ROBBERY_VIOLENT,14.0
2024,MEJORADA DEL CAMPO,False,BURGLARY,30.0
2024,MEJORADA DEL CAMPO,False,BURGLARY_DWELLING,19.0
2024,MEJORADA DEL CAMPO,False,THEFT,154.0
2024,MEJORADA DEL CAMPO,False,VEHICLE_THEFT,23.0
2024,MEJORADA DEL CAMPO,False,DRUG_TRAFFICKING,6.0
2024,MEJORADA DEL CAMPO,False,OTHER_CONVENTIONAL,632.0
2024,MEJORADA DEL CAMPO,False,CYBERCRIME,323.0
2024,MEJORADA DEL CAMPO,False,CYBER_FRAUD,291.0
2024,MEJORADA DEL CAMPO,False,CYBER_OTHER,32.0
2024,MEJORADA DEL CAMPO,False,TOTAL,1221.0
2024,MOSTOLES,False,CONVENTIONAL,6622.0
2024,MOSTOLES,False,HOM_COMPLETED,0.0
2024,MOSTOLES,False,HOM_ATTEMPTED,5.0
2024,MOSTOLES,False,INJURY,74.0
2024,MOSTOLES,False,KIDNAPPING,0.0
2024,MOSTOLES,False,SEXUAL,57.0
2024,MOSTOLES,False,SEXUAL_PENETRATION,19.0
2024,MOSTOLES,False,SEXUAL_OTHER,38.0
2024,MOSTOLES,False,ROBBERY_VIOLENT,201.0
2024,MOSTOLES,False,BURGLARY,336.0
2024,MOSTOLES,False,BURGLARY_DWELLING,248.0
2024,MOSTOLES,False,THEFT,1732.0
2024,MOSTOLES,False,VEHICLE_THEFT,166.0
2024,MOSTOLES,False,DRUG_TRAFFICKING,66.0
2024,MOSTOLES,False,OTHER_CONVENTIONAL,3985.0
2024,MOSTOLES,False,CYBERCRIME,1986.0
2024,MOSTOLES,False,CYBER_FRAUD,1764.0
2024,MOSTOLES,False,CYBER_OTHER,222.0
2024,MOSTOLES,False,TOTAL,8608.0
2024,NAVALCARNERO,False,CONVENTIONAL,1114.0
2024,NAVALCARNERO,False,HOM_COMPLETED,1.0
2024,NAVALCARNERO,False,HOM_ATTEMPTED,0.0
2024,NAVALCARNERO,False,INJURY,5.0
2024,NAVALCARNERO,False,KIDNAPPING,0.0
2024,NAVALCARNERO,False,SEXUAL,11.0
2024,NAVALCARNERO,False,SEXUAL_PENETRATION,0.0
2024,NAVALCARNERO,False,SEXUAL_OTHER,11.0
2024,NAVALCARNERO,False,ROBBERY_VIOLENT,15.0
2024,NAVALCARNERO,False,BURGLARY,50.0
2024,NAVALCARNERO,False,BURGLARY_DWELLING,38.0
2024,NAVALCARNERO,False,THEFT,283.0
2024,NAVALCARNERO,False,VEHICLE_THEFT,37.0
2024,NAVALCARNERO,False,DRUG_TRAFFICKING,13.0
2024,NAVALCARNERO,False,OTHER_CONVENTIONAL,699.0
2024,NAVALCARNERO,False,CYBERCRIME,391.0
2024,NAVALCARNERO,False,CYBER_FRAUD,330.0
2024,NAVALCARNERO,False,CYBER_OTHER,61.0
2024,NAVALCARNERO,False,TOTAL,1505.0
2024,PARACUELLOS DE JARAMA,False,CONVENTIONAL,637.0
2024,PARACUELLOS DE JARAMA,False,HOM_COMPLETED,0.0
2024,PARACUELLOS DE JARAMA,False,HOM_ATTEMPTED,1.0
2024,PARACUELLOS DE JARAMA,False,INJURY,4.0
2024,PARACUELLOS DE JARAMA,False,KIDNAPPING,0.0
2024,PARACUELLOS DE JARAMA,False,SEXUAL,7.0
2024,PARACUELLOS DE JARAMA,False,SEXUAL_PENETRATION,1.0
2024,PARACUELLOS DE JARAMA,False,SEXUAL_OTHER,6.0
2024,PARACUELLOS DE JARAMA,False,ROBBERY_VIOLENT,6.0
2024,PARACUELLOS DE JARAMA,False,BURGLARY,48.0
2024,PARACUELLOS DE JARAMA,False,BURGLARY_DWELLING,37.0
2024,PARACUELLOS DE JARAMA,False,THEFT,109.0
2024,PARACUELLOS DE JARAMA,False,VEHICLE_THEFT,38.0
2024,PARACUELLOS DE JARAMA,False,DRUG_TRAFFICKING,9.0
2024,PARACUELLOS DE JARAMA,False,OTHER_CONVENTIONAL,415.0
2024,PARACUELLOS DE JARAMA,False,CYBERCRIME,410.0
2024,PARACUELLOS DE JARAMA,False,CYBER_FRAUD,360.0
2024,PARACUELLOS DE JARAMA,False,CYBER_OTHER,50.0
2024,PARACUELLOS DE JARAMA,False,TOTAL,1047.0
2024,PARLA,False,CONVENTIONAL,6435.0
2024,PARLA,False,HOM_COMPLETED,1.0
2024,PARLA,False,HOM_ATTEMPTED,9.0
2024,PARLA,False,INJURY,69.0
2024,PARLA,False,KIDNAPPING,0.0
2024,PARLA,False,SEXUAL,64.0
2024,PARLA,False,SEXUAL_PENETRATION,16.0
2024,PARLA,False,SEXUAL_OTHER,48.0
2024,PARLA,False,ROBBERY_VIOLENT,415.0
2024,PARLA,False,BURGLARY,339.0
2024,PARLA,False,BURGLARY_DWELLING,123.0
2024,PARLA,False,THEFT,1738.0
2024,PARLA,False,VEHICLE_THEFT,97.0
2024,PARLA,False,DRUG_TRAFFICKING,25.0
2024,PARLA,False,OTHER_CONVENTIONAL,3678.0
2024,PARLA,False,CYBERCRIME,1266.0
2024,PARLA,False,CYBER_FRAUD,1211.0
2024,PARLA,False,CYBER_OTHER,55.0
2024,PARLA,False,TOTAL,7701.0
2024,PINTO,False,CONVENTIONAL,2205.0
2024,PINTO,False,HOM_COMPLETED,0.0
2024,PINTO,False,HOM_ATTEMPTED,2.0
2024,PINTO,False,INJURY,24.0
2024,PINTO,False,KIDNAPPING,1.0
2024,PINTO,False,SEXUAL,22.0
2024,PINTO,False,SEXUAL_PENETRATION,4.0
2024,PINTO,False,SEXUAL_OTHER,18.0
2024,PINTO,False,ROBBERY_VIOLENT,57.0
2024,PINTO,False,BURGLARY,118.0
2024,PINTO,False,BURGLARY_DWELLING,75.0
2024,PINTO,False,THEFT,646.0
2024,PINTO,False,VEHICLE_THEFT,26.0
2024,PINTO,False,DRUG_TRAFFICKING,26.0
2024,PINTO,False,OTHER_CONVENTIONAL,1283.0
2024,PINTO,False,CYBERCRIME,804.0
2024,PINTO,False,CYBER_FRAUD,699.0
2024,PINTO,False,CYBER_OTHER,105.0
2024,PINTO,False,TOTAL,3009.0
2024,POZUELO DE ALARCON,False,CONVENTIONAL,1940.0
2024,POZUELO DE ALARCON,False,HOM_COMPLETED,0.0
2024,POZUELO DE ALARCON,False,HOM_ATTEMPTED,0.0
2024,POZUELO DE ALARCON,False,INJURY,29.0
2024,POZUELO DE ALARCON,False,KIDNAPPING,0.0
2024,POZUELO DE ALARCON,False,SEXUAL,10.0
2024,POZUELO DE ALARCON,False,SEXUAL_PENETRATION,3.0
2024,POZUELO DE ALARCON,False,SEXUAL_OTHER,7.0
2024,POZUELO DE ALARCON,False,ROBBERY_VIOLENT,20.0
2024,POZUELO DE ALARCON,False,BURGLARY,110.0
2024,POZUELO DE ALARCON,False,BURGLARY_DWELLING,86.0
2024,POZUELO DE ALARCON,False,THEFT,652.0
2024,POZUELO DE ALARCON,False,VEHICLE_THEFT,64.0
2024,POZUELO DE ALARCON,False,DRUG_TRAFFICKING,7.0
2024,POZUELO DE ALARCON,False,OTHER_CONVENTIONAL,1048.0
2024,POZUELO DE ALARCON,False,CYBERCRIME,472.0
2024,POZUELO DE ALARCON,False,CYBER_FRAUD,401.0
2024,POZUELO DE ALARCON,False,CYBER_OTHER,71.0
2024,POZUELO DE ALARCON,False,TOTAL,2412.0
2024,RIVAS VACIAMADRID,False,CONVENTIONAL,4030.0
2024,RIVAS VACIAMADRID,False,HOM_COMPLETED,0.0
2024,RIVAS VACIAMADRID,False,HOM_ATTEMPTED,0.0
2024,RIVAS VACIAMADRID,False,INJURY,60.0
2024,RIVAS VACIAMADRID,False,KIDNAPPING,0.0
2024,RIVAS VACIAMADRID,False,SEXUAL,29.0
2024,RIVAS VACIAMADRID,False,SEXUAL_PENETRATION,8.0
2024,RIVAS VACIAMADRID,False,SEXUAL_OTHER,21.0
2024,RIVAS VACIAMADRID,False,ROBBERY_VIOLENT,100.0
2024,RIVAS VACIAMADRID,False,BURGLARY,263.0
2024,RIVAS VACIAMADRID,False,BURGLARY_DWELLING,181.0
2024,RIVAS VACIAMADRID,False,THEFT,1530.0
2024,RIVAS VACIAMADRID,False,VEHICLE_THEFT,51.0
2024,RIVAS VACIAMADRID,False,DRUG_TRAFFICKING,22.0
2024,RIVAS VACIAMADRID,False,OTHER_CONVENTIONAL,1975.0
2024,RIVAS VACIAMADRID,False,CYBERCRIME,1264.0
2024,RIVAS VACIAMADRID,False,CYBER_FRAUD,1136.0
2024,RIVAS VACIAMADRID,False,CYBER_OTHER,128.0
2024,RIVAS VACIAMADRID,False,TOTAL,5294.0
2024,LAS ROZAS DE MADRID,False,CONVENTIONAL,3253.0
2024,LAS ROZAS DE MADRID,False,HOM_COMPLETED,0.0
2024,LAS ROZAS DE MADRID,False,HOM_ATTEMPTED,1.0
2024,LAS ROZAS DE MADRID,False,INJURY,55.0
2024,LAS ROZAS DE MADRID,False,KIDNAPPING,0.0
2024,LAS ROZAS DE MADRID,False,SEXUAL,40.0
2024,LAS ROZAS DE MADRID,False,SEXUAL_PENETRATION,8.0
2024,LAS ROZAS DE MADRID,False,SEXUAL_OTHER,32.0
2024,LAS ROZAS DE MADRID,False,ROBBERY_VIOLENT,43.0
2024,LAS ROZAS DE MADRID,False,BURGLARY,165.0
2024,LAS ROZAS DE MADRID,False,BURGLARY_DWELLING,137.0
2024,LAS ROZAS DE MADRID,False,THEFT,1268.0
2024,LAS ROZAS DE MADRID,False,VEHICLE_THEFT,50.0
2024,LAS ROZAS DE MADRID,False,DRUG_TRAFFICKING,17.0
2024,LAS ROZAS DE MADRID,False,OTHER_CONVENTIONAL,1614.0
2024,LAS ROZAS DE MADRID,False,CYBERCRIME,1375.0
2024,LAS ROZAS DE MADRID,False,CYBER_FRAUD,1199.0
2024,LAS ROZAS DE MADRID,False,CYBER_OTHER,176.0
2024,LAS ROZAS DE MADRID,False,TOTAL,4628.0
2024,SAN FERNANDO DE HENARES,False,CONVENTIONAL,1408.0
2024,SAN FERNANDO DE HENARES,False,HOM_COMPLETED,0.0
2024,SAN FERNANDO DE HENARES,False,HOM_ATTEMPTED,1.0
2024,SAN FERNANDO DE HENARES,False,INJURY,10.0
2024,SAN FERNANDO DE HENARES,False,KIDNAPPING,0.0
2024,SAN FERNANDO DE HENARES,False,SEXUAL,8.0
2024,SAN FERNANDO DE HENARES,False,SEXUAL_PENETRATION,3.0
2024,SAN FERNANDO DE HENARES,False,SEXUAL_OTHER,5.0
2024,SAN FERNANDO DE HENARES,False,ROBBERY_VIOLENT,27.0
2024,SAN FERNANDO DE HENARES,False,BURGLARY,59.0
2024,SAN FERNANDO DE HENARES,False,BURGLARY_DWELLING,30.0
2024,SAN FERNANDO DE HENARES,False,THEFT,463.0
2024,SAN FERNANDO DE HENARES,False,VEHICLE_THEFT,65.0
2024,SAN FERNANDO DE HENARES,False,DRUG_TRAFFICKING,10.0
2024,SAN FERNANDO DE HENARES,False,OTHER_CONVENTIONAL,765.0
2024,SAN FERNANDO DE HENARES,False,CYBERCRIME,328.0
2024,SAN FERNANDO DE HENARES,False,CYBER_FRAUD,307.0
2024,SAN FERNANDO DE HENARES,False,CYBER_OTHER,21.0
2024,SAN FERNANDO DE HENARES,False,TOTAL,1736.0
2024,SAN SEBASTIAN DE LOS REYES,False,CONVENTIONAL,3507.0
2024,SAN SEBASTIAN DE LOS REYES,False,HOM_COMPLETED,1.0
2024,SAN SEBASTIAN DE LOS REYES,False,HOM_ATTEMPTED,5.0
2024,SAN SEBASTIAN DE LOS REYES,False,INJURY,31.0
2024,SAN SEBASTIAN DE LOS REYES,False,KIDNAPPING,0.0
2024,SAN SEBASTIAN DE LOS REYES,False,SEXUAL,27.0
2024,SAN SEBASTIAN DE LOS REYES,False,SEXUAL_PENETRATION,9.0
2024,SAN SEBASTIAN DE LOS REYES,False,SEXUAL_OTHER,18.0
2024,SAN SEBASTIAN DE LOS REYES,False,ROBBERY_VIOLENT,71.0
2024,SAN SEBASTIAN DE LOS REYES,False,BURGLARY,104.0
2024,SAN SEBASTIAN DE LOS REYES,False,BURGLARY_DWELLING,68.0
2024,SAN SEBASTIAN DE LOS REYES,False,THEFT,1571.0
2024,SAN SEBASTIAN DE LOS REYES,False,VEHICLE_THEFT,87.0
2024,SAN SEBASTIAN DE LOS REYES,False,DRUG_TRAFFICKING,28.0
2024,SAN SEBASTIAN DE LOS REYES,False,OTHER_CONVENTIONAL,1582.0
2024,SAN SEBASTIAN DE LOS REYES,False,CYBERCRIME,873.0
2024,SAN SEBASTIAN DE LOS REYES,False,CYBER_FRAUD,788.0
2024,SAN SEBASTIAN DE LOS REYES,False,CYBER_OTHER,85.0
2024,SAN SEBASTIAN DE LOS REYES,False,TOTAL,4380.0
2024,SAN MARTIN DE LA VEGA,False,CONVENTIONAL,764.0
2024,SAN MARTIN DE LA VEGA,False,HOM_COMPLETED,0.0
2024,SAN MARTIN DE LA VEGA,False,HOM_ATTEMPTED,0.0
2024,SAN MARTIN DE LA VEGA,False,INJURY,21.0
2024,SAN MARTIN DE LA VEGA,False,KIDNAPPING,0.0
2024,SAN MARTIN DE LA VEGA,False,SEXUAL,11.0
2024,SAN MARTIN DE LA VEGA,False,SEXUAL_PENETRATION,1.0
2024,SAN MARTIN DE LA VEGA,False,SEXUAL_OTHER,10.0
2024,SAN MARTIN DE LA VEGA,False,ROBBERY_VIOLENT,6.0
2024,SAN MARTIN DE LA VEGA,False,BURGLARY,50.0
2024,SAN MARTIN DE LA VEGA,False,BURGLARY_DWELLING,38.0
2024,SAN MARTIN DE LA VEGA,False,THEFT,202.0
2024,SAN MARTIN DE LA VEGA,False,VEHICLE_THEFT,11.0
2024,SAN MARTIN DE LA VEGA,False,DRUG_TRAFFICKING,6.0
2024,SAN MARTIN DE LA VEGA,False,OTHER_CONVENTIONAL,457.0
2024,SAN MARTIN DE LA VEGA,False,CYBERCRIME,280.0
2024,SAN MARTIN DE LA VEGA,False,CYBER_FRAUD,237.0
2024,SAN MARTIN DE LA VEGA,False,CYBER_OTHER,43.0
2024,SAN MARTIN DE LA VEGA,False,TOTAL,1044.0
2024,TORREJON DE ARDOZ,False,CONVENTIONAL,4361.0
2024,TORREJON DE ARDOZ,False,HOM_COMPLETED,0.0
2024,TORREJON DE ARDOZ,False,HOM_ATTEMPTED,6.0
2024,TORREJON DE ARDOZ,False,INJURY,68.0
2024,TORREJON DE ARDOZ,False,KIDNAPPING,0.0
2024,TORREJON DE ARDOZ,False,SEXUAL,49.0
2024,TORREJON DE ARDOZ,False,SEXUAL_PENETRATION,10.0
2024,TORREJON DE ARDOZ,False,SEXUAL_OTHER,39.0
2024,TORREJON DE ARDOZ,False,ROBBERY_VIOLENT,90.0
2024,TORREJON DE ARDOZ,False,BURGLARY,135.0
2024,TORREJON DE ARDOZ,False,BURGLARY_DWELLING,75.0
2024,TORREJON DE ARDOZ,False,THEFT,1529.0
2024,TORREJON DE ARDOZ,False,VEHICLE_THEFT,83.0
2024,TORREJON DE ARDOZ,False,DRUG_TRAFFICKING,44.0
2024,TORREJON DE ARDOZ,False,OTHER_CONVENTIONAL,2357.0
2024,TORREJON DE ARDOZ,False,CYBERCRIME,936.0
2024,TORREJON DE ARDOZ,False,CYBER_FRAUD,832.0
2024,TORREJON DE ARDOZ,False,CYBER_OTHER,104.0
2024,TORREJON DE ARDOZ,False,TOTAL,5297.0
2024,TORRELODONES,False,CONVENTIONAL,781.0
2024,TORRELODONES,False,HOM_COMPLETED,0.0
2024,TORRELODONES,False,HOM_ATTEMPTED,0.0
2024,TORRELODONES,False,INJURY,18.0
2024,TORRELODONES,False,KIDNAPPING,0.0
2024,TORRELODONES,False,SEXUAL,9.0
2024,TORRELODONES,False,SEXUAL_PENETRATION,1.0
2024,TORRELODONES,False,SEXUAL_OTHER,8.0
2024,TORRELODONES,False,ROBBERY_VIOLENT,13.0
2024,TORRELODONES,False,BURGLARY,62.0
2024,TORRELODONES,False,BURGLARY_DWELLING,61.0
2024,TORRELODONES,False,THEFT,246.0
2024,TORRELODONES,False,VEHICLE_THEFT,6.0
2024,TORRELODONES,False,DRUG_TRAFFICKING,4.0
2024,TORRELODONES,False,OTHER_CONVENTIONAL,423.0
2024,TORRELODONES,False,CYBERCRIME,396.0
2024,TORRELODONES,False,CYBER_FRAUD,338.0
2024,TORRELODONES,False,CYBER_OTHER,58.0
2024,TORRELODONES,False,TOTAL,1177.0
2024,TRES CANTOS,False,CONVENTIONAL,1093.0
2024,TRES CANTOS,False,HOM_COMPLETED,0.0
2024,TRES CANTOS,False,HOM_ATTEMPTED,0.0
2024,TRES CANTOS,False,INJURY,10.0
2024,TRES CANTOS,False,KIDNAPPING,0.0
2024,TRES CANTOS,False,SEXUAL,12.0
2024,TRES CANTOS,False,SEXUAL_PENETRATION,1.0
2024,TRES CANTOS,False,SEXUAL_OTHER,11.0
2024,TRES CANTOS,False,ROBBERY_VIOLENT,24.0
2024,TRES CANTOS,False,BURGLARY,92.0
2024,TRES CANTOS,False,BURGLARY_DWELLING,74.0
2024,TRES CANTOS,False,THEFT,329.0
2024,TRES CANTOS,False,VEHICLE_THEFT,10.0
2024,TRES CANTOS,False,DRUG_TRAFFICKING,4.0
2024,TRES CANTOS,False,OTHER_CONVENTIONAL,612.0
2024,TRES CANTOS,False,CYBERCRIME,518.0
2024,TRES CANTOS,False,CYBER_FRAUD,452.0
2024,TRES CANTOS,False,CYBER_OTHER,66.0
2024,TRES CANTOS,False,TOTAL,1611.0
2024,VALDEMORO,False,CONVENTIONAL,3284.0
2024,VALDEMORO,False,HOM_COMPLETED,0.0
2024,VALDEMORO,False,HOM_ATTEMPTED,0.0
2024,VALDEMORO,False,INJURY,79.0
2024,VALDEMORO,False,KIDNAPPING,0.0
2024,VALDEMORO,False,SEXUAL,33.0
2024,VALDEMORO,False,SEXUAL_PENETRATION,4.0
2024,VALDEMORO,False,SEXUAL_OTHER,29.0
2024,VALDEMORO,False,ROBBERY_VIOLENT,62.0
2024,VALDEMORO,False,BURGLARY,183.0
2024,VALDEMORO,False,BURGLARY_DWELLING,81.0
2024,VALDEMORO,False,THEFT,734.0
2024,VALDEMORO,False,VEHICLE_THEFT,56.0
2024,VALDEMORO,False,DRUG_TRAFFICKING,10.0
2024,VALDEMORO,False,OTHER_CONVENTIONAL,2127.0
2024,VALDEMORO,False,CYBERCRIME,998.0
2024,VALDEMORO,False,CYBER_FRAUD,834.0
2024,VALDEMORO,False,CYBER_OTHER,164.0
2024,VALDEMORO,False,TOTAL,4282.0
2024,VILLANUEVA DE LA CANADA,False,CONVENTIONAL,713.0
2024,VILLANUEVA DE LA CANADA,False,HOM_COMPLETED,0.0
2024,VILLANUEVA DE LA CANADA,False,HOM_ATTEMPTED,0.0
2024,VILLANUEVA DE LA CANADA,False,INJURY,15.0
2024,VILLANUEVA DE LA CANADA,False,KIDNAPPING,0.0
2024,VILLANUEVA DE LA CANADA,False,SEXUAL,11.0
2024,VILLANUEVA DE LA CANADA,False,SEXUAL_PENETRATION,1.0
2024,VILLANUEVA DE LA CANADA,False,SEXUAL_OTHER,10.0
2024,VILLANUEVA DE LA CANADA,False,ROBBERY_VIOLENT,15.0
2024,VILLANUEVA DE LA CANADA,False,BURGLARY,51.0
2024,VILLANUEVA DE LA CANADA,False,BURGLARY_DWELLING,50.0
2024,VILLANUEVA DE LA CANADA,False,THEFT,231.0
2024,VILLANUEVA DE LA CANADA,False,VEHICLE_THEFT,2.0
2024,VILLANUEVA DE LA CANADA,False,DRUG_TRAFFICKING,2.0
2024,VILLANUEVA DE LA CANADA,False,OTHER_CONVENTIONAL,386.0
2024,VILLANUEVA DE LA CANADA,False,CYBERCRIME,230.0
2024,VILLANUEVA DE LA CANADA,False,CYBER_FRAUD,202.0
2024,VILLANUEVA DE LA CANADA,False,CYBER_OTHER,28.0
2024,VILLANUEVA DE LA CANADA,False,TOTAL,943.0
2024,VILLAVICIOSA DE ODON,False,CONVENTIONAL,971.0
2024,VILLAVICIOSA DE ODON,False,HOM_COMPLETED,0.0
2024,VILLAVICIOSA DE ODON,False,HOM_ATTEMPTED,0.0
2024,VILLAVICIOSA DE ODON,False,INJURY,20.0
2024,VILLAVICIOSA DE ODON,False,KIDNAPPING,0.0
2024,VILLAVICIOSA DE ODON,False,SEXUAL,9.0
2024,VILLAVICIOSA DE ODON,False,SEXUAL_PENETRATION,1.0
2024,VILLAVICIOSA DE ODON,False,SEXUAL_OTHER,8.0
2024,VILLAVICIOSA DE ODON,False,ROBBERY_VIOLENT,22.0
2024,VILLAVICIOSA DE ODON,False,BURGLARY,93.0
2024,VILLAVICIOSA DE ODON,False,BURGLARY_DWELLING,82.0
2024,VILLAVICIOSA DE ODON,False,THEFT,267.0
2024,VILLAVICIOSA DE ODON,False,VEHICLE_THEFT,8.0
2024,VILLAVICIOSA DE ODON,False,DRUG_TRAFFICKING,4.0
2024,VILLAVICIOSA DE ODON,False,OTHER_CONVENTIONAL,548.0
2024,VILLAVICIOSA DE ODON,False,CYBERCRIME,340.0
2024,VILLAVICIOSA DE ODON,False,CYBER_FRAUD,283.0
2024,VILLAVICIOSA DE ODON,False,CYBER_OTHER,57.0
2024,VILLAVICIOSA DE ODON,False,TOTAL,1311.0
2025,MADRID COMUNIDAD DE,True,CONVENTIONAL,319670.0
2025,MADRID COMUNIDAD DE,True,HOM_COMPLETED,33.0
2025,MADRID COMUNIDAD DE,True,HOM_ATTEMPTED,140.0
2025,MADRID COMUNIDAD DE,True,INJURY,3832.0
2025,MADRID COMUNIDAD DE,True,KIDNAPPING,13.0
2025,MADRID COMUNIDAD DE,True,SEXUAL,3149.0
2025,MADRID COMUNIDAD DE,True,SEXUAL_PENETRATION,685.0
2025,MADRID COMUNIDAD DE,True,SEXUAL_OTHER,2464.0
2025,MADRID COMUNIDAD DE,True,ROBBERY_VIOLENT,9973.0
2025,MADRID COMUNIDAD DE,True,BURGLARY,12731.0
2025,MADRID COMUNIDAD DE,True,BURGLARY_DWELLING,8380.0
2025,MADRID COMUNIDAD DE,True,THEFT,111153.0
2025,MADRID COMUNIDAD DE,True,VEHICLE_THEFT,6982.0
2025,MADRID COMUNIDAD DE,True,DRUG_TRAFFICKING,4610.0
2025,MADRID COMUNIDAD DE,True,OTHER_CONVENTIONAL,167054.0
2025,MADRID COMUNIDAD DE,True,CYBERCRIME,72498.0
2025,MADRID COMUNIDAD DE,True,CYBER_FRAUD,63150.0
2025,MADRID COMUNIDAD DE,True,CYBER_OTHER,9348.0
2025,MADRID COMUNIDAD DE,True,TOTAL,392168.0
2025,ALCALA DE HENARES,False,CONVENTIONAL,7695.0
2025,ALCALA DE HENARES,False,HOM_COMPLETED,1.0
2025,ALCALA DE HENARES,False,HOM_ATTEMPTED,8.0
2025,ALCALA DE HENARES,False,INJURY,73.0
2025,ALCALA DE HENARES,False,KIDNAPPING,1.0
2025,ALCALA DE HENARES,False,SEXUAL,89.0
2025,ALCALA DE HENARES,False,SEXUAL_PENETRATION,15.0
2025,ALCALA DE HENARES,False,SEXUAL_OTHER,74.0
2025,ALCALA DE HENARES,False,ROBBERY_VIOLENT,137.0
2025,ALCALA DE HENARES,False,BURGLARY,330.0
2025,ALCALA DE HENARES,False,BURGLARY_DWELLING,189.0
2025,ALCALA DE HENARES,False,THEFT,2257.0
2025,ALCALA DE HENARES,False,VEHICLE_THEFT,279.0
2025,ALCALA DE HENARES,False,DRUG_TRAFFICKING,58.0
2025,ALCALA DE HENARES,False,OTHER_CONVENTIONAL,4462.0
2025,ALCALA DE HENARES,False,CYBERCRIME,2193.0
2025,ALCALA DE HENARES,False,CYBER_FRAUD,1810.0
2025,ALCALA DE HENARES,False,CYBER_OTHER,383.0
2025,ALCALA DE HENARES,False,TOTAL,9888.0
2025,ALCOBENDAS,False,CONVENTIONAL,4369.0
2025,ALCOBENDAS,False,HOM_COMPLETED,0.0
2025,ALCOBENDAS,False,HOM_ATTEMPTED,4.0
2025,ALCOBENDAS,False,INJURY,40.0
2025,ALCOBENDAS,False,KIDNAPPING,0.0
2025,ALCOBENDAS,False,SEXUAL,51.0
2025,ALCOBENDAS,False,SEXUAL_PENETRATION,12.0
2025,ALCOBENDAS,False,SEXUAL_OTHER,39.0
2025,ALCOBENDAS,False,ROBBERY_VIOLENT,77.0
2025,ALCOBENDAS,False,BURGLARY,160.0
2025,ALCOBENDAS,False,BURGLARY_DWELLING,88.0
2025,ALCOBENDAS,False,THEFT,1190.0
2025,ALCOBENDAS,False,VEHICLE_THEFT,173.0
2025,ALCOBENDAS,False,DRUG_TRAFFICKING,49.0
2025,ALCOBENDAS,False,OTHER_CONVENTIONAL,2625.0
2025,ALCOBENDAS,False,CYBERCRIME,1188.0
2025,ALCOBENDAS,False,CYBER_FRAUD,1072.0
2025,ALCOBENDAS,False,CYBER_OTHER,116.0
2025,ALCOBENDAS,False,TOTAL,5557.0
2025,ALCORCON,False,CONVENTIONAL,6107.0
2025,ALCORCON,False,HOM_COMPLETED,0.0
2025,ALCORCON,False,HOM_ATTEMPTED,2.0
2025,ALCORCON,False,INJURY,70.0
2025,ALCORCON,False,KIDNAPPING,0.0
2025,ALCORCON,False,SEXUAL,44.0
2025,ALCORCON,False,SEXUAL_PENETRATION,9.0
2025,ALCORCON,False,SEXUAL_OTHER,35.0
2025,ALCORCON,False,ROBBERY_VIOLENT,168.0
2025,ALCORCON,False,BURGLARY,287.0
2025,ALCORCON,False,BURGLARY_DWELLING,107.0
2025,ALCORCON,False,THEFT,2566.0
2025,ALCORCON,False,VEHICLE_THEFT,123.0
2025,ALCORCON,False,DRUG_TRAFFICKING,38.0
2025,ALCORCON,False,OTHER_CONVENTIONAL,2809.0
2025,ALCORCON,False,CYBERCRIME,1127.0
2025,ALCORCON,False,CYBER_FRAUD,885.0
2025,ALCORCON,False,CYBER_OTHER,242.0
2025,ALCORCON,False,TOTAL,7234.0
2025,ALGETE,False,CONVENTIONAL,618.0
2025,ALGETE,False,HOM_COMPLETED,0.0
2025,ALGETE,False,HOM_ATTEMPTED,0.0
2025,ALGETE,False,INJURY,10.0
2025,ALGETE,False,KIDNAPPING,0.0
2025,ALGETE,False,SEXUAL,4.0
2025,ALGETE,False,SEXUAL_PENETRATION,0.0
2025,ALGETE,False,SEXUAL_OTHER,4.0
2025,ALGETE,False,ROBBERY_VIOLENT,5.0
2025,ALGETE,False,BURGLARY,33.0
2025,ALGETE,False,BURGLARY_DWELLING,27.0
2025,ALGETE,False,THEFT,135.0
2025,ALGETE,False,VEHICLE_THEFT,15.0
2025,ALGETE,False,DRUG_TRAFFICKING,3.0
2025,ALGETE,False,OTHER_CONVENTIONAL,413.0
2025,ALGETE,False,CYBERCRIME,292.0
2025,ALGETE,False,CYBER_FRAUD,259.0
2025,ALGETE,False,CYBER_OTHER,33.0
2025,ALGETE,False,TOTAL,910.0
2025,ARANJUEZ,False,CONVENTIONAL,2753.0
2025,ARANJUEZ,False,HOM_COMPLETED,0.0
2025,ARANJUEZ,False,HOM_ATTEMPTED,2.0
2025,ARANJUEZ,False,INJURY,9.0
2025,ARANJUEZ,False,KIDNAPPING,0.0
2025,ARANJUEZ,False,SEXUAL,30.0
2025,ARANJUEZ,False,SEXUAL_PENETRATION,4.0
2025,ARANJUEZ,False,SEXUAL_OTHER,26.0
2025,ARANJUEZ,False,ROBBERY_VIOLENT,65.0
2025,ARANJUEZ,False,BURGLARY,126.0
2025,ARANJUEZ,False,BURGLARY_DWELLING,69.0
2025,ARANJUEZ,False,THEFT,751.0
2025,ARANJUEZ,False,VEHICLE_THEFT,76.0
2025,ARANJUEZ,False,DRUG_TRAFFICKING,11.0
2025,ARANJUEZ,False,OTHER_CONVENTIONAL,1683.0
2025,ARANJUEZ,False,CYBERCRIME,493.0
2025,ARANJUEZ,False,CYBER_FRAUD,433.0
2025,ARANJUEZ,False,CYBER_OTHER,60.0
2025,ARANJUEZ,False,TOTAL,3246.0
2025,ARGANDA DEL REY,False,CONVENTIONAL,2471.0
2025,ARGANDA DEL REY,False,HOM_COMPLETED,0.0
2025,ARGANDA DEL REY,False,HOM_ATTEMPTED,0.0
2025,ARGANDA DEL REY,False,INJURY,46.0
2025,ARGANDA DEL REY,False,KIDNAPPING,0.0
2025,ARGANDA DEL REY,False,SEXUAL,27.0
2025,ARGANDA DEL REY,False,SEXUAL_PENETRATION,5.0
2025,ARGANDA DEL REY,False,SEXUAL_OTHER,22.0
2025,ARGANDA DEL REY,False,ROBBERY_VIOLENT,77.0
2025,ARGANDA DEL REY,False,BURGLARY,106.0
2025,ARGANDA DEL REY,False,BURGLARY_DWELLING,55.0
2025,ARGANDA DEL REY,False,THEFT,724.0
2025,ARGANDA DEL REY,False,VEHICLE_THEFT,38.0
2025,ARGANDA DEL REY,False,DRUG_TRAFFICKING,18.0
2025,ARGANDA DEL REY,False,OTHER_CONVENTIONAL,1435.0
2025,ARGANDA DEL REY,False,CYBERCRIME,700.0
2025,ARGANDA DEL REY,False,CYBER_FRAUD,611.0
2025,ARGANDA DEL REY,False,CYBER_OTHER,89.0
2025,ARGANDA DEL REY,False,TOTAL,3171.0
2025,ARROYOMOLINOS,False,CONVENTIONAL,1916.0
2025,ARROYOMOLINOS,False,HOM_COMPLETED,1.0
2025,ARROYOMOLINOS,False,HOM_ATTEMPTED,0.0
2025,ARROYOMOLINOS,False,INJURY,14.0
2025,ARROYOMOLINOS,False,KIDNAPPING,0.0
2025,ARROYOMOLINOS,False,SEXUAL,14.0
2025,ARROYOMOLINOS,False,SEXUAL_PENETRATION,2.0
2025,ARROYOMOLINOS,False,SEXUAL_OTHER,12.0
2025,ARROYOMOLINOS,False,ROBBERY_VIOLENT,12.0
2025,ARROYOMOLINOS,False,BURGLARY,59.0
2025,ARROYOMOLINOS,False,BURGLARY_DWELLING,48.0
2025,ARROYOMOLINOS,False,THEFT,1069.0
2025,ARROYOMOLINOS,False,VEHICLE_THEFT,61.0
2025,ARROYOMOLINOS,False,DRUG_TRAFFICKING,5.0
2025,ARROYOMOLINOS,False,OTHER_CONVENTIONAL,681.0
2025,ARROYOMOLINOS,False,CYBERCRIME,548.0
2025,ARROYOMOLINOS,False,CYBER_FRAUD,463.0
2025,ARROYOMOLINOS,False,CYBER_OTHER,85.0
2025,ARROYOMOLINOS,False,TOTAL,2464.0
2025,BOADILLA DEL MONTE,False,CONVENTIONAL,1496.0
2025,BOADILLA DEL MONTE,False,HOM_COMPLETED,0.0
2025,BOADILLA DEL MONTE,False,HOM_ATTEMPTED,0.0
2025,BOADILLA DEL MONTE,False,INJURY,23.0
2025,BOADILLA DEL MONTE,False,KIDNAPPING,0.0
2025,BOADILLA DEL MONTE,False,SEXUAL,25.0
2025,BOADILLA DEL MONTE,False,SEXUAL_PENETRATION,5.0
2025,BOADILLA DEL MONTE,False,SEXUAL_OTHER,20.0
2025,BOADILLA DEL MONTE,False,ROBBERY_VIOLENT,13.0
2025,BOADILLA DEL MONTE,False,BURGLARY,118.0
2025,BOADILLA DEL MONTE,False,BURGLARY_DWELLING,102.0
2025,BOADILLA DEL MONTE,False,THEFT,438.0
2025,BOADILLA DEL MONTE,False,VEHICLE_THEFT,15.0
2025,BOADILLA DEL MONTE,False,DRUG_TRAFFICKING,5.0
2025,BOADILLA DEL MONTE,False,OTHER_CONVENTIONAL,859.0
2025,BOADILLA DEL MONTE,False,CYBERCRIME,1000.0
2025,BOADILLA DEL MONTE,False,CYBER_FRAUD,887.0
2025,BOADILLA DEL MONTE,False,CYBER_OTHER,113.0
2025,BOADILLA DEL MONTE,False,TOTAL,2496.0
2025,CIEMPOZUELOS,False,CONVENTIONAL,966.0
2025,CIEMPOZUELOS,False,HOM_COMPLETED,0.0
2025,CIEMPOZUELOS,False,HOM_ATTEMPTED,1.0
2025,CIEMPOZUELOS,False,INJURY,24.0
2025,CIEMPOZUELOS,False,KIDNAPPING,0.0
2025,CIEMPOZUELOS,False,SEXUAL,15.0
2025,CIEMPOZUELOS,False,SEXUAL_PENETRATION,5.0
2025,CIEMPOZUELOS,False,SEXUAL_OTHER,10.0
2025,CIEMPOZUELOS,False,ROBBERY_VIOLENT,21.0
2025,CIEMPOZUELOS,False,BURGLARY,35.0
2025,CIEMPOZUELOS,False,BURGLARY_DWELLING,21.0
2025,CIEMPOZUELOS,False,THEFT,208.0
2025,CIEMPOZUELOS,False,VEHICLE_THEFT,20.0
2025,CIEMPOZUELOS,False,DRUG_TRAFFICKING,5.0
2025,CIEMPOZUELOS,False,OTHER_CONVENTIONAL,637.0
2025,CIEMPOZUELOS,False,CYBERCRIME,303.0
2025,CIEMPOZUELOS,False,CYBER_FRAUD,233.0
2025,CIEMPOZUELOS,False,CYBER_OTHER,70.0
2025,CIEMPOZUELOS,False,TOTAL,1269.0
2025,COLLADO VILLALBA,False,CONVENTIONAL,2520.0
2025,COLLADO VILLALBA,False,HOM_COMPLETED,0.0
2025,COLLADO VILLALBA,False,HOM_ATTEMPTED,2.0
2025,COLLADO VILLALBA,False,INJURY,62.0
2025,COLLADO VILLALBA,False,KIDNAPPING,0.0
2025,COLLADO VILLALBA,False,SEXUAL,33.0
2025,COLLADO VILLALBA,False,SEXUAL_PENETRATION,0.0
2025,COLLADO VILLALBA,False,SEXUAL_OTHER,33.0
2025,COLLADO VILLALBA,False,ROBBERY_VIOLENT,71.0
2025,COLLADO VILLALBA,False,BURGLARY,116.0
2025,COLLADO VILLALBA,False,BURGLARY_DWELLING,79.0
2025,COLLADO VILLALBA,False,THEFT,621.0
2025,COLLADO VILLALBA,False,VEHICLE_THEFT,11.0
2025,COLLADO VILLALBA,False,DRUG_TRAFFICKING,11.0
2025,COLLADO VILLALBA,False,OTHER_CONVENTIONAL,1593.0
2025,COLLADO VILLALBA,False,CYBERCRIME,696.0
2025,COLLADO VILLALBA,False,CYBER_FRAUD,553.0
2025,COLLADO VILLALBA,False,CYBER_OTHER,143.0
2025,COLLADO VILLALBA,False,TOTAL,3216.0
2025,COLMENAR VIEJO,False,CONVENTIONAL,1966.0
2025,COLMENAR VIEJO,False,HOM_COMPLETED,1.0
2025,COLMENAR VIEJO,False,HOM_ATTEMPTED,3.0
2025,COLMENAR VIEJO,False,INJURY,47.0
2025,COLMENAR VIEJO,False,KIDNAPPING,0.0
2025,COLMENAR VIEJO,False,SEXUAL,26.0
2025,COLMENAR VIEJO,False,SEXUAL_PENETRATION,3.0
2025,COLMENAR VIEJO,False,SEXUAL_OTHER,23.0
2025,COLMENAR VIEJO,False,ROBBERY_VIOLENT,26.0
2025,COLMENAR VIEJO,False,BURGLARY,137.0
2025,COLMENAR VIEJO,False,BURGLARY_DWELLING,74.0
2025,COLMENAR VIEJO,False,THEFT,557.0
2025,COLMENAR VIEJO,False,VEHICLE_THEFT,15.0
2025,COLMENAR VIEJO,False,DRUG_TRAFFICKING,7.0
2025,COLMENAR VIEJO,False,OTHER_CONVENTIONAL,1147.0
2025,COLMENAR VIEJO,False,CYBERCRIME,657.0
2025,COLMENAR VIEJO,False,CYBER_FRAUD,592.0
2025,COLMENAR VIEJO,False,CYBER_OTHER,65.0
2025,COLMENAR VIEJO,False,TOTAL,2623.0
2025,COSLADA,False,CONVENTIONAL,2903.0
2025,COSLADA,False,HOM_COMPLETED,0.0
2025,COSLADA,False,HOM_ATTEMPTED,0.0
2025,COSLADA,False,INJURY,34.0
2025,COSLADA,False,KIDNAPPING,0.0
2025,COSLADA,False,SEXUAL,20.0
2025,COSLADA,False,SEXUAL_PENETRATION,6.0
2025,COSLADA,False,SEXUAL_OTHER,14.0
2025,COSLADA,False,ROBBERY_VIOLENT,61.0
2025,COSLADA,False,BURGLARY,135.0
2025,COSLADA,False,BURGLARY_DWELLING,68.0
2025,COSLADA,False,THEFT,958.0
2025,COSLADA,False,VEHICLE_THEFT,134.0
2025,COSLADA,False,DRUG_TRAFFICKING,9.0
2025,COSLADA,False,OTHER_CONVENTIONAL,1552.0
2025,COSLADA,False,CYBERCRIME,634.0
2025,COSLADA,False,CYBER_FRAUD,575.0
2025,COSLADA,False,CYBER_OTHER,59.0
2025,COSLADA,False,TOTAL,3537.0
2025,FUENLABRADA,False,CONVENTIONAL,4419.0
2025,FUENLABRADA,False,HOM_COMPLETED,0.0
2025,FUENLABRADA,False,HOM_ATTEMPTED,2.0
2025,FUENLABRADA,False,INJURY,29.0
2025,FUENLABRADA,False,KIDNAPPING,0.0
2025,FUENLABRADA,False,SEXUAL,53.0
2025,FUENLABRADA,False,SEXUAL_PENETRATION,14.0
2025,FUENLABRADA,False,SEXUAL_OTHER,39.0
2025,FUENLABRADA,False,ROBBERY_VIOLENT,180.0
2025,FUENLABRADA,False,BURGLARY,227.0
2025,FUENLABRADA,False,BURGLARY_DWELLING,146.0
2025,FUENLABRADA,False,THEFT,1393.0
2025,FUENLABRADA,False,VEHICLE_THEFT,182.0
2025,FUENLABRADA,False,DRUG_TRAFFICKING,51.0
2025,FUENLABRADA,False,OTHER_CONVENTIONAL,2302.0
2025,FUENLABRADA,False,CYBERCRIME,1470.0
2025,FUENLABRADA,False,CYBER_FRAUD,1302.0
2025,FUENLABRADA,False,CYBER_OTHER,168.0
2025,FUENLABRADA,False,TOTAL,5889.0
2025,GALAPAGAR,False,CONVENTIONAL,1227.0
2025,GALAPAGAR,False,HOM_COMPLETED,0.0
2025,GALAPAGAR,False,HOM_ATTEMPTED,0.0
2025,GALAPAGAR,False,INJURY,27.0
2025,GALAPAGAR,False,KIDNAPPING,0.0
2025,GALAPAGAR,False,SEXUAL,12.0
2025,GALAPAGAR,False,SEXUAL_PENETRATION,4.0
2025,GALAPAGAR,False,SEXUAL_OTHER,8.0
2025,GALAPAGAR,False,ROBBERY_VIOLENT,25.0
2025,GALAPAGAR,False,BURGLARY,136.0
2025,GALAPAGAR,False,BURGLARY_DWELLING,128.0
2025,GALAPAGAR,False,THEFT,180.0
2025,GALAPAGAR,False,VEHICLE_THEFT,4.0
2025,GALAPAGAR,False,DRUG_TRAFFICKING,7.0
2025,GALAPAGAR,False,OTHER_CONVENTIONAL,836.0
2025,GALAPAGAR,False,CYBERCRIME,612.0
2025,GALAPAGAR,False,CYBER_FRAUD,495.0
2025,GALAPAGAR,False,CYBER_OTHER,117.0
2025,GALAPAGAR,False,TOTAL,1839.0
2025,GETAFE,False,CONVENTIONAL,7611.0
2025,GETAFE,False,HOM_COMPLETED,2.0
2025,GETAFE,False,HOM_ATTEMPTED,2.0
2025,GETAFE,False,INJURY,51.0
2025,GETAFE,False,KIDNAPPING,0.0
2025,GETAFE,False,SEXUAL,60.0
2025,GETAFE,False,SEXUAL_PENETRATION,15.0
2025,GETAFE,False,SEXUAL_OTHER,45.0
2025,GETAFE,False,ROBBERY_VIOLENT,197.0
2025,GETAFE,False,BURGLARY,194.0
2025,GETAFE,False,BURGLARY_DWELLING,97.0
2025,GETAFE,False,THEFT,2671.0
2025,GETAFE,False,VEHICLE_THEFT,202.0
2025,GETAFE,False,DRUG_TRAFFICKING,34.0
2025,GETAFE,False,OTHER_CONVENTIONAL,4198.0
2025,GETAFE,False,CYBERCRIME,1666.0
2025,GETAFE,False,CYBER_FRAUD,1512.0
2025,GETAFE,False,CYBER_OTHER,154.0
2025,GETAFE,False,TOTAL,9277.0
2025,HUMANES DE MADRID,False,CONVENTIONAL,1874.0
2025,HUMANES DE MADRID,False,HOM_COMPLETED,0.0
2025,HUMANES DE MADRID,False,HOM_ATTEMPTED,0.0
2025,HUMANES DE MADRID,False,INJURY,12.0
2025,HUMANES DE MADRID,False,KIDNAPPING,0.0
2025,HUMANES DE MADRID,False,SEXUAL,20.0
2025,HUMANES DE MADRID,False,SEXUAL_PENETRATION,6.0
2025,HUMANES DE MADRID,False,SEXUAL_OTHER,14.0
2025,HUMANES DE MADRID,False,ROBBERY_VIOLENT,58.0
2025,HUMANES DE MADRID,False,BURGLARY,50.0
2025,HUMANES DE MADRID,False,BURGLARY_DWELLING,27.0
2025,HUMANES DE MADRID,False,THEFT,980.0
2025,HUMANES DE MADRID,False,VEHICLE_THEFT,62.0
2025,HUMANES DE MADRID,False,DRUG_TRAFFICKING,19.0
2025,HUMANES DE MADRID,False,OTHER_CONVENTIONAL,673.0
2025,HUMANES DE MADRID,False,CYBERCRIME,235.0
2025,HUMANES DE MADRID,False,CYBER_FRAUD,212.0
2025,HUMANES DE MADRID,False,CYBER_OTHER,23.0
2025,HUMANES DE MADRID,False,TOTAL,2109.0
2025,LEGANES,False,CONVENTIONAL,7590.0
2025,LEGANES,False,HOM_COMPLETED,1.0
2025,LEGANES,False,HOM_ATTEMPTED,2.0
2025,LEGANES,False,INJURY,72.0
2025,LEGANES,False,KIDNAPPING,0.0
2025,LEGANES,False,SEXUAL,61.0
2025,LEGANES,False,SEXUAL_PENETRATION,17.0
2025,LEGANES,False,SEXUAL_OTHER,44.0
2025,LEGANES,False,ROBBERY_VIOLENT,164.0
2025,LEGANES,False,BURGLARY,232.0
2025,LEGANES,False,BURGLARY_DWELLING,151.0
2025,LEGANES,False,THEFT,3241.0
2025,LEGANES,False,VEHICLE_THEFT,336.0
2025,LEGANES,False,DRUG_TRAFFICKING,67.0
2025,LEGANES,False,OTHER_CONVENTIONAL,3414.0
2025,LEGANES,False,CYBERCRIME,1364.0
2025,LEGANES,False,CYBER_FRAUD,1152.0
2025,LEGANES,False,CYBER_OTHER,212.0
2025,LEGANES,False,TOTAL,8954.0
2025,MADRID,False,CONVENTIONAL,195651.0
2025,MADRID,False,HOM_COMPLETED,17.0
2025,MADRID,False,HOM_ATTEMPTED,90.0
2025,MADRID,False,INJURY,2167.0
2025,MADRID,False,KIDNAPPING,11.0
2025,MADRID,False,SEXUAL,1850.0
2025,MADRID,False,SEXUAL_PENETRATION,401.0
2025,MADRID,False,SEXUAL_OTHER,1449.0
2025,MADRID,False,ROBBERY_VIOLENT,7376.0
2025,MADRID,False,BURGLARY,6569.0
2025,MADRID,False,BURGLARY_DWELLING,4328.0
2025,MADRID,False,THEFT,72548.0
2025,MADRID,False,VEHICLE_THEFT,3850.0
2025,MADRID,False,DRUG_TRAFFICKING,3739.0
2025,MADRID,False,OTHER_CONVENTIONAL,97434.0
2025,MADRID,False,CYBERCRIME,34011.0
2025,MADRID,False,CYBER_FRAUD,29883.0
2025,MADRID,False,CYBER_OTHER,4128.0
2025,MADRID,False,TOTAL,229662.0
2025,MAJADAHONDA,False,CONVENTIONAL,3334.0
2025,MAJADAHONDA,False,HOM_COMPLETED,0.0
2025,MAJADAHONDA,False,HOM_ATTEMPTED,1.0
2025,MAJADAHONDA,False,INJURY,31.0
2025,MAJADAHONDA,False,KIDNAPPING,0.0
2025,MAJADAHONDA,False,SEXUAL,21.0
2025,MAJADAHONDA,False,SEXUAL_PENETRATION,3.0
2025,MAJADAHONDA,False,SEXUAL_OTHER,18.0
2025,MAJADAHONDA,False,ROBBERY_VIOLENT,46.0
2025,MAJADAHONDA,False,BURGLARY,113.0
2025,MAJADAHONDA,False,BURGLARY_DWELLING,82.0
2025,MAJADAHONDA,False,THEFT,1271.0
2025,MAJADAHONDA,False,VEHICLE_THEFT,65.0
2025,MAJADAHONDA,False,DRUG_TRAFFICKING,10.0
2025,MAJADAHONDA,False,OTHER_CONVENTIONAL,1776.0
2025,MAJADAHONDA,False,CYBERCRIME,1166.0
2025,MAJADAHONDA,False,CYBER_FRAUD,1038.0
2025,MAJADAHONDA,False,CYBER_OTHER,128.0
2025,MAJADAHONDA,False,TOTAL,4500.0
2025,MEJORADA DEL CAMPO,False,CONVENTIONAL,1027.0
2025,MEJORADA DEL CAMPO,False,HOM_COMPLETED,0.0
2025,MEJORADA DEL CAMPO,False,HOM_ATTEMPTED,2.0
2025,MEJORADA DEL CAMPO,False,INJURY,18.0
2025,MEJORADA DEL CAMPO,False,KIDNAPPING,0.0
2025,MEJORADA DEL CAMPO,False,SEXUAL,8.0
2025,MEJORADA DEL CAMPO,False,SEXUAL_PENETRATION,3.0
2025,MEJORADA DEL CAMPO,False,SEXUAL_OTHER,5.0
2025,MEJORADA DEL CAMPO,False,ROBBERY_VIOLENT,8.0
2025,MEJORADA DEL CAMPO,False,BURGLARY,35.0
2025,MEJORADA DEL CAMPO,False,BURGLARY_DWELLING,14.0
2025,MEJORADA DEL CAMPO,False,THEFT,222.0
2025,MEJORADA DEL CAMPO,False,VEHICLE_THEFT,23.0
2025,MEJORADA DEL CAMPO,False,DRUG_TRAFFICKING,9.0
2025,MEJORADA DEL CAMPO,False,OTHER_CONVENTIONAL,702.0
2025,MEJORADA DEL CAMPO,False,CYBERCRIME,325.0
2025,MEJORADA DEL CAMPO,False,CYBER_FRAUD,281.0
2025,MEJORADA DEL CAMPO,False,CYBER_OTHER,44.0
2025,MEJORADA DEL CAMPO,False,TOTAL,1352.0
2025,MOSTOLES,False,CONVENTIONAL,5983.0
2025,MOSTOLES,False,HOM_COMPLETED,0.0
2025,MOSTOLES,False,HOM_ATTEMPTED,0.0
2025,MOSTOLES,False,INJURY,62.0
2025,MOSTOLES,False,KIDNAPPING,0.0
2025,MOSTOLES,False,SEXUAL,71.0
2025,MOSTOLES,False,SEXUAL_PENETRATION,37.0
2025,MOSTOLES,False,SEXUAL_OTHER,34.0
2025,MOSTOLES,False,ROBBERY_VIOLENT,138.0
2025,MOSTOLES,False,BURGLARY,271.0
2025,MOSTOLES,False,BURGLARY_DWELLING,191.0
2025,MOSTOLES,False,THEFT,1728.0
2025,MOSTOLES,False,VEHICLE_THEFT,171.0
2025,MOSTOLES,False,DRUG_TRAFFICKING,83.0
2025,MOSTOLES,False,OTHER_CONVENTIONAL,3459.0
2025,MOSTOLES,False,CYBERCRIME,2168.0
2025,MOSTOLES,False,CYBER_FRAUD,1834.0
2025,MOSTOLES,False,CYBER_OTHER,334.0
2025,MOSTOLES,False,TOTAL,8151.0
2025,NAVALCARNERO,False,CONVENTIONAL,1051.0
2025,NAVALCARNERO,False,HOM_COMPLETED,0.0
2025,NAVALCARNERO,False,HOM_ATTEMPTED,0.0
2025,NAVALCARNERO,False,INJURY,10.0
2025,NAVALCARNERO,False,KIDNAPPING,0.0
2025,NAVALCARNERO,False,SEXUAL,15.0
2025,NAVALCARNERO,False,SEXUAL_PENETRATION,1.0
2025,NAVALCARNERO,False,SEXUAL_OTHER,14.0
2025,NAVALCARNERO,False,ROBBERY_VIOLENT,13.0
2025,NAVALCARNERO,False,BURGLARY,62.0
2025,NAVALCARNERO,False,BURGLARY_DWELLING,33.0
2025,NAVALCARNERO,False,THEFT,283.0
2025,NAVALCARNERO,False,VEHICLE_THEFT,48.0
2025,NAVALCARNERO,False,DRUG_TRAFFICKING,12.0
2025,NAVALCARNERO,False,OTHER_CONVENTIONAL,608.0
2025,NAVALCARNERO,False,CYBERCRIME,449.0
2025,NAVALCARNERO,False,CYBER_FRAUD,368.0
2025,NAVALCARNERO,False,CYBER_OTHER,81.0
2025,NAVALCARNERO,False,TOTAL,1500.0
2025,PARACUELLOS DE JARAMA,False,CONVENTIONAL,633.0
2025,PARACUELLOS DE JARAMA,False,HOM_COMPLETED,0.0
2025,PARACUELLOS DE JARAMA,False,HOM_ATTEMPTED,1.0
2025,PARACUELLOS DE JARAMA,False,INJURY,3.0
2025,PARACUELLOS DE JARAMA,False,KIDNAPPING,0.0
2025,PARACUELLOS DE JARAMA,False,SEXUAL,16.0
2025,PARACUELLOS DE JARAMA,False,SEXUAL_PENETRATION,7.0
2025,PARACUELLOS DE JARAMA,False,SEXUAL_OTHER,9.0
2025,PARACUELLOS DE JARAMA,False,ROBBERY_VIOLENT,8.0
2025,PARACUELLOS DE JARAMA,False,BURGLARY,56.0
2025,PARACUELLOS DE JARAMA,False,BURGLARY_DWELLING,44.0
2025,PARACUELLOS DE JARAMA,False,THEFT,125.0
2025,PARACUELLOS DE JARAMA,False,VEHICLE_THEFT,24.0
2025,PARACUELLOS DE JARAMA,False,DRUG_TRAFFICKING,0.0
2025,PARACUELLOS DE JARAMA,False,OTHER_CONVENTIONAL,400.0
2025,PARACUELLOS DE JARAMA,False,CYBERCRIME,410.0
2025,PARACUELLOS DE JARAMA,False,CYBER_FRAUD,355.0
2025,PARACUELLOS DE JARAMA,False,CYBER_OTHER,55.0
2025,PARACUELLOS DE JARAMA,False,TOTAL,1043.0
2025,PARLA,False,CONVENTIONAL,5931.0
2025,PARLA,False,HOM_COMPLETED,2.0
2025,PARLA,False,HOM_ATTEMPTED,6.0
2025,PARLA,False,INJURY,53.0
2025,PARLA,False,KIDNAPPING,0.0
2025,PARLA,False,SEXUAL,54.0
2025,PARLA,False,SEXUAL_PENETRATION,17.0
2025,PARLA,False,SEXUAL_OTHER,37.0
2025,PARLA,False,ROBBERY_VIOLENT,370.0
2025,PARLA,False,BURGLARY,264.0
2025,PARLA,False,BURGLARY_DWELLING,76.0
2025,PARLA,False,THEFT,1734.0
2025,PARLA,False,VEHICLE_THEFT,96.0
2025,PARLA,False,DRUG_TRAFFICKING,37.0
2025,PARLA,False,OTHER_CONVENTIONAL,3315.0
2025,PARLA,False,CYBERCRIME,932.0
2025,PARLA,False,CYBER_FRAUD,883.0
2025,PARLA,False,CYBER_OTHER,49.0
2025,PARLA,False,TOTAL,6863.0
2025,PINTO,False,CONVENTIONAL,2056.0
2025,PINTO,False,HOM_COMPLETED,0.0
2025,PINTO,False,HOM_ATTEMPTED,1.0
2025,PINTO,False,INJURY,26.0
2025,PINTO,False,KIDNAPPING,0.0
2025,PINTO,False,SEXUAL,21.0
2025,PINTO,False,SEXUAL_PENETRATION,3.0
2025,PINTO,False,SEXUAL_OTHER,18.0
2025,PINTO,False,ROBBERY_VIOLENT,37.0
2025,PINTO,False,BURGLARY,64.0
2025,PINTO,False,BURGLARY_DWELLING,41.0
2025,PINTO,False,THEFT,628.0
2025,PINTO,False,VEHICLE_THEFT,29.0
2025,PINTO,False,DRUG_TRAFFICKING,23.0
2025,PINTO,False,OTHER_CONVENTIONAL,1227.0
2025,PINTO,False,CYBERCRIME,771.0
2025,PINTO,False,CYBER_FRAUD,640.0
2025,PINTO,False,CYBER_OTHER,131.0
2025,PINTO,False,TOTAL,2827.0
2025,POZUELO DE ALARCON,False,CONVENTIONAL,1890.0
2025,POZUELO DE ALARCON,False,HOM_COMPLETED,1.0
2025,POZUELO DE ALARCON,False,HOM_ATTEMPTED,0.0
2025,POZUELO DE ALARCON,False,INJURY,12.0
2025,POZUELO DE ALARCON,False,KIDNAPPING,0.0
2025,POZUELO DE ALARCON,False,SEXUAL,17.0
2025,POZUELO DE ALARCON,False,SEXUAL_PENETRATION,2.0
2025,POZUELO DE ALARCON,False,SEXUAL_OTHER,15.0
2025,POZUELO DE ALARCON,False,ROBBERY_VIOLENT,19.0
2025,POZUELO DE ALARCON,False,BURGLARY,82.0
2025,POZUELO DE ALARCON,False,BURGLARY_DWELLING,56.0
2025,POZUELO DE ALARCON,False,THEFT,702.0
2025,POZUELO DE ALARCON,False,VEHICLE_THEFT,62.0
2025,POZUELO DE ALARCON,False,DRUG_TRAFFICKING,1.0
2025,POZUELO DE ALARCON,False,OTHER_CONVENTIONAL,994.0
2025,POZUELO DE ALARCON,False,CYBERCRIME,609.0
2025,POZUELO DE ALARCON,False,CYBER_FRAUD,508.0
2025,POZUELO DE ALARCON,False,CYBER_OTHER,101.0
2025,POZUELO DE ALARCON,False,TOTAL,2499.0
2025,RIVAS VACIAMADRID,False,CONVENTIONAL,4498.0
2025,RIVAS VACIAMADRID,False,HOM_COMPLETED,0.0
2025,RIVAS VACIAMADRID,False,HOM_ATTEMPTED,1.0
2025,RIVAS VACIAMADRID,False,INJURY,51.0
2025,RIVAS VACIAMADRID,False,KIDNAPPING,0.0
2025,RIVAS VACIAMADRID,False,SEXUAL,24.0
2025,RIVAS VACIAMADRID,False,SEXUAL_PENETRATION,0.0
2025,RIVAS VACIAMADRID,False,SEXUAL_OTHER,24.0
2025,RIVAS VACIAMADRID,False,ROBBERY_VIOLENT,87.0
2025,RIVAS VACIAMADRID,False,BURGLARY,310.0
2025,RIVAS VACIAMADRID,False,BURGLARY_DWELLING,202.0
2025,RIVAS VACIAMADRID,False,THEFT,1844.0
2025,RIVAS VACIAMADRID,False,VEHICLE_THEFT,71.0
2025,RIVAS VACIAMADRID,False,DRUG_TRAFFICKING,17.0
2025,RIVAS VACIAMADRID,False,OTHER_CONVENTIONAL,2093.0
2025,RIVAS VACIAMADRID,False,CYBERCRIME,1666.0
2025,RIVAS VACIAMADRID,False,CYBER_FRAUD,1504.0
2025,RIVAS VACIAMADRID,False,CYBER_OTHER,162.0
2025,RIVAS VACIAMADRID,False,TOTAL,6164.0
2025,LAS ROZAS DE MADRID,False,CONVENTIONAL,2953.0
2025,LAS ROZAS DE MADRID,False,HOM_COMPLETED,0.0
2025,LAS ROZAS DE MADRID,False,HOM_ATTEMPTED,0.0
2025,LAS ROZAS DE MADRID,False,INJURY,49.0
2025,LAS ROZAS DE MADRID,False,KIDNAPPING,0.0
2025,LAS ROZAS DE MADRID,False,SEXUAL,31.0
2025,LAS ROZAS DE MADRID,False,SEXUAL_PENETRATION,7.0
2025,LAS ROZAS DE MADRID,False,SEXUAL_OTHER,24.0
2025,LAS ROZAS DE MADRID,False,ROBBERY_VIOLENT,33.0
2025,LAS ROZAS DE MADRID,False,BURGLARY,158.0
2025,LAS ROZAS DE MADRID,False,BURGLARY_DWELLING,137.0
2025,LAS ROZAS DE MADRID,False,THEFT,1133.0
2025,LAS ROZAS DE MADRID,False,VEHICLE_THEFT,37.0
2025,LAS ROZAS DE MADRID,False,DRUG_TRAFFICKING,13.0
2025,LAS ROZAS DE MADRID,False,OTHER_CONVENTIONAL,1499.0
2025,LAS ROZAS DE MADRID,False,CYBERCRIME,1599.0
2025,LAS ROZAS DE MADRID,False,CYBER_FRAUD,1435.0
2025,LAS ROZAS DE MADRID,False,CYBER_OTHER,164.0
2025,LAS ROZAS DE MADRID,False,TOTAL,4552.0
2025,SAN FERNANDO DE HENARES,False,CONVENTIONAL,1405.0
2025,SAN FERNANDO DE HENARES,False,HOM_COMPLETED,0.0
2025,SAN FERNANDO DE HENARES,False,HOM_ATTEMPTED,0.0
2025,SAN FERNANDO DE HENARES,False,INJURY,16.0
2025,SAN FERNANDO DE HENARES,False,KIDNAPPING,0.0
2025,SAN FERNANDO DE HENARES,False,SEXUAL,10.0
2025,SAN FERNANDO DE HENARES,False,SEXUAL_PENETRATION,0.0
2025,SAN FERNANDO DE HENARES,False,SEXUAL_OTHER,10.0
2025,SAN FERNANDO DE HENARES,False,ROBBERY_VIOLENT,29.0
2025,SAN FERNANDO DE HENARES,False,BURGLARY,52.0
2025,SAN FERNANDO DE HENARES,False,BURGLARY_DWELLING,35.0
2025,SAN FERNANDO DE HENARES,False,THEFT,437.0
2025,SAN FERNANDO DE HENARES,False,VEHICLE_THEFT,60.0
2025,SAN FERNANDO DE HENARES,False,DRUG_TRAFFICKING,6.0
2025,SAN FERNANDO DE HENARES,False,OTHER_CONVENTIONAL,795.0
2025,SAN FERNANDO DE HENARES,False,CYBERCRIME,319.0
2025,SAN FERNANDO DE HENARES,False,CYBER_FRAUD,273.0
2025,SAN FERNANDO DE HENARES,False,CYBER_OTHER,46.0
2025,SAN FERNANDO DE HENARES,False,TOTAL,1724.0
2025,SAN SEBASTIAN DE LOS REYES,False,CONVENTIONAL,3981.0
2025,SAN SEBASTIAN DE LOS REYES,False,HOM_COMPLETED,0.0
2025,SAN SEBASTIAN DE LOS REYES,False,HOM_ATTEMPTED,2.0
2025,SAN SEBASTIAN DE LOS REYES,False,INJURY,34.0
2025,SAN SEBASTIAN DE LOS REYES,False,KIDNAPPING,0.0
2025,SAN SEBASTIAN DE LOS REYES,False,SEXUAL,23.0
2025,SAN SEBASTIAN DE LOS REYES,False,SEXUAL_PENETRATION,6.0
2025,SAN SEBASTIAN DE LOS REYES,False,SEXUAL_OTHER,17.0
2025,SAN SEBASTIAN DE LOS REYES,False,ROBBERY_VIOLENT,71.0
2025,SAN SEBASTIAN DE LOS REYES,False,BURGLARY,89.0
2025,SAN SEBASTIAN DE LOS REYES,False,BURGLARY_DWELLING,59.0
2025,SAN SEBASTIAN DE LOS REYES,False,THEFT,1696.0
2025,SAN SEBASTIAN DE LOS REYES,False,VEHICLE_THEFT,162.0
2025,SAN SEBASTIAN DE LOS REYES,False,DRUG_TRAFFICKING,26.0
2025,SAN SEBASTIAN DE LOS REYES,False,OTHER_CONVENTIONAL,1878.0
2025,SAN SEBASTIAN DE LOS REYES,False,CYBERCRIME,789.0
2025,SAN SEBASTIAN DE LOS REYES,False,CYBER_FRAUD,713.0
2025,SAN SEBASTIAN DE LOS REYES,False,CYBER_OTHER,76.0
2025,SAN SEBASTIAN DE LOS REYES,False,TOTAL,4770.0
2025,SAN MARTIN DE LA VEGA,False,CONVENTIONAL,638.0
2025,SAN MARTIN DE LA VEGA,False,HOM_COMPLETED,0.0
2025,SAN MARTIN DE LA VEGA,False,HOM_ATTEMPTED,0.0
2025,SAN MARTIN DE LA VEGA,False,INJURY,10.0
2025,SAN MARTIN DE LA VEGA,False,KIDNAPPING,0.0
2025,SAN MARTIN DE LA VEGA,False,SEXUAL,11.0
2025,SAN MARTIN DE LA VEGA,False,SEXUAL_PENETRATION,3.0
2025,SAN MARTIN DE LA VEGA,False,SEXUAL_OTHER,8.0
2025,SAN MARTIN DE LA VEGA,False,ROBBERY_VIOLENT,3.0
2025,SAN MARTIN DE LA VEGA,False,BURGLARY,33.0
2025,SAN MARTIN DE LA VEGA,False,BURGLARY_DWELLING,21.0
2025,SAN MARTIN DE LA VEGA,False,THEFT,168.0
2025,SAN MARTIN DE LA VEGA,False,VEHICLE_THEFT,13.0
2025,SAN MARTIN DE LA VEGA,False,DRUG_TRAFFICKING,2.0
2025,SAN MARTIN DE LA VEGA,False,OTHER_CONVENTIONAL,398.0
2025,SAN MARTIN DE LA VEGA,False,CYBERCRIME,157.0
2025,SAN MARTIN DE LA VEGA,False,CYBER_FRAUD,132.0
2025,SAN MARTIN DE LA VEGA,False,CYBER_OTHER,25.0
2025,SAN MARTIN DE LA VEGA,False,TOTAL,795.0
2025,TORREJON DE ARDOZ,False,CONVENTIONAL,4672.0
2025,TORREJON DE ARDOZ,False,HOM_COMPLETED,1.0
2025,TORREJON DE ARDOZ,False,HOM_ATTEMPTED,0.0
2025,TORREJON DE ARDOZ,False,INJURY,54.0
2025,TORREJON DE ARDOZ,False,KIDNAPPING,0.0
2025,TORREJON DE ARDOZ,False,SEXUAL,68.0
2025,TORREJON DE ARDOZ,False,SEXUAL_PENETRATION,13.0
2025,TORREJON DE ARDOZ,False,SEXUAL_OTHER,55.0
2025,TORREJON DE ARDOZ,False,ROBBERY_VIOLENT,105.0
2025,TORREJON DE ARDOZ,False,BURGLARY,121.0
2025,TORREJON DE ARDOZ,False,BURGLARY_DWELLING,69.0
2025,TORREJON DE ARDOZ,False,THEFT,1775.0
2025,TORREJON DE ARDOZ,False,VEHICLE_THEFT,90.0
2025,TORREJON DE ARDOZ,False,DRUG_TRAFFICKING,68.0
2025,TORREJON DE ARDOZ,False,OTHER_CONVENTIONAL,2390.0
2025,TORREJON DE ARDOZ,False,CYBERCRIME,1030.0
2025,TORREJON DE ARDOZ,False,CYBER_FRAUD,858.0
2025,TORREJON DE ARDOZ,False,CYBER_OTHER,172.0
2025,TORREJON DE ARDOZ,False,TOTAL,5702.0
2025,TORRELODONES,False,CONVENTIONAL,769.0
2025,TORRELODONES,False,HOM_COMPLETED,0.0
2025,TORRELODONES,False,HOM_ATTEMPTED,0.0
2025,TORRELODONES,False,INJURY,18.0
2025,TORRELODONES,False,KIDNAPPING,0.0
2025,TORRELODONES,False,SEXUAL,8.0
2025,TORRELODONES,False,SEXUAL_PENETRATION,0.0
2025,TORRELODONES,False,SEXUAL_OTHER,8.0
2025,TORRELODONES,False,ROBBERY_VIOLENT,5.0
2025,TORRELODONES,False,BURGLARY,98.0
2025,TORRELODONES,False,BURGLARY_DWELLING,78.0
2025,TORRELODONES,False,THEFT,215.0
2025,TORRELODONES,False,VEHICLE_THEFT,4.0
2025,TORRELODONES,False,DRUG_TRAFFICKING,5.0
2025,TORRELODONES,False,OTHER_CONVENTIONAL,416.0
2025,TORRELODONES,False,CYBERCRIME,407.0
2025,TORRELODONES,False,CYBER_FRAUD,351.0
2025,TORRELODONES,False,CYBER_OTHER,56.0
2025,TORRELODONES,False,TOTAL,1176.0
2025,TRES CANTOS,False,CONVENTIONAL,1257.0
2025,TRES CANTOS,False,HOM_COMPLETED,0.0
2025,TRES CANTOS,False,HOM_ATTEMPTED,0.0
2025,TRES CANTOS,False,INJURY,16.0
2025,TRES CANTOS,False,KIDNAPPING,0.0
2025,TRES CANTOS,False,SEXUAL,6.0
2025,TRES CANTOS,False,SEXUAL_PENETRATION,0.0
2025,TRES CANTOS,False,SEXUAL_OTHER,6.0
2025,TRES CANTOS,False,ROBBERY_VIOLENT,12.0
2025,TRES CANTOS,False,BURGLARY,60.0
2025,TRES CANTOS,False,BURGLARY_DWELLING,49.0
2025,TRES CANTOS,False,THEFT,435.0
2025,TRES CANTOS,False,VEHICLE_THEFT,10.0
2025,TRES CANTOS,False,DRUG_TRAFFICKING,4.0
2025,TRES CANTOS,False,OTHER_CONVENTIONAL,714.0
2025,TRES CANTOS,False,CYBERCRIME,713.0
2025,TRES CANTOS,False,CYBER_FRAUD,634.0
2025,TRES CANTOS,False,CYBER_OTHER,79.0
2025,TRES CANTOS,False,TOTAL,1970.0
2025,VALDEMORO,False,CONVENTIONAL,2737.0
2025,VALDEMORO,False,HOM_COMPLETED,1.0
2025,VALDEMORO,False,HOM_ATTEMPTED,0.0
2025,VALDEMORO,False,INJURY,107.0
2025,VALDEMORO,False,KIDNAPPING,0.0
2025,VALDEMORO,False,SEXUAL,33.0
2025,VALDEMORO,False,SEXUAL_PENETRATION,6.0
2025,VALDEMORO,False,SEXUAL_OTHER,27.0
2025,VALDEMORO,False,ROBBERY_VIOLENT,46.0
2025,VALDEMORO,False,BURGLARY,110.0
2025,VALDEMORO,False,BURGLARY_DWELLING,52.0
2025,VALDEMORO,False,THEFT,730.0
2025,VALDEMORO,False,VEHICLE_THEFT,43.0
2025,VALDEMORO,False,DRUG_TRAFFICKING,19.0
2025,VALDEMORO,False,OTHER_CONVENTIONAL,1648.0
2025,VALDEMORO,False,CYBERCRIME,980.0
2025,VALDEMORO,False,CYBER_FRAUD,808.0
2025,VALDEMORO,False,CYBER_OTHER,172.0
2025,VALDEMORO,False,TOTAL,3717.0
2025,VILLANUEVA DE LA CANADA,False,CONVENTIONAL,702.0
2025,VILLANUEVA DE LA CANADA,False,HOM_COMPLETED,0.0
2025,VILLANUEVA DE LA CANADA,False,HOM_ATTEMPTED,0.0
2025,VILLANUEVA DE LA CANADA,False,INJURY,8.0
2025,VILLANUEVA DE LA CANADA,False,KIDNAPPING,0.0
2025,VILLANUEVA DE LA CANADA,False,SEXUAL,8.0
2025,VILLANUEVA DE LA CANADA,False,SEXUAL_PENETRATION,1.0
2025,VILLANUEVA DE LA CANADA,False,SEXUAL_OTHER,7.0
2025,VILLANUEVA DE LA CANADA,False,ROBBERY_VIOLENT,7.0
2025,VILLANUEVA DE LA CANADA,False,BURGLARY,63.0
2025,VILLANUEVA DE LA CANADA,False,BURGLARY_DWELLING,61.0
2025,VILLANUEVA DE LA CANADA,False,THEFT,278.0
2025,VILLANUEVA DE LA CANADA,False,VEHICLE_THEFT,9.0
2025,VILLANUEVA DE LA CANADA,False,DRUG_TRAFFICKING,0.0
2025,VILLANUEVA DE LA CANADA,False,OTHER_CONVENTIONAL,329.0
2025,VILLANUEVA DE LA CANADA,False,CYBERCRIME,225.0
2025,VILLANUEVA DE LA CANADA,False,CYBER_FRAUD,198.0
2025,VILLANUEVA DE LA CANADA,False,CYBER_OTHER,27.0
2025,VILLANUEVA DE LA CANADA,False,TOTAL,927.0
2025,VILLAVICIOSA DE ODON,False,CONVENTIONAL,981.0
2025,VILLAVICIOSA DE ODON,False,HOM_COMPLETED,0.0
2025,VILLAVICIOSA DE ODON,False,HOM_ATTEMPTED,1.0
2025,VILLAVICIOSA DE ODON,False,INJURY,13.0
2025,VILLAVICIOSA DE ODON,False,KIDNAPPING,0.0
2025,VILLAVICIOSA DE ODON,False,SEXUAL,20.0
2025,VILLAVICIOSA DE ODON,False,SEXUAL_PENETRATION,5.0
2025,VILLAVICIOSA DE ODON,False,SEXUAL_OTHER,15.0
2025,VILLAVICIOSA DE ODON,False,ROBBERY_VIOLENT,18.0
2025,VILLAVICIOSA DE ODON,False,BURGLARY,93.0
2025,VILLAVICIOSA DE ODON,False,BURGLARY_DWELLING,81.0
2025,VILLAVICIOSA DE ODON,False,THEFT,254.0
2025,VILLAVICIOSA DE ODON,False,VEHICLE_THEFT,6.0
2025,VILLAVICIOSA DE ODON,False,DRUG_TRAFFICKING,6.0
2025,VILLAVICIOSA DE ODON,False,OTHER_CONVENTIONAL,570.0
2025,VILLAVICIOSA DE ODON,False,CYBERCRIME,356.0
2025,VILLAVICIOSA DE ODON,False,CYBER_FRAUD,314.0
2025,VILLAVICIOSA DE ODON,False,CYBER_OTHER,42.0
2025,VILLAVICIOSA DE ODON,False,TOTAL,1337.0
