year,crime_code,age,sex,count
2019,1,0-13,M,534.0
2019,1,0-13,F,364.0
2019,1,0-13,U,1.0
2019,1,14-17,M,696.0
2019,1,14-17,F,690.0
2019,1,14-17,U,1.0
2019,1,18-30,M,3752.0
2019,1,18-30,F,5258.0
2019,1,18-30,U,8.0
2019,1,31-40,M,2813.0
2019,1,31-40,F,4621.0
2019,1,31-40,U,13.0
2019,1,41-64,M,4263.0
2019,1,41-64,F,5221.0
2019,1,41-64,U,14.0
2019,1,65+,M,579.0
2019,1,65+,F,676.0
2019,1,65+,U,2.0
2019,1,U,M,45.0
2019,1,U,F,19.0
2019,1,U,U,7.0
2019,1.1,0-13,M,1.0
2019,1.1,0-13,F,2.0
2019,1.1,0-13,U,0.0
2019,1.1,14-17,M,0.0
2019,1.1,14-17,F,0.0
2019,1.1,14-17,U,0.0
2019,1.1,18-30,M,30.0
2019,1.1,18-30,F,9.0
2019,1.1,18-30,U,1.0
2019,1.1,31-40,M,17.0
2019,1.1,31-40,F,6.0
2019,1.1,31-40,U,0.0
2019,1.1,41-64,M,17.0
2019,1.1,41-64,F,8.0
2019,1.1,41-64,U,0.0
2019,1.1,65+,M,8.0
2019,1.1,65+,F,5.0
2019,1.1,65+,U,0.0
2019,1.1,U,M,4.0
2019,1.1,U,F,1.0
2019,1.1,U,U,1.0
2019,1.1.1,0-13,M,1.0
2019,1.1.1,0-13,F,0.0
2019,1.1.1,0-13,U,0.0
2019,1.1.1,14-17,M,0.0
2019,1.1.1,14-17,F,0.0
2019,1.1.1,14-17,U,0.0
2019,1.1.1,18-30,M,4.0
2019,1.1.1,18-30,F,4.0
2019,1.1.1,18-30,U,0.0
2019,1.1.1,31-40,M,1.0
2019,1.1.1,31-40,F,4.0
2019,1.1.1,31-40,U,0.0
2019,1.1.1,41-64,M,6.0
2019,1.1.1,41-64,F,3.0
2019,1.1.1,41-64,U,0.0
2019,1.1.1,65+,M,5.0
2019,1.1.1,65+,F,3.0
2019,1.1.1,65+,U,0.0
2019,1.1.1,U,M,0.0
2019,1.1.1,U,F,1.0
2019,1.1.1,U,U,0.0
2019,1.2,0-13,M,264.0
2019,1.2,0-13,F,137.0
2019,1.2,0-13,U,1.0
2019,1.2,14-17,M,563.0
2019,1.2,14-17,F,295.0
2019,1.2,14-17,U,0.0
2019,1.2,18-30,M,2969.0
2019,1.2,18-30,F,1322.0
2019,1.2,18-30,U,0.0
2019,1.2,31-40,M,2159.0
2019,1.2,31-40,F,989.0
2019,1.2,31-40,U,2.0
2019,1.2,41-64,M,3149.0
2019,1.2,41-64,F,1507.0
2019,1.2,41-64,U,8.0
2019,1.2,65+,M,362.0
2019,1.2,65+,F,208.0
2019,1.2,65+,U,2.0
2019,1.2,U,M,27.0
2019,1.2,U,F,8.0
2019,1.2,U,U,5.0
2019,1.3,0-13,M,254.0
2019,1.3,0-13,F,211.0
2019,1.3,0-13,U,0.0
2019,1.3,14-17,M,121.0
2019,1.3,14-17,F,384.0
2019,1.3,14-17,U,1.0
2019,1.3,18-30,M,688.0
2019,1.3,18-30,F,3860.0
2019,1.3,18-30,U,6.0
2019,1.3,31-40,M,585.0
2019,1.3,31-40,F,3583.0
2019,1.3,31-40,U,11.0
2019,1.3,41-64,M,971.0
2019,1.3,41-64,F,3615.0
2019,1.3,41-64,U,6.0
2019,1.3,65+,M,188.0
2019,1.3,65+,F,447.0
2019,1.3,65+,U,0.0
2019,1.3,U,M,12.0
2019,1.3,U,F,9.0
2019,1.3,U,U,0.0
2019,1.4,0-13,M,15.0
2019,1.4,0-13,F,14.0
2019,1.4,0-13,U,0.0
2019,1.4,14-17,M,12.0
2019,1.4,14-17,F,11.0
2019,1.4,14-17,U,0.0
2019,1.4,18-30,M,65.0
2019,1.4,18-30,F,67.0
2019,1.4,18-30,U,1.0
2019,1.4,31-40,M,52.0
2019,1.4,31-40,F,43.0
2019,1.4,31-40,U,0.0
2019,1.4,41-64,M,126.0
2019,1.4,41-64,F,91.0
2019,1.4,41-64,U,0.0
2019,1.4,65+,M,21.0
2019,1.4,65+,F,16.0
2019,1.4,65+,U,0.0
2019,1.4,U,M,2.0
2019,1.4,U,F,1.0
2019,1.4,U,U,1.0
2019,2,0-13,M,150.0
2019,2,0-13,F,157.0
2019,2,0-13,U,0.0
2019,2,14-17,M,342.0
2019,2,14-17,F,344.0
2019,2,14-17,U,0.0
2019,2,18-30,M,1649.0
2019,2,18-30,F,1942.0
2019,2,18-30,U,2.0
2019,2,31-40,M,1857.0
2019,2,31-40,F,1878.0
2019,2,31-40,U,2.0
2019,2,41-64,M,3378.0
2019,2,41-64,F,2906.0
2019,2,41-64,U,17.0
2019,2,65+,M,503.0
2019,2,65+,F,434.0
2019,2,65+,U,6.0
2019,2,U,M,61.0
2019,2,U,F,27.0
2019,2,U,U,6.0
2019,2.1,0-13,M,24.0
2019,2.1,0-13,F,20.0
2019,2.1,0-13,U,0.0
2019,2.1,14-17,M,19.0
2019,2.1,14-17,F,37.0
2019,2.1,14-17,U,0.0
2019,2.1,18-30,M,39.0
2019,2.1,18-30,F,252.0
2019,2.1,18-30,U,1.0
2019,2.1,31-40,M,24.0
2019,2.1,31-40,F,318.0
2019,2.1,31-40,U,1.0
2019,2.1,41-64,M,67.0
2019,2.1,41-64,F,332.0
2019,2.1,41-64,U,0.0
2019,2.1,65+,M,24.0
2019,2.1,65+,F,63.0
2019,2.1,65+,U,0.0
2019,2.1,U,M,1.0
2019,2.1,U,F,2.0
2019,2.1,U,U,0.0
2019,2.2,0-13,M,126.0
2019,2.2,0-13,F,137.0
2019,2.2,0-13,U,0.0
2019,2.2,14-17,M,323.0
2019,2.2,14-17,F,307.0
2019,2.2,14-17,U,0.0
2019,2.2,18-30,M,1610.0
2019,2.2,18-30,F,1690.0
2019,2.2,18-30,U,1.0
2019,2.2,31-40,M,1833.0
2019,2.2,31-40,F,1560.0
2019,2.2,31-40,U,1.0
2019,2.2,41-64,M,3311.0
2019,2.2,41-64,F,2574.0
2019,2.2,41-64,U,17.0
2019,2.2,65+,M,479.0
2019,2.2,65+,F,371.0
2019,2.2,65+,U,6.0
2019,2.2,U,M,60.0
2019,2.2,U,F,25.0
2019,2.2,U,U,6.0
2019,3,0-13,M,134.0
2019,3,0-13,F,356.0
2019,3,0-13,U,2.0
2019,3,14-17,M,102.0
2019,3,14-17,F,453.0
2019,3,14-17,U,0.0
2019,3,18-30,M,71.0
2019,3,18-30,F,663.0
2019,3,18-30,U,0.0
2019,3,31-40,M,26.0
2019,3,31-40,F,224.0
2019,3,31-40,U,1.0
2019,3,41-64,M,21.0
2019,3,41-64,F,170.0
2019,3,41-64,U,0.0
2019,3,65+,M,2.0
2019,3,65+,F,12.0
2019,3,65+,U,0.0
2019,3,U,M,1.0
2019,3,U,F,8.0
2019,3,U,U,0.0
2019,3.1,0-13,M,61.0
2019,3.1,0-13,F,230.0
2019,3.1,0-13,U,0.0
2019,3.1,14-17,M,63.0
2019,3.1,14-17,F,247.0
2019,3.1,14-17,U,0.0
2019,3.1,18-30,M,46.0
2019,3.1,18-30,F,424.0
2019,3.1,18-30,U,0.0
2019,3.1,31-40,M,13.0
2019,3.1,31-40,F,145.0
2019,3.1,31-40,U,0.0
2019,3.1,41-64,M,14.0
2019,3.1,41-64,F,109.0
2019,3.1,41-64,U,0.0
2019,3.1,65+,M,0.0
2019,3.1,65+,F,12.0
2019,3.1,65+,U,0.0
2019,3.1,U,M,1.0
2019,3.1,U,F,3.0
2019,3.1,U,U,0.0
2019,3.2,0-13,M,12.0
2019,3.2,0-13,F,31.0
2019,3.2,0-13,U,0.0
2019,3.2,14-17,M,5.0
2019,3.2,14-17,F,108.0
2019,3.2,14-17,U,0.0
2019,3.2,18-30,M,19.0
2019,3.2,18-30,F,182.0
2019,3.2,18-30,U,0.0
2019,3.2,31-40,M,7.0
2019,3.2,31-40,F,57.0
2019,3.2,31-40,U,1.0
2019,3.2,41-64,M,1.0
2019,3.2,41-64,F,44.0
2019,3.2,41-64,U,0.0
2019,3.2,65+,M,0.0
2019,3.2,65+,F,0.0
2019,3.2,65+,U,0.0
2019,3.2,U,M,0.0
2019,3.2,U,F,1.0
2019,3.2,U,U,0.0
2019,3.3,0-13,M,7.0
2019,3.3,0-13,F,11.0
2019,3.3,0-13,U,0.0
2019,3.3,14-17,M,15.0
2019,3.3,14-17,F,20.0
2019,3.3,14-17,U,0.0
2019,3.3,18-30,M,4.0
2019,3.3,18-30,F,2.0
2019,3.3,18-30,U,0.0
2019,3.3,31-40,M,1.0
2019,3.3,31-40,F,0.0
2019,3.3,31-40,U,0.0
2019,3.3,41-64,M,1.0
2019,3.3,41-64,F,1.0
2019,3.3,41-64,U,0.0
2019,3.3,65+,M,1.0
2019,3.3,65+,F,0.0
2019,3.3,65+,U,0.0
2019,3.3,U,M,0.0
2019,3.3,U,F,2.0
2019,3.3,U,U,0.0
2019,3.4,0-13,M,5.0
2019,3.4,0-13,F,7.0
2019,3.4,0-13,U,0.0
2019,3.4,14-17,M,5.0
2019,3.4,14-17,F,1.0
2019,3.4,14-17,U,0.0
2019,3.4,18-30,M,1.0
2019,3.4,18-30,F,0.0
2019,3.4,18-30,U,0.0
2019,3.4,31-40,M,1.0
2019,3.4,31-40,F,0.0
2019,3.4,31-40,U,0.0
2019,3.4,41-64,M,1.0
2019,3.4,41-64,F,4.0
2019,3.4,41-64,U,0.0
2019,3.4,65+,M,0.0
2019,3.4,65+,F,0.0
2019,3.4,65+,U,0.0
2019,3.4,U,M,0.0
2019,3.4,U,F,0.0
2019,3.4,U,U,0.0
2019,3.5,0-13,M,49.0
2019,3.5,0-13,F,77.0
2019,3.5,0-13,U,2.0
2019,3.5,14-17,M,14.0
2019,3.5,14-17,F,77.0
2019,3.5,14-17,U,0.0
2019,3.5,18-30,M,1.0
2019,3.5,18-30,F,55.0
2019,3.5,18-30,U,0.0
2019,3.5,31-40,M,4.0
2019,3.5,31-40,F,22.0
2019,3.5,31-40,U,0.0
2019,3.5,41-64,M,4.0
2019,3.5,41-64,F,12.0
2019,3.5,41-64,U,0.0
2019,3.5,65+,M,1.0
2019,3.5,65+,F,0.0
2019,3.5,65+,U,0.0
2019,3.5,U,M,0.0
2019,3.5,U,F,2.0
2019,3.5,U,U,0.0
2019,4,0-13,M,108.0
2019,4,0-13,F,66.0
2019,4,0-13,U,1.0
2019,4,14-17,M,14.0
2019,4,14-17,F,25.0
2019,4,14-17,U,0.0
2019,4,18-30,M,19.0
2019,4,18-30,F,63.0
2019,4,18-30,U,0.0
2019,4,31-40,M,34.0
2019,4,31-40,F,196.0
2019,4,31-40,U,0.0
2019,4,41-64,M,54.0
2019,4,41-64,F,239.0
2019,4,41-64,U,0.0
2019,4,65+,M,3.0
2019,4,65+,F,8.0
2019,4,65+,U,0.0
2019,4,U,M,7.0
2019,4,U,F,0.0
2019,4,U,U,0.0
2019,5,0-13,M,315.0
2019,5,0-13,F,138.0
2019,5,0-13,U,1.0
2019,5,14-17,M,1828.0
2019,5,14-17,F,1454.0
2019,5,14-17,U,2.0
2019,5,18-30,M,30741.0
2019,5,18-30,F,33110.0
2019,5,18-30,U,18.0
2019,5,31-40,M,30349.0
2019,5,31-40,F,24037.0
2019,5,31-40,U,12.0
2019,5,41-64,M,60943.0
2019,5,41-64,F,44117.0
2019,5,41-64,U,25.0
2019,5,65+,M,13818.0
2019,5,65+,F,13739.0
2019,5,65+,U,29.0
2019,5,U,M,247.0
2019,5,U,F,102.0
2019,5,U,U,66.0
2019,5.1,0-13,M,116.0
2019,5.1,0-13,F,98.0
2019,5.1,0-13,U,0.0
2019,5.1,14-17,M,719.0
2019,5.1,14-17,F,1109.0
2019,5.1,14-17,U,1.0
2019,5.1,18-30,M,15115.0
2019,5.1,18-30,F,22265.0
2019,5.1,18-30,U,17.0
2019,5.1,31-40,M,11240.0
2019,5.1,31-40,F,12438.0
2019,5.1,31-40,U,8.0
2019,5.1,41-64,M,20689.0
2019,5.1,41-64,F,21434.0
2019,5.1,41-64,U,10.0
2019,5.1,65+,M,6091.0
2019,5.1,65+,F,8695.0
2019,5.1,65+,U,20.0
2019,5.1,U,M,199.0
2019,5.1,U,F,77.0
2019,5.1,U,U,54.0
2019,5.2,0-13,M,10.0
2019,5.2,0-13,F,1.0
2019,5.2,0-13,U,0.0
2019,5.2,14-17,M,27.0
2019,5.2,14-17,F,10.0
2019,5.2,14-17,U,0.0
2019,5.2,18-30,M,3119.0
2019,5.2,18-30,F,1457.0
2019,5.2,18-30,U,0.0
2019,5.2,31-40,M,5601.0
2019,5.2,31-40,F,2288.0
2019,5.2,31-40,U,1.0
2019,5.2,41-64,M,11926.0
2019,5.2,41-64,F,4304.0
2019,5.2,41-64,U,0.0
2019,5.2,65+,M,1705.0
2019,5.2,65+,F,892.0
2019,5.2,65+,U,0.0
2019,5.2,U,M,10.0
2019,5.2,U,F,3.0
2019,5.2,U,U,0.0
2019,5.2.1,0-13,M,4.0
2019,5.2.1,0-13,F,0.0
2019,5.2.1,0-13,U,0.0
2019,5.2.1,14-17,M,1.0
2019,5.2.1,14-17,F,1.0
2019,5.2.1,14-17,U,0.0
2019,5.2.1,18-30,M,2308.0
2019,5.2.1,18-30,F,836.0
2019,5.2.1,18-30,U,0.0
2019,5.2.1,31-40,M,3772.0
2019,5.2.1,31-40,F,1166.0
2019,5.2.1,31-40,U,0.0
2019,5.2.1,41-64,M,7320.0
2019,5.2.1,41-64,F,1709.0
2019,5.2.1,41-64,U,0.0
2019,5.2.1,65+,M,557.0
2019,5.2.1,65+,F,142.0
2019,5.2.1,65+,U,0.0
2019,5.2.1,U,M,7.0
2019,5.2.1,U,F,0.0
2019,5.2.1,U,U,0.0
2019,5.2.2,0-13,M,5.0
2019,5.2.2,0-13,F,1.0
2019,5.2.2,0-13,U,0.0
2019,5.2.2,14-17,M,2.0
2019,5.2.2,14-17,F,3.0
2019,5.2.2,14-17,U,0.0
2019,5.2.2,18-30,M,301.0
2019,5.2.2,18-30,F,337.0
2019,5.2.2,18-30,U,0.0
2019,5.2.2,31-40,M,703.0
2019,5.2.2,31-40,F,527.0
2019,5.2.2,31-40,U,1.0
2019,5.2.2,41-64,M,1827.0
2019,5.2.2,41-64,F,1460.0
2019,5.2.2,41-64,U,0.0
2019,5.2.2,65+,M,892.0
2019,5.2.2,65+,F,647.0
2019,5.2.2,65+,U,0.0
2019,5.2.2,U,M,1.0
2019,5.2.2,U,F,3.0
2019,5.2.2,U,U,0.0
2019,5.2.3,0-13,M,0.0
2019,5.2.3,0-13,F,0.0
2019,5.2.3,0-13,U,0.0
2019,5.2.3,14-17,M,2.0
2019,5.2.3,14-17,F,0.0
2019,5.2.3,14-17,U,0.0
2019,5.2.3,18-30,M,245.0
2019,5.2.3,18-30,F,151.0
2019,5.2.3,18-30,U,0.0
2019,5.2.3,31-40,M,721.0
2019,5.2.3,31-40,F,412.0
2019,5.2.3,31-40,U,0.0
2019,5.2.3,41-64,M,1728.0
2019,5.2.3,41-64,F,732.0
2019,5.2.3,41-64,U,0.0
2019,5.2.3,65+,M,124.0
2019,5.2.3,65+,F,48.0
2019,5.2.3,65+,U,0.0
2019,5.2.3,U,M,1.0
2019,5.2.3,U,F,0.0
2019,5.2.3,U,U,0.0
2019,5.3,0-13,M,165.0
2019,5.3,0-13,F,21.0
2019,5.3,0-13,U,0.0
2019,5.3,14-17,M,1014.0
2019,5.3,14-17,F,277.0
2019,5.3,14-17,U,1.0
2019,5.3,18-30,M,3597.0
2019,5.3,18-30,F,1971.0
2019,5.3,18-30,U,0.0
2019,5.3,31-40,M,1658.0
2019,5.3,31-40,F,969.0
2019,5.3,31-40,U,1.0
2019,5.3,41-64,M,2661.0
2019,5.3,41-64,F,2030.0
2019,5.3,41-64,U,9.0
2019,5.3,65+,M,655.0
2019,5.3,65+,F,952.0
2019,5.3,65+,U,3.0
2019,5.3,U,M,19.0
2019,5.3,U,F,8.0
2019,5.3,U,U,1.0
2019,5.3.1,0-13,M,114.0
2019,5.3.1,0-13,F,16.0
2019,5.3.1,0-13,U,0.0
2019,5.3.1,14-17,M,759.0
2019,5.3.1,14-17,F,178.0
2019,5.3.1,14-17,U,1.0
2019,5.3.1,18-30,M,2646.0
2019,5.3.1,18-30,F,1319.0
2019,5.3.1,18-30,U,0.0
2019,5.3.1,31-40,M,1232.0
2019,5.3.1,31-40,F,660.0
2019,5.3.1,31-40,U,1.0
2019,5.3.1,41-64,M,1892.0
2019,5.3.1,41-64,F,1378.0
2019,5.3.1,41-64,U,5.0
2019,5.3.1,65+,M,452.0
2019,5.3.1,65+,F,644.0
2019,5.3.1,65+,U,2.0
2019,5.3.1,U,M,10.0
2019,5.3.1,U,F,2.0
2019,5.3.1,U,U,1.0
2019,5.3.2,0-13,M,8.0
2019,5.3.2,0-13,F,2.0
2019,5.3.2,0-13,U,0.0
2019,5.3.2,14-17,M,15.0
2019,5.3.2,14-17,F,7.0
2019,5.3.2,14-17,U,0.0
2019,5.3.2,18-30,M,80.0
2019,5.3.2,18-30,F,57.0
2019,5.3.2,18-30,U,0.0
2019,5.3.2,31-40,M,59.0
2019,5.3.2,31-40,F,36.0
2019,5.3.2,31-40,U,0.0
2019,5.3.2,41-64,M,167.0
2019,5.3.2,41-64,F,119.0
2019,5.3.2,41-64,U,0.0
2019,5.3.2,65+,M,106.0
2019,5.3.2,65+,F,229.0
2019,5.3.2,65+,U,0.0
2019,5.3.2,U,M,1.0
2019,5.3.2,U,F,1.0
2019,5.3.2,U,U,0.0
2019,5.3.3,0-13,M,4.0
2019,5.3.3,0-13,F,0.0
2019,5.3.3,0-13,U,0.0
2019,5.3.3,14-17,M,17.0
2019,5.3.3,14-17,F,12.0
2019,5.3.3,14-17,U,0.0
2019,5.3.3,18-30,M,287.0
2019,5.3.3,18-30,F,297.0
2019,5.3.3,18-30,U,0.0
2019,5.3.3,31-40,M,201.0
2019,5.3.3,31-40,F,164.0
2019,5.3.3,31-40,U,0.0
2019,5.3.3,41-64,M,313.0
2019,5.3.3,41-64,F,292.0
2019,5.3.3,41-64,U,0.0
2019,5.3.3,65+,M,34.0
2019,5.3.3,65+,F,23.0
2019,5.3.3,65+,U,0.0
2019,5.3.3,U,M,4.0
2019,5.3.3,U,F,2.0
2019,5.3.3,U,U,0.0
2019,5.4,0-13,M,2.0
2019,5.4,0-13,F,1.0
2019,5.4,0-13,U,0.0
2019,5.4,14-17,M,0.0
2019,5.4,14-17,F,0.0
2019,5.4,14-17,U,0.0
2019,5.4,18-30,M,1051.0
2019,5.4,18-30,F,269.0
2019,5.4,18-30,U,0.0
2019,5.4,31-40,M,1537.0
2019,5.4,31-40,F,463.0
2019,5.4,31-40,U,0.0
2019,5.4,41-64,M,2434.0
2019,5.4,41-64,F,638.0
2019,5.4,41-64,U,0.0
2019,5.4,65+,M,356.0
2019,5.4,65+,F,70.0
2019,5.4,65+,U,0.0
2019,5.4,U,M,0.0
2019,5.4,U,F,1.0
2019,5.4,U,U,0.0
2019,5.5,0-13,M,12.0
2019,5.5,0-13,F,8.0
2019,5.5,0-13,U,0.0
2019,5.5,14-17,M,38.0
2019,5.5,14-17,F,28.0
2019,5.5,14-17,U,0.0
2019,5.5,18-30,M,4991.0
2019,5.5,18-30,F,5363.0
2019,5.5,18-30,U,1.0
2019,5.5,31-40,M,5461.0
2019,5.5,31-40,F,5081.0
2019,5.5,31-40,U,1.0
2019,5.5,41-64,M,11515.0
2019,5.5,41-64,F,9754.0
2019,5.5,41-64,U,3.0
2019,5.5,65+,M,2632.0
2019,5.5,65+,F,2003.0
2019,5.5,65+,U,1.0
2019,5.5,U,M,7.0
2019,5.5,U,F,6.0
2019,5.5,U,U,1.0
2019,5.5.1,0-13,M,7.0
2019,5.5.1,0-13,F,4.0
2019,5.5.1,0-13,U,0.0
2019,5.5.1,14-17,M,21.0
2019,5.5.1,14-17,F,20.0
2019,5.5.1,14-17,U,0.0
2019,5.5.1,18-30,M,2830.0
2019,5.5.1,18-30,F,3079.0
2019,5.5.1,18-30,U,1.0
2019,5.5.1,31-40,M,3059.0
2019,5.5.1,31-40,F,2946.0
2019,5.5.1,31-40,U,0.0
2019,5.5.1,41-64,M,6316.0
2019,5.5.1,41-64,F,5703.0
2019,5.5.1,41-64,U,2.0
2019,5.5.1,65+,M,1289.0
2019,5.5.1,65+,F,852.0
2019,5.5.1,65+,U,0.0
2019,5.5.1,U,M,0.0
2019,5.5.1,U,F,3.0
2019,5.5.1,U,U,0.0
2019,5.6,0-13,M,3.0
2019,5.6,0-13,F,3.0
2019,5.6,0-13,U,0.0
2019,5.6,14-17,M,8.0
2019,5.6,14-17,F,4.0
2019,5.6,14-17,U,0.0
2019,5.6,18-30,M,2333.0
2019,5.6,18-30,F,1291.0
2019,5.6,18-30,U,0.0
2019,5.6,31-40,M,4250.0
2019,5.6,31-40,F,2416.0
2019,5.6,31-40,U,1.0
2019,5.6,41-64,M,10368.0
2019,5.6,41-64,F,5064.0
2019,5.6,41-64,U,2.0
2019,5.6,65+,M,2041.0
2019,5.6,65+,F,912.0
2019,5.6,65+,U,2.0
2019,5.6,U,M,8.0
2019,5.6,U,F,5.0
2019,5.6,U,U,6.0
2019,5.7,0-13,M,0.0
2019,5.7,0-13,F,0.0
2019,5.7,0-13,U,0.0
2019,5.7,14-17,M,0.0
2019,5.7,14-17,F,0.0
2019,5.7,14-17,U,0.0
2019,5.7,18-30,M,3.0
2019,5.7,18-30,F,2.0
2019,5.7,18-30,U,0.0
2019,5.7,31-40,M,3.0
2019,5.7,31-40,F,3.0
2019,5.7,31-40,U,0.0
2019,5.7,41-64,M,11.0
2019,5.7,41-64,F,5.0
2019,5.7,41-64,U,0.0
2019,5.7,65+,M,2.0
2019,5.7,65+,F,0.0
2019,5.7,65+,U,0.0
2019,5.7,U,M,0.0
2019,5.7,U,F,0.0
2019,5.7,U,U,0.0
2019,5.8,0-13,M,0.0
2019,5.8,0-13,F,0.0
2019,5.8,0-13,U,0.0
2019,5.8,14-17,M,0.0
2019,5.8,14-17,F,0.0
2019,5.8,14-17,U,0.0
2019,5.8,18-30,M,0.0
2019,5.8,18-30,F,2.0
2019,5.8,18-30,U,0.0
2019,5.8,31-40,M,0.0
2019,5.8,31-40,F,3.0
2019,5.8,31-40,U,0.0
2019,5.8,41-64,M,1.0
2019,5.8,41-64,F,3.0
2019,5.8,41-64,U,0.0
2019,5.8,65+,M,0.0
2019,5.8,65+,F,0.0
2019,5.8,65+,U,0.0
2019,5.8,U,M,0.0
2019,5.8,U,F,0.0
2019,5.8,U,U,0.0
2019,5.9,0-13,M,7.0
2019,5.9,0-13,F,6.0
2019,5.9,0-13,U,1.0
2019,5.9,14-17,M,22.0
2019,5.9,14-17,F,26.0
2019,5.9,14-17,U,0.0
2019,5.9,18-30,M,532.0
2019,5.9,18-30,F,490.0
2019,5.9,18-30,U,0.0
2019,5.9,31-40,M,599.0
2019,5.9,31-40,F,376.0
2019,5.9,31-40,U,0.0
2019,5.9,41-64,M,1338.0
2019,5.9,41-64,F,885.0
2019,5.9,41-64,U,1.0
2019,5.9,65+,M,336.0
2019,5.9,65+,F,215.0
2019,5.9,65+,U,3.0
2019,5.9,U,M,4.0
2019,5.9,U,F,2.0
2019,5.9,U,U,4.0
2019,6,0-13,M,1.0
2019,6,0-13,F,0.0
2019,6,0-13,U,0.0
2019,6,14-17,M,2.0
2019,6,14-17,F,3.0
2019,6,14-17,U,0.0
2019,6,18-30,M,27.0
2019,6,18-30,F,11.0
2019,6,18-30,U,0.0
2019,6,31-40,M,30.0
2019,6,31-40,F,10.0
2019,6,31-40,U,0.0
2019,6,41-64,M,44.0
2019,6,41-64,F,29.0
2019,6,41-64,U,0.0
2019,6,65+,M,8.0
2019,6,65+,F,5.0
2019,6,65+,U,0.0
2019,6,U,M,9.0
2019,6,U,F,0.0
2019,6,U,U,0.0
2019,6.1,0-13,M,0.0
2019,6.1,0-13,F,0.0
2019,6.1,0-13,U,0.0
2019,6.1,14-17,M,2.0
2019,6.1,14-17,F,1.0
2019,6.1,14-17,U,0.0
2019,6.1,18-30,M,7.0
2019,6.1,18-30,F,1.0
2019,6.1,18-30,U,0.0
2019,6.1,31-40,M,4.0
2019,6.1,31-40,F,1.0
2019,6.1,31-40,U,0.0
2019,6.1,41-64,M,5.0
2019,6.1,41-64,F,3.0
2019,6.1,41-64,U,0.0
2019,6.1,65+,M,0.0
2019,6.1,65+,F,0.0
2019,6.1,65+,U,0.0
2019,6.1,U,M,4.0
2019,6.1,U,F,0.0
2019,6.1,U,U,0.0
2019,6.2,0-13,M,0.0
2019,6.2,0-13,F,0.0
2019,6.2,0-13,U,0.0
2019,6.2,14-17,M,0.0
2019,6.2,14-17,F,0.0
2019,6.2,14-17,U,0.0
2019,6.2,18-30,M,11.0
2019,6.2,18-30,F,6.0
2019,6.2,18-30,U,0.0
2019,6.2,31-40,M,17.0
2019,6.2,31-40,F,6.0
2019,6.2,31-40,U,0.0
2019,6.2,41-64,M,23.0
2019,6.2,41-64,F,11.0
2019,6.2,41-64,U,0.0
2019,6.2,65+,M,3.0
2019,6.2,65+,F,0.0
2019,6.2,65+,U,0.0
2019,6.2,U,M,4.0
2019,6.2,U,F,0.0
2019,6.2,U,U,0.0
2019,6.3,0-13,M,1.0
2019,6.3,0-13,F,0.0
2019,6.3,0-13,U,0.0
2019,6.3,14-17,M,0.0
2019,6.3,14-17,F,2.0
2019,6.3,14-17,U,0.0
2019,6.3,18-30,M,9.0
2019,6.3,18-30,F,4.0
2019,6.3,18-30,U,0.0
2019,6.3,31-40,M,9.0
2019,6.3,31-40,F,3.0
2019,6.3,31-40,U,0.0
2019,6.3,41-64,M,16.0
2019,6.3,41-64,F,15.0
2019,6.3,41-64,U,0.0
2019,6.3,65+,M,5.0
2019,6.3,65+,F,5.0
2019,6.3,65+,U,0.0
2019,6.3,U,M,1.0
2019,6.3,U,F,0.0
2019,6.3,U,U,0.0
2019,7,0-13,M,2.0
2019,7,0-13,F,4.0
2019,7,0-13,U,0.0
2019,7,14-17,M,2.0
2019,7,14-17,F,8.0
2019,7,14-17,U,0.0
2019,7,18-30,M,207.0
2019,7,18-30,F,211.0
2019,7,18-30,U,0.0
2019,7,31-40,M,283.0
2019,7,31-40,F,237.0
2019,7,31-40,U,1.0
2019,7,41-64,M,564.0
2019,7,41-64,F,367.0
2019,7,41-64,U,0.0
2019,7,65+,M,72.0
2019,7,65+,F,56.0
2019,7,65+,U,0.0
2019,7,U,M,3.0
2019,7,U,F,1.0
2019,7,U,U,0.0
2019,8,0-13,M,0.0
2019,8,0-13,F,1.0
2019,8,0-13,U,0.0
2019,8,14-17,M,0.0
2019,8,14-17,F,0.0
2019,8,14-17,U,0.0
2019,8,18-30,M,0.0
2019,8,18-30,F,0.0
2019,8,18-30,U,0.0
2019,8,31-40,M,1.0
2019,8,31-40,F,0.0
2019,8,31-40,U,0.0
2019,8,41-64,M,4.0
2019,8,41-64,F,4.0
2019,8,41-64,U,0.0
2019,8,65+,M,0.0
2019,8,65+,F,0.0
2019,8,65+,U,0.0
2019,8,U,M,1.0
2019,8,U,F,0.0
2019,8,U,U,0.0
2019,9,0-13,M,3.0
2019,9,0-13,F,4.0
2019,9,0-13,U,0.0
2019,9,14-17,M,6.0
2019,9,14-17,F,57.0
2019,9,14-17,U,0.0
2019,9,18-30,M,72.0
2019,9,18-30,F,650.0
2019,9,18-30,U,0.0
2019,9,31-40,M,82.0
2019,9,31-40,F,629.0
2019,9,31-40,U,0.0
2019,9,41-64,M,119.0
2019,9,41-64,F,690.0
2019,9,41-64,U,0.0
2019,9,65+,M,45.0
2019,9,65+,F,130.0
2019,9,65+,U,1.0
2019,9,U,M,45.0
2019,9,U,F,27.0
2019,9,U,U,1.0
2019,10,0-13,M,5.0
2019,10,0-13,F,0.0
2019,10,0-13,U,0.0
2019,10,14-17,M,0.0
2019,10,14-17,F,0.0
2019,10,14-17,U,0.0
2019,10,18-30,M,168.0
2019,10,18-30,F,17.0
2019,10,18-30,U,0.0
2019,10,31-40,M,219.0
2019,10,31-40,F,14.0
2019,10,31-40,U,3.0
2019,10,41-64,M,95.0
2019,10,41-64,F,18.0
2019,10,41-64,U,2.0
2019,10,65+,M,512.0
2019,10,65+,F,22.0
2019,10,65+,U,6.0
2019,10,U,M,1309.0
2019,10,U,F,40.0
2019,10,U,U,199.0
2019,11,0-13,M,0.0
2019,11,0-13,F,0.0
2019,11,0-13,U,0.0
2019,11,14-17,M,0.0
2019,11,14-17,F,0.0
2019,11,14-17,U,0.0
2019,11,18-30,M,0.0
2019,11,18-30,F,0.0
2019,11,18-30,U,0.0
2019,11,31-40,M,0.0
2019,11,31-40,F,0.0
2019,11,31-40,U,0.0
2019,11,41-64,M,0.0
2019,11,41-64,F,0.0
2019,11,41-64,U,0.0
2019,11,65+,M,0.0
2019,11,65+,F,0.0
2019,11,65+,U,0.0
2019,11,U,M,0.0
2019,11,U,F,0.0
2019,11,U,U,0.0
2019,12,0-13,M,2.0
2019,12,0-13,F,2.0
2019,12,0-13,U,0.0
2019,12,14-17,M,4.0
2019,12,14-17,F,9.0
2019,12,14-17,U,0.0
2019,12,18-30,M,97.0
2019,12,18-30,F,78.0
2019,12,18-30,U,0.0
2019,12,31-40,M,83.0
2019,12,31-40,F,78.0
2019,12,31-40,U,0.0
2019,12,41-64,M,166.0
2019,12,41-64,F,144.0
2019,12,41-64,U,0.0
2019,12,65+,M,6.0
2019,12,65+,F,14.0
2019,12,65+,U,0.0
2019,12,U,M,4.0
2019,12,U,F,0.0
2019,12,U,U,0.0
2019,TOTAL,0-13,M,1254.0
2019,TOTAL,0-13,F,1092.0
2019,TOTAL,0-13,U,5.0
2019,TOTAL,14-17,M,2996.0
2019,TOTAL,14-17,F,3043.0
2019,TOTAL,14-17,U,3.0
2019,TOTAL,18-30,M,36803.0
2019,TOTAL,18-30,F,42003.0
2019,TOTAL,18-30,U,28.0
2019,TOTAL,31-40,M,35777.0
2019,TOTAL,31-40,F,31924.0
2019,TOTAL,31-40,U,32.0
2019,TOTAL,41-64,M,69651.0
2019,TOTAL,41-64,F,53905.0
2019,TOTAL,41-64,U,58.0
2019,TOTAL,65+,M,15548.0
2019,TOTAL,65+,F,15096.0
2019,TOTAL,65+,U,44.0
2019,TOTAL,U,M,1732.0
2019,TOTAL,U,F,224.0
2019,TOTAL,U,U,279.0
2020,1,0-13,M,395.0
2020,1,0-13,F,307.0
2020,1,0-13,U,1.0
2020,1,14-17,M,675.0
2020,1,14-17,F,604.0
2020,1,14-17,U,0.0
2020,1,18-30,M,2978.0
2020,1,18-30,F,4603.0
2020,1,18-30,U,4.0
2020,1,31-40,M,2301.0
2020,1,31-40,F,4279.0
2020,1,31-40,U,6.0
2020,1,41-64,M,3839.0
2020,1,41-64,F,4937.0
2020,1,41-64,U,22.0
2020,1,65+,M,519.0
2020,1,65+,F,711.0
2020,1,65+,U,2.0
2020,1,U,M,45.0
2020,1,U,F,15.0
2020,1,U,U,5.0
2020,1.1,0-13,M,1.0
2020,1.1,0-13,F,2.0
2020,1.1,0-13,U,0.0
2020,1.1,14-17,M,4.0
2020,1.1,14-17,F,0.0
2020,1.1,14-17,U,0.0
2020,1.1,18-30,M,31.0
2020,1.1,18-30,F,7.0
2020,1.1,18-30,U,0.0
2020,1.1,31-40,M,25.0
2020,1.1,31-40,F,4.0
2020,1.1,31-40,U,0.0
2020,1.1,41-64,M,34.0
2020,1.1,41-64,F,10.0
2020,1.1,41-64,U,0.0
2020,1.1,65+,M,9.0
2020,1.1,65+,F,8.0
2020,1.1,65+,U,0.0
2020,1.1,U,M,5.0
2020,1.1,U,F,0.0
2020,1.1,U,U,0.0
2020,1.1.1,0-13,M,1.0
2020,1.1.1,0-13,F,0.0
2020,1.1.1,0-13,U,0.0
2020,1.1.1,14-17,M,1.0
2020,1.1.1,14-17,F,0.0
2020,1.1.1,14-17,U,0.0
2020,1.1.1,18-30,M,5.0
2020,1.1.1,18-30,F,2.0
2020,1.1.1,18-30,U,0.0
2020,1.1.1,31-40,M,5.0
2020,1.1.1,31-40,F,2.0
2020,1.1.1,31-40,U,0.0
2020,1.1.1,41-64,M,11.0
2020,1.1.1,41-64,F,3.0
2020,1.1.1,41-64,U,0.0
2020,1.1.1,65+,M,2.0
2020,1.1.1,65+,F,5.0
2020,1.1.1,65+,U,0.0
2020,1.1.1,U,M,1.0
2020,1.1.1,U,F,0.0
2020,1.1.1,U,U,0.0
2020,1.2,0-13,M,177.0
2020,1.2,0-13,F,110.0
2020,1.2,0-13,U,0.0
2020,1.2,14-17,M,524.0
2020,1.2,14-17,F,273.0
2020,1.2,14-17,U,0.0
2020,1.2,18-30,M,2078.0
2020,1.2,18-30,F,944.0
2020,1.2,18-30,U,1.0
2020,1.2,31-40,M,1541.0
2020,1.2,31-40,F,766.0
2020,1.2,31-40,U,3.0
2020,1.2,41-64,M,2640.0
2020,1.2,41-64,F,1207.0
2020,1.2,41-64,U,11.0
2020,1.2,65+,M,283.0
2020,1.2,65+,F,158.0
2020,1.2,65+,U,2.0
2020,1.2,U,M,32.0
2020,1.2,U,F,3.0
2020,1.2,U,U,3.0
2020,1.3,0-13,M,209.0
2020,1.3,0-13,F,191.0
2020,1.3,0-13,U,1.0
2020,1.3,14-17,M,131.0
2020,1.3,14-17,F,325.0
2020,1.3,14-17,U,0.0
2020,1.3,18-30,M,808.0
2020,1.3,18-30,F,3617.0
2020,1.3,18-30,U,3.0
2020,1.3,31-40,M,702.0
2020,1.3,31-40,F,3481.0
2020,1.3,31-40,U,3.0
2020,1.3,41-64,M,1094.0
2020,1.3,41-64,F,3629.0
2020,1.3,41-64,U,10.0
2020,1.3,65+,M,212.0
2020,1.3,65+,F,531.0
2020,1.3,65+,U,0.0
2020,1.3,U,M,7.0
2020,1.3,U,F,11.0
2020,1.3,U,U,2.0
2020,1.4,0-13,M,8.0
2020,1.4,0-13,F,4.0
2020,1.4,0-13,U,0.0
2020,1.4,14-17,M,16.0
2020,1.4,14-17,F,6.0
2020,1.4,14-17,U,0.0
2020,1.4,18-30,M,61.0
2020,1.4,18-30,F,35.0
2020,1.4,18-30,U,0.0
2020,1.4,31-40,M,33.0
2020,1.4,31-40,F,28.0
2020,1.4,31-40,U,0.0
2020,1.4,41-64,M,71.0
2020,1.4,41-64,F,91.0
2020,1.4,41-64,U,1.0
2020,1.4,65+,M,15.0
2020,1.4,65+,F,14.0
2020,1.4,65+,U,0.0
2020,1.4,U,M,1.0
2020,1.4,U,F,1.0
2020,1.4,U,U,0.0
2020,2,0-13,M,152.0
2020,2,0-13,F,154.0
2020,2,0-13,U,0.0
2020,2,14-17,M,294.0
2020,2,14-17,F,306.0
2020,2,14-17,U,0.0
2020,2,18-30,M,1658.0
2020,2,18-30,F,1848.0
2020,2,18-30,U,1.0
2020,2,31-40,M,1985.0
2020,2,31-40,F,1791.0
2020,2,31-40,U,3.0
2020,2,41-64,M,3435.0
2020,2,41-64,F,2934.0
2020,2,41-64,U,15.0
2020,2,65+,M,536.0
2020,2,65+,F,428.0
2020,2,65+,U,13.0
2020,2,U,M,48.0
2020,2,U,F,6.0
2020,2,U,U,9.0
2020,2.1,0-13,M,18.0
2020,2.1,0-13,F,18.0
2020,2.1,0-13,U,0.0
2020,2.1,14-17,M,8.0
2020,2.1,14-17,F,30.0
2020,2.1,14-17,U,0.0
2020,2.1,18-30,M,28.0
2020,2.1,18-30,F,270.0
2020,2.1,18-30,U,1.0
2020,2.1,31-40,M,26.0
2020,2.1,31-40,F,273.0
2020,2.1,31-40,U,0.0
2020,2.1,41-64,M,47.0
2020,2.1,41-64,F,339.0
2020,2.1,41-64,U,1.0
2020,2.1,65+,M,19.0
2020,2.1,65+,F,58.0
2020,2.1,65+,U,0.0
2020,2.1,U,M,0.0
2020,2.1,U,F,0.0
2020,2.1,U,U,0.0
2020,2.2,0-13,M,134.0
2020,2.2,0-13,F,136.0
2020,2.2,0-13,U,0.0
2020,2.2,14-17,M,286.0
2020,2.2,14-17,F,276.0
2020,2.2,14-17,U,0.0
2020,2.2,18-30,M,1630.0
2020,2.2,18-30,F,1578.0
2020,2.2,18-30,U,0.0
2020,2.2,31-40,M,1959.0
2020,2.2,31-40,F,1518.0
2020,2.2,31-40,U,3.0
2020,2.2,41-64,M,3388.0
2020,2.2,41-64,F,2595.0
2020,2.2,41-64,U,14.0
2020,2.2,65+,M,517.0
2020,2.2,65+,F,370.0
2020,2.2,65+,U,13.0
2020,2.2,U,M,48.0
2020,2.2,U,F,6.0
2020,2.2,U,U,9.0
2020,3,0-13,M,111.0
2020,3,0-13,F,330.0
2020,3,0-13,U,0.0
2020,3,14-17,M,114.0
2020,3,14-17,F,406.0
2020,3,14-17,U,0.0
2020,3,18-30,M,59.0
2020,3,18-30,F,595.0
2020,3,18-30,U,4.0
2020,3,31-40,M,13.0
2020,3,31-40,F,186.0
2020,3,31-40,U,0.0
2020,3,41-64,M,11.0
2020,3,41-64,F,153.0
2020,3,41-64,U,0.0
2020,3,65+,M,6.0
2020,3,65+,F,11.0
2020,3,65+,U,0.0
2020,3,U,M,0.0
2020,3,U,F,1.0
2020,3,U,U,2.0
2020,3.1,0-13,M,53.0
2020,3.1,0-13,F,186.0
2020,3.1,0-13,U,0.0
2020,3.1,14-17,M,62.0
2020,3.1,14-17,F,210.0
2020,3.1,14-17,U,0.0
2020,3.1,18-30,M,40.0
2020,3.1,18-30,F,378.0
2020,3.1,18-30,U,2.0
2020,3.1,31-40,M,6.0
2020,3.1,31-40,F,103.0
2020,3.1,31-40,U,0.0
2020,3.1,41-64,M,7.0
2020,3.1,41-64,F,94.0
2020,3.1,41-64,U,0.0
2020,3.1,65+,M,4.0
2020,3.1,65+,F,7.0
2020,3.1,65+,U,0.0
2020,3.1,U,M,0.0
2020,3.1,U,F,0.0
2020,3.1,U,U,1.0
2020,3.2,0-13,M,8.0
2020,3.2,0-13,F,60.0
2020,3.2,0-13,U,0.0
2020,3.2,14-17,M,5.0
2020,3.2,14-17,F,95.0
2020,3.2,14-17,U,0.0
2020,3.2,18-30,M,12.0
2020,3.2,18-30,F,184.0
2020,3.2,18-30,U,2.0
2020,3.2,31-40,M,4.0
2020,3.2,31-40,F,66.0
2020,3.2,31-40,U,0.0
2020,3.2,41-64,M,4.0
2020,3.2,41-64,F,43.0
2020,3.2,41-64,U,0.0
2020,3.2,65+,M,0.0
2020,3.2,65+,F,3.0
2020,3.2,65+,U,0.0
2020,3.2,U,M,0.0
2020,3.2,U,F,0.0
2020,3.2,U,U,0.0
2020,3.3,0-13,M,4.0
2020,3.3,0-13,F,11.0
2020,3.3,0-13,U,0.0
2020,3.3,14-17,M,14.0
2020,3.3,14-17,F,16.0
2020,3.3,14-17,U,0.0
2020,3.3,18-30,M,1.0
2020,3.3,18-30,F,0.0
2020,3.3,18-30,U,0.0
2020,3.3,31-40,M,1.0
2020,3.3,31-40,F,0.0
2020,3.3,31-40,U,0.0
2020,3.3,41-64,M,0.0
2020,3.3,41-64,F,0.0
2020,3.3,41-64,U,0.0
2020,3.3,65+,M,0.0
2020,3.3,65+,F,0.0
2020,3.3,65+,U,0.0
2020,3.3,U,M,0.0
2020,3.3,U,F,0.0
2020,3.3,U,U,0.0
2020,3.4,0-13,M,6.0
2020,3.4,0-13,F,9.0
2020,3.4,0-13,U,0.0
2020,3.4,14-17,M,5.0
2020,3.4,14-17,F,6.0
2020,3.4,14-17,U,0.0
2020,3.4,18-30,M,0.0
2020,3.4,18-30,F,0.0
2020,3.4,18-30,U,0.0
2020,3.4,31-40,M,0.0
2020,3.4,31-40,F,0.0
2020,3.4,31-40,U,0.0
2020,3.4,41-64,M,0.0
2020,3.4,41-64,F,0.0
2020,3.4,41-64,U,0.0
2020,3.4,65+,M,1.0
2020,3.4,65+,F,0.0
2020,3.4,65+,U,0.0
2020,3.4,U,M,0.0
2020,3.4,U,F,1.0
2020,3.4,U,U,0.0
2020,3.5,0-13,M,40.0
2020,3.5,0-13,F,64.0
2020,3.5,0-13,U,0.0
2020,3.5,14-17,M,28.0
2020,3.5,14-17,F,79.0
2020,3.5,14-17,U,0.0
2020,3.5,18-30,M,6.0
2020,3.5,18-30,F,33.0
2020,3.5,18-30,U,0.0
2020,3.5,31-40,M,2.0
2020,3.5,31-40,F,17.0
2020,3.5,31-40,U,0.0
2020,3.5,41-64,M,0.0
2020,3.5,41-64,F,16.0
2020,3.5,41-64,U,0.0
2020,3.5,65+,M,1.0
2020,3.5,65+,F,1.0
2020,3.5,65+,U,0.0
2020,3.5,U,M,0.0
2020,3.5,U,F,0.0
2020,3.5,U,U,1.0
2020,4,0-13,M,107.0
2020,4,0-13,F,56.0
2020,4,0-13,U,2.0
2020,4,14-17,M,24.0
2020,4,14-17,F,20.0
2020,4,14-17,U,0.0
2020,4,18-30,M,7.0
2020,4,18-30,F,66.0
2020,4,18-30,U,0.0
2020,4,31-40,M,21.0
2020,4,31-40,F,170.0
2020,4,31-40,U,0.0
2020,4,41-64,M,55.0
2020,4,41-64,F,205.0
2020,4,41-64,U,0.0
2020,4,65+,M,3.0
2020,4,65+,F,6.0
2020,4,65+,U,0.0
2020,4,U,M,5.0
2020,4,U,F,0.0
2020,4,U,U,0.0
2020,5,0-13,M,293.0
2020,5,0-13,F,102.0
2020,5,0-13,U,0.0
2020,5,14-17,M,1449.0
2020,5,14-17,F,732.0
2020,5,14-17,U,0.0
2020,5,18-30,M,18988.0
2020,5,18-30,F,18949.0
2020,5,18-30,U,9.0
2020,5,31-40,M,20756.0
2020,5,31-40,F,16662.0
2020,5,31-40,U,10.0
2020,5,41-64,M,44035.0
2020,5,41-64,F,33402.0
2020,5,41-64,U,13.0
2020,5,65+,M,10115.0
2020,5,65+,F,9844.0
2020,5,65+,U,18.0
2020,5,U,M,74.0
2020,5,U,F,30.0
2020,5,U,U,24.0
2020,5.1,0-13,M,78.0
2020,5.1,0-13,F,60.0
2020,5.1,0-13,U,0.0
2020,5.1,14-17,M,394.0
2020,5.1,14-17,F,495.0
2020,5.1,14-17,U,0.0
2020,5.1,18-30,M,7183.0
2020,5.1,18-30,F,10452.0
2020,5.1,18-30,U,8.0
2020,5.1,31-40,M,6559.0
2020,5.1,31-40,F,7393.0
2020,5.1,31-40,U,5.0
2020,5.1,41-64,M,12888.0
2020,5.1,41-64,F,13955.0
2020,5.1,41-64,U,5.0
2020,5.1,65+,M,3690.0
2020,5.1,65+,F,5374.0
2020,5.1,65+,U,13.0
2020,5.1,U,M,46.0
2020,5.1,U,F,20.0
2020,5.1,U,U,12.0
2020,5.2,0-13,M,4.0
2020,5.2,0-13,F,0.0
2020,5.2,0-13,U,0.0
2020,5.2,14-17,M,25.0
2020,5.2,14-17,F,1.0
2020,5.2,14-17,U,0.0
2020,5.2,18-30,M,1997.0
2020,5.2,18-30,F,921.0
2020,5.2,18-30,U,0.0
2020,5.2,31-40,M,3623.0
2020,5.2,31-40,F,1362.0
2020,5.2,31-40,U,0.0
2020,5.2,41-64,M,8151.0
2020,5.2,41-64,F,2732.0
2020,5.2,41-64,U,0.0
2020,5.2,65+,M,1001.0
2020,5.2,65+,F,488.0
2020,5.2,65+,U,1.0
2020,5.2,U,M,3.0
2020,5.2,U,F,0.0
2020,5.2,U,U,2.0
2020,5.2.1,0-13,M,0.0
2020,5.2.1,0-13,F,0.0
2020,5.2.1,0-13,U,0.0
2020,5.2.1,14-17,M,7.0
2020,5.2.1,14-17,F,1.0
2020,5.2.1,14-17,U,0.0
2020,5.2.1,18-30,M,1468.0
2020,5.2.1,18-30,F,573.0
2020,5.2.1,18-30,U,0.0
2020,5.2.1,31-40,M,2528.0
2020,5.2.1,31-40,F,738.0
2020,5.2.1,31-40,U,0.0
2020,5.2.1,41-64,M,4596.0
2020,5.2.1,41-64,F,1104.0
2020,5.2.1,41-64,U,0.0
2020,5.2.1,65+,M,396.0
2020,5.2.1,65+,F,73.0
2020,5.2.1,65+,U,1.0
2020,5.2.1,U,M,0.0
2020,5.2.1,U,F,0.0
2020,5.2.1,U,U,1.0
2020,5.2.2,0-13,M,1.0
2020,5.2.2,0-13,F,0.0
2020,5.2.2,0-13,U,0.0
2020,5.2.2,14-17,M,0.0
2020,5.2.2,14-17,F,0.0
2020,5.2.2,14-17,U,0.0
2020,5.2.2,18-30,M,190.0
2020,5.2.2,18-30,F,194.0
2020,5.2.2,18-30,U,0.0
2020,5.2.2,31-40,M,405.0
2020,5.2.2,31-40,F,271.0
2020,5.2.2,31-40,U,0.0
2020,5.2.2,41-64,M,1194.0
2020,5.2.2,41-64,F,866.0
2020,5.2.2,41-64,U,0.0
2020,5.2.2,65+,M,404.0
2020,5.2.2,65+,F,364.0
2020,5.2.2,65+,U,0.0
2020,5.2.2,U,M,0.0
2020,5.2.2,U,F,0.0
2020,5.2.2,U,U,1.0
2020,5.2.3,0-13,M,2.0
2020,5.2.3,0-13,F,0.0
2020,5.2.3,0-13,U,0.0
2020,5.2.3,14-17,M,1.0
2020,5.2.3,14-17,F,0.0
2020,5.2.3,14-17,U,0.0
2020,5.2.3,18-30,M,177.0
2020,5.2.3,18-30,F,88.0
2020,5.2.3,18-30,U,0.0
2020,5.2.3,31-40,M,435.0
2020,5.2.3,31-40,F,250.0
2020,5.2.3,31-40,U,0.0
2020,5.2.3,41-64,M,1601.0
2020,5.2.3,41-64,F,498.0
2020,5.2.3,41-64,U,0.0
2020,5.2.3,65+,M,112.0
2020,5.2.3,65+,F,34.0
2020,5.2.3,65+,U,0.0
2020,5.2.3,U,M,3.0
2020,5.2.3,U,F,0.0
2020,5.2.3,U,U,0.0
2020,5.3,0-13,M,192.0
2020,5.3,0-13,F,32.0
2020,5.3,0-13,U,0.0
2020,5.3,14-17,M,957.0
2020,5.3,14-17,F,173.0
2020,5.3,14-17,U,0.0
2020,5.3,18-30,M,2227.0
2020,5.3,18-30,F,1174.0
2020,5.3,18-30,U,1.0
2020,5.3,31-40,M,1076.0
2020,5.3,31-40,F,714.0
2020,5.3,31-40,U,3.0
2020,5.3,41-64,M,1801.0
2020,5.3,41-64,F,1537.0
2020,5.3,41-64,U,4.0
2020,5.3,65+,M,467.0
2020,5.3,65+,F,617.0
2020,5.3,65+,U,2.0
2020,5.3,U,M,15.0
2020,5.3,U,F,1.0
2020,5.3,U,U,1.0
2020,5.3.1,0-13,M,147.0
2020,5.3.1,0-13,F,23.0
2020,5.3.1,0-13,U,0.0
2020,5.3.1,14-17,M,715.0
2020,5.3.1,14-17,F,124.0
2020,5.3.1,14-17,U,0.0
2020,5.3.1,18-30,M,1582.0
2020,5.3.1,18-30,F,795.0
2020,5.3.1,18-30,U,0.0
2020,5.3.1,31-40,M,748.0
2020,5.3.1,31-40,F,463.0
2020,5.3.1,31-40,U,2.0
2020,5.3.1,41-64,M,1243.0
2020,5.3.1,41-64,F,982.0
2020,5.3.1,41-64,U,3.0
2020,5.3.1,65+,M,297.0
2020,5.3.1,65+,F,411.0
2020,5.3.1,65+,U,0.0
2020,5.3.1,U,M,8.0
2020,5.3.1,U,F,0.0
2020,5.3.1,U,U,1.0
2020,5.3.2,0-13,M,4.0
2020,5.3.2,0-13,F,1.0
2020,5.3.2,0-13,U,0.0
2020,5.3.2,14-17,M,9.0
2020,5.3.2,14-17,F,3.0
2020,5.3.2,14-17,U,0.0
2020,5.3.2,18-30,M,70.0
2020,5.3.2,18-30,F,43.0
2020,5.3.2,18-30,U,1.0
2020,5.3.2,31-40,M,54.0
2020,5.3.2,31-40,F,36.0
2020,5.3.2,31-40,U,0.0
2020,5.3.2,41-64,M,109.0
2020,5.3.2,41-64,F,102.0
2020,5.3.2,41-64,U,0.0
2020,5.3.2,65+,M,81.0
2020,5.3.2,65+,F,136.0
2020,5.3.2,65+,U,1.0
2020,5.3.2,U,M,1.0
2020,5.3.2,U,F,0.0
2020,5.3.2,U,U,0.0
2020,5.3.3,0-13,M,2.0
2020,5.3.3,0-13,F,1.0
2020,5.3.3,0-13,U,0.0
2020,5.3.3,14-17,M,24.0
2020,5.3.3,14-17,F,5.0
2020,5.3.3,14-17,U,0.0
2020,5.3.3,18-30,M,193.0
2020,5.3.3,18-30,F,187.0
2020,5.3.3,18-30,U,0.0
2020,5.3.3,31-40,M,170.0
2020,5.3.3,31-40,F,155.0
2020,5.3.3,31-40,U,1.0
2020,5.3.3,41-64,M,257.0
2020,5.3.3,41-64,F,269.0
2020,5.3.3,41-64,U,1.0
2020,5.3.3,65+,M,40.0
2020,5.3.3,65+,F,27.0
2020,5.3.3,65+,U,0.0
2020,5.3.3,U,M,3.0
2020,5.3.3,U,F,1.0
2020,5.3.3,U,U,0.0
2020,5.4,0-13,M,1.0
2020,5.4,0-13,F,0.0
2020,5.4,0-13,U,0.0
2020,5.4,14-17,M,1.0
2020,5.4,14-17,F,1.0
2020,5.4,14-17,U,0.0
2020,5.4,18-30,M,657.0
2020,5.4,18-30,F,172.0
2020,5.4,18-30,U,0.0
2020,5.4,31-40,M,1069.0
2020,5.4,31-40,F,299.0
2020,5.4,31-40,U,0.0
2020,5.4,41-64,M,1781.0
2020,5.4,41-64,F,440.0
2020,5.4,41-64,U,0.0
2020,5.4,65+,M,208.0
2020,5.4,65+,F,44.0
2020,5.4,65+,U,0.0
2020,5.4,U,M,0.0
2020,5.4,U,F,1.0
2020,5.4,U,U,1.0
2020,5.5,0-13,M,10.0
2020,5.5,0-13,F,4.0
2020,5.5,0-13,U,0.0
2020,5.5,14-17,M,35.0
2020,5.5,14-17,F,37.0
2020,5.5,14-17,U,0.0
2020,5.5,18-30,M,4838.0
2020,5.5,18-30,F,5008.0
2020,5.5,18-30,U,0.0
2020,5.5,31-40,M,5015.0
2020,5.5,31-40,F,4991.0
2020,5.5,31-40,U,0.0
2020,5.5,41-64,M,11015.0
2020,5.5,41-64,F,10395.0
2020,5.5,41-64,U,2.0
2020,5.5,65+,M,3027.0
2020,5.5,65+,F,2500.0
2020,5.5,65+,U,0.0
2020,5.5,U,M,4.0
2020,5.5,U,F,4.0
2020,5.5,U,U,2.0
2020,5.5.1,0-13,M,6.0
2020,5.5.1,0-13,F,2.0
2020,5.5.1,0-13,U,0.0
2020,5.5.1,14-17,M,23.0
2020,5.5.1,14-17,F,27.0
2020,5.5.1,14-17,U,0.0
2020,5.5.1,18-30,M,3562.0
2020,5.5.1,18-30,F,3686.0
2020,5.5.1,18-30,U,0.0
2020,5.5.1,31-40,M,3722.0
2020,5.5.1,31-40,F,3715.0
2020,5.5.1,31-40,U,0.0
2020,5.5.1,41-64,M,7928.0
2020,5.5.1,41-64,F,7694.0
2020,5.5.1,41-64,U,1.0
2020,5.5.1,65+,M,2066.0
2020,5.5.1,65+,F,1589.0
2020,5.5.1,65+,U,0.0
2020,5.5.1,U,M,2.0
2020,5.5.1,U,F,4.0
2020,5.5.1,U,U,1.0
2020,5.6,0-13,M,4.0
2020,5.6,0-13,F,2.0
2020,5.6,0-13,U,0.0
2020,5.6,14-17,M,7.0
2020,5.6,14-17,F,2.0
2020,5.6,14-17,U,0.0
2020,5.6,18-30,M,1659.0
2020,5.6,18-30,F,921.0
2020,5.6,18-30,U,0.0
2020,5.6,31-40,M,2926.0
2020,5.6,31-40,F,1617.0
2020,5.6,31-40,U,1.0
2020,5.6,41-64,M,7406.0
2020,5.6,41-64,F,3696.0
2020,5.6,41-64,U,1.0
2020,5.6,65+,M,1477.0
2020,5.6,65+,F,639.0
2020,5.6,65+,U,2.0
2020,5.6,U,M,2.0
2020,5.6,U,F,3.0
2020,5.6,U,U,4.0
2020,5.7,0-13,M,0.0
2020,5.7,0-13,F,0.0
2020,5.7,0-13,U,0.0
2020,5.7,14-17,M,0.0
2020,5.7,14-17,F,0.0
2020,5.7,14-17,U,0.0
2020,5.7,18-30,M,1.0
2020,5.7,18-30,F,2.0
2020,5.7,18-30,U,0.0
2020,5.7,31-40,M,3.0
2020,5.7,31-40,F,1.0
2020,5.7,31-40,U,0.0
2020,5.7,41-64,M,9.0
2020,5.7,41-64,F,6.0
2020,5.7,41-64,U,0.0
2020,5.7,65+,M,1.0
2020,5.7,65+,F,0.0
2020,5.7,65+,U,0.0
2020,5.7,U,M,0.0
2020,5.7,U,F,0.0
2020,5.7,U,U,1.0
2020,5.8,0-13,M,0.0
2020,5.8,0-13,F,0.0
2020,5.8,0-13,U,0.0
2020,5.8,14-17,M,0.0
2020,5.8,14-17,F,0.0
2020,5.8,14-17,U,0.0
2020,5.8,18-30,M,2.0
2020,5.8,18-30,F,0.0
2020,5.8,18-30,U,0.0
2020,5.8,31-40,M,0.0
2020,5.8,31-40,F,2.0
2020,5.8,31-40,U,0.0
2020,5.8,41-64,M,2.0
2020,5.8,41-64,F,3.0
2020,5.8,41-64,U,0.0
2020,5.8,65+,M,1.0
2020,5.8,65+,F,0.0
2020,5.8,65+,U,0.0
2020,5.8,U,M,0.0
2020,5.8,U,F,0.0
2020,5.8,U,U,0.0
2020,5.9,0-13,M,4.0
2020,5.9,0-13,F,4.0
2020,5.9,0-13,U,0.0
2020,5.9,14-17,M,30.0
2020,5.9,14-17,F,23.0
2020,5.9,14-17,U,0.0
2020,5.9,18-30,M,424.0
2020,5.9,18-30,F,299.0
2020,5.9,18-30,U,0.0
2020,5.9,31-40,M,485.0
2020,5.9,31-40,F,283.0
2020,5.9,31-40,U,1.0
2020,5.9,41-64,M,982.0
2020,5.9,41-64,F,638.0
2020,5.9,41-64,U,1.0
2020,5.9,65+,M,243.0
2020,5.9,65+,F,182.0
2020,5.9,65+,U,0.0
2020,5.9,U,M,4.0
2020,5.9,U,F,1.0
2020,5.9,U,U,1.0
2020,6,0-13,M,2.0
2020,6,0-13,F,1.0
2020,6,0-13,U,0.0
2020,6,14-17,M,2.0
2020,6,14-17,F,0.0
2020,6,14-17,U,0.0
2020,6,18-30,M,29.0
2020,6,18-30,F,18.0
2020,6,18-30,U,0.0
2020,6,31-40,M,31.0
2020,6,31-40,F,9.0
2020,6,31-40,U,0.0
2020,6,41-64,M,50.0
2020,6,41-64,F,14.0
2020,6,41-64,U,0.0
2020,6,65+,M,5.0
2020,6,65+,F,2.0
2020,6,65+,U,0.0
2020,6,U,M,0.0
2020,6,U,F,0.0
2020,6,U,U,1.0
2020,6.1,0-13,M,0.0
2020,6.1,0-13,F,0.0
2020,6.1,0-13,U,0.0
2020,6.1,14-17,M,1.0
2020,6.1,14-17,F,0.0
2020,6.1,14-17,U,0.0
2020,6.1,18-30,M,13.0
2020,6.1,18-30,F,3.0
2020,6.1,18-30,U,0.0
2020,6.1,31-40,M,10.0
2020,6.1,31-40,F,0.0
2020,6.1,31-40,U,0.0
2020,6.1,41-64,M,3.0
2020,6.1,41-64,F,1.0
2020,6.1,41-64,U,0.0
2020,6.1,65+,M,1.0
2020,6.1,65+,F,0.0
2020,6.1,65+,U,0.0
2020,6.1,U,M,0.0
2020,6.1,U,F,0.0
2020,6.1,U,U,0.0
2020,6.2,0-13,M,1.0
2020,6.2,0-13,F,0.0
2020,6.2,0-13,U,0.0
2020,6.2,14-17,M,1.0
2020,6.2,14-17,F,0.0
2020,6.2,14-17,U,0.0
2020,6.2,18-30,M,12.0
2020,6.2,18-30,F,7.0
2020,6.2,18-30,U,0.0
2020,6.2,31-40,M,14.0
2020,6.2,31-40,F,4.0
2020,6.2,31-40,U,0.0
2020,6.2,41-64,M,25.0
2020,6.2,41-64,F,6.0
2020,6.2,41-64,U,0.0
2020,6.2,65+,M,2.0
2020,6.2,65+,F,0.0
2020,6.2,65+,U,0.0
2020,6.2,U,M,0.0
2020,6.2,U,F,0.0
2020,6.2,U,U,1.0
2020,6.3,0-13,M,1.0
2020,6.3,0-13,F,1.0
2020,6.3,0-13,U,0.0
2020,6.3,14-17,M,0.0
2020,6.3,14-17,F,0.0
2020,6.3,14-17,U,0.0
2020,6.3,18-30,M,4.0
2020,6.3,18-30,F,8.0
2020,6.3,18-30,U,0.0
2020,6.3,31-40,M,7.0
2020,6.3,31-40,F,5.0
2020,6.3,31-40,U,0.0
2020,6.3,41-64,M,22.0
2020,6.3,41-64,F,7.0
2020,6.3,41-64,U,0.0
2020,6.3,65+,M,2.0
2020,6.3,65+,F,2.0
2020,6.3,65+,U,0.0
2020,6.3,U,M,0.0
2020,6.3,U,F,0.0
2020,6.3,U,U,0.0
2020,7,0-13,M,1.0
2020,7,0-13,F,7.0
2020,7,0-13,U,0.0
2020,7,14-17,M,3.0
2020,7,14-17,F,8.0
2020,7,14-17,U,0.0
2020,7,18-30,M,297.0
2020,7,18-30,F,276.0
2020,7,18-30,U,0.0
2020,7,31-40,M,344.0
2020,7,31-40,F,273.0
2020,7,31-40,U,0.0
2020,7,41-64,M,656.0
2020,7,41-64,F,525.0
2020,7,41-64,U,0.0
2020,7,65+,M,100.0
2020,7,65+,F,76.0
2020,7,65+,U,0.0
2020,7,U,M,0.0
2020,7,U,F,0.0
2020,7,U,U,0.0
2020,8,0-13,M,0.0
2020,8,0-13,F,1.0
2020,8,0-13,U,0.0
2020,8,14-17,M,1.0
2020,8,14-17,F,0.0
2020,8,14-17,U,0.0
2020,8,18-30,M,0.0
2020,8,18-30,F,4.0
2020,8,18-30,U,0.0
2020,8,31-40,M,0.0
2020,8,31-40,F,1.0
2020,8,31-40,U,0.0
2020,8,41-64,M,1.0
2020,8,41-64,F,3.0
2020,8,41-64,U,0.0
2020,8,65+,M,0.0
2020,8,65+,F,0.0
2020,8,65+,U,0.0
2020,8,U,M,0.0
2020,8,U,F,0.0
2020,8,U,U,0.0
2020,9,0-13,M,5.0
2020,9,0-13,F,5.0
2020,9,0-13,U,0.0
2020,9,14-17,M,8.0
2020,9,14-17,F,33.0
2020,9,14-17,U,0.0
2020,9,18-30,M,41.0
2020,9,18-30,F,621.0
2020,9,18-30,U,0.0
2020,9,31-40,M,99.0
2020,9,31-40,F,630.0
2020,9,31-40,U,1.0
2020,9,41-64,M,151.0
2020,9,41-64,F,689.0
2020,9,41-64,U,1.0
2020,9,65+,M,55.0
2020,9,65+,F,147.0
2020,9,65+,U,5.0
2020,9,U,M,25.0
2020,9,U,F,11.0
2020,9,U,U,6.0
2020,10,0-13,M,6.0
2020,10,0-13,F,0.0
2020,10,0-13,U,0.0
2020,10,14-17,M,6.0
2020,10,14-17,F,0.0
2020,10,14-17,U,0.0
2020,10,18-30,M,155.0
2020,10,18-30,F,23.0
2020,10,18-30,U,0.0
2020,10,31-40,M,353.0
2020,10,31-40,F,22.0
2020,10,31-40,U,3.0
2020,10,41-64,M,119.0
2020,10,41-64,F,15.0
2020,10,41-64,U,3.0
2020,10,65+,M,685.0
2020,10,65+,F,37.0
2020,10,65+,U,38.0
2020,10,U,M,981.0
2020,10,U,F,35.0
2020,10,U,U,120.0
2020,11,0-13,M,0.0
2020,11,0-13,F,0.0
2020,11,0-13,U,0.0
2020,11,14-17,M,0.0
2020,11,14-17,F,0.0
2020,11,14-17,U,0.0
2020,11,18-30,M,0.0
2020,11,18-30,F,0.0
2020,11,18-30,U,0.0
2020,11,31-40,M,0.0
2020,11,31-40,F,0.0
2020,11,31-40,U,0.0
2020,11,41-64,M,0.0
2020,11,41-64,F,0.0
2020,11,41-64,U,0.0
2020,11,65+,M,0.0
2020,11,65+,F,0.0
2020,11,65+,U,0.0
2020,11,U,M,0.0
2020,11,U,F,0.0
2020,11,U,U,0.0
2020,12,0-13,M,5.0
2020,12,0-13,F,3.0
2020,12,0-13,U,0.0
2020,12,14-17,M,6.0
2020,12,14-17,F,9.0
2020,12,14-17,U,0.0
2020,12,18-30,M,61.0
2020,12,18-30,F,74.0
2020,12,18-30,U,1.0
2020,12,31-40,M,83.0
2020,12,31-40,F,93.0
2020,12,31-40,U,0.0
2020,12,41-64,M,112.0
2020,12,41-64,F,123.0
2020,12,41-64,U,0.0
2020,12,65+,M,24.0
2020,12,65+,F,18.0
2020,12,65+,U,0.0
2020,12,U,M,6.0
2020,12,U,F,0.0
2020,12,U,U,1.0
2020,TOTAL,0-13,M,1077.0
2020,TOTAL,0-13,F,966.0
2020,TOTAL,0-13,U,3.0
2020,TOTAL,14-17,M,2582.0
2020,TOTAL,14-17,F,2118.0
2020,TOTAL,14-17,U,0.0
2020,TOTAL,18-30,M,24273.0
2020,TOTAL,18-30,F,27077.0
2020,TOTAL,18-30,U,19.0
2020,TOTAL,31-40,M,25986.0
2020,TOTAL,31-40,F,24116.0
2020,TOTAL,31-40,U,23.0
2020,TOTAL,41-64,M,52464.0
2020,TOTAL,41-64,F,43000.0
2020,TOTAL,41-64,U,54.0
2020,TOTAL,65+,M,12048.0
2020,TOTAL,65+,F,11280.0
2020,TOTAL,65+,U,76.0
2020,TOTAL,U,M,1184.0
2020,TOTAL,U,F,98.0
2020,TOTAL,U,U,168.0
2021,1,0-13,M,480.0
2021,1,0-13,F,366.0
2021,1,0-13,U,0.0
2021,1,14-17,M,745.0
2021,1,14-17,F,697.0
2021,1,14-17,U,0.0
2021,1,18-30,M,3751.0
2021,1,18-30,F,5240.0
2021,1,18-30,U,5.0
2021,1,31-40,M,2678.0
2021,1,31-40,F,4449.0
2021,1,31-40,U,6.0
2021,1,41-64,M,4304.0
2021,1,41-64,F,5510.0
2021,1,41-64,U,17.0
2021,1,65+,M,600.0
2021,1,65+,F,728.0
2021,1,65+,U,3.0
2021,1,U,M,35.0
2021,1,U,F,11.0
2021,1,U,U,4.0
2021,1.1,0-13,M,0.0
2021,1.1,0-13,F,2.0
2021,1.1,0-13,U,0.0
2021,1.1,14-17,M,7.0
2021,1.1,14-17,F,0.0
2021,1.1,14-17,U,0.0
2021,1.1,18-30,M,41.0
2021,1.1,18-30,F,4.0
2021,1.1,18-30,U,0.0
2021,1.1,31-40,M,14.0
2021,1.1,31-40,F,1.0
2021,1.1,31-40,U,0.0
2021,1.1,41-64,M,35.0
2021,1.1,41-64,F,12.0
2021,1.1,41-64,U,0.0
2021,1.1,65+,M,6.0
2021,1.1,65+,F,12.0
2021,1.1,65+,U,0.0
2021,1.1,U,M,0.0
2021,1.1,U,F,0.0
2021,1.1,U,U,0.0
2021,1.1.1,0-13,M,0.0
2021,1.1.1,0-13,F,2.0
2021,1.1.1,0-13,U,0.0
2021,1.1.1,14-17,M,0.0
2021,1.1.1,14-17,F,0.0
2021,1.1.1,14-17,U,0.0
2021,1.1.1,18-30,M,5.0
2021,1.1.1,18-30,F,0.0
2021,1.1.1,18-30,U,0.0
2021,1.1.1,31-40,M,4.0
2021,1.1.1,31-40,F,0.0
2021,1.1.1,31-40,U,0.0
2021,1.1.1,41-64,M,11.0
2021,1.1.1,41-64,F,5.0
2021,1.1.1,41-64,U,0.0
2021,1.1.1,65+,M,3.0
2021,1.1.1,65+,F,7.0
2021,1.1.1,65+,U,0.0
2021,1.1.1,U,M,0.0
2021,1.1.1,U,F,0.0
2021,1.1.1,U,U,0.0
2021,1.2,0-13,M,240.0
2021,1.2,0-13,F,140.0
2021,1.2,0-13,U,0.0
2021,1.2,14-17,M,574.0
2021,1.2,14-17,F,257.0
2021,1.2,14-17,U,0.0
2021,1.2,18-30,M,2608.0
2021,1.2,18-30,F,1063.0
2021,1.2,18-30,U,2.0
2021,1.2,31-40,M,1730.0
2021,1.2,31-40,F,798.0
2021,1.2,31-40,U,2.0
2021,1.2,41-64,M,2915.0
2021,1.2,41-64,F,1355.0
2021,1.2,41-64,U,9.0
2021,1.2,65+,M,376.0
2021,1.2,65+,F,180.0
2021,1.2,65+,U,2.0
2021,1.2,U,M,26.0
2021,1.2,U,F,3.0
2021,1.2,U,U,3.0
2021,1.3,0-13,M,229.0
2021,1.3,0-13,F,215.0
2021,1.3,0-13,U,0.0
2021,1.3,14-17,M,153.0
2021,1.3,14-17,F,431.0
2021,1.3,14-17,U,0.0
2021,1.3,18-30,M,1038.0
2021,1.3,18-30,F,4125.0
2021,1.3,18-30,U,3.0
2021,1.3,31-40,M,898.0
2021,1.3,31-40,F,3622.0
2021,1.3,31-40,U,4.0
2021,1.3,41-64,M,1246.0
2021,1.3,41-64,F,4068.0
2021,1.3,41-64,U,8.0
2021,1.3,65+,M,205.0
2021,1.3,65+,F,514.0
2021,1.3,65+,U,1.0
2021,1.3,U,M,9.0
2021,1.3,U,F,7.0
2021,1.3,U,U,1.0
2021,1.4,0-13,M,11.0
2021,1.4,0-13,F,9.0
2021,1.4,0-13,U,0.0
2021,1.4,14-17,M,11.0
2021,1.4,14-17,F,9.0
2021,1.4,14-17,U,0.0
2021,1.4,18-30,M,64.0
2021,1.4,18-30,F,48.0
2021,1.4,18-30,U,0.0
2021,1.4,31-40,M,36.0
2021,1.4,31-40,F,28.0
2021,1.4,31-40,U,0.0
2021,1.4,41-64,M,108.0
2021,1.4,41-64,F,75.0
2021,1.4,41-64,U,0.0
2021,1.4,65+,M,13.0
2021,1.4,65+,F,22.0
2021,1.4,65+,U,0.0
2021,1.4,U,M,0.0
2021,1.4,U,F,1.0
2021,1.4,U,U,0.0
2021,2,0-13,M,177.0
2021,2,0-13,F,165.0
2021,2,0-13,U,0.0
2021,2,14-17,M,320.0
2021,2,14-17,F,341.0
2021,2,14-17,U,0.0
2021,2,18-30,M,2059.0
2021,2,18-30,F,2003.0
2021,2,18-30,U,3.0
2021,2,31-40,M,2141.0
2021,2,31-40,F,1839.0
2021,2,31-40,U,2.0
2021,2,41-64,M,4087.0
2021,2,41-64,F,3143.0
2021,2,41-64,U,18.0
2021,2,65+,M,558.0
2021,2,65+,F,451.0
2021,2,65+,U,3.0
2021,2,U,M,62.0
2021,2,U,F,12.0
2021,2,U,U,5.0
2021,2.1,0-13,M,22.0
2021,2.1,0-13,F,20.0
2021,2.1,0-13,U,0.0
2021,2.1,14-17,M,16.0
2021,2.1,14-17,F,36.0
2021,2.1,14-17,U,0.0
2021,2.1,18-30,M,29.0
2021,2.1,18-30,F,293.0
2021,2.1,18-30,U,1.0
2021,2.1,31-40,M,28.0
2021,2.1,31-40,F,333.0
2021,2.1,31-40,U,0.0
2021,2.1,41-64,M,56.0
2021,2.1,41-64,F,404.0
2021,2.1,41-64,U,0.0
2021,2.1,65+,M,18.0
2021,2.1,65+,F,55.0
2021,2.1,65+,U,1.0
2021,2.1,U,M,0.0
2021,2.1,U,F,0.0
2021,2.1,U,U,0.0
2021,2.2,0-13,M,155.0
2021,2.2,0-13,F,145.0
2021,2.2,0-13,U,0.0
2021,2.2,14-17,M,304.0
2021,2.2,14-17,F,305.0
2021,2.2,14-17,U,0.0
2021,2.2,18-30,M,2030.0
2021,2.2,18-30,F,1710.0
2021,2.2,18-30,U,2.0
2021,2.2,31-40,M,2113.0
2021,2.2,31-40,F,1506.0
2021,2.2,31-40,U,2.0
2021,2.2,41-64,M,4031.0
2021,2.2,41-64,F,2739.0
2021,2.2,41-64,U,18.0
2021,2.2,65+,M,540.0
2021,2.2,65+,F,396.0
2021,2.2,65+,U,2.0
2021,2.2,U,M,62.0
2021,2.2,U,F,12.0
2021,2.2,U,U,5.0
2021,3,0-13,M,109.0
2021,3,0-13,F,379.0
2021,3,0-13,U,2.0
2021,3,14-17,M,84.0
2021,3,14-17,F,524.0
2021,3,14-17,U,0.0
2021,3,18-30,M,76.0
2021,3,18-30,F,747.0
2021,3,18-30,U,1.0
2021,3,31-40,M,20.0
2021,3,31-40,F,216.0
2021,3,31-40,U,1.0
2021,3,41-64,M,14.0
2021,3,41-64,F,167.0
2021,3,41-64,U,1.0
2021,3,65+,M,0.0
2021,3,65+,F,17.0
2021,3,65+,U,0.0
2021,3,U,M,1.0
2021,3,U,F,4.0
2021,3,U,U,0.0
2021,3.1,0-13,M,47.0
2021,3.1,0-13,F,227.0
2021,3.1,0-13,U,1.0
2021,3.1,14-17,M,36.0
2021,3.1,14-17,F,304.0
2021,3.1,14-17,U,0.0
2021,3.1,18-30,M,53.0
2021,3.1,18-30,F,475.0
2021,3.1,18-30,U,1.0
2021,3.1,31-40,M,13.0
2021,3.1,31-40,F,143.0
2021,3.1,31-40,U,1.0
2021,3.1,41-64,M,6.0
2021,3.1,41-64,F,101.0
2021,3.1,41-64,U,1.0
2021,3.1,65+,M,0.0
2021,3.1,65+,F,13.0
2021,3.1,65+,U,0.0
2021,3.1,U,M,0.0
2021,3.1,U,F,3.0
2021,3.1,U,U,0.0
2021,3.2,0-13,M,15.0
2021,3.2,0-13,F,46.0
2021,3.2,0-13,U,0.0
2021,3.2,14-17,M,12.0
2021,3.2,14-17,F,123.0
2021,3.2,14-17,U,0.0
2021,3.2,18-30,M,20.0
2021,3.2,18-30,F,236.0
2021,3.2,18-30,U,0.0
2021,3.2,31-40,M,6.0
2021,3.2,31-40,F,52.0
2021,3.2,31-40,U,0.0
2021,3.2,41-64,M,4.0
2021,3.2,41-64,F,40.0
2021,3.2,41-64,U,0.0
2021,3.2,65+,M,0.0
2021,3.2,65+,F,3.0
2021,3.2,65+,U,0.0
2021,3.2,U,M,0.0
2021,3.2,U,F,0.0
2021,3.2,U,U,0.0
2021,3.3,0-13,M,7.0
2021,3.3,0-13,F,13.0
2021,3.3,0-13,U,0.0
2021,3.3,14-17,M,5.0
2021,3.3,14-17,F,17.0
2021,3.3,14-17,U,0.0
2021,3.3,18-30,M,0.0
2021,3.3,18-30,F,5.0
2021,3.3,18-30,U,0.0
2021,3.3,31-40,M,0.0
2021,3.3,31-40,F,0.0
2021,3.3,31-40,U,0.0
2021,3.3,41-64,M,0.0
2021,3.3,41-64,F,1.0
2021,3.3,41-64,U,0.0
2021,3.3,65+,M,0.0
2021,3.3,65+,F,0.0
2021,3.3,65+,U,0.0
2021,3.3,U,M,0.0
2021,3.3,U,F,0.0
2021,3.3,U,U,0.0
2021,3.4,0-13,M,6.0
2021,3.4,0-13,F,5.0
2021,3.4,0-13,U,1.0
2021,3.4,14-17,M,8.0
2021,3.4,14-17,F,2.0
2021,3.4,14-17,U,0.0
2021,3.4,18-30,M,0.0
2021,3.4,18-30,F,0.0
2021,3.4,18-30,U,0.0
2021,3.4,31-40,M,0.0
2021,3.4,31-40,F,0.0
2021,3.4,31-40,U,0.0
2021,3.4,41-64,M,1.0
2021,3.4,41-64,F,0.0
2021,3.4,41-64,U,0.0
2021,3.4,65+,M,0.0
2021,3.4,65+,F,0.0
2021,3.4,65+,U,0.0
2021,3.4,U,M,0.0
2021,3.4,U,F,0.0
2021,3.4,U,U,0.0
2021,3.5,0-13,M,34.0
2021,3.5,0-13,F,88.0
2021,3.5,0-13,U,0.0
2021,3.5,14-17,M,23.0
2021,3.5,14-17,F,78.0
2021,3.5,14-17,U,0.0
2021,3.5,18-30,M,3.0
2021,3.5,18-30,F,31.0
2021,3.5,18-30,U,0.0
2021,3.5,31-40,M,1.0
2021,3.5,31-40,F,21.0
2021,3.5,31-40,U,0.0
2021,3.5,41-64,M,3.0
2021,3.5,41-64,F,25.0
2021,3.5,41-64,U,0.0
2021,3.5,65+,M,0.0
2021,3.5,65+,F,1.0
2021,3.5,65+,U,0.0
2021,3.5,U,M,1.0
2021,3.5,U,F,1.0
2021,3.5,U,U,0.0
2021,4,0-13,M,112.0
2021,4,0-13,F,96.0
2021,4,0-13,U,1.0
2021,4,14-17,M,21.0
2021,4,14-17,F,24.0
2021,4,14-17,U,0.0
2021,4,18-30,M,19.0
2021,4,18-30,F,84.0
2021,4,18-30,U,0.0
2021,4,31-40,M,35.0
2021,4,31-40,F,206.0
2021,4,31-40,U,0.0
2021,4,41-64,M,67.0
2021,4,41-64,F,246.0
2021,4,41-64,U,0.0
2021,4,65+,M,7.0
2021,4,65+,F,3.0
2021,4,65+,U,0.0
2021,4,U,M,3.0
2021,4,U,F,1.0
2021,4,U,U,0.0
2021,5,0-13,M,374.0
2021,5,0-13,F,112.0
2021,5,0-13,U,1.0
2021,5,14-17,M,1823.0
2021,5,14-17,F,1150.0
2021,5,14-17,U,1.0
2021,5,18-30,M,22856.0
2021,5,18-30,F,21196.0
2021,5,18-30,U,2.0
2021,5,31-40,M,21549.0
2021,5,31-40,F,17430.0
2021,5,31-40,U,5.0
2021,5,41-64,M,46825.0
2021,5,41-64,F,35628.0
2021,5,41-64,U,33.0
2021,5,65+,M,11600.0
2021,5,65+,F,11651.0
2021,5,65+,U,17.0
2021,5,U,M,80.0
2021,5,U,F,21.0
2021,5,U,U,33.0
2021,5.1,0-13,M,98.0
2021,5.1,0-13,F,58.0
2021,5.1,0-13,U,1.0
2021,5.1,14-17,M,539.0
2021,5.1,14-17,F,813.0
2021,5.1,14-17,U,0.0
2021,5.1,18-30,M,9541.0
2021,5.1,18-30,F,12120.0
2021,5.1,18-30,U,2.0
2021,5.1,31-40,M,7351.0
2021,5.1,31-40,F,8352.0
2021,5.1,31-40,U,4.0
2021,5.1,41-64,M,14908.0
2021,5.1,41-64,F,15095.0
2021,5.1,41-64,U,23.0
2021,5.1,65+,M,4496.0
2021,5.1,65+,F,6639.0
2021,5.1,65+,U,13.0
2021,5.1,U,M,58.0
2021,5.1,U,F,13.0
2021,5.1,U,U,23.0
2021,5.2,0-13,M,4.0
2021,5.2,0-13,F,1.0
2021,5.2,0-13,U,0.0
2021,5.2,14-17,M,17.0
2021,5.2,14-17,F,3.0
2021,5.2,14-17,U,0.0
2021,5.2,18-30,M,2167.0
2021,5.2,18-30,F,1064.0
2021,5.2,18-30,U,0.0
2021,5.2,31-40,M,3656.0
2021,5.2,31-40,F,1507.0
2021,5.2,31-40,U,0.0
2021,5.2,41-64,M,8320.0
2021,5.2,41-64,F,3103.0
2021,5.2,41-64,U,2.0
2021,5.2,65+,M,1197.0
2021,5.2,65+,F,642.0
2021,5.2,65+,U,0.0
2021,5.2,U,M,4.0
2021,5.2,U,F,0.0
2021,5.2,U,U,2.0
2021,5.2.1,0-13,M,2.0
2021,5.2.1,0-13,F,0.0
2021,5.2.1,0-13,U,0.0
2021,5.2.1,14-17,M,4.0
2021,5.2.1,14-17,F,0.0
2021,5.2.1,14-17,U,0.0
2021,5.2.1,18-30,M,1600.0
2021,5.2.1,18-30,F,622.0
2021,5.2.1,18-30,U,0.0
2021,5.2.1,31-40,M,2525.0
2021,5.2.1,31-40,F,786.0
2021,5.2.1,31-40,U,0.0
2021,5.2.1,41-64,M,5092.0
2021,5.2.1,41-64,F,1323.0
2021,5.2.1,41-64,U,0.0
2021,5.2.1,65+,M,461.0
2021,5.2.1,65+,F,109.0
2021,5.2.1,65+,U,0.0
2021,5.2.1,U,M,1.0
2021,5.2.1,U,F,0.0
2021,5.2.1,U,U,0.0
2021,5.2.2,0-13,M,0.0
2021,5.2.2,0-13,F,0.0
2021,5.2.2,0-13,U,0.0
2021,5.2.2,14-17,M,3.0
2021,5.2.2,14-17,F,0.0
2021,5.2.2,14-17,U,0.0
2021,5.2.2,18-30,M,235.0
2021,5.2.2,18-30,F,233.0
2021,5.2.2,18-30,U,0.0
2021,5.2.2,31-40,M,483.0
2021,5.2.2,31-40,F,402.0
2021,5.2.2,31-40,U,0.0
2021,5.2.2,41-64,M,1370.0
2021,5.2.2,41-64,F,1057.0
2021,5.2.2,41-64,U,2.0
2021,5.2.2,65+,M,555.0
2021,5.2.2,65+,F,478.0
2021,5.2.2,65+,U,0.0
2021,5.2.2,U,M,0.0
2021,5.2.2,U,F,0.0
2021,5.2.2,U,U,1.0
2021,5.2.3,0-13,M,1.0
2021,5.2.3,0-13,F,1.0
2021,5.2.3,0-13,U,0.0
2021,5.2.3,14-17,M,1.0
2021,5.2.3,14-17,F,1.0
2021,5.2.3,14-17,U,0.0
2021,5.2.3,18-30,M,155.0
2021,5.2.3,18-30,F,100.0
2021,5.2.3,18-30,U,0.0
2021,5.2.3,31-40,M,379.0
2021,5.2.3,31-40,F,223.0
2021,5.2.3,31-40,U,0.0
2021,5.2.3,41-64,M,1003.0
2021,5.2.3,41-64,F,453.0
2021,5.2.3,41-64,U,0.0
2021,5.2.3,65+,M,103.0
2021,5.2.3,65+,F,25.0
2021,5.2.3,65+,U,0.0
2021,5.2.3,U,M,3.0
2021,5.2.3,U,F,0.0
2021,5.2.3,U,U,0.0
2021,5.3,0-13,M,255.0
2021,5.3,0-13,F,44.0
2021,5.3,0-13,U,0.0
2021,5.3,14-17,M,1164.0
2021,5.3,14-17,F,258.0
2021,5.3,14-17,U,1.0
2021,5.3,18-30,M,2747.0
2021,5.3,18-30,F,1353.0
2021,5.3,18-30,U,0.0
2021,5.3,31-40,M,1142.0
2021,5.3,31-40,F,735.0
2021,5.3,31-40,U,1.0
2021,5.3,41-64,M,1950.0
2021,5.3,41-64,F,1516.0
2021,5.3,41-64,U,3.0
2021,5.3,65+,M,579.0
2021,5.3,65+,F,721.0
2021,5.3,65+,U,3.0
2021,5.3,U,M,10.0
2021,5.3,U,F,5.0
2021,5.3,U,U,1.0
2021,5.3.1,0-13,M,191.0
2021,5.3.1,0-13,F,26.0
2021,5.3.1,0-13,U,0.0
2021,5.3.1,14-17,M,825.0
2021,5.3.1,14-17,F,177.0
2021,5.3.1,14-17,U,1.0
2021,5.3.1,18-30,M,1961.0
2021,5.3.1,18-30,F,940.0
2021,5.3.1,18-30,U,0.0
2021,5.3.1,31-40,M,787.0
2021,5.3.1,31-40,F,483.0
2021,5.3.1,31-40,U,0.0
2021,5.3.1,41-64,M,1305.0
2021,5.3.1,41-64,F,1010.0
2021,5.3.1,41-64,U,2.0
2021,5.3.1,65+,M,337.0
2021,5.3.1,65+,F,443.0
2021,5.3.1,65+,U,2.0
2021,5.3.1,U,M,2.0
2021,5.3.1,U,F,5.0
2021,5.3.1,U,U,0.0
2021,5.3.2,0-13,M,9.0
2021,5.3.2,0-13,F,1.0
2021,5.3.2,0-13,U,0.0
2021,5.3.2,14-17,M,12.0
2021,5.3.2,14-17,F,6.0
2021,5.3.2,14-17,U,0.0
2021,5.3.2,18-30,M,69.0
2021,5.3.2,18-30,F,42.0
2021,5.3.2,18-30,U,0.0
2021,5.3.2,31-40,M,56.0
2021,5.3.2,31-40,F,30.0
2021,5.3.2,31-40,U,0.0
2021,5.3.2,41-64,M,115.0
2021,5.3.2,41-64,F,89.0
2021,5.3.2,41-64,U,0.0
2021,5.3.2,65+,M,116.0
2021,5.3.2,65+,F,184.0
2021,5.3.2,65+,U,1.0
2021,5.3.2,U,M,0.0
2021,5.3.2,U,F,0.0
2021,5.3.2,U,U,0.0
2021,5.3.3,0-13,M,2.0
2021,5.3.3,0-13,F,3.0
2021,5.3.3,0-13,U,0.0
2021,5.3.3,14-17,M,19.0
2021,5.3.3,14-17,F,4.0
2021,5.3.3,14-17,U,0.0
2021,5.3.3,18-30,M,193.0
2021,5.3.3,18-30,F,166.0
2021,5.3.3,18-30,U,0.0
2021,5.3.3,31-40,M,178.0
2021,5.3.3,31-40,F,137.0
2021,5.3.3,31-40,U,1.0
2021,5.3.3,41-64,M,296.0
2021,5.3.3,41-64,F,215.0
2021,5.3.3,41-64,U,0.0
2021,5.3.3,65+,M,41.0
2021,5.3.3,65+,F,31.0
2021,5.3.3,65+,U,0.0
2021,5.3.3,U,M,7.0
2021,5.3.3,U,F,0.0
2021,5.3.3,U,U,1.0
2021,5.4,0-13,M,0.0
2021,5.4,0-13,F,0.0
2021,5.4,0-13,U,0.0
2021,5.4,14-17,M,2.0
2021,5.4,14-17,F,0.0
2021,5.4,14-17,U,0.0
2021,5.4,18-30,M,775.0
2021,5.4,18-30,F,214.0
2021,5.4,18-30,U,0.0
2021,5.4,31-40,M,1108.0
2021,5.4,31-40,F,327.0
2021,5.4,31-40,U,0.0
2021,5.4,41-64,M,1986.0
2021,5.4,41-64,F,468.0
2021,5.4,41-64,U,0.0
2021,5.4,65+,M,237.0
2021,5.4,65+,F,45.0
2021,5.4,65+,U,0.0
2021,5.4,U,M,1.0
2021,5.4,U,F,0.0
2021,5.4,U,U,0.0
2021,5.5,0-13,M,5.0
2021,5.5,0-13,F,3.0
2021,5.5,0-13,U,0.0
2021,5.5,14-17,M,51.0
2021,5.5,14-17,F,43.0
2021,5.5,14-17,U,0.0
2021,5.5,18-30,M,5190.0
2021,5.5,18-30,F,5009.0
2021,5.5,18-30,U,0.0
2021,5.5,31-40,M,4743.0
2021,5.5,31-40,F,4578.0
2021,5.5,31-40,U,0.0
2021,5.5,41-64,M,10842.0
2021,5.5,41-64,F,10660.0
2021,5.5,41-64,U,4.0
2021,5.5,65+,M,3283.0
2021,5.5,65+,F,2718.0
2021,5.5,65+,U,0.0
2021,5.5,U,M,2.0
2021,5.5,U,F,1.0
2021,5.5,U,U,1.0
2021,5.5.1,0-13,M,2.0
2021,5.5.1,0-13,F,1.0
2021,5.5.1,0-13,U,0.0
2021,5.5.1,14-17,M,38.0
2021,5.5.1,14-17,F,30.0
2021,5.5.1,14-17,U,0.0
2021,5.5.1,18-30,M,3936.0
2021,5.5.1,18-30,F,3795.0
2021,5.5.1,18-30,U,0.0
2021,5.5.1,31-40,M,3455.0
2021,5.5.1,31-40,F,3414.0
2021,5.5.1,31-40,U,0.0
2021,5.5.1,41-64,M,7983.0
2021,5.5.1,41-64,F,8095.0
2021,5.5.1,41-64,U,3.0
2021,5.5.1,65+,M,2158.0
2021,5.5.1,65+,F,1655.0
2021,5.5.1,65+,U,0.0
2021,5.5.1,U,M,0.0
2021,5.5.1,U,F,1.0
2021,5.5.1,U,U,0.0
2021,5.6,0-13,M,2.0
2021,5.6,0-13,F,2.0
2021,5.6,0-13,U,0.0
2021,5.6,14-17,M,11.0
2021,5.6,14-17,F,4.0
2021,5.6,14-17,U,0.0
2021,5.6,18-30,M,1758.0
2021,5.6,18-30,F,1022.0
2021,5.6,18-30,U,0.0
2021,5.6,31-40,M,2955.0
2021,5.6,31-40,F,1610.0
2021,5.6,31-40,U,0.0
2021,5.6,41-64,M,7653.0
2021,5.6,41-64,F,4031.0
2021,5.6,41-64,U,1.0
2021,5.6,65+,M,1538.0
2021,5.6,65+,F,702.0
2021,5.6,65+,U,1.0
2021,5.6,U,M,4.0
2021,5.6,U,F,2.0
2021,5.6,U,U,3.0
2021,5.7,0-13,M,0.0
2021,5.7,0-13,F,0.0
2021,5.7,0-13,U,0.0
2021,5.7,14-17,M,0.0
2021,5.7,14-17,F,0.0
2021,5.7,14-17,U,0.0
2021,5.7,18-30,M,3.0
2021,5.7,18-30,F,3.0
2021,5.7,18-30,U,0.0
2021,5.7,31-40,M,3.0
2021,5.7,31-40,F,2.0
2021,5.7,31-40,U,0.0
2021,5.7,41-64,M,15.0
2021,5.7,41-64,F,8.0
2021,5.7,41-64,U,0.0
2021,5.7,65+,M,2.0
2021,5.7,65+,F,0.0
2021,5.7,65+,U,0.0
2021,5.7,U,M,0.0
2021,5.7,U,F,0.0
2021,5.7,U,U,0.0
2021,5.8,0-13,M,0.0
2021,5.8,0-13,F,0.0
2021,5.8,0-13,U,0.0
2021,5.8,14-17,M,0.0
2021,5.8,14-17,F,0.0
2021,5.8,14-17,U,0.0
2021,5.8,18-30,M,4.0
2021,5.8,18-30,F,3.0
2021,5.8,18-30,U,0.0
2021,5.8,31-40,M,1.0
2021,5.8,31-40,F,0.0
2021,5.8,31-40,U,0.0
2021,5.8,41-64,M,4.0
2021,5.8,41-64,F,1.0
2021,5.8,41-64,U,0.0
2021,5.8,65+,M,0.0
2021,5.8,65+,F,0.0
2021,5.8,65+,U,0.0
2021,5.8,U,M,0.0
2021,5.8,U,F,0.0
2021,5.8,U,U,0.0
2021,5.9,0-13,M,10.0
2021,5.9,0-13,F,4.0
2021,5.9,0-13,U,0.0
2021,5.9,14-17,M,39.0
2021,5.9,14-17,F,29.0
2021,5.9,14-17,U,0.0
2021,5.9,18-30,M,671.0
2021,5.9,18-30,F,408.0
2021,5.9,18-30,U,0.0
2021,5.9,31-40,M,590.0
2021,5.9,31-40,F,319.0
2021,5.9,31-40,U,0.0
2021,5.9,41-64,M,1147.0
2021,5.9,41-64,F,746.0
2021,5.9,41-64,U,0.0
2021,5.9,65+,M,268.0
2021,5.9,65+,F,184.0
2021,5.9,65+,U,0.0
2021,5.9,U,M,1.0
2021,5.9,U,F,0.0
2021,5.9,U,U,3.0
2021,6,0-13,M,0.0
2021,6,0-13,F,0.0
2021,6,0-13,U,0.0
2021,6,14-17,M,2.0
2021,6,14-17,F,1.0
2021,6,14-17,U,0.0
2021,6,18-30,M,23.0
2021,6,18-30,F,9.0
2021,6,18-30,U,1.0
2021,6,31-40,M,31.0
2021,6,31-40,F,11.0
2021,6,31-40,U,0.0
2021,6,41-64,M,45.0
2021,6,41-64,F,20.0
2021,6,41-64,U,0.0
2021,6,65+,M,13.0
2021,6,65+,F,3.0
2021,6,65+,U,0.0
2021,6,U,M,1.0
2021,6,U,F,0.0
2021,6,U,U,0.0
2021,6.1,0-13,M,0.0
2021,6.1,0-13,F,0.0
2021,6.1,0-13,U,0.0
2021,6.1,14-17,M,1.0
2021,6.1,14-17,F,0.0
2021,6.1,14-17,U,0.0
2021,6.1,18-30,M,5.0
2021,6.1,18-30,F,0.0
2021,6.1,18-30,U,0.0
2021,6.1,31-40,M,3.0
2021,6.1,31-40,F,2.0
2021,6.1,31-40,U,0.0
2021,6.1,41-64,M,5.0
2021,6.1,41-64,F,2.0
2021,6.1,41-64,U,0.0
2021,6.1,65+,M,0.0
2021,6.1,65+,F,0.0
2021,6.1,65+,U,0.0
2021,6.1,U,M,0.0
2021,6.1,U,F,0.0
2021,6.1,U,U,0.0
2021,6.2,0-13,M,0.0
2021,6.2,0-13,F,0.0
2021,6.2,0-13,U,0.0
2021,6.2,14-17,M,0.0
2021,6.2,14-17,F,1.0
2021,6.2,14-17,U,0.0
2021,6.2,18-30,M,12.0
2021,6.2,18-30,F,6.0
2021,6.2,18-30,U,0.0
2021,6.2,31-40,M,16.0
2021,6.2,31-40,F,4.0
2021,6.2,31-40,U,0.0
2021,6.2,41-64,M,20.0
2021,6.2,41-64,F,14.0
2021,6.2,41-64,U,0.0
2021,6.2,65+,M,6.0
2021,6.2,65+,F,1.0
2021,6.2,65+,U,0.0
2021,6.2,U,M,1.0
2021,6.2,U,F,0.0
2021,6.2,U,U,0.0
2021,6.3,0-13,M,0.0
2021,6.3,0-13,F,0.0
2021,6.3,0-13,U,0.0
2021,6.3,14-17,M,1.0
2021,6.3,14-17,F,0.0
2021,6.3,14-17,U,0.0
2021,6.3,18-30,M,6.0
2021,6.3,18-30,F,3.0
2021,6.3,18-30,U,1.0
2021,6.3,31-40,M,12.0
2021,6.3,31-40,F,5.0
2021,6.3,31-40,U,0.0
2021,6.3,41-64,M,20.0
2021,6.3,41-64,F,4.0
2021,6.3,41-64,U,0.0
2021,6.3,65+,M,7.0
2021,6.3,65+,F,2.0
2021,6.3,65+,U,0.0
2021,6.3,U,M,0.0
2021,6.3,U,F,0.0
2021,6.3,U,U,0.0
2021,7,0-13,M,4.0
2021,7,0-13,F,6.0
2021,7,0-13,U,0.0
2021,7,14-17,M,8.0
2021,7,14-17,F,30.0
2021,7,14-17,U,0.0
2021,7,18-30,M,431.0
2021,7,18-30,F,594.0
2021,7,18-30,U,0.0
2021,7,31-40,M,509.0
2021,7,31-40,F,439.0
2021,7,31-40,U,0.0
2021,7,41-64,M,1124.0
2021,7,41-64,F,860.0
2021,7,41-64,U,0.0
2021,7,65+,M,184.0
2021,7,65+,F,131.0
2021,7,65+,U,0.0
2021,7,U,M,0.0
2021,7,U,F,2.0
2021,7,U,U,0.0
2021,8,0-13,M,0.0
2021,8,0-13,F,0.0
2021,8,0-13,U,0.0
2021,8,14-17,M,2.0
2021,8,14-17,F,1.0
2021,8,14-17,U,0.0
2021,8,18-30,M,1.0
2021,8,18-30,F,4.0
2021,8,18-30,U,0.0
2021,8,31-40,M,1.0
2021,8,31-40,F,0.0
2021,8,31-40,U,0.0
2021,8,41-64,M,2.0
2021,8,41-64,F,1.0
2021,8,41-64,U,0.0
2021,8,65+,M,0.0
2021,8,65+,F,0.0
2021,8,65+,U,0.0
2021,8,U,M,0.0
2021,8,U,F,0.0
2021,8,U,U,0.0
2021,9,0-13,M,6.0
2021,9,0-13,F,8.0
2021,9,0-13,U,0.0
2021,9,14-17,M,7.0
2021,9,14-17,F,47.0
2021,9,14-17,U,0.0
2021,9,18-30,M,68.0
2021,9,18-30,F,715.0
2021,9,18-30,U,1.0
2021,9,31-40,M,97.0
2021,9,31-40,F,657.0
2021,9,31-40,U,0.0
2021,9,41-64,M,178.0
2021,9,41-64,F,833.0
2021,9,41-64,U,0.0
2021,9,65+,M,54.0
2021,9,65+,F,177.0
2021,9,65+,U,3.0
2021,9,U,M,9.0
2021,9,U,F,10.0
2021,9,U,U,4.0
2021,10,0-13,M,2.0
2021,10,0-13,F,0.0
2021,10,0-13,U,0.0
2021,10,14-17,M,4.0
2021,10,14-17,F,1.0
2021,10,14-17,U,0.0
2021,10,18-30,M,95.0
2021,10,18-30,F,12.0
2021,10,18-30,U,0.0
2021,10,31-40,M,411.0
2021,10,31-40,F,46.0
2021,10,31-40,U,3.0
2021,10,41-64,M,176.0
2021,10,41-64,F,16.0
2021,10,41-64,U,4.0
2021,10,65+,M,762.0
2021,10,65+,F,31.0
2021,10,65+,U,28.0
2021,10,U,M,853.0
2021,10,U,F,48.0
2021,10,U,U,276.0
2021,11,0-13,M,0.0
2021,11,0-13,F,0.0
2021,11,0-13,U,0.0
2021,11,14-17,M,0.0
2021,11,14-17,F,0.0
2021,11,14-17,U,0.0
2021,11,18-30,M,0.0
2021,11,18-30,F,0.0
2021,11,18-30,U,0.0
2021,11,31-40,M,0.0
2021,11,31-40,F,0.0
2021,11,31-40,U,0.0
2021,11,41-64,M,0.0
2021,11,41-64,F,0.0
2021,11,41-64,U,0.0
2021,11,65+,M,0.0
2021,11,65+,F,0.0
2021,11,65+,U,0.0
2021,11,U,M,0.0
2021,11,U,F,0.0
2021,11,U,U,0.0
2021,12,0-13,M,3.0
2021,12,0-13,F,7.0
2021,12,0-13,U,0.0
2021,12,14-17,M,7.0
2021,12,14-17,F,9.0
2021,12,14-17,U,0.0
2021,12,18-30,M,84.0
2021,12,18-30,F,52.0
2021,12,18-30,U,0.0
2021,12,31-40,M,72.0
2021,12,31-40,F,64.0
2021,12,31-40,U,0.0
2021,12,41-64,M,147.0
2021,12,41-64,F,126.0
2021,12,41-64,U,0.0
2021,12,65+,M,16.0
2021,12,65+,F,18.0
2021,12,65+,U,0.0
2021,12,U,M,4.0
2021,12,U,F,0.0
2021,12,U,U,0.0
2021,TOTAL,0-13,M,1267.0
2021,TOTAL,0-13,F,1139.0
2021,TOTAL,0-13,U,4.0
2021,TOTAL,14-17,M,3023.0
2021,TOTAL,14-17,F,2825.0
2021,TOTAL,14-17,U,1.0
2021,TOTAL,18-30,M,29463.0
2021,TOTAL,18-30,F,30656.0
2021,TOTAL,18-30,U,13.0
2021,TOTAL,31-40,M,27544.0
2021,TOTAL,31-40,F,25357.0
2021,TOTAL,31-40,U,17.0
2021,TOTAL,41-64,M,56969.0
2021,TOTAL,41-64,F,46550.0
2021,TOTAL,41-64,U,73.0
2021,TOTAL,65+,M,13794.0
2021,TOTAL,65+,F,13210.0
2021,TOTAL,65+,U,54.0
2021,TOTAL,U,M,1048.0
2021,TOTAL,U,F,109.0
2021,TOTAL,U,U,322.0
2022,1,0-13,M,537.0
2022,1,0-13,F,383.0
2022,1,0-13,U,0.0
2022,1,14-17,M,789.0
2022,1,14-17,F,752.0
2022,1,14-17,U,1.0
2022,1,18-30,M,4197.0
2022,1,18-30,F,6088.0
2022,1,18-30,U,2.0
2022,1,31-40,M,3152.0
2022,1,31-40,F,5042.0
2022,1,31-40,U,1.0
2022,1,41-64,M,5100.0
2022,1,41-64,F,6102.0
2022,1,41-64,U,11.0
2022,1,65+,M,571.0
2022,1,65+,F,715.0
2022,1,65+,U,3.0
2022,1,U,M,58.0
2022,1,U,F,64.0
2022,1,U,U,3.0
2022,1.1,0-13,M,2.0
2022,1.1,0-13,F,3.0
2022,1.1,0-13,U,0.0
2022,1.1,14-17,M,8.0
2022,1.1,14-17,F,0.0
2022,1.1,14-17,U,0.0
2022,1.1,18-30,M,52.0
2022,1.1,18-30,F,12.0
2022,1.1,18-30,U,0.0
2022,1.1,31-40,M,30.0
2022,1.1,31-40,F,7.0
2022,1.1,31-40,U,0.0
2022,1.1,41-64,M,31.0
2022,1.1,41-64,F,16.0
2022,1.1,41-64,U,0.0
2022,1.1,65+,M,5.0
2022,1.1,65+,F,9.0
2022,1.1,65+,U,0.0
2022,1.1,U,M,9.0
2022,1.1,U,F,0.0
2022,1.1,U,U,0.0
2022,1.1.1,0-13,M,1.0
2022,1.1.1,0-13,F,1.0
2022,1.1.1,0-13,U,0.0
2022,1.1.1,14-17,M,3.0
2022,1.1.1,14-17,F,0.0
2022,1.1.1,14-17,U,0.0
2022,1.1.1,18-30,M,7.0
2022,1.1.1,18-30,F,6.0
2022,1.1.1,18-30,U,0.0
2022,1.1.1,31-40,M,4.0
2022,1.1.1,31-40,F,2.0
2022,1.1.1,31-40,U,0.0
2022,1.1.1,41-64,M,7.0
2022,1.1.1,41-64,F,4.0
2022,1.1.1,41-64,U,0.0
2022,1.1.1,65+,M,1.0
2022,1.1.1,65+,F,6.0
2022,1.1.1,65+,U,0.0
2022,1.1.1,U,M,4.0
2022,1.1.1,U,F,0.0
2022,1.1.1,U,U,0.0
2022,1.2,0-13,M,267.0
2022,1.2,0-13,F,156.0
2022,1.2,0-13,U,0.0
2022,1.2,14-17,M,607.0
2022,1.2,14-17,F,343.0
2022,1.2,14-17,U,0.0
2022,1.2,18-30,M,2839.0
2022,1.2,18-30,F,1268.0
2022,1.2,18-30,U,2.0
2022,1.2,31-40,M,1984.0
2022,1.2,31-40,F,801.0
2022,1.2,31-40,U,0.0
2022,1.2,41-64,M,3469.0
2022,1.2,41-64,F,1457.0
2022,1.2,41-64,U,8.0
2022,1.2,65+,M,332.0
2022,1.2,65+,F,173.0
2022,1.2,65+,U,3.0
2022,1.2,U,M,35.0
2022,1.2,U,F,8.0
2022,1.2,U,U,2.0
2022,1.3,0-13,M,255.0
2022,1.3,0-13,F,212.0
2022,1.3,0-13,U,0.0
2022,1.3,14-17,M,161.0
2022,1.3,14-17,F,393.0
2022,1.3,14-17,U,1.0
2022,1.3,18-30,M,1209.0
2022,1.3,18-30,F,4759.0
2022,1.3,18-30,U,0.0
2022,1.3,31-40,M,1073.0
2022,1.3,31-40,F,4183.0
2022,1.3,31-40,U,1.0
2022,1.3,41-64,M,1488.0
2022,1.3,41-64,F,4530.0
2022,1.3,41-64,U,3.0
2022,1.3,65+,M,221.0
2022,1.3,65+,F,508.0
2022,1.3,65+,U,0.0
2022,1.3,U,M,11.0
2022,1.3,U,F,56.0
2022,1.3,U,U,1.0
2022,1.4,0-13,M,13.0
2022,1.4,0-13,F,12.0
2022,1.4,0-13,U,0.0
2022,1.4,14-17,M,13.0
2022,1.4,14-17,F,16.0
2022,1.4,14-17,U,0.0
2022,1.4,18-30,M,97.0
2022,1.4,18-30,F,49.0
2022,1.4,18-30,U,0.0
2022,1.4,31-40,M,65.0
2022,1.4,31-40,F,51.0
2022,1.4,31-40,U,0.0
2022,1.4,41-64,M,112.0
2022,1.4,41-64,F,99.0
2022,1.4,41-64,U,0.0
2022,1.4,65+,M,13.0
2022,1.4,65+,F,25.0
2022,1.4,65+,U,0.0
2022,1.4,U,M,3.0
2022,1.4,U,F,0.0
2022,1.4,U,U,0.0
2022,2,0-13,M,170.0
2022,2,0-13,F,223.0
2022,2,0-13,U,0.0
2022,2,14-17,M,398.0
2022,2,14-17,F,409.0
2022,2,14-17,U,0.0
2022,2,18-30,M,2109.0
2022,2,18-30,F,1866.0
2022,2,18-30,U,0.0
2022,2,31-40,M,2049.0
2022,2,31-40,F,1785.0
2022,2,31-40,U,3.0
2022,2,41-64,M,4047.0
2022,2,41-64,F,3061.0
2022,2,41-64,U,13.0
2022,2,65+,M,530.0
2022,2,65+,F,382.0
2022,2,65+,U,7.0
2022,2,U,M,112.0
2022,2,U,F,28.0
2022,2,U,U,6.0
2022,2.1,0-13,M,15.0
2022,2.1,0-13,F,24.0
2022,2.1,0-13,U,0.0
2022,2.1,14-17,M,15.0
2022,2.1,14-17,F,37.0
2022,2.1,14-17,U,0.0
2022,2.1,18-30,M,25.0
2022,2.1,18-30,F,298.0
2022,2.1,18-30,U,0.0
2022,2.1,31-40,M,23.0
2022,2.1,31-40,F,288.0
2022,2.1,31-40,U,0.0
2022,2.1,41-64,M,65.0
2022,2.1,41-64,F,369.0
2022,2.1,41-64,U,0.0
2022,2.1,65+,M,17.0
2022,2.1,65+,F,47.0
2022,2.1,65+,U,0.0
2022,2.1,U,M,0.0
2022,2.1,U,F,1.0
2022,2.1,U,U,0.0
2022,2.2,0-13,M,155.0
2022,2.2,0-13,F,199.0
2022,2.2,0-13,U,0.0
2022,2.2,14-17,M,383.0
2022,2.2,14-17,F,372.0
2022,2.2,14-17,U,0.0
2022,2.2,18-30,M,2084.0
2022,2.2,18-30,F,1568.0
2022,2.2,18-30,U,0.0
2022,2.2,31-40,M,2026.0
2022,2.2,31-40,F,1497.0
2022,2.2,31-40,U,3.0
2022,2.2,41-64,M,3982.0
2022,2.2,41-64,F,2692.0
2022,2.2,41-64,U,13.0
2022,2.2,65+,M,513.0
2022,2.2,65+,F,335.0
2022,2.2,65+,U,7.0
2022,2.2,U,M,112.0
2022,2.2,U,F,27.0
2022,2.2,U,U,6.0
2022,3,0-13,M,106.0
2022,3,0-13,F,397.0
2022,3,0-13,U,1.0
2022,3,14-17,M,89.0
2022,3,14-17,F,584.0
2022,3,14-17,U,0.0
2022,3,18-30,M,90.0
2022,3,18-30,F,828.0
2022,3,18-30,U,0.0
2022,3,31-40,M,37.0
2022,3,31-40,F,244.0
2022,3,31-40,U,1.0
2022,3,41-64,M,23.0
2022,3,41-64,F,211.0
2022,3,41-64,U,0.0
2022,3,65+,M,0.0
2022,3,65+,F,7.0
2022,3,65+,U,0.0
2022,3,U,M,0.0
2022,3,U,F,6.0
2022,3,U,U,0.0
2022,3.1,0-13,M,52.0
2022,3.1,0-13,F,263.0
2022,3.1,0-13,U,0.0
2022,3.1,14-17,M,45.0
2022,3.1,14-17,F,323.0
2022,3.1,14-17,U,0.0
2022,3.1,18-30,M,63.0
2022,3.1,18-30,F,526.0
2022,3.1,18-30,U,0.0
2022,3.1,31-40,M,23.0
2022,3.1,31-40,F,161.0
2022,3.1,31-40,U,1.0
2022,3.1,41-64,M,16.0
2022,3.1,41-64,F,144.0
2022,3.1,41-64,U,0.0
2022,3.1,65+,M,0.0
2022,3.1,65+,F,3.0
2022,3.1,65+,U,0.0
2022,3.1,U,M,0.0
2022,3.1,U,F,2.0
2022,3.1,U,U,0.0
2022,3.2,0-13,M,11.0
2022,3.2,0-13,F,55.0
2022,3.2,0-13,U,0.0
2022,3.2,14-17,M,13.0
2022,3.2,14-17,F,163.0
2022,3.2,14-17,U,0.0
2022,3.2,18-30,M,24.0
2022,3.2,18-30,F,222.0
2022,3.2,18-30,U,0.0
2022,3.2,31-40,M,12.0
2022,3.2,31-40,F,63.0
2022,3.2,31-40,U,0.0
2022,3.2,41-64,M,7.0
2022,3.2,41-64,F,53.0
2022,3.2,41-64,U,0.0
2022,3.2,65+,M,0.0
2022,3.2,65+,F,3.0
2022,3.2,65+,U,0.0
2022,3.2,U,M,0.0
2022,3.2,U,F,0.0
2022,3.2,U,U,0.0
2022,3.3,0-13,M,7.0
2022,3.3,0-13,F,12.0
2022,3.3,0-13,U,0.0
2022,3.3,14-17,M,7.0
2022,3.3,14-17,F,14.0
2022,3.3,14-17,U,0.0
2022,3.3,18-30,M,0.0
2022,3.3,18-30,F,1.0
2022,3.3,18-30,U,0.0
2022,3.3,31-40,M,0.0
2022,3.3,31-40,F,0.0
2022,3.3,31-40,U,0.0
2022,3.3,41-64,M,0.0
2022,3.3,41-64,F,0.0
2022,3.3,41-64,U,0.0
2022,3.3,65+,M,0.0
2022,3.3,65+,F,0.0
2022,3.3,65+,U,0.0
2022,3.3,U,M,0.0
2022,3.3,U,F,0.0
2022,3.3,U,U,0.0
2022,3.4,0-13,M,3.0
2022,3.4,0-13,F,3.0
2022,3.4,0-13,U,0.0
2022,3.4,14-17,M,1.0
2022,3.4,14-17,F,6.0
2022,3.4,14-17,U,0.0
2022,3.4,18-30,M,1.0
2022,3.4,18-30,F,0.0
2022,3.4,18-30,U,0.0
2022,3.4,31-40,M,0.0
2022,3.4,31-40,F,0.0
2022,3.4,31-40,U,0.0
2022,3.4,41-64,M,0.0
2022,3.4,41-64,F,0.0
2022,3.4,41-64,U,0.0
2022,3.4,65+,M,0.0
2022,3.4,65+,F,0.0
2022,3.4,65+,U,0.0
2022,3.4,U,M,0.0
2022,3.4,U,F,0.0
2022,3.4,U,U,0.0
2022,3.5,0-13,M,33.0
2022,3.5,0-13,F,64.0
2022,3.5,0-13,U,1.0
2022,3.5,14-17,M,23.0
2022,3.5,14-17,F,78.0
2022,3.5,14-17,U,0.0
2022,3.5,18-30,M,2.0
2022,3.5,18-30,F,79.0
2022,3.5,18-30,U,0.0
2022,3.5,31-40,M,2.0
2022,3.5,31-40,F,20.0
2022,3.5,31-40,U,0.0
2022,3.5,41-64,M,0.0
2022,3.5,41-64,F,14.0
2022,3.5,41-64,U,0.0
2022,3.5,65+,M,0.0
2022,3.5,65+,F,1.0
2022,3.5,65+,U,0.0
2022,3.5,U,M,0.0
2022,3.5,U,F,4.0
2022,3.5,U,U,0.0
2022,4,0-13,M,136.0
2022,4,0-13,F,99.0
2022,4,0-13,U,0.0
2022,4,14-17,M,19.0
2022,4,14-17,F,23.0
2022,4,14-17,U,0.0
2022,4,18-30,M,10.0
2022,4,18-30,F,61.0
2022,4,18-30,U,0.0
2022,4,31-40,M,31.0
2022,4,31-40,F,203.0
2022,4,31-40,U,0.0
2022,4,41-64,M,70.0
2022,4,41-64,F,198.0
2022,4,41-64,U,0.0
2022,4,65+,M,3.0
2022,4,65+,F,14.0
2022,4,65+,U,0.0
2022,4,U,M,3.0
2022,4,U,F,1.0
2022,4,U,U,0.0
2022,5,0-13,M,288.0
2022,5,0-13,F,137.0
2022,5,0-13,U,0.0
2022,5,14-17,M,1687.0
2022,5,14-17,F,1233.0
2022,5,14-17,U,4.0
2022,5,18-30,M,28781.0
2022,5,18-30,F,27817.0
2022,5,18-30,U,6.0
2022,5,31-40,M,25076.0
2022,5,31-40,F,19676.0
2022,5,31-40,U,4.0
2022,5,41-64,M,56784.0
2022,5,41-64,F,41585.0
2022,5,41-64,U,29.0
2022,5,65+,M,14162.0
2022,5,65+,F,13618.0
2022,5,65+,U,17.0
2022,5,U,M,289.0
2022,5,U,F,131.0
2022,5,U,U,18.0
2022,5.1,0-13,M,96.0
2022,5.1,0-13,F,89.0
2022,5.1,0-13,U,0.0
2022,5.1,14-17,M,655.0
2022,5.1,14-17,F,914.0
2022,5.1,14-17,U,2.0
2022,5.1,18-30,M,12843.0
2022,5.1,18-30,F,15898.0
2022,5.1,18-30,U,5.0
2022,5.1,31-40,M,9264.0
2022,5.1,31-40,F,9180.0
2022,5.1,31-40,U,3.0
2022,5.1,41-64,M,19528.0
2022,5.1,41-64,F,17526.0
2022,5.1,41-64,U,17.0
2022,5.1,65+,M,5405.0
2022,5.1,65+,F,7506.0
2022,5.1,65+,U,11.0
2022,5.1,U,M,159.0
2022,5.1,U,F,96.0
2022,5.1,U,U,7.0
2022,5.2,0-13,M,2.0
2022,5.2,0-13,F,1.0
2022,5.2,0-13,U,0.0
2022,5.2,14-17,M,24.0
2022,5.2,14-17,F,6.0
2022,5.2,14-17,U,0.0
2022,5.2,18-30,M,2944.0
2022,5.2,18-30,F,1339.0
2022,5.2,18-30,U,0.0
2022,5.2,31-40,M,4220.0
2022,5.2,31-40,F,1795.0
2022,5.2,31-40,U,0.0
2022,5.2,41-64,M,10134.0
2022,5.2,41-64,F,3793.0
2022,5.2,41-64,U,1.0
2022,5.2,65+,M,1465.0
2022,5.2,65+,F,769.0
2022,5.2,65+,U,0.0
2022,5.2,U,M,24.0
2022,5.2,U,F,4.0
2022,5.2,U,U,4.0
2022,5.2.1,0-13,M,1.0
2022,5.2.1,0-13,F,1.0
2022,5.2.1,0-13,U,0.0
2022,5.2.1,14-17,M,7.0
2022,5.2.1,14-17,F,3.0
2022,5.2.1,14-17,U,0.0
2022,5.2.1,18-30,M,2233.0
2022,5.2.1,18-30,F,820.0
2022,5.2.1,18-30,U,0.0
2022,5.2.1,31-40,M,3009.0
2022,5.2.1,31-40,F,1028.0
2022,5.2.1,31-40,U,0.0
2022,5.2.1,41-64,M,6789.0
2022,5.2.1,41-64,F,1758.0
2022,5.2.1,41-64,U,0.0
2022,5.2.1,65+,M,569.0
2022,5.2.1,65+,F,122.0
2022,5.2.1,65+,U,0.0
2022,5.2.1,U,M,9.0
2022,5.2.1,U,F,0.0
2022,5.2.1,U,U,1.0
2022,5.2.2,0-13,M,1.0
2022,5.2.2,0-13,F,0.0
2022,5.2.2,0-13,U,0.0
2022,5.2.2,14-17,M,1.0
2022,5.2.2,14-17,F,0.0
2022,5.2.2,14-17,U,0.0
2022,5.2.2,18-30,M,320.0
2022,5.2.2,18-30,F,318.0
2022,5.2.2,18-30,U,0.0
2022,5.2.2,31-40,M,552.0
2022,5.2.2,31-40,F,430.0
2022,5.2.2,31-40,U,0.0
2022,5.2.2,41-64,M,1511.0
2022,5.2.2,41-64,F,1256.0
2022,5.2.2,41-64,U,0.0
2022,5.2.2,65+,M,711.0
2022,5.2.2,65+,F,593.0
2022,5.2.2,65+,U,0.0
2022,5.2.2,U,M,3.0
2022,5.2.2,U,F,3.0
2022,5.2.2,U,U,3.0
2022,5.2.3,0-13,M,0.0
2022,5.2.3,0-13,F,0.0
2022,5.2.3,0-13,U,0.0
2022,5.2.3,14-17,M,1.0
2022,5.2.3,14-17,F,0.0
2022,5.2.3,14-17,U,0.0
2022,5.2.3,18-30,M,185.0
2022,5.2.3,18-30,F,95.0
2022,5.2.3,18-30,U,0.0
2022,5.2.3,31-40,M,359.0
2022,5.2.3,31-40,F,228.0
2022,5.2.3,31-40,U,0.0
2022,5.2.3,41-64,M,992.0
2022,5.2.3,41-64,F,515.0
2022,5.2.3,41-64,U,1.0
2022,5.2.3,65+,M,99.0
2022,5.2.3,65+,F,28.0
2022,5.2.3,65+,U,0.0
2022,5.2.3,U,M,8.0
2022,5.2.3,U,F,0.0
2022,5.2.3,U,U,0.0
2022,5.3,0-13,M,165.0
2022,5.3,0-13,F,36.0
2022,5.3,0-13,U,0.0
2022,5.3,14-17,M,869.0
2022,5.3,14-17,F,206.0
2022,5.3,14-17,U,2.0
2022,5.3,18-30,M,3369.0
2022,5.3,18-30,F,1485.0
2022,5.3,18-30,U,1.0
2022,5.3,31-40,M,1371.0
2022,5.3,31-40,F,667.0
2022,5.3,31-40,U,1.0
2022,5.3,41-64,M,2168.0
2022,5.3,41-64,F,1355.0
2022,5.3,41-64,U,4.0
2022,5.3,65+,M,526.0
2022,5.3,65+,F,589.0
2022,5.3,65+,U,2.0
2022,5.3,U,M,51.0
2022,5.3,U,F,12.0
2022,5.3,U,U,4.0
2022,5.3.1,0-13,M,123.0
2022,5.3.1,0-13,F,25.0
2022,5.3.1,0-13,U,0.0
2022,5.3.1,14-17,M,601.0
2022,5.3.1,14-17,F,120.0
2022,5.3.1,14-17,U,2.0
2022,5.3.1,18-30,M,2419.0
2022,5.3.1,18-30,F,925.0
2022,5.3.1,18-30,U,1.0
2022,5.3.1,31-40,M,986.0
2022,5.3.1,31-40,F,423.0
2022,5.3.1,31-40,U,1.0
2022,5.3.1,41-64,M,1470.0
2022,5.3.1,41-64,F,846.0
2022,5.3.1,41-64,U,3.0
2022,5.3.1,65+,M,335.0
2022,5.3.1,65+,F,401.0
2022,5.3.1,65+,U,2.0
2022,5.3.1,U,M,20.0
2022,5.3.1,U,F,6.0
2022,5.3.1,U,U,0.0
2022,5.3.2,0-13,M,6.0
2022,5.3.2,0-13,F,1.0
2022,5.3.2,0-13,U,0.0
2022,5.3.2,14-17,M,19.0
2022,5.3.2,14-17,F,4.0
2022,5.3.2,14-17,U,0.0
2022,5.3.2,18-30,M,65.0
2022,5.3.2,18-30,F,27.0
2022,5.3.2,18-30,U,0.0
2022,5.3.2,31-40,M,47.0
2022,5.3.2,31-40,F,30.0
2022,5.3.2,31-40,U,0.0
2022,5.3.2,41-64,M,112.0
2022,5.3.2,41-64,F,79.0
2022,5.3.2,41-64,U,1.0
2022,5.3.2,65+,M,84.0
2022,5.3.2,65+,F,117.0
2022,5.3.2,65+,U,0.0
2022,5.3.2,U,M,2.0
2022,5.3.2,U,F,1.0
2022,5.3.2,U,U,0.0
2022,5.3.3,0-13,M,9.0
2022,5.3.3,0-13,F,0.0
2022,5.3.3,0-13,U,0.0
2022,5.3.3,14-17,M,15.0
2022,5.3.3,14-17,F,5.0
2022,5.3.3,14-17,U,0.0
2022,5.3.3,18-30,M,298.0
2022,5.3.3,18-30,F,297.0
2022,5.3.3,18-30,U,0.0
2022,5.3.3,31-40,M,211.0
2022,5.3.3,31-40,F,150.0
2022,5.3.3,31-40,U,0.0
2022,5.3.3,41-64,M,338.0
2022,5.3.3,41-64,F,274.0
2022,5.3.3,41-64,U,0.0
2022,5.3.3,65+,M,30.0
2022,5.3.3,65+,F,26.0
2022,5.3.3,65+,U,0.0
2022,5.3.3,U,M,22.0
2022,5.3.3,U,F,5.0
2022,5.3.3,U,U,4.0
2022,5.4,0-13,M,1.0
2022,5.4,0-13,F,0.0
2022,5.4,0-13,U,0.0
2022,5.4,14-17,M,2.0
2022,5.4,14-17,F,1.0
2022,5.4,14-17,U,0.0
2022,5.4,18-30,M,808.0
2022,5.4,18-30,F,271.0
2022,5.4,18-30,U,0.0
2022,5.4,31-40,M,1113.0
2022,5.4,31-40,F,382.0
2022,5.4,31-40,U,0.0
2022,5.4,41-64,M,2263.0
2022,5.4,41-64,F,626.0
2022,5.4,41-64,U,0.0
2022,5.4,65+,M,253.0
2022,5.4,65+,F,64.0
2022,5.4,65+,U,0.0
2022,5.4,U,M,8.0
2022,5.4,U,F,3.0
2022,5.4,U,U,0.0
2022,5.5,0-13,M,13.0
2022,5.5,0-13,F,6.0
2022,5.5,0-13,U,0.0
2022,5.5,14-17,M,62.0
2022,5.5,14-17,F,57.0
2022,5.5,14-17,U,0.0
2022,5.5,18-30,M,6068.0
2022,5.5,18-30,F,7075.0
2022,5.5,18-30,U,0.0
2022,5.5,31-40,M,5199.0
2022,5.5,31-40,F,5450.0
2022,5.5,31-40,U,0.0
2022,5.5,41-64,M,12642.0
2022,5.5,41-64,F,12864.0
2022,5.5,41-64,U,4.0
2022,5.5,65+,M,4355.0
2022,5.5,65+,F,3590.0
2022,5.5,65+,U,4.0
2022,5.5,U,M,23.0
2022,5.5,U,F,12.0
2022,5.5,U,U,2.0
2022,5.5.1,0-13,M,9.0
2022,5.5.1,0-13,F,5.0
2022,5.5.1,0-13,U,0.0
2022,5.5.1,14-17,M,46.0
2022,5.5.1,14-17,F,50.0
2022,5.5.1,14-17,U,0.0
2022,5.5.1,18-30,M,4521.0
2022,5.5.1,18-30,F,5513.0
2022,5.5.1,18-30,U,0.0
2022,5.5.1,31-40,M,3847.0
2022,5.5.1,31-40,F,4284.0
2022,5.5.1,31-40,U,0.0
2022,5.5.1,41-64,M,9386.0
2022,5.5.1,41-64,F,10022.0
2022,5.5.1,41-64,U,1.0
2022,5.5.1,65+,M,3009.0
2022,5.5.1,65+,F,2309.0
2022,5.5.1,65+,U,1.0
2022,5.5.1,U,M,8.0
2022,5.5.1,U,F,4.0
2022,5.5.1,U,U,2.0
2022,5.6,0-13,M,2.0
2022,5.6,0-13,F,0.0
2022,5.6,0-13,U,0.0
2022,5.6,14-17,M,12.0
2022,5.6,14-17,F,7.0
2022,5.6,14-17,U,0.0
2022,5.6,18-30,M,1790.0
2022,5.6,18-30,F,1105.0
2022,5.6,18-30,U,0.0
2022,5.6,31-40,M,3197.0
2022,5.6,31-40,F,1758.0
2022,5.6,31-40,U,0.0
2022,5.6,41-64,M,8482.0
2022,5.6,41-64,F,4475.0
2022,5.6,41-64,U,2.0
2022,5.6,65+,M,1842.0
2022,5.6,65+,F,872.0
2022,5.6,65+,U,0.0
2022,5.6,U,M,9.0
2022,5.6,U,F,1.0
2022,5.6,U,U,1.0
2022,5.7,0-13,M,0.0
2022,5.7,0-13,F,0.0
2022,5.7,0-13,U,0.0
2022,5.7,14-17,M,0.0
2022,5.7,14-17,F,0.0
2022,5.7,14-17,U,0.0
2022,5.7,18-30,M,2.0
2022,5.7,18-30,F,2.0
2022,5.7,18-30,U,0.0
2022,5.7,31-40,M,2.0
2022,5.7,31-40,F,3.0
2022,5.7,31-40,U,0.0
2022,5.7,41-64,M,10.0
2022,5.7,41-64,F,5.0
2022,5.7,41-64,U,0.0
2022,5.7,65+,M,0.0
2022,5.7,65+,F,0.0
2022,5.7,65+,U,0.0
2022,5.7,U,M,3.0
2022,5.7,U,F,2.0
2022,5.7,U,U,0.0
2022,5.8,0-13,M,0.0
2022,5.8,0-13,F,0.0
2022,5.8,0-13,U,0.0
2022,5.8,14-17,M,0.0
2022,5.8,14-17,F,0.0
2022,5.8,14-17,U,0.0
2022,5.8,18-30,M,6.0
2022,5.8,18-30,F,3.0
2022,5.8,18-30,U,0.0
2022,5.8,31-40,M,2.0
2022,5.8,31-40,F,4.0
2022,5.8,31-40,U,0.0
2022,5.8,41-64,M,0.0
2022,5.8,41-64,F,1.0
2022,5.8,41-64,U,0.0
2022,5.8,65+,M,0.0
2022,5.8,65+,F,0.0
2022,5.8,65+,U,0.0
2022,5.8,U,M,0.0
2022,5.8,U,F,0.0
2022,5.8,U,U,0.0
2022,5.9,0-13,M,9.0
2022,5.9,0-13,F,5.0
2022,5.9,0-13,U,0.0
2022,5.9,14-17,M,63.0
2022,5.9,14-17,F,42.0
2022,5.9,14-17,U,0.0
2022,5.9,18-30,M,951.0
2022,5.9,18-30,F,639.0
2022,5.9,18-30,U,0.0
2022,5.9,31-40,M,708.0
2022,5.9,31-40,F,437.0
2022,5.9,31-40,U,0.0
2022,5.9,41-64,M,1557.0
2022,5.9,41-64,F,940.0
2022,5.9,41-64,U,1.0
2022,5.9,65+,M,316.0
2022,5.9,65+,F,228.0
2022,5.9,65+,U,0.0
2022,5.9,U,M,12.0
2022,5.9,U,F,1.0
2022,5.9,U,U,0.0
2022,6,0-13,M,2.0
2022,6,0-13,F,1.0
2022,6,0-13,U,0.0
2022,6,14-17,M,0.0
2022,6,14-17,F,2.0
2022,6,14-17,U,0.0
2022,6,18-30,M,37.0
2022,6,18-30,F,14.0
2022,6,18-30,U,0.0
2022,6,31-40,M,27.0
2022,6,31-40,F,11.0
2022,6,31-40,U,0.0
2022,6,41-64,M,58.0
2022,6,41-64,F,17.0
2022,6,41-64,U,0.0
2022,6,65+,M,5.0
2022,6,65+,F,1.0
2022,6,65+,U,0.0
2022,6,U,M,0.0
2022,6,U,F,0.0
2022,6,U,U,0.0
2022,6.1,0-13,M,0.0
2022,6.1,0-13,F,0.0
2022,6.1,0-13,U,0.0
2022,6.1,14-17,M,0.0
2022,6.1,14-17,F,1.0
2022,6.1,14-17,U,0.0
2022,6.1,18-30,M,8.0
2022,6.1,18-30,F,1.0
2022,6.1,18-30,U,0.0
2022,6.1,31-40,M,4.0
2022,6.1,31-40,F,1.0
2022,6.1,31-40,U,0.0
2022,6.1,41-64,M,6.0
2022,6.1,41-64,F,3.0
2022,6.1,41-64,U,0.0
2022,6.1,65+,M,0.0
2022,6.1,65+,F,0.0
2022,6.1,65+,U,0.0
2022,6.1,U,M,0.0
2022,6.1,U,F,0.0
2022,6.1,U,U,0.0
2022,6.2,0-13,M,0.0
2022,6.2,0-13,F,0.0
2022,6.2,0-13,U,0.0
2022,6.2,14-17,M,0.0
2022,6.2,14-17,F,0.0
2022,6.2,14-17,U,0.0
2022,6.2,18-30,M,19.0
2022,6.2,18-30,F,2.0
2022,6.2,18-30,U,0.0
2022,6.2,31-40,M,8.0
2022,6.2,31-40,F,5.0
2022,6.2,31-40,U,0.0
2022,6.2,41-64,M,26.0
2022,6.2,41-64,F,9.0
2022,6.2,41-64,U,0.0
2022,6.2,65+,M,2.0
2022,6.2,65+,F,0.0
2022,6.2,65+,U,0.0
2022,6.2,U,M,0.0
2022,6.2,U,F,0.0
2022,6.2,U,U,0.0
2022,6.3,0-13,M,2.0
2022,6.3,0-13,F,1.0
2022,6.3,0-13,U,0.0
2022,6.3,14-17,M,0.0
2022,6.3,14-17,F,1.0
2022,6.3,14-17,U,0.0
2022,6.3,18-30,M,10.0
2022,6.3,18-30,F,11.0
2022,6.3,18-30,U,0.0
2022,6.3,31-40,M,15.0
2022,6.3,31-40,F,5.0
2022,6.3,31-40,U,0.0
2022,6.3,41-64,M,26.0
2022,6.3,41-64,F,5.0
2022,6.3,41-64,U,0.0
2022,6.3,65+,M,3.0
2022,6.3,65+,F,1.0
2022,6.3,65+,U,0.0
2022,6.3,U,M,0.0
2022,6.3,U,F,0.0
2022,6.3,U,U,0.0
2022,7,0-13,M,5.0
2022,7,0-13,F,3.0
2022,7,0-13,U,0.0
2022,7,14-17,M,11.0
2022,7,14-17,F,15.0
2022,7,14-17,U,0.0
2022,7,18-30,M,538.0
2022,7,18-30,F,676.0
2022,7,18-30,U,0.0
2022,7,31-40,M,599.0
2022,7,31-40,F,538.0
2022,7,31-40,U,0.0
2022,7,41-64,M,1351.0
2022,7,41-64,F,917.0
2022,7,41-64,U,2.0
2022,7,65+,M,196.0
2022,7,65+,F,127.0
2022,7,65+,U,0.0
2022,7,U,M,4.0
2022,7,U,F,5.0
2022,7,U,U,0.0
2022,8,0-13,M,0.0
2022,8,0-13,F,0.0
2022,8,0-13,U,0.0
2022,8,14-17,M,0.0
2022,8,14-17,F,0.0
2022,8,14-17,U,0.0
2022,8,18-30,M,2.0
2022,8,18-30,F,6.0
2022,8,18-30,U,0.0
2022,8,31-40,M,0.0
2022,8,31-40,F,1.0
2022,8,31-40,U,0.0
2022,8,41-64,M,2.0
2022,8,41-64,F,4.0
2022,8,41-64,U,0.0
2022,8,65+,M,1.0
2022,8,65+,F,0.0
2022,8,65+,U,0.0
2022,8,U,M,0.0
2022,8,U,F,0.0
2022,8,U,U,1.0
2022,9,0-13,M,2.0
2022,9,0-13,F,6.0
2022,9,0-13,U,0.0
2022,9,14-17,M,5.0
2022,9,14-17,F,69.0
2022,9,14-17,U,0.0
2022,9,18-30,M,88.0
2022,9,18-30,F,796.0
2022,9,18-30,U,0.0
2022,9,31-40,M,108.0
2022,9,31-40,F,817.0
2022,9,31-40,U,0.0
2022,9,41-64,M,146.0
2022,9,41-64,F,884.0
2022,9,41-64,U,0.0
2022,9,65+,M,47.0
2022,9,65+,F,105.0
2022,9,65+,U,0.0
2022,9,U,M,13.0
2022,9,U,F,62.0
2022,9,U,U,3.0
2022,10,0-13,M,1.0
2022,10,0-13,F,0.0
2022,10,0-13,U,0.0
2022,10,14-17,M,1.0
2022,10,14-17,F,0.0
2022,10,14-17,U,0.0
2022,10,18-30,M,135.0
2022,10,18-30,F,29.0
2022,10,18-30,U,1.0
2022,10,31-40,M,398.0
2022,10,31-40,F,38.0
2022,10,31-40,U,3.0
2022,10,41-64,M,196.0
2022,10,41-64,F,24.0
2022,10,41-64,U,6.0
2022,10,65+,M,0.0
2022,10,65+,F,1.0
2022,10,65+,U,0.0
2022,10,U,M,1100.0
2022,10,U,F,37.0
2022,10,U,U,187.0
2022,11,0-13,M,0.0
2022,11,0-13,F,0.0
2022,11,0-13,U,0.0
2022,11,14-17,M,0.0
2022,11,14-17,F,0.0
2022,11,14-17,U,0.0
2022,11,18-30,M,0.0
2022,11,18-30,F,0.0
2022,11,18-30,U,0.0
2022,11,31-40,M,0.0
2022,11,31-40,F,0.0
2022,11,31-40,U,0.0
2022,11,41-64,M,0.0
2022,11,41-64,F,0.0
2022,11,41-64,U,0.0
2022,11,65+,M,0.0
2022,11,65+,F,0.0
2022,11,65+,U,0.0
2022,11,U,M,0.0
2022,11,U,F,0.0
2022,11,U,U,0.0
2022,12,0-13,M,2.0
2022,12,0-13,F,9.0
2022,12,0-13,U,0.0
2022,12,14-17,M,3.0
2022,12,14-17,F,5.0
2022,12,14-17,U,0.0
2022,12,18-30,M,69.0
2022,12,18-30,F,63.0
2022,12,18-30,U,0.0
2022,12,31-40,M,73.0
2022,12,31-40,F,75.0
2022,12,31-40,U,0.0
2022,12,41-64,M,127.0
2022,12,41-64,F,148.0
2022,12,41-64,U,0.0
2022,12,65+,M,18.0
2022,12,65+,F,14.0
2022,12,65+,U,1.0
2022,12,U,M,3.0
2022,12,U,F,0.0
2022,12,U,U,0.0
2022,TOTAL,0-13,M,1249.0
2022,TOTAL,0-13,F,1258.0
2022,TOTAL,0-13,U,1.0
2022,TOTAL,14-17,M,3002.0
2022,TOTAL,14-17,F,3092.0
2022,TOTAL,14-17,U,5.0
2022,TOTAL,18-30,M,36056.0
2022,TOTAL,18-30,F,38244.0
2022,TOTAL,18-30,U,9.0
2022,TOTAL,31-40,M,31550.0
2022,TOTAL,31-40,F,28430.0
2022,TOTAL,31-40,U,12.0
2022,TOTAL,41-64,M,67904.0
2022,TOTAL,41-64,F,53151.0
2022,TOTAL,41-64,U,61.0
2022,TOTAL,65+,M,15533.0
2022,TOTAL,65+,F,14984.0
2022,TOTAL,65+,U,28.0
2022,TOTAL,U,M,1582.0
2022,TOTAL,U,F,334.0
2022,TOTAL,U,U,218.0
2023,1,0-13,M,551.0
2023,1,0-13,F,485.0
2023,1,0-13,U,0.0
2023,1,14-17,M,807.0
2023,1,14-17,F,829.0
2023,1,14-17,U,1.0
2023,1,18-30,M,4134.0
2023,1,18-30,F,6240.0
2023,1,18-30,U,0.0
2023,1,31-40,M,3252.0
2023,1,31-40,F,5424.0
2023,1,31-40,U,1.0
2023,1,41-64,M,5128.0
2023,1,41-64,F,6627.0
2023,1,41-64,U,13.0
2023,1,65+,M,669.0
2023,1,65+,F,748.0
2023,1,65+,U,3.0
2023,1,U,M,78.0
2023,1,U,F,67.0
2023,1,U,U,3.0
2023,1.1,0-13,M,2.0
2023,1.1,0-13,F,1.0
2023,1.1,0-13,U,0.0
2023,1.1,14-17,M,4.0
2023,1.1,14-17,F,0.0
2023,1.1,14-17,U,0.0
2023,1.1,18-30,M,61.0
2023,1.1,18-30,F,12.0
2023,1.1,18-30,U,0.0
2023,1.1,31-40,M,42.0
2023,1.1,31-40,F,14.0
2023,1.1,31-40,U,0.0
2023,1.1,41-64,M,41.0
2023,1.1,41-64,F,16.0
2023,1.1,41-64,U,0.0
2023,1.1,65+,M,5.0
2023,1.1,65+,F,4.0
2023,1.1,65+,U,0.0
2023,1.1,U,M,4.0
2023,1.1,U,F,0.0
2023,1.1,U,U,0.0
2023,1.1.1,0-13,M,0.0
2023,1.1.1,0-13,F,1.0
2023,1.1.1,0-13,U,0.0
2023,1.1.1,14-17,M,0.0
2023,1.1.1,14-17,F,0.0
2023,1.1.1,14-17,U,0.0
2023,1.1.1,18-30,M,4.0
2023,1.1.1,18-30,F,1.0
2023,1.1.1,18-30,U,0.0
2023,1.1.1,31-40,M,3.0
2023,1.1.1,31-40,F,7.0
2023,1.1.1,31-40,U,0.0
2023,1.1.1,41-64,M,6.0
2023,1.1.1,41-64,F,7.0
2023,1.1.1,41-64,U,0.0
2023,1.1.1,65+,M,3.0
2023,1.1.1,65+,F,1.0
2023,1.1.1,65+,U,0.0
2023,1.1.1,U,M,0.0
2023,1.1.1,U,F,0.0
2023,1.1.1,U,U,0.0
2023,1.2,0-13,M,248.0
2023,1.2,0-13,F,179.0
2023,1.2,0-13,U,0.0
2023,1.2,14-17,M,580.0
2023,1.2,14-17,F,365.0
2023,1.2,14-17,U,0.0
2023,1.2,18-30,M,2714.0
2023,1.2,18-30,F,1251.0
2023,1.2,18-30,U,0.0
2023,1.2,31-40,M,1921.0
2023,1.2,31-40,F,905.0
2023,1.2,31-40,U,0.0
2023,1.2,41-64,M,3380.0
2023,1.2,41-64,F,1612.0
2023,1.2,41-64,U,10.0
2023,1.2,65+,M,376.0
2023,1.2,65+,F,196.0
2023,1.2,65+,U,3.0
2023,1.2,U,M,53.0
2023,1.2,U,F,10.0
2023,1.2,U,U,2.0
2023,1.3,0-13,M,277.0
2023,1.3,0-13,F,296.0
2023,1.3,0-13,U,0.0
2023,1.3,14-17,M,200.0
2023,1.3,14-17,F,448.0
2023,1.3,14-17,U,1.0
2023,1.3,18-30,M,1279.0
2023,1.3,18-30,F,4911.0
2023,1.3,18-30,U,0.0
2023,1.3,31-40,M,1236.0
2023,1.3,31-40,F,4441.0
2023,1.3,31-40,U,1.0
2023,1.3,41-64,M,1581.0
2023,1.3,41-64,F,4897.0
2023,1.3,41-64,U,3.0
2023,1.3,65+,M,267.0
2023,1.3,65+,F,530.0
2023,1.3,65+,U,0.0
2023,1.3,U,M,20.0
2023,1.3,U,F,57.0
2023,1.3,U,U,1.0
2023,1.4,0-13,M,24.0
2023,1.4,0-13,F,9.0
2023,1.4,0-13,U,0.0
2023,1.4,14-17,M,23.0
2023,1.4,14-17,F,16.0
2023,1.4,14-17,U,0.0
2023,1.4,18-30,M,80.0
2023,1.4,18-30,F,66.0
2023,1.4,18-30,U,0.0
2023,1.4,31-40,M,53.0
2023,1.4,31-40,F,64.0
2023,1.4,31-40,U,0.0
2023,1.4,41-64,M,126.0
2023,1.4,41-64,F,102.0
2023,1.4,41-64,U,0.0
2023,1.4,65+,M,21.0
2023,1.4,65+,F,18.0
2023,1.4,65+,U,0.0
2023,1.4,U,M,1.0
2023,1.4,U,F,0.0
2023,1.4,U,U,0.0
2023,2,0-13,M,269.0
2023,2,0-13,F,252.0
2023,2,0-13,U,0.0
2023,2,14-17,M,438.0
2023,2,14-17,F,420.0
2023,2,14-17,U,0.0
2023,2,18-30,M,2278.0
2023,2,18-30,F,2000.0
2023,2,18-30,U,0.0
2023,2,31-40,M,2171.0
2023,2,31-40,F,1923.0
2023,2,31-40,U,0.0
2023,2,41-64,M,4087.0
2023,2,41-64,F,3394.0
2023,2,41-64,U,17.0
2023,2,65+,M,549.0
2023,2,65+,F,423.0
2023,2,65+,U,6.0
2023,2,U,M,95.0
2023,2,U,F,31.0
2023,2,U,U,7.0
2023,2.1,0-13,M,42.0
2023,2.1,0-13,F,27.0
2023,2.1,0-13,U,0.0
2023,2.1,14-17,M,11.0
2023,2.1,14-17,F,37.0
2023,2.1,14-17,U,0.0
2023,2.1,18-30,M,38.0
2023,2.1,18-30,F,309.0
2023,2.1,18-30,U,0.0
2023,2.1,31-40,M,24.0
2023,2.1,31-40,F,334.0
2023,2.1,31-40,U,0.0
2023,2.1,41-64,M,48.0
2023,2.1,41-64,F,452.0
2023,2.1,41-64,U,0.0
2023,2.1,65+,M,15.0
2023,2.1,65+,F,61.0
2023,2.1,65+,U,1.0
2023,2.1,U,M,1.0
2023,2.1,U,F,7.0
2023,2.1,U,U,0.0
2023,2.2,0-13,M,227.0
2023,2.2,0-13,F,225.0
2023,2.2,0-13,U,0.0
2023,2.2,14-17,M,427.0
2023,2.2,14-17,F,383.0
2023,2.2,14-17,U,0.0
2023,2.2,18-30,M,2240.0
2023,2.2,18-30,F,1691.0
2023,2.2,18-30,U,0.0
2023,2.2,31-40,M,2147.0
2023,2.2,31-40,F,1589.0
2023,2.2,31-40,U,0.0
2023,2.2,41-64,M,4039.0
2023,2.2,41-64,F,2942.0
2023,2.2,41-64,U,17.0
2023,2.2,65+,M,534.0
2023,2.2,65+,F,362.0
2023,2.2,65+,U,5.0
2023,2.2,U,M,94.0
2023,2.2,U,F,24.0
2023,2.2,U,U,7.0
2023,3,0-13,M,135.0
2023,3,0-13,F,435.0
2023,3,0-13,U,0.0
2023,3,14-17,M,83.0
2023,3,14-17,F,616.0
2023,3,14-17,U,1.0
2023,3,18-30,M,96.0
2023,3,18-30,F,909.0
2023,3,18-30,U,0.0
2023,3,31-40,M,33.0
2023,3,31-40,F,299.0
2023,3,31-40,U,3.0
2023,3,41-64,M,25.0
2023,3,41-64,F,304.0
2023,3,41-64,U,0.0
2023,3,65+,M,3.0
2023,3,65+,F,23.0
2023,3,65+,U,0.0
2023,3,U,M,3.0
2023,3,U,F,8.0
2023,3,U,U,0.0
2023,3.1,0-13,M,54.0
2023,3.1,0-13,F,274.0
2023,3.1,0-13,U,0.0
2023,3.1,14-17,M,34.0
2023,3.1,14-17,F,368.0
2023,3.1,14-17,U,0.0
2023,3.1,18-30,M,67.0
2023,3.1,18-30,F,573.0
2023,3.1,18-30,U,0.0
2023,3.1,31-40,M,27.0
2023,3.1,31-40,F,179.0
2023,3.1,31-40,U,1.0
2023,3.1,41-64,M,20.0
2023,3.1,41-64,F,212.0
2023,3.1,41-64,U,0.0
2023,3.1,65+,M,3.0
2023,3.1,65+,F,17.0
2023,3.1,65+,U,0.0
2023,3.1,U,M,3.0
2023,3.1,U,F,3.0
2023,3.1,U,U,0.0
2023,3.2,0-13,M,9.0
2023,3.2,0-13,F,47.0
2023,3.2,0-13,U,0.0
2023,3.2,14-17,M,12.0
2023,3.2,14-17,F,147.0
2023,3.2,14-17,U,0.0
2023,3.2,18-30,M,25.0
2023,3.2,18-30,F,265.0
2023,3.2,18-30,U,0.0
2023,3.2,31-40,M,3.0
2023,3.2,31-40,F,83.0
2023,3.2,31-40,U,1.0
2023,3.2,41-64,M,4.0
2023,3.2,41-64,F,67.0
2023,3.2,41-64,U,0.0
2023,3.2,65+,M,0.0
2023,3.2,65+,F,4.0
2023,3.2,65+,U,0.0
2023,3.2,U,M,0.0
2023,3.2,U,F,2.0
2023,3.2,U,U,0.0
2023,3.3,0-13,M,9.0
2023,3.3,0-13,F,11.0
2023,3.3,0-13,U,0.0
2023,3.3,14-17,M,13.0
2023,3.3,14-17,F,16.0
2023,3.3,14-17,U,0.0
2023,3.3,18-30,M,0.0
2023,3.3,18-30,F,0.0
2023,3.3,18-30,U,0.0
2023,3.3,31-40,M,0.0
2023,3.3,31-40,F,0.0
2023,3.3,31-40,U,0.0
2023,3.3,41-64,M,0.0
2023,3.3,41-64,F,0.0
2023,3.3,41-64,U,0.0
2023,3.3,65+,M,0.0
2023,3.3,65+,F,0.0
2023,3.3,65+,U,0.0
2023,3.3,U,M,0.0
2023,3.3,U,F,0.0
2023,3.3,U,U,0.0
2023,3.4,0-13,M,8.0
2023,3.4,0-13,F,10.0
2023,3.4,0-13,U,0.0
2023,3.4,14-17,M,2.0
2023,3.4,14-17,F,10.0
2023,3.4,14-17,U,0.0
2023,3.4,18-30,M,0.0
2023,3.4,18-30,F,3.0
2023,3.4,18-30,U,0.0
2023,3.4,31-40,M,0.0
2023,3.4,31-40,F,0.0
2023,3.4,31-40,U,0.0
2023,3.4,41-64,M,0.0
2023,3.4,41-64,F,0.0
2023,3.4,41-64,U,0.0
2023,3.4,65+,M,0.0
2023,3.4,65+,F,0.0
2023,3.4,65+,U,0.0
2023,3.4,U,M,0.0
2023,3.4,U,F,1.0
2023,3.4,U,U,0.0
2023,3.5,0-13,M,55.0
2023,3.5,0-13,F,93.0
2023,3.5,0-13,U,0.0
2023,3.5,14-17,M,22.0
2023,3.5,14-17,F,75.0
2023,3.5,14-17,U,1.0
2023,3.5,18-30,M,4.0
2023,3.5,18-30,F,68.0
2023,3.5,18-30,U,0.0
2023,3.5,31-40,M,3.0
2023,3.5,31-40,F,37.0
2023,3.5,31-40,U,1.0
2023,3.5,41-64,M,1.0
2023,3.5,41-64,F,25.0
2023,3.5,41-64,U,0.0
2023,3.5,65+,M,0.0
2023,3.5,65+,F,2.0
2023,3.5,65+,U,0.0
2023,3.5,U,M,0.0
2023,3.5,U,F,2.0
2023,3.5,U,U,0.0
2023,4,0-13,M,113.0
2023,4,0-13,F,79.0
2023,4,0-13,U,1.0
2023,4,14-17,M,13.0
2023,4,14-17,F,15.0
2023,4,14-17,U,0.0
2023,4,18-30,M,8.0
2023,4,18-30,F,57.0
2023,4,18-30,U,0.0
2023,4,31-40,M,22.0
2023,4,31-40,F,151.0
2023,4,31-40,U,0.0
2023,4,41-64,M,55.0
2023,4,41-64,F,197.0
2023,4,41-64,U,0.0
2023,4,65+,M,4.0
2023,4,65+,F,5.0
2023,4,65+,U,0.0
2023,4,U,M,0.0
2023,4,U,F,3.0
2023,4,U,U,0.0
2023,5,0-13,M,244.0
2023,5,0-13,F,128.0
2023,5,0-13,U,0.0
2023,5,14-17,M,1791.0
2023,5,14-17,F,1182.0
2023,5,14-17,U,1.0
2023,5,18-30,M,27278.0
2023,5,18-30,F,26796.0
2023,5,18-30,U,10.0
2023,5,31-40,M,24641.0
2023,5,31-40,F,20238.0
2023,5,31-40,U,3.0
2023,5,41-64,M,56220.0
2023,5,41-64,F,42473.0
2023,5,41-64,U,8.0
2023,5,65+,M,15033.0
2023,5,65+,F,14736.0
2023,5,65+,U,7.0
2023,5,U,M,319.0
2023,5,U,F,98.0
2023,5,U,U,16.0
2023,5.1,0-13,M,106.0
2023,5.1,0-13,F,85.0
2023,5.1,0-13,U,0.0
2023,5.1,14-17,M,750.0
2023,5.1,14-17,F,892.0
2023,5.1,14-17,U,0.0
2023,5.1,18-30,M,12055.0
2023,5.1,18-30,F,15128.0
2023,5.1,18-30,U,9.0
2023,5.1,31-40,M,8920.0
2023,5.1,31-40,F,9395.0
2023,5.1,31-40,U,2.0
2023,5.1,41-64,M,18090.0
2023,5.1,41-64,F,16444.0
2023,5.1,41-64,U,2.0
2023,5.1,65+,M,5131.0
2023,5.1,65+,F,7008.0
2023,5.1,65+,U,1.0
2023,5.1,U,M,169.0
2023,5.1,U,F,53.0
2023,5.1,U,U,9.0
2023,5.2,0-13,M,3.0
2023,5.2,0-13,F,4.0
2023,5.2,0-13,U,0.0
2023,5.2,14-17,M,33.0
2023,5.2,14-17,F,11.0
2023,5.2,14-17,U,0.0
2023,5.2,18-30,M,2804.0
2023,5.2,18-30,F,1347.0
2023,5.2,18-30,U,0.0
2023,5.2,31-40,M,4233.0
2023,5.2,31-40,F,1774.0
2023,5.2,31-40,U,0.0
2023,5.2,41-64,M,10263.0
2023,5.2,41-64,F,3857.0
2023,5.2,41-64,U,0.0
2023,5.2,65+,M,1457.0
2023,5.2,65+,F,741.0
2023,5.2,65+,U,0.0
2023,5.2,U,M,27.0
2023,5.2,U,F,8.0
2023,5.2,U,U,2.0
2023,5.2.1,0-13,M,1.0
2023,5.2.1,0-13,F,1.0
2023,5.2.1,0-13,U,0.0
2023,5.2.1,14-17,M,14.0
2023,5.2.1,14-17,F,5.0
2023,5.2.1,14-17,U,0.0
2023,5.2.1,18-30,M,2068.0
2023,5.2.1,18-30,F,822.0
2023,5.2.1,18-30,U,0.0
2023,5.2.1,31-40,M,3032.0
2023,5.2.1,31-40,F,1086.0
2023,5.2.1,31-40,U,0.0
2023,5.2.1,41-64,M,6747.0
2023,5.2.1,41-64,F,1831.0
2023,5.2.1,41-64,U,0.0
2023,5.2.1,65+,M,554.0
2023,5.2.1,65+,F,120.0
2023,5.2.1,65+,U,0.0
2023,5.2.1,U,M,12.0
2023,5.2.1,U,F,3.0
2023,5.2.1,U,U,0.0
2023,5.2.2,0-13,M,1.0
2023,5.2.2,0-13,F,1.0
2023,5.2.2,0-13,U,0.0
2023,5.2.2,14-17,M,3.0
2023,5.2.2,14-17,F,0.0
2023,5.2.2,14-17,U,0.0
2023,5.2.2,18-30,M,293.0
2023,5.2.2,18-30,F,268.0
2023,5.2.2,18-30,U,0.0
2023,5.2.2,31-40,M,488.0
2023,5.2.2,31-40,F,346.0
2023,5.2.2,31-40,U,0.0
2023,5.2.2,41-64,M,1331.0
2023,5.2.2,41-64,F,1107.0
2023,5.2.2,41-64,U,0.0
2023,5.2.2,65+,M,692.0
2023,5.2.2,65+,F,567.0
2023,5.2.2,65+,U,0.0
2023,5.2.2,U,M,1.0
2023,5.2.2,U,F,1.0
2023,5.2.2,U,U,2.0
2023,5.2.3,0-13,M,0.0
2023,5.2.3,0-13,F,1.0
2023,5.2.3,0-13,U,0.0
2023,5.2.3,14-17,M,1.0
2023,5.2.3,14-17,F,1.0
2023,5.2.3,14-17,U,0.0
2023,5.2.3,18-30,M,165.0
2023,5.2.3,18-30,F,120.0
2023,5.2.3,18-30,U,0.0
2023,5.2.3,31-40,M,412.0
2023,5.2.3,31-40,F,231.0
2023,5.2.3,31-40,U,0.0
2023,5.2.3,41-64,M,1194.0
2023,5.2.3,41-64,F,613.0
2023,5.2.3,41-64,U,0.0
2023,5.2.3,65+,M,125.0
2023,5.2.3,65+,F,30.0
2023,5.2.3,65+,U,0.0
2023,5.2.3,U,M,9.0
2023,5.2.3,U,F,4.0
2023,5.2.3,U,U,0.0
2023,5.3,0-13,M,106.0
2023,5.3,0-13,F,19.0
2023,5.3,0-13,U,0.0
2023,5.3,14-17,M,829.0
2023,5.3,14-17,F,160.0
2023,5.3,14-17,U,1.0
2023,5.3,18-30,M,3025.0
2023,5.3,18-30,F,1274.0
2023,5.3,18-30,U,0.0
2023,5.3,31-40,M,1416.0
2023,5.3,31-40,F,649.0
2023,5.3,31-40,U,0.0
2023,5.3,41-64,M,2220.0
2023,5.3,41-64,F,1258.0
2023,5.3,41-64,U,3.0
2023,5.3,65+,M,489.0
2023,5.3,65+,F,555.0
2023,5.3,65+,U,2.0
2023,5.3,U,M,62.0
2023,5.3,U,F,14.0
2023,5.3,U,U,1.0
2023,5.3.1,0-13,M,79.0
2023,5.3.1,0-13,F,8.0
2023,5.3.1,0-13,U,0.0
2023,5.3.1,14-17,M,645.0
2023,5.3.1,14-17,F,96.0
2023,5.3.1,14-17,U,1.0
2023,5.3.1,18-30,M,2220.0
2023,5.3.1,18-30,F,809.0
2023,5.3.1,18-30,U,0.0
2023,5.3.1,31-40,M,1036.0
2023,5.3.1,31-40,F,390.0
2023,5.3.1,31-40,U,0.0
2023,5.3.1,41-64,M,1498.0
2023,5.3.1,41-64,F,803.0
2023,5.3.1,41-64,U,1.0
2023,5.3.1,65+,M,311.0
2023,5.3.1,65+,F,351.0
2023,5.3.1,65+,U,1.0
2023,5.3.1,U,M,28.0
2023,5.3.1,U,F,7.0
2023,5.3.1,U,U,0.0
2023,5.3.2,0-13,M,1.0
2023,5.3.2,0-13,F,1.0
2023,5.3.2,0-13,U,0.0
2023,5.3.2,14-17,M,8.0
2023,5.3.2,14-17,F,5.0
2023,5.3.2,14-17,U,0.0
2023,5.3.2,18-30,M,66.0
2023,5.3.2,18-30,F,39.0
2023,5.3.2,18-30,U,0.0
2023,5.3.2,31-40,M,58.0
2023,5.3.2,31-40,F,37.0
2023,5.3.2,31-40,U,0.0
2023,5.3.2,41-64,M,99.0
2023,5.3.2,41-64,F,96.0
2023,5.3.2,41-64,U,0.0
2023,5.3.2,65+,M,105.0
2023,5.3.2,65+,F,131.0
2023,5.3.2,65+,U,1.0
2023,5.3.2,U,M,4.0
2023,5.3.2,U,F,1.0
2023,5.3.2,U,U,0.0
2023,5.3.3,0-13,M,3.0
2023,5.3.3,0-13,F,2.0
2023,5.3.3,0-13,U,0.0
2023,5.3.3,14-17,M,7.0
2023,5.3.3,14-17,F,3.0
2023,5.3.3,14-17,U,0.0
2023,5.3.3,18-30,M,260.0
2023,5.3.3,18-30,F,230.0
2023,5.3.3,18-30,U,0.0
2023,5.3.3,31-40,M,200.0
2023,5.3.3,31-40,F,137.0
2023,5.3.3,31-40,U,0.0
2023,5.3.3,41-64,M,375.0
2023,5.3.3,41-64,F,216.0
2023,5.3.3,41-64,U,1.0
2023,5.3.3,65+,M,22.0
2023,5.3.3,65+,F,21.0
2023,5.3.3,65+,U,0.0
2023,5.3.3,U,M,26.0
2023,5.3.3,U,F,3.0
2023,5.3.3,U,U,0.0
2023,5.4,0-13,M,1.0
2023,5.4,0-13,F,0.0
2023,5.4,0-13,U,0.0
2023,5.4,14-17,M,4.0
2023,5.4,14-17,F,1.0
2023,5.4,14-17,U,0.0
2023,5.4,18-30,M,635.0
2023,5.4,18-30,F,246.0
2023,5.4,18-30,U,1.0
2023,5.4,31-40,M,1017.0
2023,5.4,31-40,F,301.0
2023,5.4,31-40,U,0.0
2023,5.4,41-64,M,2204.0
2023,5.4,41-64,F,599.0
2023,5.4,41-64,U,0.0
2023,5.4,65+,M,273.0
2023,5.4,65+,F,81.0
2023,5.4,65+,U,0.0
2023,5.4,U,M,4.0
2023,5.4,U,F,2.0
2023,5.4,U,U,1.0
2023,5.5,0-13,M,10.0
2023,5.5,0-13,F,9.0
2023,5.5,0-13,U,0.0
2023,5.5,14-17,M,68.0
2023,5.5,14-17,F,70.0
2023,5.5,14-17,U,0.0
2023,5.5,18-30,M,5877.0
2023,5.5,18-30,F,7064.0
2023,5.5,18-30,U,0.0
2023,5.5,31-40,M,5465.0
2023,5.5,31-40,F,6006.0
2023,5.5,31-40,U,1.0
2023,5.5,41-64,M,13678.0
2023,5.5,41-64,F,15008.0
2023,5.5,41-64,U,2.0
2023,5.5,65+,M,5634.0
2023,5.5,65+,F,5167.0
2023,5.5,65+,U,4.0
2023,5.5,U,M,16.0
2023,5.5,U,F,15.0
2023,5.5,U,U,1.0
2023,5.5.1,0-13,M,7.0
2023,5.5.1,0-13,F,6.0
2023,5.5.1,0-13,U,0.0
2023,5.5.1,14-17,M,51.0
2023,5.5.1,14-17,F,52.0
2023,5.5.1,14-17,U,0.0
2023,5.5.1,18-30,M,4395.0
2023,5.5.1,18-30,F,5323.0
2023,5.5.1,18-30,U,0.0
2023,5.5.1,31-40,M,4123.0
2023,5.5.1,31-40,F,4950.0
2023,5.5.1,31-40,U,0.0
2023,5.5.1,41-64,M,10788.0
2023,5.5.1,41-64,F,12529.0
2023,5.5.1,41-64,U,1.0
2023,5.5.1,65+,M,4226.0
2023,5.5.1,65+,F,3705.0
2023,5.5.1,65+,U,2.0
2023,5.5.1,U,M,5.0
2023,5.5.1,U,F,9.0
2023,5.5.1,U,U,1.0
2023,5.6,0-13,M,5.0
2023,5.6,0-13,F,1.0
2023,5.6,0-13,U,0.0
2023,5.6,14-17,M,6.0
2023,5.6,14-17,F,4.0
2023,5.6,14-17,U,0.0
2023,5.6,18-30,M,1644.0
2023,5.6,18-30,F,1037.0
2023,5.6,18-30,U,0.0
2023,5.6,31-40,M,2880.0
2023,5.6,31-40,F,1643.0
2023,5.6,31-40,U,0.0
2023,5.6,41-64,M,8283.0
2023,5.6,41-64,F,4274.0
2023,5.6,41-64,U,1.0
2023,5.6,65+,M,1738.0
2023,5.6,65+,F,907.0
2023,5.6,65+,U,0.0
2023,5.6,U,M,11.0
2023,5.6,U,F,2.0
2023,5.6,U,U,1.0
2023,5.7,0-13,M,0.0
2023,5.7,0-13,F,0.0
2023,5.7,0-13,U,0.0
2023,5.7,14-17,M,0.0
2023,5.7,14-17,F,0.0
2023,5.7,14-17,U,0.0
2023,5.7,18-30,M,0.0
2023,5.7,18-30,F,0.0
2023,5.7,18-30,U,0.0
2023,5.7,31-40,M,1.0
2023,5.7,31-40,F,2.0
2023,5.7,31-40,U,0.0
2023,5.7,41-64,M,14.0
2023,5.7,41-64,F,1.0
2023,5.7,41-64,U,0.0
2023,5.7,65+,M,1.0
2023,5.7,65+,F,0.0
2023,5.7,65+,U,0.0
2023,5.7,U,M,1.0
2023,5.7,U,F,1.0
2023,5.7,U,U,0.0
2023,5.8,0-13,M,0.0
2023,5.8,0-13,F,0.0
2023,5.8,0-13,U,0.0
2023,5.8,14-17,M,0.0
2023,5.8,14-17,F,0.0
2023,5.8,14-17,U,0.0
2023,5.8,18-30,M,3.0
2023,5.8,18-30,F,1.0
2023,5.8,18-30,U,0.0
2023,5.8,31-40,M,3.0
2023,5.8,31-40,F,3.0
2023,5.8,31-40,U,0.0
2023,5.8,41-64,M,3.0
2023,5.8,41-64,F,4.0
2023,5.8,41-64,U,0.0
2023,5.8,65+,M,5.0
2023,5.8,65+,F,1.0
2023,5.8,65+,U,0.0
2023,5.8,U,M,0.0
2023,5.8,U,F,0.0
2023,5.8,U,U,0.0
2023,5.9,0-13,M,13.0
2023,5.9,0-13,F,10.0
2023,5.9,0-13,U,0.0
2023,5.9,14-17,M,101.0
2023,5.9,14-17,F,44.0
2023,5.9,14-17,U,0.0
2023,5.9,18-30,M,1235.0
2023,5.9,18-30,F,699.0
2023,5.9,18-30,U,0.0
2023,5.9,31-40,M,706.0
2023,5.9,31-40,F,465.0
2023,5.9,31-40,U,0.0
2023,5.9,41-64,M,1465.0
2023,5.9,41-64,F,1028.0
2023,5.9,41-64,U,0.0
2023,5.9,65+,M,305.0
2023,5.9,65+,F,276.0
2023,5.9,65+,U,0.0
2023,5.9,U,M,29.0
2023,5.9,U,F,3.0
2023,5.9,U,U,1.0
2023,6,0-13,M,1.0
2023,6,0-13,F,0.0
2023,6,0-13,U,0.0
2023,6,14-17,M,3.0
2023,6,14-17,F,2.0
2023,6,14-17,U,0.0
2023,6,18-30,M,24.0
2023,6,18-30,F,14.0
2023,6,18-30,U,1.0
2023,6,31-40,M,23.0
2023,6,31-40,F,9.0
2023,6,31-40,U,0.0
2023,6,41-64,M,33.0
2023,6,41-64,F,14.0
2023,6,41-64,U,0.0
2023,6,65+,M,0.0
2023,6,65+,F,3.0
2023,6,65+,U,0.0
2023,6,U,M,1.0
2023,6,U,F,1.0
2023,6,U,U,1.0
2023,6.1,0-13,M,0.0
2023,6.1,0-13,F,0.0
2023,6.1,0-13,U,0.0
2023,6.1,14-17,M,1.0
2023,6.1,14-17,F,0.0
2023,6.1,14-17,U,0.0
2023,6.1,18-30,M,7.0
2023,6.1,18-30,F,0.0
2023,6.1,18-30,U,0.0
2023,6.1,31-40,M,6.0
2023,6.1,31-40,F,0.0
2023,6.1,31-40,U,0.0
2023,6.1,41-64,M,4.0
2023,6.1,41-64,F,2.0
2023,6.1,41-64,U,0.0
2023,6.1,65+,M,0.0
2023,6.1,65+,F,0.0
2023,6.1,65+,U,0.0
2023,6.1,U,M,0.0
2023,6.1,U,F,0.0
2023,6.1,U,U,0.0
2023,6.2,0-13,M,0.0
2023,6.2,0-13,F,0.0
2023,6.2,0-13,U,0.0
2023,6.2,14-17,M,0.0
2023,6.2,14-17,F,0.0
2023,6.2,14-17,U,0.0
2023,6.2,18-30,M,4.0
2023,6.2,18-30,F,3.0
2023,6.2,18-30,U,1.0
2023,6.2,31-40,M,10.0
2023,6.2,31-40,F,3.0
2023,6.2,31-40,U,0.0
2023,6.2,41-64,M,15.0
2023,6.2,41-64,F,4.0
2023,6.2,41-64,U,0.0
2023,6.2,65+,M,0.0
2023,6.2,65+,F,0.0
2023,6.2,65+,U,0.0
2023,6.2,U,M,0.0
2023,6.2,U,F,1.0
2023,6.2,U,U,1.0
2023,6.3,0-13,M,1.0
2023,6.3,0-13,F,0.0
2023,6.3,0-13,U,0.0
2023,6.3,14-17,M,2.0
2023,6.3,14-17,F,2.0
2023,6.3,14-17,U,0.0
2023,6.3,18-30,M,13.0
2023,6.3,18-30,F,11.0
2023,6.3,18-30,U,0.0
2023,6.3,31-40,M,7.0
2023,6.3,31-40,F,6.0
2023,6.3,31-40,U,0.0
2023,6.3,41-64,M,14.0
2023,6.3,41-64,F,8.0
2023,6.3,41-64,U,0.0
2023,6.3,65+,M,0.0
2023,6.3,65+,F,3.0
2023,6.3,65+,U,0.0
2023,6.3,U,M,1.0
2023,6.3,U,F,0.0
2023,6.3,U,U,0.0
2023,7,0-13,M,4.0
2023,7,0-13,F,0.0
2023,7,0-13,U,0.0
2023,7,14-17,M,5.0
2023,7,14-17,F,11.0
2023,7,14-17,U,0.0
2023,7,18-30,M,648.0
2023,7,18-30,F,663.0
2023,7,18-30,U,1.0
2023,7,31-40,M,769.0
2023,7,31-40,F,609.0
2023,7,31-40,U,0.0
2023,7,41-64,M,1625.0
2023,7,41-64,F,1222.0
2023,7,41-64,U,3.0
2023,7,65+,M,271.0
2023,7,65+,F,180.0
2023,7,65+,U,1.0
2023,7,U,M,3.0
2023,7,U,F,0.0
2023,7,U,U,2.0
2023,8,0-13,M,0.0
2023,8,0-13,F,0.0
2023,8,0-13,U,0.0
2023,8,14-17,M,1.0
2023,8,14-17,F,1.0
2023,8,14-17,U,0.0
2023,8,18-30,M,1.0
2023,8,18-30,F,2.0
2023,8,18-30,U,0.0
2023,8,31-40,M,2.0
2023,8,31-40,F,1.0
2023,8,31-40,U,0.0
2023,8,41-64,M,1.0
2023,8,41-64,F,5.0
2023,8,41-64,U,0.0
2023,8,65+,M,0.0
2023,8,65+,F,0.0
2023,8,65+,U,0.0
2023,8,U,M,0.0
2023,8,U,F,0.0
2023,8,U,U,0.0
2023,9,0-13,M,4.0
2023,9,0-13,F,18.0
2023,9,0-13,U,0.0
2023,9,14-17,M,8.0
2023,9,14-17,F,60.0
2023,9,14-17,U,0.0
2023,9,18-30,M,80.0
2023,9,18-30,F,863.0
2023,9,18-30,U,1.0
2023,9,31-40,M,141.0
2023,9,31-40,F,781.0
2023,9,31-40,U,1.0
2023,9,41-64,M,179.0
2023,9,41-64,F,990.0
2023,9,41-64,U,1.0
2023,9,65+,M,54.0
2023,9,65+,F,127.0
2023,9,65+,U,0.0
2023,9,U,M,25.0
2023,9,U,F,66.0
2023,9,U,U,6.0
2023,10,0-13,M,5.0
2023,10,0-13,F,0.0
2023,10,0-13,U,0.0
2023,10,14-17,M,5.0
2023,10,14-17,F,0.0
2023,10,14-17,U,0.0
2023,10,18-30,M,155.0
2023,10,18-30,F,31.0
2023,10,18-30,U,3.0
2023,10,31-40,M,485.0
2023,10,31-40,F,45.0
2023,10,31-40,U,2.0
2023,10,41-64,M,216.0
2023,10,41-64,F,31.0
2023,10,41-64,U,2.0
2023,10,65+,M,0.0
2023,10,65+,F,1.0
2023,10,65+,U,0.0
2023,10,U,M,928.0
2023,10,U,F,57.0
2023,10,U,U,124.0
2023,11,0-13,M,0.0
2023,11,0-13,F,0.0
2023,11,0-13,U,0.0
2023,11,14-17,M,0.0
2023,11,14-17,F,0.0
2023,11,14-17,U,0.0
2023,11,18-30,M,0.0
2023,11,18-30,F,0.0
2023,11,18-30,U,0.0
2023,11,31-40,M,0.0
2023,11,31-40,F,0.0
2023,11,31-40,U,0.0
2023,11,41-64,M,0.0
2023,11,41-64,F,0.0
2023,11,41-64,U,0.0
2023,11,65+,M,0.0
2023,11,65+,F,0.0
2023,11,65+,U,0.0
2023,11,U,M,0.0
2023,11,U,F,0.0
2023,11,U,U,0.0
2023,12,0-13,M,3.0
2023,12,0-13,F,9.0
2023,12,0-13,U,0.0
2023,12,14-17,M,5.0
2023,12,14-17,F,19.0
2023,12,14-17,U,0.0
2023,12,18-30,M,72.0
2023,12,18-30,F,47.0
2023,12,18-30,U,0.0
2023,12,31-40,M,74.0
2023,12,31-40,F,55.0
2023,12,31-40,U,0.0
2023,12,41-64,M,113.0
2023,12,41-64,F,119.0
2023,12,41-64,U,1.0
2023,12,65+,M,10.0
2023,12,65+,F,11.0
2023,12,65+,U,0.0
2023,12,U,M,0.0
2023,12,U,F,2.0
2023,12,U,U,0.0
2023,TOTAL,0-13,M,1329.0
2023,TOTAL,0-13,F,1406.0
2023,TOTAL,0-13,U,1.0
2023,TOTAL,14-17,M,3159.0
2023,TOTAL,14-17,F,3155.0
2023,TOTAL,14-17,U,3.0
2023,TOTAL,18-30,M,34774.0
2023,TOTAL,18-30,F,37622.0
2023,TOTAL,18-30,U,16.0
2023,TOTAL,31-40,M,31613.0
2023,TOTAL,31-40,F,29535.0
2023,TOTAL,31-40,U,10.0
2023,TOTAL,41-64,M,67682.0
2023,TOTAL,41-64,F,55376.0
2023,TOTAL,41-64,U,45.0
2023,TOTAL,65+,M,16593.0
2023,TOTAL,65+,F,16257.0
2023,TOTAL,65+,U,17.0
2023,TOTAL,U,M,1452.0
2023,TOTAL,U,F,333.0
2023,TOTAL,U,U,159.0
2024,1,0-13,M,619.0
2024,1,0-13,F,428.0
2024,1,0-13,U,1.0
2024,1,14-17,M,884.0
2024,1,14-17,F,816.0
2024,1,14-17,U,1.0
2024,1,18-30,M,4497.0
2024,1,18-30,F,6307.0
2024,1,18-30,U,4.0
2024,1,31-40,M,3416.0
2024,1,31-40,F,5656.0
2024,1,31-40,U,5.0
2024,1,41-64,M,5411.0
2024,1,41-64,F,6940.0
2024,1,41-64,U,4.0
2024,1,65+,M,701.0
2024,1,65+,F,840.0
2024,1,65+,U,1.0
2024,1,U,M,79.0
2024,1,U,F,74.0
2024,1,U,U,2.0
2024,1.1,0-13,M,1.0
2024,1.1,0-13,F,0.0
2024,1.1,0-13,U,0.0
2024,1.1,14-17,M,4.0
2024,1.1,14-17,F,0.0
2024,1.1,14-17,U,0.0
2024,1.1,18-30,M,53.0
2024,1.1,18-30,F,6.0
2024,1.1,18-30,U,0.0
2024,1.1,31-40,M,38.0
2024,1.1,31-40,F,6.0
2024,1.1,31-40,U,0.0
2024,1.1,41-64,M,52.0
2024,1.1,41-64,F,8.0
2024,1.1,41-64,U,0.0
2024,1.1,65+,M,6.0
2024,1.1,65+,F,5.0
2024,1.1,65+,U,0.0
2024,1.1,U,M,2.0
2024,1.1,U,F,0.0
2024,1.1,U,U,0.0
2024,1.1.1,0-13,M,0.0
2024,1.1.1,0-13,F,0.0
2024,1.1.1,0-13,U,0.0
2024,1.1.1,14-17,M,0.0
2024,1.1.1,14-17,F,0.0
2024,1.1.1,14-17,U,0.0
2024,1.1.1,18-30,M,3.0
2024,1.1.1,18-30,F,2.0
2024,1.1.1,18-30,U,0.0
2024,1.1.1,31-40,M,2.0
2024,1.1.1,31-40,F,1.0
2024,1.1.1,31-40,U,0.0
2024,1.1.1,41-64,M,6.0
2024,1.1.1,41-64,F,2.0
2024,1.1.1,41-64,U,0.0
2024,1.1.1,65+,M,2.0
2024,1.1.1,65+,F,3.0
2024,1.1.1,65+,U,0.0
2024,1.1.1,U,M,0.0
2024,1.1.1,U,F,0.0
2024,1.1.1,U,U,0.0
2024,1.2,0-13,M,258.0
2024,1.2,0-13,F,160.0
2024,1.2,0-13,U,0.0
2024,1.2,14-17,M,646.0
2024,1.2,14-17,F,296.0
2024,1.2,14-17,U,0.0
2024,1.2,18-30,M,2825.0
2024,1.2,18-30,F,1202.0
2024,1.2,18-30,U,2.0
2024,1.2,31-40,M,2021.0
2024,1.2,31-40,F,983.0
2024,1.2,31-40,U,0.0
2024,1.2,41-64,M,3521.0
2024,1.2,41-64,F,1699.0
2024,1.2,41-64,U,0.0
2024,1.2,65+,M,389.0
2024,1.2,65+,F,222.0
2024,1.2,65+,U,0.0
2024,1.2,U,M,49.0
2024,1.2,U,F,14.0
2024,1.2,U,U,1.0
2024,1.3,0-13,M,339.0
2024,1.3,0-13,F,252.0
2024,1.3,0-13,U,1.0
2024,1.3,14-17,M,212.0
2024,1.3,14-17,F,503.0
2024,1.3,14-17,U,1.0
2024,1.3,18-30,M,1502.0
2024,1.3,18-30,F,5034.0
2024,1.3,18-30,U,2.0
2024,1.3,31-40,M,1270.0
2024,1.3,31-40,F,4590.0
2024,1.3,31-40,U,5.0
2024,1.3,41-64,M,1683.0
2024,1.3,41-64,F,5114.0
2024,1.3,41-64,U,4.0
2024,1.3,65+,M,281.0
2024,1.3,65+,F,586.0
2024,1.3,65+,U,1.0
2024,1.3,U,M,22.0
2024,1.3,U,F,59.0
2024,1.3,U,U,1.0
2024,1.4,0-13,M,21.0
2024,1.4,0-13,F,16.0
2024,1.4,0-13,U,0.0
2024,1.4,14-17,M,22.0
2024,1.4,14-17,F,17.0
2024,1.4,14-17,U,0.0
2024,1.4,18-30,M,117.0
2024,1.4,18-30,F,65.0
2024,1.4,18-30,U,0.0
2024,1.4,31-40,M,87.0
2024,1.4,31-40,F,77.0
2024,1.4,31-40,U,0.0
2024,1.4,41-64,M,155.0
2024,1.4,41-64,F,119.0
2024,1.4,41-64,U,0.0
2024,1.4,65+,M,25.0
2024,1.4,65+,F,27.0
2024,1.4,65+,U,0.0
2024,1.4,U,M,6.0
2024,1.4,U,F,1.0
2024,1.4,U,U,0.0
2024,2,0-13,M,201.0
2024,2,0-13,F,213.0
2024,2,0-13,U,1.0
2024,2,14-17,M,403.0
2024,2,14-17,F,378.0
2024,2,14-17,U,0.0
2024,2,18-30,M,2328.0
2024,2,18-30,F,2130.0
2024,2,18-30,U,1.0
2024,2,31-40,M,2233.0
2024,2,31-40,F,2032.0
2024,2,31-40,U,0.0
2024,2,41-64,M,4308.0
2024,2,41-64,F,3621.0
2024,2,41-64,U,1.0
2024,2,65+,M,654.0
2024,2,65+,F,509.0
2024,2,65+,U,0.0
2024,2,U,M,139.0
2024,2,U,F,33.0
2024,2,U,U,4.0
2024,2.1,0-13,M,41.0
2024,2.1,0-13,F,27.0
2024,2.1,0-13,U,0.0
2024,2.1,14-17,M,16.0
2024,2.1,14-17,F,48.0
2024,2.1,14-17,U,0.0
2024,2.1,18-30,M,29.0
2024,2.1,18-30,F,300.0
2024,2.1,18-30,U,0.0
2024,2.1,31-40,M,30.0
2024,2.1,31-40,F,321.0
2024,2.1,31-40,U,0.0
2024,2.1,41-64,M,54.0
2024,2.1,41-64,F,427.0
2024,2.1,41-64,U,1.0
2024,2.1,65+,M,22.0
2024,2.1,65+,F,55.0
2024,2.1,65+,U,0.0
2024,2.1,U,M,0.0
2024,2.1,U,F,2.0
2024,2.1,U,U,0.0
2024,2.2,0-13,M,160.0
2024,2.2,0-13,F,186.0
2024,2.2,0-13,U,1.0
2024,2.2,14-17,M,387.0
2024,2.2,14-17,F,330.0
2024,2.2,14-17,U,0.0
2024,2.2,18-30,M,2299.0
2024,2.2,18-30,F,1830.0
2024,2.2,18-30,U,1.0
2024,2.2,31-40,M,2203.0
2024,2.2,31-40,F,1711.0
2024,2.2,31-40,U,0.0
2024,2.2,41-64,M,4254.0
2024,2.2,41-64,F,3194.0
2024,2.2,41-64,U,0.0
2024,2.2,65+,M,632.0
2024,2.2,65+,F,454.0
2024,2.2,65+,U,0.0
2024,2.2,U,M,139.0
2024,2.2,U,F,31.0
2024,2.2,U,U,4.0
2024,3,0-13,M,136.0
2024,3,0-13,F,407.0
2024,3,0-13,U,1.0
2024,3,14-17,M,125.0
2024,3,14-17,F,627.0
2024,3,14-17,U,0.0
2024,3,18-30,M,126.0
2024,3,18-30,F,1004.0
2024,3,18-30,U,2.0
2024,3,31-40,M,35.0
2024,3,31-40,F,333.0
2024,3,31-40,U,0.0
2024,3,41-64,M,37.0
2024,3,41-64,F,313.0
2024,3,41-64,U,0.0
2024,3,65+,M,5.0
2024,3,65+,F,23.0
2024,3,65+,U,0.0
2024,3,U,M,2.0
2024,3,U,F,3.0
2024,3,U,U,0.0
2024,3.1,0-13,M,73.0
2024,3.1,0-13,F,283.0
2024,3.1,0-13,U,0.0
2024,3.1,14-17,M,46.0
2024,3.1,14-17,F,314.0
2024,3.1,14-17,U,0.0
2024,3.1,18-30,M,92.0
2024,3.1,18-30,F,679.0
2024,3.1,18-30,U,0.0
2024,3.1,31-40,M,25.0
2024,3.1,31-40,F,201.0
2024,3.1,31-40,U,0.0
2024,3.1,41-64,M,30.0
2024,3.1,41-64,F,211.0
2024,3.1,41-64,U,0.0
2024,3.1,65+,M,2.0
2024,3.1,65+,F,17.0
2024,3.1,65+,U,0.0
2024,3.1,U,M,2.0
2024,3.1,U,F,3.0
2024,3.1,U,U,0.0
2024,3.2,0-13,M,11.0
2024,3.2,0-13,F,46.0
2024,3.2,0-13,U,0.0
2024,3.2,14-17,M,10.0
2024,3.2,14-17,F,169.0
2024,3.2,14-17,U,0.0
2024,3.2,18-30,M,27.0
2024,3.2,18-30,F,241.0
2024,3.2,18-30,U,1.0
2024,3.2,31-40,M,9.0
2024,3.2,31-40,F,89.0
2024,3.2,31-40,U,0.0
2024,3.2,41-64,M,6.0
2024,3.2,41-64,F,76.0
2024,3.2,41-64,U,0.0
2024,3.2,65+,M,2.0
2024,3.2,65+,F,4.0
2024,3.2,65+,U,0.0
2024,3.2,U,M,0.0
2024,3.2,U,F,0.0
2024,3.2,U,U,0.0
2024,3.3,0-13,M,5.0
2024,3.3,0-13,F,7.0
2024,3.3,0-13,U,0.0
2024,3.3,14-17,M,18.0
2024,3.3,14-17,F,23.0
2024,3.3,14-17,U,0.0
2024,3.3,18-30,M,0.0
2024,3.3,18-30,F,3.0
2024,3.3,18-30,U,0.0
2024,3.3,31-40,M,0.0
2024,3.3,31-40,F,0.0
2024,3.3,31-40,U,0.0
2024,3.3,41-64,M,0.0
2024,3.3,41-64,F,0.0
2024,3.3,41-64,U,0.0
2024,3.3,65+,M,1.0
2024,3.3,65+,F,0.0
2024,3.3,65+,U,0.0
2024,3.3,U,M,0.0
2024,3.3,U,F,0.0
2024,3.3,U,U,0.0
2024,3.4,0-13,M,8.0
2024,3.4,0-13,F,11.0
2024,3.4,0-13,U,0.0
2024,3.4,14-17,M,5.0
2024,3.4,14-17,F,19.0
2024,3.4,14-17,U,0.0
2024,3.4,18-30,M,0.0
2024,3.4,18-30,F,6.0
2024,3.4,18-30,U,0.0
2024,3.4,31-40,M,0.0
2024,3.4,31-40,F,1.0
2024,3.4,31-40,U,0.0
2024,3.4,41-64,M,0.0
2024,3.4,41-64,F,0.0
2024,3.4,41-64,U,0.0
2024,3.4,65+,M,0.0
2024,3.4,65+,F,0.0
2024,3.4,65+,U,0.0
2024,3.4,U,M,0.0
2024,3.4,U,F,0.0
2024,3.4,U,U,0.0
2024,3.5,0-13,M,39.0
2024,3.5,0-13,F,60.0
2024,3.5,0-13,U,1.0
2024,3.5,14-17,M,46.0
2024,3.5,14-17,F,102.0
2024,3.5,14-17,U,0.0
2024,3.5,18-30,M,7.0
2024,3.5,18-30,F,75.0
2024,3.5,18-30,U,1.0
2024,3.5,31-40,M,1.0
2024,3.5,31-40,F,42.0
2024,3.5,31-40,U,0.0
2024,3.5,41-64,M,1.0
2024,3.5,41-64,F,26.0
2024,3.5,41-64,U,0.0
2024,3.5,65+,M,0.0
2024,3.5,65+,F,2.0
2024,3.5,65+,U,0.0
2024,3.5,U,M,0.0
2024,3.5,U,F,0.0
2024,3.5,U,U,0.0
2024,4,0-13,M,119.0
2024,4,0-13,F,69.0
2024,4,0-13,U,0.0
2024,4,14-17,M,19.0
2024,4,14-17,F,26.0
2024,4,14-17,U,0.0
2024,4,18-30,M,6.0
2024,4,18-30,F,50.0
2024,4,18-30,U,0.0
2024,4,31-40,M,24.0
2024,4,31-40,F,166.0
2024,4,31-40,U,0.0
2024,4,41-64,M,50.0
2024,4,41-64,F,200.0
2024,4,41-64,U,0.0
2024,4,65+,M,4.0
2024,4,65+,F,10.0
2024,4,65+,U,0.0
2024,4,U,M,2.0
2024,4,U,F,3.0
2024,4,U,U,0.0
2024,5,0-13,M,186.0
2024,5,0-13,F,88.0
2024,5,0-13,U,0.0
2024,5,14-17,M,1419.0
2024,5,14-17,F,1100.0
2024,5,14-17,U,0.0
2024,5,18-30,M,26428.0
2024,5,18-30,F,24243.0
2024,5,18-30,U,3.0
2024,5,31-40,M,23862.0
2024,5,31-40,F,19806.0
2024,5,31-40,U,0.0
2024,5,41-64,M,54518.0
2024,5,41-64,F,39637.0
2024,5,41-64,U,8.0
2024,5,65+,M,14714.0
2024,5,65+,F,14219.0
2024,5,65+,U,1.0
2024,5,U,M,481.0
2024,5,U,F,152.0
2024,5,U,U,116.0
2024,5.1,0-13,M,77.0
2024,5.1,0-13,F,57.0
2024,5.1,0-13,U,0.0
2024,5.1,14-17,M,650.0
2024,5.1,14-17,F,859.0
2024,5.1,14-17,U,0.0
2024,5.1,18-30,M,11192.0
2024,5.1,18-30,F,13258.0
2024,5.1,18-30,U,2.0
2024,5.1,31-40,M,8394.0
2024,5.1,31-40,F,9468.0
2024,5.1,31-40,U,0.0
2024,5.1,41-64,M,16591.0
2024,5.1,41-64,F,14276.0
2024,5.1,41-64,U,2.0
2024,5.1,65+,M,4946.0
2024,5.1,65+,F,6702.0
2024,5.1,65+,U,0.0
2024,5.1,U,M,223.0
2024,5.1,U,F,94.0
2024,5.1,U,U,44.0
2024,5.2,0-13,M,4.0
2024,5.2,0-13,F,3.0
2024,5.2,0-13,U,0.0
2024,5.2,14-17,M,17.0
2024,5.2,14-17,F,12.0
2024,5.2,14-17,U,0.0
2024,5.2,18-30,M,2863.0
2024,5.2,18-30,F,1393.0
2024,5.2,18-30,U,0.0
2024,5.2,31-40,M,4277.0
2024,5.2,31-40,F,2014.0
2024,5.2,31-40,U,0.0
2024,5.2,41-64,M,10530.0
2024,5.2,41-64,F,4094.0
2024,5.2,41-64,U,0.0
2024,5.2,65+,M,1483.0
2024,5.2,65+,F,805.0
2024,5.2,65+,U,0.0
2024,5.2,U,M,75.0
2024,5.2,U,F,12.0
2024,5.2,U,U,10.0
2024,5.2.1,0-13,M,3.0
2024,5.2.1,0-13,F,1.0
2024,5.2.1,0-13,U,0.0
2024,5.2.1,14-17,M,9.0
2024,5.2.1,14-17,F,7.0
2024,5.2.1,14-17,U,0.0
2024,5.2.1,18-30,M,2141.0
2024,5.2.1,18-30,F,930.0
2024,5.2.1,18-30,U,0.0
2024,5.2.1,31-40,M,3115.0
2024,5.2.1,31-40,F,1220.0
2024,5.2.1,31-40,U,0.0
2024,5.2.1,41-64,M,7051.0
2024,5.2.1,41-64,F,2085.0
2024,5.2.1,41-64,U,0.0
2024,5.2.1,65+,M,578.0
2024,5.2.1,65+,F,149.0
2024,5.2.1,65+,U,0.0
2024,5.2.1,U,M,40.0
2024,5.2.1,U,F,4.0
2024,5.2.1,U,U,1.0
2024,5.2.2,0-13,M,0.0
2024,5.2.2,0-13,F,0.0
2024,5.2.2,0-13,U,0.0
2024,5.2.2,14-17,M,1.0
2024,5.2.2,14-17,F,0.0
2024,5.2.2,14-17,U,0.0
2024,5.2.2,18-30,M,297.0
2024,5.2.2,18-30,F,270.0
2024,5.2.2,18-30,U,0.0
2024,5.2.2,31-40,M,449.0
2024,5.2.2,31-40,F,402.0
2024,5.2.2,31-40,U,0.0
2024,5.2.2,41-64,M,1381.0
2024,5.2.2,41-64,F,1136.0
2024,5.2.2,41-64,U,0.0
2024,5.2.2,65+,M,697.0
2024,5.2.2,65+,F,587.0
2024,5.2.2,65+,U,0.0
2024,5.2.2,U,M,7.0
2024,5.2.2,U,F,2.0
2024,5.2.2,U,U,4.0
2024,5.2.3,0-13,M,0.0
2024,5.2.3,0-13,F,1.0
2024,5.2.3,0-13,U,0.0
2024,5.2.3,14-17,M,0.0
2024,5.2.3,14-17,F,1.0
2024,5.2.3,14-17,U,0.0
2024,5.2.3,18-30,M,188.0
2024,5.2.3,18-30,F,103.0
2024,5.2.3,18-30,U,0.0
2024,5.2.3,31-40,M,419.0
2024,5.2.3,31-40,F,277.0
2024,5.2.3,31-40,U,0.0
2024,5.2.3,41-64,M,1139.0
2024,5.2.3,41-64,F,570.0
2024,5.2.3,41-64,U,0.0
2024,5.2.3,65+,M,118.0
2024,5.2.3,65+,F,52.0
2024,5.2.3,65+,U,0.0
2024,5.2.3,U,M,17.0
2024,5.2.3,U,F,4.0
2024,5.2.3,U,U,3.0
2024,5.3,0-13,M,74.0
2024,5.3,0-13,F,9.0
2024,5.3,0-13,U,0.0
2024,5.3,14-17,M,596.0
2024,5.3,14-17,F,114.0
2024,5.3,14-17,U,0.0
2024,5.3,18-30,M,2812.0
2024,5.3,18-30,F,1045.0
2024,5.3,18-30,U,0.0
2024,5.3,31-40,M,1515.0
2024,5.3,31-40,F,568.0
2024,5.3,31-40,U,0.0
2024,5.3,41-64,M,2196.0
2024,5.3,41-64,F,1123.0
2024,5.3,41-64,U,2.0
2024,5.3,65+,M,477.0
2024,5.3,65+,F,545.0
2024,5.3,65+,U,1.0
2024,5.3,U,M,57.0
2024,5.3,U,F,11.0
2024,5.3,U,U,4.0
2024,5.3.1,0-13,M,59.0
2024,5.3.1,0-13,F,5.0
2024,5.3.1,0-13,U,0.0
2024,5.3.1,14-17,M,461.0
2024,5.3.1,14-17,F,71.0
2024,5.3.1,14-17,U,0.0
2024,5.3.1,18-30,M,2089.0
2024,5.3.1,18-30,F,653.0
2024,5.3.1,18-30,U,0.0
2024,5.3.1,31-40,M,1072.0
2024,5.3.1,31-40,F,350.0
2024,5.3.1,31-40,U,0.0
2024,5.3.1,41-64,M,1515.0
2024,5.3.1,41-64,F,672.0
2024,5.3.1,41-64,U,0.0
2024,5.3.1,65+,M,311.0
2024,5.3.1,65+,F,351.0
2024,5.3.1,65+,U,1.0
2024,5.3.1,U,M,16.0
2024,5.3.1,U,F,8.0
2024,5.3.1,U,U,4.0
2024,5.3.2,0-13,M,2.0
2024,5.3.2,0-13,F,0.0
2024,5.3.2,0-13,U,0.0
2024,5.3.2,14-17,M,7.0
2024,5.3.2,14-17,F,2.0
2024,5.3.2,14-17,U,0.0
2024,5.3.2,18-30,M,84.0
2024,5.3.2,18-30,F,36.0
2024,5.3.2,18-30,U,0.0
2024,5.3.2,31-40,M,50.0
2024,5.3.2,31-40,F,40.0
2024,5.3.2,31-40,U,0.0
2024,5.3.2,41-64,M,95.0
2024,5.3.2,41-64,F,97.0
2024,5.3.2,41-64,U,0.0
2024,5.3.2,65+,M,84.0
2024,5.3.2,65+,F,108.0
2024,5.3.2,65+,U,0.0
2024,5.3.2,U,M,1.0
2024,5.3.2,U,F,1.0
2024,5.3.2,U,U,0.0
2024,5.3.3,0-13,M,0.0
2024,5.3.3,0-13,F,2.0
2024,5.3.3,0-13,U,0.0
2024,5.3.3,14-17,M,12.0
2024,5.3.3,14-17,F,2.0
2024,5.3.3,14-17,U,0.0
2024,5.3.3,18-30,M,269.0
2024,5.3.3,18-30,F,189.0
2024,5.3.3,18-30,U,0.0
2024,5.3.3,31-40,M,245.0
2024,5.3.3,31-40,F,111.0
2024,5.3.3,31-40,U,0.0
2024,5.3.3,41-64,M,349.0
2024,5.3.3,41-64,F,224.0
2024,5.3.3,41-64,U,1.0
2024,5.3.3,65+,M,25.0
2024,5.3.3,65+,F,21.0
2024,5.3.3,65+,U,0.0
2024,5.3.3,U,M,34.0
2024,5.3.3,U,F,1.0
2024,5.3.3,U,U,0.0
2024,5.4,0-13,M,1.0
2024,5.4,0-13,F,0.0
2024,5.4,0-13,U,0.0
2024,5.4,14-17,M,1.0
2024,5.4,14-17,F,0.0
2024,5.4,14-17,U,0.0
2024,5.4,18-30,M,602.0
2024,5.4,18-30,F,228.0
2024,5.4,18-30,U,0.0
2024,5.4,31-40,M,940.0
2024,5.4,31-40,F,290.0
2024,5.4,31-40,U,0.0
2024,5.4,41-64,M,2194.0
2024,5.4,41-64,F,652.0
2024,5.4,41-64,U,0.0
2024,5.4,65+,M,255.0
2024,5.4,65+,F,67.0
2024,5.4,65+,U,0.0
2024,5.4,U,M,13.0
2024,5.4,U,F,4.0
2024,5.4,U,U,2.0
2024,5.5,0-13,M,11.0
2024,5.5,0-13,F,8.0
2024,5.5,0-13,U,0.0
2024,5.5,14-17,M,59.0
2024,5.5,14-17,F,67.0
2024,5.5,14-17,U,0.0
2024,5.5,18-30,M,5952.0
2024,5.5,18-30,F,6487.0
2024,5.5,18-30,U,1.0
2024,5.5,31-40,M,5221.0
2024,5.5,31-40,F,5362.0
2024,5.5,31-40,U,0.0
2024,5.5,41-64,M,13404.0
2024,5.5,41-64,F,13923.0
2024,5.5,41-64,U,4.0
2024,5.5,65+,M,5537.0
2024,5.5,65+,F,4986.0
2024,5.5,65+,U,0.0
2024,5.5,U,M,29.0
2024,5.5,U,F,14.0
2024,5.5,U,U,3.0
2024,5.5.1,0-13,M,7.0
2024,5.5.1,0-13,F,6.0
2024,5.5.1,0-13,U,0.0
2024,5.5.1,14-17,M,39.0
2024,5.5.1,14-17,F,44.0
2024,5.5.1,14-17,U,0.0
2024,5.5.1,18-30,M,4410.0
2024,5.5.1,18-30,F,4785.0
2024,5.5.1,18-30,U,0.0
2024,5.5.1,31-40,M,3828.0
2024,5.5.1,31-40,F,4223.0
2024,5.5.1,31-40,U,0.0
2024,5.5.1,41-64,M,10328.0
2024,5.5.1,41-64,F,11228.0
2024,5.5.1,41-64,U,3.0
2024,5.5.1,65+,M,4048.0
2024,5.5.1,65+,F,3396.0
2024,5.5.1,65+,U,0.0
2024,5.5.1,U,M,6.0
2024,5.5.1,U,F,1.0
2024,5.5.1,U,U,1.0
2024,5.6,0-13,M,9.0
2024,5.6,0-13,F,2.0
2024,5.6,0-13,U,0.0
2024,5.6,14-17,M,7.0
2024,5.6,14-17,F,6.0
2024,5.6,14-17,U,0.0
2024,5.6,18-30,M,1722.0
2024,5.6,18-30,F,1074.0
2024,5.6,18-30,U,0.0
2024,5.6,31-40,M,2721.0
2024,5.6,31-40,F,1561.0
2024,5.6,31-40,U,0.0
2024,5.6,41-64,M,7991.0
2024,5.6,41-64,F,4449.0
2024,5.6,41-64,U,0.0
2024,5.6,65+,M,1637.0
2024,5.6,65+,F,802.0
2024,5.6,65+,U,0.0
2024,5.6,U,M,32.0
2024,5.6,U,F,9.0
2024,5.6,U,U,4.0
2024,5.7,0-13,M,0.0
2024,5.7,0-13,F,0.0
2024,5.7,0-13,U,0.0
2024,5.7,14-17,M,0.0
2024,5.7,14-17,F,0.0
2024,5.7,14-17,U,0.0
2024,5.7,18-30,M,2.0
2024,5.7,18-30,F,1.0
2024,5.7,18-30,U,0.0
2024,5.7,31-40,M,0.0
2024,5.7,31-40,F,3.0
2024,5.7,31-40,U,0.0
2024,5.7,41-64,M,6.0
2024,5.7,41-64,F,8.0
2024,5.7,41-64,U,0.0
2024,5.7,65+,M,1.0
2024,5.7,65+,F,0.0
2024,5.7,65+,U,0.0
2024,5.7,U,M,0.0
2024,5.7,U,F,0.0
2024,5.7,U,U,2.0
2024,5.8,0-13,M,0.0
2024,5.8,0-13,F,0.0
2024,5.8,0-13,U,0.0
2024,5.8,14-17,M,0.0
2024,5.8,14-17,F,0.0
2024,5.8,14-17,U,0.0
2024,5.8,18-30,M,5.0
2024,5.8,18-30,F,3.0
2024,5.8,18-30,U,0.0
2024,5.8,31-40,M,1.0
2024,5.8,31-40,F,2.0
2024,5.8,31-40,U,0.0
2024,5.8,41-64,M,3.0
2024,5.8,41-64,F,2.0
2024,5.8,41-64,U,0.0
2024,5.8,65+,M,0.0
2024,5.8,65+,F,1.0
2024,5.8,65+,U,0.0
2024,5.8,U,M,0.0
2024,5.8,U,F,0.0
2024,5.8,U,U,0.0
2024,5.9,0-13,M,10.0
2024,5.9,0-13,F,9.0
2024,5.9,0-13,U,0.0
2024,5.9,14-17,M,89.0
2024,5.9,14-17,F,42.0
2024,5.9,14-17,U,0.0
2024,5.9,18-30,M,1278.0
2024,5.9,18-30,F,754.0
2024,5.9,18-30,U,0.0
2024,5.9,31-40,M,793.0
2024,5.9,31-40,F,538.0
2024,5.9,31-40,U,0.0
2024,5.9,41-64,M,1603.0
2024,5.9,41-64,F,1110.0
2024,5.9,41-64,U,0.0
2024,5.9,65+,M,378.0
2024,5.9,65+,F,311.0
2024,5.9,65+,U,0.0
2024,5.9,U,M,52.0
2024,5.9,U,F,8.0
2024,5.9,U,U,47.0
2024,6,0-13,M,1.0
2024,6,0-13,F,0.0
2024,6,0-13,U,0.0
2024,6,14-17,M,0.0
2024,6,14-17,F,4.0
2024,6,14-17,U,0.0
2024,6,18-30,M,33.0
2024,6,18-30,F,13.0
2024,6,18-30,U,0.0
2024,6,31-40,M,19.0
2024,6,31-40,F,13.0
2024,6,31-40,U,0.0
2024,6,41-64,M,48.0
2024,6,41-64,F,24.0
2024,6,41-64,U,0.0
2024,6,65+,M,6.0
2024,6,65+,F,6.0
2024,6,65+,U,0.0
2024,6,U,M,9.0
2024,6,U,F,0.0
2024,6,U,U,0.0
2024,6.1,0-13,M,0.0
2024,6.1,0-13,F,0.0
2024,6.1,0-13,U,0.0
2024,6.1,14-17,M,0.0
2024,6.1,14-17,F,1.0
2024,6.1,14-17,U,0.0
2024,6.1,18-30,M,6.0
2024,6.1,18-30,F,0.0
2024,6.1,18-30,U,0.0
2024,6.1,31-40,M,2.0
2024,6.1,31-40,F,2.0
2024,6.1,31-40,U,0.0
2024,6.1,41-64,M,4.0
2024,6.1,41-64,F,2.0
2024,6.1,41-64,U,0.0
2024,6.1,65+,M,1.0
2024,6.1,65+,F,2.0
2024,6.1,65+,U,0.0
2024,6.1,U,M,2.0
2024,6.1,U,F,0.0
2024,6.1,U,U,0.0
2024,6.2,0-13,M,0.0
2024,6.2,0-13,F,0.0
2024,6.2,0-13,U,0.0
2024,6.2,14-17,M,0.0
2024,6.2,14-17,F,0.0
2024,6.2,14-17,U,0.0
2024,6.2,18-30,M,18.0
2024,6.2,18-30,F,9.0
2024,6.2,18-30,U,0.0
2024,6.2,31-40,M,7.0
2024,6.2,31-40,F,4.0
2024,6.2,31-40,U,0.0
2024,6.2,41-64,M,20.0
2024,6.2,41-64,F,9.0
2024,6.2,41-64,U,0.0
2024,6.2,65+,M,2.0
2024,6.2,65+,F,2.0
2024,6.2,65+,U,0.0
2024,6.2,U,M,4.0
2024,6.2,U,F,0.0
2024,6.2,U,U,0.0
2024,6.3,0-13,M,1.0
2024,6.3,0-13,F,0.0
2024,6.3,0-13,U,0.0
2024,6.3,14-17,M,0.0
2024,6.3,14-17,F,3.0
2024,6.3,14-17,U,0.0
2024,6.3,18-30,M,9.0
2024,6.3,18-30,F,4.0
2024,6.3,18-30,U,0.0
2024,6.3,31-40,M,10.0
2024,6.3,31-40,F,7.0
2024,6.3,31-40,U,0.0
2024,6.3,41-64,M,24.0
2024,6.3,41-64,F,13.0
2024,6.3,41-64,U,0.0
2024,6.3,65+,M,3.0
2024,6.3,65+,F,2.0
2024,6.3,65+,U,0.0
2024,6.3,U,M,3.0
2024,6.3,U,F,0.0
2024,6.3,U,U,0.0
2024,7,0-13,M,4.0
2024,7,0-13,F,8.0
2024,7,0-13,U,0.0
2024,7,14-17,M,15.0
2024,7,14-17,F,19.0
2024,7,14-17,U,0.0
2024,7,18-30,M,733.0
2024,7,18-30,F,711.0
2024,7,18-30,U,0.0
2024,7,31-40,M,751.0
2024,7,31-40,F,630.0
2024,7,31-40,U,0.0
2024,7,41-64,M,1605.0
2024,7,41-64,F,1355.0
2024,7,41-64,U,0.0
2024,7,65+,M,283.0
2024,7,65+,F,214.0
2024,7,65+,U,0.0
2024,7,U,M,5.0
2024,7,U,F,10.0
2024,7,U,U,0.0
2024,8,0-13,M,0.0
2024,8,0-13,F,0.0
2024,8,0-13,U,0.0
2024,8,14-17,M,0.0
2024,8,14-17,F,2.0
2024,8,14-17,U,0.0
2024,8,18-30,M,2.0
2024,8,18-30,F,6.0
2024,8,18-30,U,0.0
2024,8,31-40,M,1.0
2024,8,31-40,F,0.0
2024,8,31-40,U,0.0
2024,8,41-64,M,0.0
2024,8,41-64,F,8.0
2024,8,41-64,U,0.0
2024,8,65+,M,1.0
2024,8,65+,F,0.0
2024,8,65+,U,0.0
2024,8,U,M,0.0
2024,8,U,F,0.0
2024,8,U,U,0.0
2024,9,0-13,M,19.0
2024,9,0-13,F,8.0
2024,9,0-13,U,0.0
2024,9,14-17,M,9.0
2024,9,14-17,F,64.0
2024,9,14-17,U,0.0
2024,9,18-30,M,110.0
2024,9,18-30,F,906.0
2024,9,18-30,U,0.0
2024,9,31-40,M,150.0
2024,9,31-40,F,1033.0
2024,9,31-40,U,0.0
2024,9,41-64,M,266.0
2024,9,41-64,F,1235.0
2024,9,41-64,U,2.0
2024,9,65+,M,103.0
2024,9,65+,F,150.0
2024,9,65+,U,0.0
2024,9,U,M,206.0
2024,9,U,F,132.0
2024,9,U,U,18.0
2024,10,0-13,M,5.0
2024,10,0-13,F,0.0
2024,10,0-13,U,0.0
2024,10,14-17,M,1.0
2024,10,14-17,F,0.0
2024,10,14-17,U,0.0
2024,10,18-30,M,194.0
2024,10,18-30,F,30.0
2024,10,18-30,U,3.0
2024,10,31-40,M,631.0
2024,10,31-40,F,43.0
2024,10,31-40,U,4.0
2024,10,41-64,M,512.0
2024,10,41-64,F,36.0
2024,10,41-64,U,1.0
2024,10,65+,M,1.0
2024,10,65+,F,0.0
2024,10,65+,U,0.0
2024,10,U,M,1955.0
2024,10,U,F,79.0
2024,10,U,U,284.0
2024,11,0-13,M,0.0
2024,11,0-13,F,0.0
2024,11,0-13,U,0.0
2024,11,14-17,M,0.0
2024,11,14-17,F,0.0
2024,11,14-17,U,0.0
2024,11,18-30,M,0.0
2024,11,18-30,F,0.0
2024,11,18-30,U,0.0
2024,11,31-40,M,0.0
2024,11,31-40,F,0.0
2024,11,31-40,U,0.0
2024,11,41-64,M,0.0
2024,11,41-64,F,0.0
2024,11,41-64,U,0.0
2024,11,65+,M,0.0
2024,11,65+,F,0.0
2024,11,65+,U,0.0
2024,11,U,M,0.0
2024,11,U,F,0.0
2024,11,U,U,0.0
2024,12,0-13,M,2.0
2024,12,0-13,F,5.0
2024,12,0-13,U,0.0
2024,12,14-17,M,11.0
2024,12,14-17,F,13.0
2024,12,14-17,U,0.0
2024,12,18-30,M,86.0
2024,12,18-30,F,67.0
2024,12,18-30,U,0.0
2024,12,31-40,M,74.0
2024,12,31-40,F,58.0
2024,12,31-40,U,0.0
2024,12,41-64,M,126.0
2024,12,41-64,F,125.0
2024,12,41-64,U,0.0
2024,12,65+,M,12.0
2024,12,65+,F,15.0
2024,12,65+,U,0.0
2024,12,U,M,3.0
2024,12,U,F,1.0
2024,12,U,U,0.0
2024,TOTAL,0-13,M,1292.0
2024,TOTAL,0-13,F,1226.0
2024,TOTAL,0-13,U,3.0
2024,TOTAL,14-17,M,2886.0
2024,TOTAL,14-17,F,3049.0
2024,TOTAL,14-17,U,1.0
2024,TOTAL,18-30,M,34543.0
2024,TOTAL,18-30,F,35467.0
2024,TOTAL,18-30,U,13.0
2024,TOTAL,31-40,M,31196.0
2024,TOTAL,31-40,F,29770.0
2024,TOTAL,31-40,U,9.0
2024,TOTAL,41-64,M,66881.0
2024,TOTAL,41-64,F,53494.0
2024,TOTAL,41-64,U,16.0
2024,TOTAL,65+,M,16484.0
2024,TOTAL,65+,F,15986.0
2024,TOTAL,65+,U,2.0
2024,TOTAL,U,M,2881.0
2024,TOTAL,U,F,487.0
2024,TOTAL,U,U,424.0
