ine_code,year,crime_code,denominator,offences,denom_value,rate,rate_per_1000,rate_per_100000
28005,2019,BURGLARY,population,377,195649.00,0.00192692,1.9269,192.6920
28005,2019,DRUG_TRAFFICKING,population,49,195649.00,0.00025045,0.2504,25.0449
28005,2019,HOM_ATTEMPTED,population,3,195649.00,0.00001533,0.0153,1.5334
28005,2019,HOM_COMPLETED,population,1,195649.00,0.00000511,0.0051,0.5111
28005,2019,INJURY,population,52,195649.00,0.00026578,0.2658,26.5782
28005,2019,KIDNAPPING,population,0,195649.00,0.00000000,0.0000,0.0000
28005,2019,OTHER,population,6135,195649.00,0.03135718,31.3572,3135.7175
28005,2019,ROBBERY_VIOLENT,population,217,195649.00,0.00110913,1.1091,110.9129
28005,2019,SEXUAL,population,40,195649.00,0.00020445,0.2044,20.4448
28005,2019,THEFT,population,2738,195649.00,0.01399445,13.9944,1399.4449
28005,2019,VEHICLE_THEFT,population,232,195649.00,0.00118580,1.1858,118.5797
28005,2020,BURGLARY,population,294,197562.00,0.00148814,1.4881,148.8140
28005,2020,DRUG_TRAFFICKING,population,40,197562.00,0.00020247,0.2025,20.2468
28005,2020,HOM_ATTEMPTED,population,1,197562.00,0.00000506,0.0051,0.5062
28005,2020,HOM_COMPLETED,population,1,197562.00,0.00000506,0.0051,0.5062
28005,2020,INJURY,population,43,197562.00,0.00021765,0.2177,21.7653
28005,2020,KIDNAPPING,population,1,197562.00,0.00000506,0.0051,0.5062
28005,2020,OTHER,population,5444,197562.00,0.02755591,27.5559,2755.5907
28005,2020,ROBBERY_VIOLENT,population,150,197562.00,0.00075926,0.7593,75.9255
28005,2020,SEXUAL,population,49,197562.00,0.00024802,0.2480,24.8023
28005,2020,THEFT,population,1833,197562.00,0.00927810,9.2781,927.8100
28005,2020,VEHICLE_THEFT,population,167,197562.00,0.00084530,0.8453,84.5304
28005,2021,BURGLARY,population,376,195982.00,0.00191854,1.9185,191.8544
28005,2021,DRUG_TRAFFICKING,population,28,195982.00,0.00014287,0.1429,14.2870
28005,2021,HOM_ATTEMPTED,population,8,195982.00,0.00004082,0.0408,4.0820
28005,2021,HOM_COMPLETED,population,1,195982.00,0.00000510,0.0051,0.5103
28005,2021,INJURY,population,66,195982.00,0.00033677,0.3368,33.6766
28005,2021,KIDNAPPING,population,1,195982.00,0.00000510,0.0051,0.5103
28005,2021,OTHER,population,6170,195982.00,0.03148248,31.4825,3148.2483
28005,2021,ROBBERY_VIOLENT,population,232,195982.00,0.00118378,1.1838,118.3782
28005,2021,SEXUAL,population,51,195982.00,0.00026023,0.2602,26.0228
28005,2021,THEFT,population,2483,195982.00,0.01266953,12.6695,1266.9531
28005,2021,VEHICLE_THEFT,population,222,195982.00,0.00113276,1.1328,113.2757
28005,2022,BURGLARY,population,359,196888.00,0.00182337,1.8234,182.3372
28005,2022,DRUG_TRAFFICKING,population,42,196888.00,0.00021332,0.2133,21.3319
28005,2022,HOM_ATTEMPTED,population,6,196888.00,0.00003047,0.0305,3.0474
28005,2022,HOM_COMPLETED,population,1,196888.00,0.00000508,0.0051,0.5079
28005,2022,INJURY,population,86,196888.00,0.00043680,0.4368,43.6797
28005,2022,KIDNAPPING,population,0,196888.00,0.00000000,0.0000,0.0000
28005,2022,OTHER,population,6629,196888.00,0.03366889,33.6689,3366.8888
28005,2022,ROBBERY_VIOLENT,population,212,196888.00,0.00107675,1.0768,107.6754
28005,2022,SEXUAL,population,55,196888.00,0.00027935,0.2793,27.9347
28005,2022,THEFT,population,2705,196888.00,0.01373878,13.7388,1373.8775
28005,2022,VEHICLE_THEFT,population,234,196888.00,0.00118849,1.1885,118.8493
28005,2023,BURGLARY,population,265,199184.00,0.00133043,1.3304,133.0428
28005,2023,DRUG_TRAFFICKING,population,64,199184.00,0.00032131,0.3213,32.1311
28005,2023,HOM_ATTEMPTED,population,7,199184.00,0.00003514,0.0351,3.5143
28005,2023,HOM_COMPLETED,population,1,199184.00,0.00000502,0.0050,0.5020
28005,2023,INJURY,population,86,199184.00,0.00043176,0.4318,43.1762
28005,2023,KIDNAPPING,population,0,199184.00,0.00000000,0.0000,0.0000
28005,2023,OTHER,population,6519,199184.00,0.03272853,32.7285,3272.8532
28005,2023,ROBBERY_VIOLENT,population,190,199184.00,0.00095389,0.9539,95.3892
28005,2023,SEXUAL,population,61,199184.00,0.00030625,0.3062,30.6249
28005,2023,THEFT,population,2347,199184.00,0.01178307,11.7831,1178.3075
28005,2023,VEHICLE_THEFT,population,245,199184.00,0.00123002,1.2300,123.0018
28005,2024,BURGLARY,population,314,200702.00,0.00156451,1.5645,156.4509
28005,2024,DRUG_TRAFFICKING,population,86,200702.00,0.00042850,0.4285,42.8496
28005,2024,HOM_ATTEMPTED,population,13,200702.00,0.00006477,0.0648,6.4773
28005,2024,HOM_COMPLETED,population,1,200702.00,0.00000498,0.0050,0.4983
28005,2024,INJURY,population,63,200702.00,0.00031390,0.3139,31.3898
28005,2024,KIDNAPPING,population,0,200702.00,0.00000000,0.0000,0.0000
28005,2024,OTHER,population,6570,200702.00,0.03273510,32.7351,3273.5100
28005,2024,ROBBERY_VIOLENT,population,217,200702.00,0.00108120,1.0812,108.1205
28005,2024,SEXUAL,population,68,200702.00,0.00033881,0.3388,33.8811
28005,2024,THEFT,population,2209,200702.00,0.01100637,11.0064,1100.6368
28005,2024,VEHICLE_THEFT,population,224,200702.00,0.00111608,1.1161,111.6083
28005,2025,BURGLARY,population,330,203208.00,0.00162395,1.6240,162.3952
28005,2025,DRUG_TRAFFICKING,population,58,203208.00,0.00028542,0.2854,28.5422
28005,2025,HOM_ATTEMPTED,population,8,203208.00,0.00003937,0.0394,3.9369
28005,2025,HOM_COMPLETED,population,1,203208.00,0.00000492,0.0049,0.4921
28005,2025,INJURY,population,73,203208.00,0.00035924,0.3592,35.9238
28005,2025,KIDNAPPING,population,1,203208.00,0.00000492,0.0049,0.4921
28005,2025,OTHER,population,6655,203208.00,0.03274969,32.7497,3274.9695
28005,2025,ROBBERY_VIOLENT,population,137,203208.00,0.00067419,0.6742,67.4186
28005,2025,SEXUAL,population,89,203208.00,0.00043797,0.4380,43.7975
28005,2025,THEFT,population,2257,203208.00,0.01110685,11.1068,1110.6846
28005,2025,VEHICLE_THEFT,population,279,203208.00,0.00137298,1.3730,137.2977
28006,2019,BURGLARY,population,387,117040.00,0.00330656,3.3066,330.6562
28006,2019,DRUG_TRAFFICKING,population,29,117040.00,0.00024778,0.2478,24.7779
28006,2019,HOM_ATTEMPTED,population,3,117040.00,0.00002563,0.0256,2.5632
28006,2019,HOM_COMPLETED,population,0,117040.00,0.00000000,0.0000,0.0000
28006,2019,INJURY,population,32,117040.00,0.00027341,0.2734,27.3411
28006,2019,KIDNAPPING,population,0,117040.00,0.00000000,0.0000,0.0000
28006,2019,OTHER,population,3292,117040.00,0.02812714,28.1271,2812.7136
28006,2019,ROBBERY_VIOLENT,population,134,117040.00,0.00114491,1.1449,114.4908
28006,2019,SEXUAL,population,42,117040.00,0.00035885,0.3589,35.8852
28006,2019,THEFT,population,1343,117040.00,0.01147471,11.4747,1147.4710
28006,2019,VEHICLE_THEFT,population,230,117040.00,0.00196514,1.9651,196.5140
28006,2020,BURGLARY,population,159,118417.00,0.00134271,1.3427,134.2713
28006,2020,DRUG_TRAFFICKING,population,25,118417.00,0.00021112,0.2111,21.1118
28006,2020,HOM_ATTEMPTED,population,3,118417.00,0.00002533,0.0253,2.5334
28006,2020,HOM_COMPLETED,population,0,118417.00,0.00000000,0.0000,0.0000
28006,2020,INJURY,population,39,118417.00,0.00032934,0.3293,32.9345
28006,2020,KIDNAPPING,population,0,118417.00,0.00000000,0.0000,0.0000
28006,2020,OTHER,population,2792,118417.00,0.02357770,23.5777,2357.7696
28006,2020,ROBBERY_VIOLENT,population,75,118417.00,0.00063336,0.6334,63.3355
28006,2020,SEXUAL,population,41,118417.00,0.00034623,0.3462,34.6234
28006,2020,THEFT,population,933,118417.00,0.00787894,7.8789,787.8936
28006,2020,VEHICLE_THEFT,population,225,118417.00,0.00190007,1.9001,190.0065
28006,2021,BURGLARY,population,208,116589.00,0.00178404,1.7840,178.4045
28006,2021,DRUG_TRAFFICKING,population,32,116589.00,0.00027447,0.2745,27.4468
28006,2021,HOM_ATTEMPTED,population,1,116589.00,0.00000858,0.0086,0.8577
28006,2021,HOM_COMPLETED,population,0,116589.00,0.00000000,0.0000,0.0000
28006,2021,INJURY,population,43,116589.00,0.00036882,0.3688,36.8817
28006,2021,KIDNAPPING,population,0,116589.00,0.00000000,0.0000,0.0000
28006,2021,OTHER,population,2755,116589.00,0.02363002,23.6300,2363.0017
28006,2021,ROBBERY_VIOLENT,population,70,116589.00,0.00060040,0.6004,60.0400
28006,2021,SEXUAL,population,27,116589.00,0.00023158,0.2316,23.1583
28006,2021,THEFT,population,1114,116589.00,0.00955493,9.5549,955.4932
28006,2021,VEHICLE_THEFT,population,246,116589.00,0.00210998,2.1100,210.9976
28006,2022,BURGLARY,population,182,117041.00,0.00155501,1.5550,155.5011
28006,2022,DRUG_TRAFFICKING,population,31,117041.00,0.00026486,0.2649,26.4864
28006,2022,HOM_ATTEMPTED,population,1,117041.00,0.00000854,0.0085,0.8544
28006,2022,HOM_COMPLETED,population,0,117041.00,0.00000000,0.0000,0.0000
28006,2022,INJURY,population,37,117041.00,0.00031613,0.3161,31.6129
28006,2022,KIDNAPPING,population,0,117041.00,0.00000000,0.0000,0.0000
28006,2022,OTHER,population,3404,117041.00,0.02908383,29.0838,2908.3825
28006,2022,ROBBERY_VIOLENT,population,96,117041.00,0.00082023,0.8202,82.0225
28006,2022,SEXUAL,population,25,117041.00,0.00021360,0.2136,21.3600
28006,2022,THEFT,population,1241,117041.00,0.01060312,10.6031,1060.3122
28006,2022,VEHICLE_THEFT,population,241,117041.00,0.00205911,2.0591,205.9107
28006,2023,BURGLARY,population,209,119416.00,0.00175018,1.7502,175.0184
28006,2023,DRUG_TRAFFICKING,population,60,119416.00,0.00050245,0.5024,50.2445
28006,2023,HOM_ATTEMPTED,population,1,119416.00,0.00000837,0.0084,0.8374
28006,2023,HOM_COMPLETED,population,2,119416.00,0.00001675,0.0167,1.6748
28006,2023,INJURY,population,41,119416.00,0.00034334,0.3433,34.3338
28006,2023,KIDNAPPING,population,0,119416.00,0.00000000,0.0000,0.0000
28006,2023,OTHER,population,3442,119416.00,0.02882361,28.8236,2882.3608
28006,2023,ROBBERY_VIOLENT,population,81,119416.00,0.00067830,0.6783,67.8301
28006,2023,SEXUAL,population,52,119416.00,0.00043545,0.4355,43.5453
28006,2023,THEFT,population,1171,119416.00,0.00980606,9.8061,980.6056
28006,2023,VEHICLE_THEFT,population,157,119416.00,0.00131473,1.3147,131.4732
28006,2024,BURGLARY,population,169,121373.00,0.00139240,1.3924,139.2402
28006,2024,DRUG_TRAFFICKING,population,44,121373.00,0.00036252,0.3625,36.2519
28006,2024,HOM_ATTEMPTED,population,1,121373.00,0.00000824,0.0082,0.8239
28006,2024,HOM_COMPLETED,population,1,121373.00,0.00000824,0.0082,0.8239
28006,2024,INJURY,population,34,121373.00,0.00028013,0.2801,28.0128
28006,2024,KIDNAPPING,population,0,121373.00,0.00000000,0.0000,0.0000
28006,2024,OTHER,population,3730,121373.00,0.03073171,30.7317,3073.1711
28006,2024,ROBBERY_VIOLENT,population,78,121373.00,0.00064265,0.6426,64.2647
28006,2024,SEXUAL,population,50,121373.00,0.00041195,0.4120,41.1953
28006,2024,THEFT,population,1200,121373.00,0.00988688,9.8869,988.6878
28006,2024,VEHICLE_THEFT,population,183,121373.00,0.00150775,1.5077,150.7749
28006,2025,BURGLARY,population,160,123342.00,0.00129721,1.2972,129.7206
28006,2025,DRUG_TRAFFICKING,population,49,123342.00,0.00039727,0.3973,39.7269
28006,2025,HOM_ATTEMPTED,population,4,123342.00,0.00003243,0.0324,3.2430
28006,2025,HOM_COMPLETED,population,0,123342.00,0.00000000,0.0000,0.0000
28006,2025,INJURY,population,40,123342.00,0.00032430,0.3243,32.4302
28006,2025,KIDNAPPING,population,0,123342.00,0.00000000,0.0000,0.0000
28006,2025,OTHER,population,3813,123342.00,0.03091404,30.9140,3091.4044
28006,2025,ROBBERY_VIOLENT,population,77,123342.00,0.00062428,0.6243,62.4280
28006,2025,SEXUAL,population,51,123342.00,0.00041348,0.4135,41.3484
28006,2025,THEFT,population,1190,123342.00,0.00964797,9.6480,964.7971
28006,2025,VEHICLE_THEFT,population,173,123342.00,0.00140260,1.4026,140.2604
28007,2019,BURGLARY,population,253,170514.00,0.00148375,1.4837,148.3749
28007,2019,DRUG_TRAFFICKING,population,38,170514.00,0.00022286,0.2229,22.2856
28007,2019,HOM_ATTEMPTED,population,2,170514.00,0.00001173,0.0117,1.1729
28007,2019,HOM_COMPLETED,population,0,170514.00,0.00000000,0.0000,0.0000
28007,2019,INJURY,population,29,170514.00,0.00017007,0.1701,17.0074
28007,2019,KIDNAPPING,population,0,170514.00,0.00000000,0.0000,0.0000
28007,2019,OTHER,population,3804,170514.00,0.02230902,22.3090,2230.9019
28007,2019,ROBBERY_VIOLENT,population,257,170514.00,0.00150721,1.5072,150.7208
28007,2019,SEXUAL,population,22,170514.00,0.00012902,0.1290,12.9022
28007,2019,THEFT,population,2282,170514.00,0.01338307,13.3831,1338.3065
28007,2019,VEHICLE_THEFT,population,134,170514.00,0.00078586,0.7859,78.5859
28007,2020,BURGLARY,population,220,172384.00,0.00127622,1.2762,127.6221
28007,2020,DRUG_TRAFFICKING,population,26,172384.00,0.00015083,0.1508,15.0826
28007,2020,HOM_ATTEMPTED,population,2,172384.00,0.00001160,0.0116,1.1602
28007,2020,HOM_COMPLETED,population,1,172384.00,0.00000580,0.0058,0.5801
28007,2020,INJURY,population,32,172384.00,0.00018563,0.1856,18.5632
28007,2020,KIDNAPPING,population,0,172384.00,0.00000000,0.0000,0.0000
28007,2020,OTHER,population,3471,172384.00,0.02013528,20.1353,2013.5279
28007,2020,ROBBERY_VIOLENT,population,203,172384.00,0.00117760,1.1776,117.7603
28007,2020,SEXUAL,population,29,172384.00,0.00016823,0.1682,16.8229
28007,2020,THEFT,population,1768,172384.00,0.01025617,10.2562,1025.6172
28007,2020,VEHICLE_THEFT,population,119,172384.00,0.00069032,0.6903,69.0319
28007,2021,BURGLARY,population,248,170817.00,0.00145185,1.4518,145.1846
28007,2021,DRUG_TRAFFICKING,population,26,170817.00,0.00015221,0.1522,15.2210
28007,2021,HOM_ATTEMPTED,population,4,170817.00,0.00002342,0.0234,2.3417
28007,2021,HOM_COMPLETED,population,0,170817.00,0.00000000,0.0000,0.0000
28007,2021,INJURY,population,30,170817.00,0.00017563,0.1756,17.5627
28007,2021,KIDNAPPING,population,1,170817.00,0.00000585,0.0059,0.5854
28007,2021,OTHER,population,4113,170817.00,0.02407840,24.0784,2407.8400
28007,2021,ROBBERY_VIOLENT,population,245,170817.00,0.00143428,1.4343,143.4283
28007,2021,SEXUAL,population,37,170817.00,0.00021661,0.2166,21.6606
28007,2021,THEFT,population,2135,170817.00,0.01249876,12.4988,1249.8756
28007,2021,VEHICLE_THEFT,population,142,170817.00,0.00083130,0.8313,83.1299
28007,2022,BURGLARY,population,250,170296.00,0.00146803,1.4680,146.8032
28007,2022,DRUG_TRAFFICKING,population,30,170296.00,0.00017616,0.1762,17.6164
28007,2022,HOM_ATTEMPTED,population,2,170296.00,0.00001174,0.0117,1.1744
28007,2022,HOM_COMPLETED,population,2,170296.00,0.00001174,0.0117,1.1744
28007,2022,INJURY,population,31,170296.00,0.00018204,0.1820,18.2036
28007,2022,KIDNAPPING,population,1,170296.00,0.00000587,0.0059,0.5872
28007,2022,OTHER,population,4532,170296.00,0.02661249,26.6125,2661.2486
28007,2022,ROBBERY_VIOLENT,population,195,170296.00,0.00114507,1.1451,114.5065
28007,2022,SEXUAL,population,44,170296.00,0.00025837,0.2584,25.8374
28007,2022,THEFT,population,2565,170296.00,0.01506201,15.0620,1506.2010
28007,2022,VEHICLE_THEFT,population,98,170296.00,0.00057547,0.5755,57.5469
28007,2023,BURGLARY,population,188,171772.00,0.00109447,1.0945,109.4474
28007,2023,DRUG_TRAFFICKING,population,39,171772.00,0.00022705,0.2270,22.7045
28007,2023,HOM_ATTEMPTED,population,3,171772.00,0.00001747,0.0175,1.7465
28007,2023,HOM_COMPLETED,population,0,171772.00,0.00000000,0.0000,0.0000
28007,2023,INJURY,population,46,171772.00,0.00026780,0.2678,26.7797
28007,2023,KIDNAPPING,population,0,171772.00,0.00000000,0.0000,0.0000
28007,2023,OTHER,population,4410,171772.00,0.02567357,25.6736,2567.3567
28007,2023,ROBBERY_VIOLENT,population,197,171772.00,0.00114687,1.1469,114.6869
28007,2023,SEXUAL,population,33,171772.00,0.00019212,0.1921,19.2115
28007,2023,THEFT,population,2512,171772.00,0.01462404,14.6240,1462.4037
28007,2023,VEHICLE_THEFT,population,151,171772.00,0.00087907,0.8791,87.9072
28007,2024,BURGLARY,population,214,173625.00,0.00123254,1.2325,123.2541
28007,2024,DRUG_TRAFFICKING,population,46,173625.00,0.00026494,0.2649,26.4939
28007,2024,HOM_ATTEMPTED,population,0,173625.00,0.00000000,0.0000,0.0000
28007,2024,HOM_COMPLETED,population,0,173625.00,0.00000000,0.0000,0.0000
28007,2024,INJURY,population,47,173625.00,0.00027070,0.2707,27.0698
28007,2024,KIDNAPPING,population,1,173625.00,0.00000576,0.0058,0.5760
28007,2024,OTHER,population,3948,173625.00,0.02273866,22.7387,2273.8661
28007,2024,ROBBERY_VIOLENT,population,159,173625.00,0.00091577,0.9158,91.5767
28007,2024,SEXUAL,population,33,173625.00,0.00019006,0.1901,19.0065
28007,2024,THEFT,population,2429,173625.00,0.01398992,13.9899,1398.9921
28007,2024,VEHICLE_THEFT,population,106,173625.00,0.00061051,0.6105,61.0511
28007,2025,BURGLARY,population,287,175719.00,0.00163329,1.6333,163.3290
28007,2025,DRUG_TRAFFICKING,population,38,175719.00,0.00021625,0.2163,21.6254
28007,2025,HOM_ATTEMPTED,population,2,175719.00,0.00001138,0.0114,1.1382
28007,2025,HOM_COMPLETED,population,0,175719.00,0.00000000,0.0000,0.0000
28007,2025,INJURY,population,70,175719.00,0.00039836,0.3984,39.8363
28007,2025,KIDNAPPING,population,0,175719.00,0.00000000,0.0000,0.0000
28007,2025,OTHER,population,3936,175719.00,0.02239940,22.3994,2239.9399
28007,2025,ROBBERY_VIOLENT,population,168,175719.00,0.00095607,0.9561,95.6072
28007,2025,SEXUAL,population,44,175719.00,0.00025040,0.2504,25.0400
28007,2025,THEFT,population,2566,175719.00,0.01460286,14.6029,1460.2860
28007,2025,VEHICLE_THEFT,population,123,175719.00,0.00069998,0.7000,69.9981
28009,2019,BURGLARY,population,47,20611.00,0.00228034,2.2803,228.0336
28009,2019,DRUG_TRAFFICKING,population,0,20611.00,0.00000000,0.0000,0.0000
28009,2019,HOM_ATTEMPTED,population,0,20611.00,0.00000000,0.0000,0.0000
28009,2019,HOM_COMPLETED,population,0,20611.00,0.00000000,0.0000,0.0000
28009,2019,INJURY,population,1,20611.00,0.00004852,0.0485,4.8518
28009,2019,KIDNAPPING,population,0,20611.00,0.00000000,0.0000,0.0000
28009,2019,OTHER,population,550,20611.00,0.02668478,26.6848,2668.4780
28009,2019,ROBBERY_VIOLENT,population,16,20611.00,0.00077628,0.7763,77.6285
28009,2019,SEXUAL,population,2,20611.00,0.00009704,0.0970,9.7036
28009,2019,THEFT,population,146,20611.00,0.00708360,7.0836,708.3596
28009,2019,VEHICLE_THEFT,population,9,20611.00,0.00043666,0.4367,43.6660
28009,2020,BURGLARY,population,21,20864.00,0.00100652,1.0065,100.6518
28009,2020,DRUG_TRAFFICKING,population,1,20864.00,0.00004793,0.0479,4.7929
28009,2020,HOM_ATTEMPTED,population,0,20864.00,0.00000000,0.0000,0.0000
28009,2020,HOM_COMPLETED,population,0,20864.00,0.00000000,0.0000,0.0000
28009,2020,INJURY,population,4,20864.00,0.00019172,0.1917,19.1718
28009,2020,KIDNAPPING,population,0,20864.00,0.00000000,0.0000,0.0000
28009,2020,OTHER,population,408,20864.00,0.01955521,19.5552,1955.5215
28009,2020,ROBBERY_VIOLENT,population,6,20864.00,0.00028758,0.2876,28.7577
28009,2020,SEXUAL,population,5,20864.00,0.00023965,0.2396,23.9647
28009,2020,THEFT,population,96,20864.00,0.00460123,4.6012,460.1227
28009,2020,VEHICLE_THEFT,population,8,20864.00,0.00038344,0.3834,38.3436
28009,2021,BURGLARY,population,33,20749.00,0.00159044,1.5904,159.0438
28009,2021,DRUG_TRAFFICKING,population,4,20749.00,0.00019278,0.1928,19.2780
28009,2021,HOM_ATTEMPTED,population,0,20749.00,0.00000000,0.0000,0.0000
28009,2021,HOM_COMPLETED,population,0,20749.00,0.00000000,0.0000,0.0000
28009,2021,INJURY,population,6,20749.00,0.00028917,0.2892,28.9171
28009,2021,KIDNAPPING,population,0,20749.00,0.00000000,0.0000,0.0000
28009,2021,OTHER,population,502,20749.00,0.02419394,24.1939,2419.3937
28009,2021,ROBBERY_VIOLENT,population,8,20749.00,0.00038556,0.3856,38.5561
28009,2021,SEXUAL,population,3,20749.00,0.00014459,0.1446,14.4585
28009,2021,THEFT,population,132,20749.00,0.00636175,6.3618,636.1752
28009,2021,VEHICLE_THEFT,population,17,20749.00,0.00081932,0.8193,81.9317
28009,2022,BURGLARY,population,61,20767.00,0.00293735,2.9374,293.7353
28009,2022,DRUG_TRAFFICKING,population,3,20767.00,0.00014446,0.1445,14.4460
28009,2022,HOM_ATTEMPTED,population,0,20767.00,0.00000000,0.0000,0.0000
28009,2022,HOM_COMPLETED,population,0,20767.00,0.00000000,0.0000,0.0000
28009,2022,INJURY,population,1,20767.00,0.00004815,0.0482,4.8153
28009,2022,KIDNAPPING,population,0,20767.00,0.00000000,0.0000,0.0000
28009,2022,OTHER,population,629,20767.00,0.03028844,30.2884,3028.8438
28009,2022,ROBBERY_VIOLENT,population,9,20767.00,0.00043338,0.4334,43.3380
28009,2022,SEXUAL,population,5,20767.00,0.00024077,0.2408,24.0767
28009,2022,THEFT,population,163,20767.00,0.00784899,7.8490,784.8991
28009,2022,VEHICLE_THEFT,population,10,20767.00,0.00048153,0.4815,48.1533
28009,2023,BURGLARY,population,85,20991.00,0.00404935,4.0494,404.9354
28009,2023,DRUG_TRAFFICKING,population,2,20991.00,0.00009528,0.0953,9.5279
28009,2023,HOM_ATTEMPTED,population,0,20991.00,0.00000000,0.0000,0.0000
28009,2023,HOM_COMPLETED,population,0,20991.00,0.00000000,0.0000,0.0000
28009,2023,INJURY,population,5,20991.00,0.00023820,0.2382,23.8197
28009,2023,KIDNAPPING,population,0,20991.00,0.00000000,0.0000,0.0000
28009,2023,OTHER,population,662,20991.00,0.03153733,31.5373,3153.7326
28009,2023,ROBBERY_VIOLENT,population,10,20991.00,0.00047639,0.4764,47.6395
28009,2023,SEXUAL,population,7,20991.00,0.00033348,0.3335,33.3476
28009,2023,THEFT,population,138,20991.00,0.00657425,6.5742,657.4246
28009,2023,VEHICLE_THEFT,population,10,20991.00,0.00047639,0.4764,47.6395
28009,2024,BURGLARY,population,29,21167.00,0.00137006,1.3701,137.0057
28009,2024,DRUG_TRAFFICKING,population,0,21167.00,0.00000000,0.0000,0.0000
28009,2024,HOM_ATTEMPTED,population,0,21167.00,0.00000000,0.0000,0.0000
28009,2024,HOM_COMPLETED,population,0,21167.00,0.00000000,0.0000,0.0000
28009,2024,INJURY,population,11,21167.00,0.00051968,0.5197,51.9677
28009,2024,KIDNAPPING,population,0,21167.00,0.00000000,0.0000,0.0000
28009,2024,OTHER,population,657,21167.00,0.03103888,31.0389,3103.8881
28009,2024,ROBBERY_VIOLENT,population,16,21167.00,0.00075589,0.7559,75.5894
28009,2024,SEXUAL,population,9,21167.00,0.00042519,0.4252,42.5190
28009,2024,THEFT,population,133,21167.00,0.00628337,6.2834,628.3366
28009,2024,VEHICLE_THEFT,population,15,21167.00,0.00070865,0.7087,70.8650
28009,2025,BURGLARY,population,33,21144.00,0.00156073,1.5607,156.0726
28009,2025,DRUG_TRAFFICKING,population,3,21144.00,0.00014188,0.1419,14.1884
28009,2025,HOM_ATTEMPTED,population,0,21144.00,0.00000000,0.0000,0.0000
28009,2025,HOM_COMPLETED,population,0,21144.00,0.00000000,0.0000,0.0000
28009,2025,INJURY,population,10,21144.00,0.00047295,0.4729,47.2947
28009,2025,KIDNAPPING,population,0,21144.00,0.00000000,0.0000,0.0000
28009,2025,OTHER,population,705,21144.00,0.03334279,33.3428,3334.2792
28009,2025,ROBBERY_VIOLENT,population,5,21144.00,0.00023647,0.2365,23.6474
28009,2025,SEXUAL,population,4,21144.00,0.00018918,0.1892,18.9179
28009,2025,THEFT,population,135,21144.00,0.00638479,6.3848,638.4790
28009,2025,VEHICLE_THEFT,population,15,21144.00,0.00070942,0.7094,70.9421
28013,2019,BURGLARY,population,122,59607.00,0.00204674,2.0467,204.6739
28013,2019,DRUG_TRAFFICKING,population,13,59607.00,0.00021810,0.2181,21.8095
28013,2019,HOM_ATTEMPTED,population,2,59607.00,0.00003355,0.0336,3.3553
28013,2019,HOM_COMPLETED,population,2,59607.00,0.00003355,0.0336,3.3553
28013,2019,INJURY,population,14,59607.00,0.00023487,0.2349,23.4872
28013,2019,KIDNAPPING,population,0,59607.00,0.00000000,0.0000,0.0000
28013,2019,OTHER,population,1506,59607.00,0.02526549,25.2655,2526.5489
28013,2019,ROBBERY_VIOLENT,population,32,59607.00,0.00053685,0.5368,53.6850
28013,2019,SEXUAL,population,12,59607.00,0.00020132,0.2013,20.1319
28013,2019,THEFT,population,547,59607.00,0.00917677,9.1768,917.6775
28013,2019,VEHICLE_THEFT,population,53,59607.00,0.00088916,0.8892,88.9157
28013,2020,BURGLARY,population,89,60332.00,0.00147517,1.4752,147.5171
28013,2020,DRUG_TRAFFICKING,population,11,60332.00,0.00018232,0.1823,18.2324
28013,2020,HOM_ATTEMPTED,population,0,60332.00,0.00000000,0.0000,0.0000
28013,2020,HOM_COMPLETED,population,0,60332.00,0.00000000,0.0000,0.0000
28013,2020,INJURY,population,20,60332.00,0.00033150,0.3315,33.1499
28013,2020,KIDNAPPING,population,0,60332.00,0.00000000,0.0000,0.0000
28013,2020,OTHER,population,1471,60332.00,0.02438175,24.3818,2438.1754
28013,2020,ROBBERY_VIOLENT,population,30,60332.00,0.00049725,0.4972,49.7249
28013,2020,SEXUAL,population,8,60332.00,0.00013260,0.1326,13.2600
28013,2020,THEFT,population,449,60332.00,0.00744215,7.4422,744.2153
28013,2020,VEHICLE_THEFT,population,29,60332.00,0.00048067,0.4807,48.0674
28013,2021,BURGLARY,population,80,59833.00,0.00133705,1.3371,133.7055
28013,2021,DRUG_TRAFFICKING,population,8,59833.00,0.00013371,0.1337,13.3705
28013,2021,HOM_ATTEMPTED,population,0,59833.00,0.00000000,0.0000,0.0000
28013,2021,HOM_COMPLETED,population,1,59833.00,0.00001671,0.0167,1.6713
28013,2021,INJURY,population,22,59833.00,0.00036769,0.3677,36.7690
28013,2021,KIDNAPPING,population,0,59833.00,0.00000000,0.0000,0.0000
28013,2021,OTHER,population,1462,59833.00,0.02443468,24.4347,2443.4677
28013,2021,ROBBERY_VIOLENT,population,36,59833.00,0.00060167,0.6017,60.1675
28013,2021,SEXUAL,population,9,59833.00,0.00015042,0.1504,15.0419
28013,2021,THEFT,population,555,59833.00,0.00927582,9.2758,927.5818
28013,2021,VEHICLE_THEFT,population,35,59833.00,0.00058496,0.5850,58.4961
28013,2022,BURGLARY,population,86,59762.00,0.00143904,1.4390,143.9042
28013,2022,DRUG_TRAFFICKING,population,16,59762.00,0.00026773,0.2677,26.7729
28013,2022,HOM_ATTEMPTED,population,2,59762.00,0.00003347,0.0335,3.3466
28013,2022,HOM_COMPLETED,population,0,59762.00,0.00000000,0.0000,0.0000
28013,2022,INJURY,population,15,59762.00,0.00025100,0.2510,25.0996
28013,2022,KIDNAPPING,population,0,59762.00,0.00000000,0.0000,0.0000
28013,2022,OTHER,population,1934,59762.00,0.03236170,32.3617,3236.1701
28013,2022,ROBBERY_VIOLENT,population,42,59762.00,0.00070279,0.7028,70.2788
28013,2022,SEXUAL,population,12,59762.00,0.00020080,0.2008,20.0796
28013,2022,THEFT,population,714,59762.00,0.01194739,11.9474,1194.7391
28013,2022,VEHICLE_THEFT,population,44,59762.00,0.00073625,0.7363,73.6254
28013,2023,BURGLARY,population,121,60668.00,0.00199446,1.9945,199.4462
28013,2023,DRUG_TRAFFICKING,population,17,60668.00,0.00028021,0.2802,28.0214
28013,2023,HOM_ATTEMPTED,population,2,60668.00,0.00003297,0.0330,3.2966
28013,2023,HOM_COMPLETED,population,1,60668.00,0.00001648,0.0165,1.6483
28013,2023,INJURY,population,10,60668.00,0.00016483,0.1648,16.4832
28013,2023,KIDNAPPING,population,0,60668.00,0.00000000,0.0000,0.0000
28013,2023,OTHER,population,1975,60668.00,0.03255423,32.5542,3255.4230
28013,2023,ROBBERY_VIOLENT,population,46,60668.00,0.00075823,0.7582,75.8225
28013,2023,SEXUAL,population,15,60668.00,0.00024725,0.2472,24.7247
28013,2023,THEFT,population,632,60668.00,0.01041735,10.4174,1041.7353
28013,2023,VEHICLE_THEFT,population,39,60668.00,0.00064284,0.6428,64.2843
28013,2024,BURGLARY,population,114,62292.00,0.00183009,1.8301,183.0091
28013,2024,DRUG_TRAFFICKING,population,16,62292.00,0.00025685,0.2569,25.6855
28013,2024,HOM_ATTEMPTED,population,2,62292.00,0.00003211,0.0321,3.2107
28013,2024,HOM_COMPLETED,population,0,62292.00,0.00000000,0.0000,0.0000
28013,2024,INJURY,population,14,62292.00,0.00022475,0.2247,22.4748
28013,2024,KIDNAPPING,population,0,62292.00,0.00000000,0.0000,0.0000
28013,2024,OTHER,population,1848,62292.00,0.02966673,29.6667,2966.6731
28013,2024,ROBBERY_VIOLENT,population,48,62292.00,0.00077056,0.7706,77.0564
28013,2024,SEXUAL,population,16,62292.00,0.00025685,0.2569,25.6855
28013,2024,THEFT,population,703,62292.00,0.01128556,11.2856,1128.5558
28013,2024,VEHICLE_THEFT,population,55,62292.00,0.00088294,0.8829,88.2938
28013,2025,BURGLARY,population,126,63040.00,0.00199873,1.9987,199.8731
28013,2025,DRUG_TRAFFICKING,population,11,63040.00,0.00017449,0.1745,17.4492
28013,2025,HOM_ATTEMPTED,population,2,63040.00,0.00003173,0.0317,3.1726
28013,2025,HOM_COMPLETED,population,0,63040.00,0.00000000,0.0000,0.0000
28013,2025,INJURY,population,9,63040.00,0.00014277,0.1428,14.2766
28013,2025,KIDNAPPING,population,0,63040.00,0.00000000,0.0000,0.0000
28013,2025,OTHER,population,2176,63040.00,0.03451777,34.5178,3451.7766
28013,2025,ROBBERY_VIOLENT,population,65,63040.00,0.00103109,1.0311,103.1091
28013,2025,SEXUAL,population,30,63040.00,0.00047589,0.4759,47.5888
28013,2025,THEFT,population,751,63040.00,0.01191307,11.9131,1191.3071
28013,2025,VEHICLE_THEFT,population,76,63040.00,0.00120558,1.2056,120.5584
28014,2019,BURGLARY,population,141,55389.00,0.00254563,2.5456,254.5632
28014,2019,DRUG_TRAFFICKING,population,16,55389.00,0.00028887,0.2889,28.8866
28014,2019,HOM_ATTEMPTED,population,0,55389.00,0.00000000,0.0000,0.0000
28014,2019,HOM_COMPLETED,population,0,55389.00,0.00000000,0.0000,0.0000
28014,2019,INJURY,population,47,55389.00,0.00084854,0.8485,84.8544
28014,2019,KIDNAPPING,population,0,55389.00,0.00000000,0.0000,0.0000
28014,2019,OTHER,population,1733,55389.00,0.03128780,31.2878,3128.7801
28014,2019,ROBBERY_VIOLENT,population,185,55389.00,0.00334001,3.3400,334.0013
28014,2019,SEXUAL,population,16,55389.00,0.00028887,0.2889,28.8866
28014,2019,THEFT,population,1129,55389.00,0.02038311,20.3831,2038.3109
28014,2019,VEHICLE_THEFT,population,26,55389.00,0.00046941,0.4694,46.9407
28014,2020,BURGLARY,population,118,56678.00,0.00208194,2.0819,208.1937
28014,2020,DRUG_TRAFFICKING,population,10,56678.00,0.00017644,0.1764,17.6435
28014,2020,HOM_ATTEMPTED,population,0,56678.00,0.00000000,0.0000,0.0000
28014,2020,HOM_COMPLETED,population,0,56678.00,0.00000000,0.0000,0.0000
28014,2020,INJURY,population,36,56678.00,0.00063517,0.6352,63.5167
28014,2020,KIDNAPPING,population,0,56678.00,0.00000000,0.0000,0.0000
28014,2020,OTHER,population,1631,56678.00,0.02877660,28.7766,2877.6598
28014,2020,ROBBERY_VIOLENT,population,51,56678.00,0.00089982,0.8998,89.9820
28014,2020,SEXUAL,population,14,56678.00,0.00024701,0.2470,24.7009
28014,2020,THEFT,population,364,56678.00,0.00642224,6.4222,642.2245
28014,2020,VEHICLE_THEFT,population,22,56678.00,0.00038816,0.3882,38.8158
28014,2021,BURGLARY,population,108,56386.00,0.00191537,1.9154,191.5369
28014,2021,DRUG_TRAFFICKING,population,11,56386.00,0.00019508,0.1951,19.5084
28014,2021,HOM_ATTEMPTED,population,0,56386.00,0.00000000,0.0000,0.0000
28014,2021,HOM_COMPLETED,population,0,56386.00,0.00000000,0.0000,0.0000
28014,2021,INJURY,population,50,56386.00,0.00088674,0.8867,88.6745
28014,2021,KIDNAPPING,population,0,56386.00,0.00000000,0.0000,0.0000
28014,2021,OTHER,population,1750,56386.00,0.03103607,31.0361,3103.6073
28014,2021,ROBBERY_VIOLENT,population,48,56386.00,0.00085128,0.8513,85.1275
28014,2021,SEXUAL,population,21,56386.00,0.00037243,0.3724,37.2433
28014,2021,THEFT,population,413,56386.00,0.00732451,7.3245,732.4513
28014,2021,VEHICLE_THEFT,population,21,56386.00,0.00037243,0.3724,37.2433
28014,2022,BURGLARY,population,108,57553.00,0.00187653,1.8765,187.6531
28014,2022,DRUG_TRAFFICKING,population,13,57553.00,0.00022588,0.2259,22.5879
28014,2022,HOM_ATTEMPTED,population,1,57553.00,0.00001738,0.0174,1.7375
28014,2022,HOM_COMPLETED,population,0,57553.00,0.00000000,0.0000,0.0000
28014,2022,INJURY,population,53,57553.00,0.00092089,0.9209,92.0890
28014,2022,KIDNAPPING,population,2,57553.00,0.00003475,0.0348,3.4751
28014,2022,OTHER,population,1903,57553.00,0.03306517,33.0652,3306.5175
28014,2022,ROBBERY_VIOLENT,population,92,57553.00,0.00159853,1.5985,159.8527
28014,2022,SEXUAL,population,13,57553.00,0.00022588,0.2259,22.5879
28014,2022,THEFT,population,755,57553.00,0.01311834,13.1183,1311.8343
28014,2022,VEHICLE_THEFT,population,24,57553.00,0.00041701,0.4170,41.7007
28014,2023,BURGLARY,population,181,58990.00,0.00306832,3.0683,306.8317
28014,2023,DRUG_TRAFFICKING,population,30,58990.00,0.00050856,0.5086,50.8561
28014,2023,HOM_ATTEMPTED,population,1,58990.00,0.00001695,0.0170,1.6952
28014,2023,HOM_COMPLETED,population,0,58990.00,0.00000000,0.0000,0.0000
28014,2023,INJURY,population,34,58990.00,0.00057637,0.5764,57.6369
28014,2023,KIDNAPPING,population,0,58990.00,0.00000000,0.0000,0.0000
28014,2023,OTHER,population,2302,58990.00,0.03902356,39.0236,3902.3563
28014,2023,ROBBERY_VIOLENT,population,116,58990.00,0.00196643,1.9664,196.6435
28014,2023,SEXUAL,population,34,58990.00,0.00057637,0.5764,57.6369
28014,2023,THEFT,population,973,58990.00,0.01649432,16.4943,1649.4321
28014,2023,VEHICLE_THEFT,population,29,58990.00,0.00049161,0.4916,49.1609
28014,2024,BURGLARY,population,104,59513.00,0.00174752,1.7475,174.7517
28014,2024,DRUG_TRAFFICKING,population,20,59513.00,0.00033606,0.3361,33.6061
28014,2024,HOM_ATTEMPTED,population,1,59513.00,0.00001680,0.0168,1.6803
28014,2024,HOM_COMPLETED,population,0,59513.00,0.00000000,0.0000,0.0000
28014,2024,INJURY,population,34,59513.00,0.00057130,0.5713,57.1304
28014,2024,KIDNAPPING,population,0,59513.00,0.00000000,0.0000,0.0000
28014,2024,OTHER,population,2292,59513.00,0.03851259,38.5126,3851.2594
28014,2024,ROBBERY_VIOLENT,population,92,59513.00,0.00154588,1.5459,154.5881
28014,2024,SEXUAL,population,16,59513.00,0.00026885,0.2688,26.8849
28014,2024,THEFT,population,828,59513.00,0.01391293,13.9129,1391.2927
28014,2024,VEHICLE_THEFT,population,36,59513.00,0.00060491,0.6049,60.4910
28014,2025,BURGLARY,population,106,60419.00,0.00175442,1.7544,175.4415
28014,2025,DRUG_TRAFFICKING,population,18,60419.00,0.00029792,0.2979,29.7920
28014,2025,HOM_ATTEMPTED,population,0,60419.00,0.00000000,0.0000,0.0000
28014,2025,HOM_COMPLETED,population,0,60419.00,0.00000000,0.0000,0.0000
28014,2025,INJURY,population,46,60419.00,0.00076135,0.7613,76.1350
28014,2025,KIDNAPPING,population,0,60419.00,0.00000000,0.0000,0.0000
28014,2025,OTHER,population,2135,60419.00,0.03533657,35.3366,3533.6566
28014,2025,ROBBERY_VIOLENT,population,77,60419.00,0.00127443,1.2744,127.4434
28014,2025,SEXUAL,population,27,60419.00,0.00044688,0.4469,44.6879
28014,2025,THEFT,population,724,60419.00,0.01198299,11.9830,1198.2985
28014,2025,VEHICLE_THEFT,population,38,60419.00,0.00062894,0.6289,62.8941
28015,2019,BURGLARY,population,90,31396.00,0.00286661,2.8666,286.6607
28015,2019,DRUG_TRAFFICKING,population,2,31396.00,0.00006370,0.0637,6.3702
28015,2019,HOM_ATTEMPTED,population,0,31396.00,0.00000000,0.0000,0.0000
28015,2019,HOM_COMPLETED,population,0,31396.00,0.00000000,0.0000,0.0000
28015,2019,INJURY,population,7,31396.00,0.00022296,0.2230,22.2958
28015,2019,KIDNAPPING,population,0,31396.00,0.00000000,0.0000,0.0000
28015,2019,OTHER,population,1064,31396.00,0.03388967,33.8897,3388.9667
28015,2019,ROBBERY_VIOLENT,population,32,31396.00,0.00101924,1.0192,101.9238
28015,2019,SEXUAL,population,18,31396.00,0.00057332,0.5733,57.3321
28015,2019,THEFT,population,1621,31396.00,0.05163078,51.6308,5163.0781
28015,2019,VEHICLE_THEFT,population,52,31396.00,0.00165626,1.6563,165.6262
28015,2020,BURGLARY,population,77,32935.00,0.00233794,2.3379,233.7938
28015,2020,DRUG_TRAFFICKING,population,4,32935.00,0.00012145,0.1215,12.1451
28015,2020,HOM_ATTEMPTED,population,3,32935.00,0.00009109,0.0911,9.1089
28015,2020,HOM_COMPLETED,population,0,32935.00,0.00000000,0.0000,0.0000
28015,2020,INJURY,population,15,32935.00,0.00045544,0.4554,45.5443
28015,2020,KIDNAPPING,population,0,32935.00,0.00000000,0.0000,0.0000
28015,2020,OTHER,population,1124,32935.00,0.03412783,34.1278,3412.7828
28015,2020,ROBBERY_VIOLENT,population,36,32935.00,0.00109306,1.0931,109.3062
28015,2020,SEXUAL,population,9,32935.00,0.00027327,0.2733,27.3266
28015,2020,THEFT,population,1015,32935.00,0.03081828,30.8183,3081.8278
28015,2020,VEHICLE_THEFT,population,59,32935.00,0.00179141,1.7914,179.1407
28015,2021,BURGLARY,population,67,33687.00,0.00198890,1.9889,198.8898
28015,2021,DRUG_TRAFFICKING,population,12,33687.00,0.00035622,0.3562,35.6221
28015,2021,HOM_ATTEMPTED,population,1,33687.00,0.00002969,0.0297,2.9685
28015,2021,HOM_COMPLETED,population,0,33687.00,0.00000000,0.0000,0.0000
28015,2021,INJURY,population,11,33687.00,0.00032654,0.3265,32.6535
28015,2021,KIDNAPPING,population,0,33687.00,0.00000000,0.0000,0.0000
28015,2021,OTHER,population,1150,33687.00,0.03413780,34.1378,3413.7798
28015,2021,ROBBERY_VIOLENT,population,40,33687.00,0.00118740,1.1874,118.7402
28015,2021,SEXUAL,population,5,33687.00,0.00014843,0.1484,14.8425
28015,2021,THEFT,population,1314,33687.00,0.03900614,39.0061,3900.6145
28015,2021,VEHICLE_THEFT,population,40,33687.00,0.00118740,1.1874,118.7402
28015,2022,BURGLARY,population,68,34833.00,0.00195217,1.9522,195.2172
28015,2022,DRUG_TRAFFICKING,population,3,34833.00,0.00008613,0.0861,8.6125
28015,2022,HOM_ATTEMPTED,population,1,34833.00,0.00002871,0.0287,2.8708
28015,2022,HOM_COMPLETED,population,0,34833.00,0.00000000,0.0000,0.0000
28015,2022,INJURY,population,16,34833.00,0.00045933,0.4593,45.9335
28015,2022,KIDNAPPING,population,0,34833.00,0.00000000,0.0000,0.0000
28015,2022,OTHER,population,1331,34833.00,0.03821089,38.2109,3821.0892
28015,2022,ROBBERY_VIOLENT,population,36,34833.00,0.00103350,1.0335,103.3503
28015,2022,SEXUAL,population,13,34833.00,0.00037321,0.3732,37.3209
28015,2022,THEFT,population,1276,34833.00,0.03663193,36.6319,3663.1929
28015,2022,VEHICLE_THEFT,population,46,34833.00,0.00132059,1.3206,132.0587
28015,2023,BURGLARY,population,91,35972.00,0.00252975,2.5297,252.9745
28015,2023,DRUG_TRAFFICKING,population,7,35972.00,0.00019460,0.1946,19.4596
28015,2023,HOM_ATTEMPTED,population,0,35972.00,0.00000000,0.0000,0.0000
28015,2023,HOM_COMPLETED,population,0,35972.00,0.00000000,0.0000,0.0000
28015,2023,INJURY,population,25,35972.00,0.00069498,0.6950,69.4985
28015,2023,KIDNAPPING,population,4,35972.00,0.00011120,0.1112,11.1198
28015,2023,OTHER,population,1409,35972.00,0.03916935,39.1694,3916.9354
28015,2023,ROBBERY_VIOLENT,population,30,35972.00,0.00083398,0.8340,83.3982
28015,2023,SEXUAL,population,8,35972.00,0.00022240,0.2224,22.2395
28015,2023,THEFT,population,1290,35972.00,0.03586123,35.8612,3586.1225
28015,2023,VEHICLE_THEFT,population,58,35972.00,0.00161237,1.6124,161.2365
28015,2024,BURGLARY,population,78,37208.00,0.00209632,2.0963,209.6323
28015,2024,DRUG_TRAFFICKING,population,7,37208.00,0.00018813,0.1881,18.8132
28015,2024,HOM_ATTEMPTED,population,1,37208.00,0.00002688,0.0269,2.6876
28015,2024,HOM_COMPLETED,population,0,37208.00,0.00000000,0.0000,0.0000
28015,2024,INJURY,population,6,37208.00,0.00016126,0.1613,16.1256
28015,2024,KIDNAPPING,population,0,37208.00,0.00000000,0.0000,0.0000
28015,2024,OTHER,population,1271,37208.00,0.03415932,34.1593,3415.9321
28015,2024,ROBBERY_VIOLENT,population,17,37208.00,0.00045689,0.4569,45.6891
28015,2024,SEXUAL,population,20,37208.00,0.00053752,0.5375,53.7519
28015,2024,THEFT,population,1002,37208.00,0.02692969,26.9297,2692.9693
28015,2024,VEHICLE_THEFT,population,44,37208.00,0.00118254,1.1825,118.2541
28015,2025,BURGLARY,population,59,38075.00,0.00154957,1.5496,154.9573
28015,2025,DRUG_TRAFFICKING,population,5,38075.00,0.00013132,0.1313,13.1320
28015,2025,HOM_ATTEMPTED,population,0,38075.00,0.00000000,0.0000,0.0000
28015,2025,HOM_COMPLETED,population,1,38075.00,0.00002626,0.0263,2.6264
28015,2025,INJURY,population,14,38075.00,0.00036770,0.3677,36.7695
28015,2025,KIDNAPPING,population,0,38075.00,0.00000000,0.0000,0.0000
28015,2025,OTHER,population,1229,38075.00,0.03227840,32.2784,3227.8398
28015,2025,ROBBERY_VIOLENT,population,12,38075.00,0.00031517,0.3152,31.5167
28015,2025,SEXUAL,population,14,38075.00,0.00036770,0.3677,36.7695
28015,2025,THEFT,population,1069,38075.00,0.02807617,28.0762,2807.6165
28015,2025,VEHICLE_THEFT,population,61,38075.00,0.00160210,1.6021,160.2101
28022,2019,BURGLARY,population,121,54570.00,0.00221734,2.2173,221.7336
28022,2019,DRUG_TRAFFICKING,population,3,54570.00,0.00005498,0.0550,5.4975
28022,2019,HOM_ATTEMPTED,population,0,54570.00,0.00000000,0.0000,0.0000
28022,2019,HOM_COMPLETED,population,0,54570.00,0.00000000,0.0000,0.0000
28022,2019,INJURY,population,6,54570.00,0.00010995,0.1100,10.9951
28022,2019,KIDNAPPING,population,0,54570.00,0.00000000,0.0000,0.0000
28022,2019,OTHER,population,801,54570.00,0.01467839,14.6784,1467.8395
28022,2019,ROBBERY_VIOLENT,population,11,54570.00,0.00020158,0.2016,20.1576
28022,2019,SEXUAL,population,5,54570.00,0.00009163,0.0916,9.1625
28022,2019,THEFT,population,363,54570.00,0.00665201,6.6520,665.2007
28022,2019,VEHICLE_THEFT,population,14,54570.00,0.00025655,0.2566,25.6551
28022,2020,BURGLARY,population,67,56734.00,0.00118095,1.1809,118.0950
28022,2020,DRUG_TRAFFICKING,population,2,56734.00,0.00003525,0.0353,3.5252
28022,2020,HOM_ATTEMPTED,population,0,56734.00,0.00000000,0.0000,0.0000
28022,2020,HOM_COMPLETED,population,0,56734.00,0.00000000,0.0000,0.0000
28022,2020,INJURY,population,12,56734.00,0.00021151,0.2115,21.1513
28022,2020,KIDNAPPING,population,0,56734.00,0.00000000,0.0000,0.0000
28022,2020,OTHER,population,834,56734.00,0.01470018,14.7002,1470.0180
28022,2020,ROBBERY_VIOLENT,population,32,56734.00,0.00056404,0.5640,56.4036
28022,2020,SEXUAL,population,7,56734.00,0.00012338,0.1234,12.3383
28022,2020,THEFT,population,266,56734.00,0.00468855,4.6885,468.8547
28022,2020,VEHICLE_THEFT,population,8,56734.00,0.00014101,0.1410,14.1009
28022,2021,BURGLARY,population,112,59052.00,0.00189663,1.8966,189.6633
28022,2021,DRUG_TRAFFICKING,population,8,59052.00,0.00013547,0.1355,13.5474
28022,2021,HOM_ATTEMPTED,population,1,59052.00,0.00001693,0.0169,1.6934
28022,2021,HOM_COMPLETED,population,0,59052.00,0.00000000,0.0000,0.0000
28022,2021,INJURY,population,13,59052.00,0.00022014,0.2201,22.0145
28022,2021,KIDNAPPING,population,0,59052.00,0.00000000,0.0000,0.0000
28022,2021,OTHER,population,1196,59052.00,0.02025334,20.2533,2025.3336
28022,2021,ROBBERY_VIOLENT,population,20,59052.00,0.00033868,0.3387,33.8685
28022,2021,SEXUAL,population,16,59052.00,0.00027095,0.2709,27.0948
28022,2021,THEFT,population,371,59052.00,0.00628260,6.2826,628.2598
28022,2021,VEHICLE_THEFT,population,5,59052.00,0.00008467,0.0847,8.4671
28022,2022,BURGLARY,population,150,62627.00,0.00239513,2.3951,239.5133
28022,2022,DRUG_TRAFFICKING,population,3,62627.00,0.00004790,0.0479,4.7903
28022,2022,HOM_ATTEMPTED,population,0,62627.00,0.00000000,0.0000,0.0000
28022,2022,HOM_COMPLETED,population,0,62627.00,0.00000000,0.0000,0.0000
28022,2022,INJURY,population,17,62627.00,0.00027145,0.2714,27.1448
28022,2022,KIDNAPPING,population,0,62627.00,0.00000000,0.0000,0.0000
28022,2022,OTHER,population,1567,62627.00,0.02502116,25.0212,2502.1157
28022,2022,ROBBERY_VIOLENT,population,26,62627.00,0.00041516,0.4152,41.5156
28022,2022,SEXUAL,population,20,62627.00,0.00031935,0.3194,31.9351
28022,2022,THEFT,population,471,62627.00,0.00752072,7.5207,752.0718
28022,2022,VEHICLE_THEFT,population,11,62627.00,0.00017564,0.1756,17.5643
28022,2023,BURGLARY,population,169,64742.00,0.00261036,2.6104,261.0361
28022,2023,DRUG_TRAFFICKING,population,7,64742.00,0.00010812,0.1081,10.8121
28022,2023,HOM_ATTEMPTED,population,1,64742.00,0.00001545,0.0154,1.5446
28022,2023,HOM_COMPLETED,population,0,64742.00,0.00000000,0.0000,0.0000
28022,2023,INJURY,population,24,64742.00,0.00037070,0.3707,37.0702
28022,2023,KIDNAPPING,population,0,64742.00,0.00000000,0.0000,0.0000
28022,2023,OTHER,population,1800,64742.00,0.02780266,27.8027,2780.2663
28022,2023,ROBBERY_VIOLENT,population,20,64742.00,0.00030892,0.3089,30.8918
28022,2023,SEXUAL,population,20,64742.00,0.00030892,0.3089,30.8918
28022,2023,THEFT,population,406,64742.00,0.00627105,6.2710,627.1045
28022,2023,VEHICLE_THEFT,population,12,64742.00,0.00018535,0.1854,18.5351
28022,2024,BURGLARY,population,149,65839.00,0.00226310,2.2631,226.3096
28022,2024,DRUG_TRAFFICKING,population,7,65839.00,0.00010632,0.1063,10.6320
28022,2024,HOM_ATTEMPTED,population,0,65839.00,0.00000000,0.0000,0.0000
28022,2024,HOM_COMPLETED,population,0,65839.00,0.00000000,0.0000,0.0000
28022,2024,INJURY,population,16,65839.00,0.00024302,0.2430,24.3017
28022,2024,KIDNAPPING,population,0,65839.00,0.00000000,0.0000,0.0000
28022,2024,OTHER,population,1708,65839.00,0.02594207,25.9421,2594.2071
28022,2024,ROBBERY_VIOLENT,population,17,65839.00,0.00025821,0.2582,25.8206
28022,2024,SEXUAL,population,14,65839.00,0.00021264,0.2126,21.2640
28022,2024,THEFT,population,393,65839.00,0.00596911,5.9691,596.9106
28022,2024,VEHICLE_THEFT,population,12,65839.00,0.00018226,0.1823,18.2263
28022,2025,BURGLARY,population,118,66349.00,0.00177847,1.7785,177.8474
28022,2025,DRUG_TRAFFICKING,population,5,66349.00,0.00007536,0.0754,7.5359
28022,2025,HOM_ATTEMPTED,population,0,66349.00,0.00000000,0.0000,0.0000
28022,2025,HOM_COMPLETED,population,0,66349.00,0.00000000,0.0000,0.0000
28022,2025,INJURY,population,23,66349.00,0.00034665,0.3467,34.6652
28022,2025,KIDNAPPING,population,0,66349.00,0.00000000,0.0000,0.0000
28022,2025,OTHER,population,1859,66349.00,0.02801851,28.0185,2801.8508
28022,2025,ROBBERY_VIOLENT,population,13,66349.00,0.00019593,0.1959,19.5934
28022,2025,SEXUAL,population,25,66349.00,0.00037680,0.3768,37.6795
28022,2025,THEFT,population,438,66349.00,0.00660146,6.6015,660.1456
28022,2025,VEHICLE_THEFT,population,15,66349.00,0.00022608,0.2261,22.6077
28040,2019,BURGLARY,population,106,24592.00,0.00431034,4.3103,431.0345
28040,2019,DRUG_TRAFFICKING,population,6,24592.00,0.00024398,0.2440,24.3982
28040,2019,HOM_ATTEMPTED,population,1,24592.00,0.00004066,0.0407,4.0664
28040,2019,HOM_COMPLETED,population,0,24592.00,0.00000000,0.0000,0.0000
28040,2019,INJURY,population,9,24592.00,0.00036597,0.3660,36.5973
28040,2019,KIDNAPPING,population,0,24592.00,0.00000000,0.0000,0.0000
28040,2019,OTHER,population,1029,24592.00,0.04184288,41.8429,4184.2876
28040,2019,ROBBERY_VIOLENT,population,32,24592.00,0.00130124,1.3012,130.1236
28040,2019,SEXUAL,population,16,24592.00,0.00065062,0.6506,65.0618
28040,2019,THEFT,population,251,24592.00,0.01020657,10.2066,1020.6571
28040,2019,VEHICLE_THEFT,population,21,24592.00,0.00085394,0.8539,85.3936
28040,2020,BURGLARY,population,80,25104.00,0.00318674,3.1867,318.6743
28040,2020,DRUG_TRAFFICKING,population,10,25104.00,0.00039834,0.3983,39.8343
28040,2020,HOM_ATTEMPTED,population,1,25104.00,0.00003983,0.0398,3.9834
28040,2020,HOM_COMPLETED,population,2,25104.00,0.00007967,0.0797,7.9669
28040,2020,INJURY,population,10,25104.00,0.00039834,0.3983,39.8343
28040,2020,KIDNAPPING,population,0,25104.00,0.00000000,0.0000,0.0000
28040,2020,OTHER,population,798,25104.00,0.03178776,31.7878,3178.7763
28040,2020,ROBBERY_VIOLENT,population,38,25104.00,0.00151370,1.5137,151.3703
28040,2020,SEXUAL,population,7,25104.00,0.00027884,0.2788,27.8840
28040,2020,THEFT,population,202,25104.00,0.00804653,8.0465,804.6526
28040,2020,VEHICLE_THEFT,population,25,25104.00,0.00099586,0.9959,99.5857
28040,2021,BURGLARY,population,106,25083.00,0.00422597,4.2260,422.5970
28040,2021,DRUG_TRAFFICKING,population,9,25083.00,0.00035881,0.3588,35.8809
28040,2021,HOM_ATTEMPTED,population,0,25083.00,0.00000000,0.0000,0.0000
28040,2021,HOM_COMPLETED,population,1,25083.00,0.00003987,0.0399,3.9868
28040,2021,INJURY,population,21,25083.00,0.00083722,0.8372,83.7220
28040,2021,KIDNAPPING,population,0,25083.00,0.00000000,0.0000,0.0000
28040,2021,OTHER,population,940,25083.00,0.03747558,37.4756,3747.5581
28040,2021,ROBBERY_VIOLENT,population,32,25083.00,0.00127576,1.2758,127.5764
28040,2021,SEXUAL,population,15,25083.00,0.00059801,0.5980,59.8015
28040,2021,THEFT,population,209,25083.00,0.00833234,8.3323,833.2337
28040,2021,VEHICLE_THEFT,population,22,25083.00,0.00087709,0.8771,87.7088
28040,2022,BURGLARY,population,73,25383.00,0.00287594,2.8759,287.5941
28040,2022,DRUG_TRAFFICKING,population,7,25383.00,0.00027578,0.2758,27.5775
28040,2022,HOM_ATTEMPTED,population,2,25383.00,0.00007879,0.0788,7.8793
28040,2022,HOM_COMPLETED,population,1,25383.00,0.00003940,0.0394,3.9396
28040,2022,INJURY,population,22,25383.00,0.00086672,0.8667,86.6722
28040,2022,KIDNAPPING,population,0,25383.00,0.00000000,0.0000,0.0000
28040,2022,OTHER,population,948,25383.00,0.03734783,37.3478,3734.7831
28040,2022,ROBBERY_VIOLENT,population,32,25383.00,0.00126069,1.2607,126.0686
28040,2022,SEXUAL,population,14,25383.00,0.00055155,0.5516,55.1550
28040,2022,THEFT,population,255,25383.00,0.01004609,10.0461,1004.6094
28040,2022,VEHICLE_THEFT,population,25,25383.00,0.00098491,0.9849,98.4911
28040,2023,BURGLARY,population,106,25866.00,0.00409804,4.0980,409.8044
28040,2023,DRUG_TRAFFICKING,population,9,25866.00,0.00034795,0.3479,34.7947
28040,2023,HOM_ATTEMPTED,population,2,25866.00,0.00007732,0.0773,7.7322
28040,2023,HOM_COMPLETED,population,0,25866.00,0.00000000,0.0000,0.0000
28040,2023,INJURY,population,22,25866.00,0.00085054,0.8505,85.0537
28040,2023,KIDNAPPING,population,0,25866.00,0.00000000,0.0000,0.0000
28040,2023,OTHER,population,1024,25866.00,0.03958865,39.5886,3958.8649
28040,2023,ROBBERY_VIOLENT,population,46,25866.00,0.00177840,1.7784,177.8396
28040,2023,SEXUAL,population,17,25866.00,0.00065723,0.6572,65.7233
28040,2023,THEFT,population,229,25866.00,0.00885332,8.8533,885.3321
28040,2023,VEHICLE_THEFT,population,19,25866.00,0.00073456,0.7346,73.4555
28040,2024,BURGLARY,population,53,26140.00,0.00202754,2.0275,202.7544
28040,2024,DRUG_TRAFFICKING,population,5,26140.00,0.00019128,0.1913,19.1278
28040,2024,HOM_ATTEMPTED,population,2,26140.00,0.00007651,0.0765,7.6511
28040,2024,HOM_COMPLETED,population,0,26140.00,0.00000000,0.0000,0.0000
28040,2024,INJURY,population,21,26140.00,0.00080337,0.8034,80.3366
28040,2024,KIDNAPPING,population,0,26140.00,0.00000000,0.0000,0.0000
28040,2024,OTHER,population,1048,26140.00,0.04009181,40.0918,4009.1813
28040,2024,ROBBERY_VIOLENT,population,39,26140.00,0.00149197,1.4920,149.1966
28040,2024,SEXUAL,population,7,26140.00,0.00026779,0.2678,26.7789
28040,2024,THEFT,population,265,26140.00,0.01013772,10.1377,1013.7720
28040,2024,VEHICLE_THEFT,population,17,26140.00,0.00065034,0.6503,65.0344
28040,2025,BURGLARY,population,35,26350.00,0.00132827,1.3283,132.8273
28040,2025,DRUG_TRAFFICKING,population,5,26350.00,0.00018975,0.1898,18.9753
28040,2025,HOM_ATTEMPTED,population,1,26350.00,0.00003795,0.0380,3.7951
28040,2025,HOM_COMPLETED,population,0,26350.00,0.00000000,0.0000,0.0000
28040,2025,INJURY,population,24,26350.00,0.00091082,0.9108,91.0816
28040,2025,KIDNAPPING,population,0,26350.00,0.00000000,0.0000,0.0000
28040,2025,OTHER,population,940,26350.00,0.03567362,35.6736,3567.3624
28040,2025,ROBBERY_VIOLENT,population,21,26350.00,0.00079696,0.7970,79.6964
28040,2025,SEXUAL,population,15,26350.00,0.00056926,0.5693,56.9260
28040,2025,THEFT,population,208,26350.00,0.00789374,7.8937,789.3738
28040,2025,VEHICLE_THEFT,population,20,26350.00,0.00075901,0.7590,75.9013
28045,2019,BURGLARY,population,118,50752.00,0.00232503,2.3250,232.5032
28045,2019,DRUG_TRAFFICKING,population,8,50752.00,0.00015763,0.1576,15.7629
28045,2019,HOM_ATTEMPTED,population,0,50752.00,0.00000000,0.0000,0.0000
28045,2019,HOM_COMPLETED,population,0,50752.00,0.00000000,0.0000,0.0000
28045,2019,INJURY,population,25,50752.00,0.00049259,0.4926,49.2591
28045,2019,KIDNAPPING,population,0,50752.00,0.00000000,0.0000,0.0000
28045,2019,OTHER,population,1296,50752.00,0.02553594,25.5359,2553.5939
28045,2019,ROBBERY_VIOLENT,population,59,50752.00,0.00116252,1.1625,116.2516
28045,2019,SEXUAL,population,21,50752.00,0.00041378,0.4138,41.3777
28045,2019,THEFT,population,443,50752.00,0.00872872,8.7287,872.8720
28045,2019,VEHICLE_THEFT,population,8,50752.00,0.00015763,0.1576,15.7629
28045,2020,BURGLARY,population,66,51938.00,0.00127075,1.2707,127.0746
28045,2020,DRUG_TRAFFICKING,population,8,51938.00,0.00015403,0.1540,15.4030
28045,2020,HOM_ATTEMPTED,population,2,51938.00,0.00003851,0.0385,3.8507
28045,2020,HOM_COMPLETED,population,0,51938.00,0.00000000,0.0000,0.0000
28045,2020,INJURY,population,22,51938.00,0.00042358,0.4236,42.3582
28045,2020,KIDNAPPING,population,1,51938.00,0.00001925,0.0193,1.9254
28045,2020,OTHER,population,1000,51938.00,0.01925373,19.2537,1925.3726
28045,2020,ROBBERY_VIOLENT,population,40,51938.00,0.00077015,0.7701,77.0149
28045,2020,SEXUAL,population,13,51938.00,0.00025030,0.2503,25.0298
28045,2020,THEFT,population,336,51938.00,0.00646925,6.4693,646.9252
28045,2020,VEHICLE_THEFT,population,9,51938.00,0.00017328,0.1733,17.3284
28045,2021,BURGLARY,population,96,52480.00,0.00182927,1.8293,182.9268
28045,2021,DRUG_TRAFFICKING,population,12,52480.00,0.00022866,0.2287,22.8659
28045,2021,HOM_ATTEMPTED,population,2,52480.00,0.00003811,0.0381,3.8110
28045,2021,HOM_COMPLETED,population,0,52480.00,0.00000000,0.0000,0.0000
28045,2021,INJURY,population,29,52480.00,0.00055259,0.5526,55.2591
28045,2021,KIDNAPPING,population,0,52480.00,0.00000000,0.0000,0.0000
28045,2021,OTHER,population,1053,52480.00,0.02006479,20.0648,2006.4787
28045,2021,ROBBERY_VIOLENT,population,40,52480.00,0.00076220,0.7622,76.2195
28045,2021,SEXUAL,population,15,52480.00,0.00028582,0.2858,28.5823
28045,2021,THEFT,population,296,52480.00,0.00564024,5.6402,564.0244
28045,2021,VEHICLE_THEFT,population,14,52480.00,0.00026677,0.2668,26.6768
28045,2022,BURGLARY,population,84,53389.00,0.00157336,1.5734,157.3358
28045,2022,DRUG_TRAFFICKING,population,4,53389.00,0.00007492,0.0749,7.4922
28045,2022,HOM_ATTEMPTED,population,1,53389.00,0.00001873,0.0187,1.8730
28045,2022,HOM_COMPLETED,population,0,53389.00,0.00000000,0.0000,0.0000
28045,2022,INJURY,population,23,53389.00,0.00043080,0.4308,43.0800
28045,2022,KIDNAPPING,population,0,53389.00,0.00000000,0.0000,0.0000
28045,2022,OTHER,population,1418,53389.00,0.02655978,26.5598,2655.9778
28045,2022,ROBBERY_VIOLENT,population,21,53389.00,0.00039334,0.3933,39.3339
28045,2022,SEXUAL,population,7,53389.00,0.00013111,0.1311,13.1113
28045,2022,THEFT,population,356,53389.00,0.00666804,6.6680,666.8040
28045,2022,VEHICLE_THEFT,population,10,53389.00,0.00018730,0.1873,18.7305
28045,2023,BURGLARY,population,124,55198.00,0.00224646,2.2465,224.6458
28045,2023,DRUG_TRAFFICKING,population,8,55198.00,0.00014493,0.1449,14.4933
28045,2023,HOM_ATTEMPTED,population,2,55198.00,0.00003623,0.0362,3.6233
28045,2023,HOM_COMPLETED,population,0,55198.00,0.00000000,0.0000,0.0000
28045,2023,INJURY,population,31,55198.00,0.00056161,0.5616,56.1615
28045,2023,KIDNAPPING,population,0,55198.00,0.00000000,0.0000,0.0000
28045,2023,OTHER,population,1655,55198.00,0.02998297,29.9830,2998.2970
28045,2023,ROBBERY_VIOLENT,population,48,55198.00,0.00086960,0.8696,86.9597
28045,2023,SEXUAL,population,19,55198.00,0.00034422,0.3442,34.4215
28045,2023,THEFT,population,569,55198.00,0.01030834,10.3083,1030.8345
28045,2023,VEHICLE_THEFT,population,14,55198.00,0.00025363,0.2536,25.3632
28045,2024,BURGLARY,population,144,57029.00,0.00252503,2.5250,252.5031
28045,2024,DRUG_TRAFFICKING,population,7,57029.00,0.00012274,0.1227,12.2745
28045,2024,HOM_ATTEMPTED,population,0,57029.00,0.00000000,0.0000,0.0000
28045,2024,HOM_COMPLETED,population,0,57029.00,0.00000000,0.0000,0.0000
28045,2024,INJURY,population,21,57029.00,0.00036823,0.3682,36.8234
28045,2024,KIDNAPPING,population,0,57029.00,0.00000000,0.0000,0.0000
28045,2024,OTHER,population,1742,57029.00,0.03054586,30.5459,3054.5863
28045,2024,ROBBERY_VIOLENT,population,38,57029.00,0.00066633,0.6663,66.6328
28045,2024,SEXUAL,population,34,57029.00,0.00059619,0.5962,59.6188
28045,2024,THEFT,population,477,57029.00,0.00836417,8.3642,836.4166
28045,2024,VEHICLE_THEFT,population,14,57029.00,0.00024549,0.2455,24.5489
28045,2025,BURGLARY,population,137,58730.00,0.00233271,2.3327,233.2709
28045,2025,DRUG_TRAFFICKING,population,7,58730.00,0.00011919,0.1192,11.9190
28045,2025,HOM_ATTEMPTED,population,3,58730.00,0.00005108,0.0511,5.1081
28045,2025,HOM_COMPLETED,population,1,58730.00,0.00001703,0.0170,1.7027
28045,2025,INJURY,population,47,58730.00,0.00080027,0.8003,80.0272
28045,2025,KIDNAPPING,population,0,58730.00,0.00000000,0.0000,0.0000
28045,2025,OTHER,population,1804,58730.00,0.03071684,30.7168,3071.6840
28045,2025,ROBBERY_VIOLENT,population,26,58730.00,0.00044270,0.4427,44.2704
28045,2025,SEXUAL,population,26,58730.00,0.00044270,0.4427,44.2704
28045,2025,THEFT,population,557,58730.00,0.00948408,9.4841,948.4080
28045,2025,VEHICLE_THEFT,population,15,58730.00,0.00025541,0.2554,25.5406
28047,2019,BURGLARY,population,157,63679.00,0.00246549,2.4655,246.5491
28047,2019,DRUG_TRAFFICKING,population,23,63679.00,0.00036119,0.3612,36.1187
28047,2019,HOM_ATTEMPTED,population,0,63679.00,0.00000000,0.0000,0.0000
28047,2019,HOM_COMPLETED,population,0,63679.00,0.00000000,0.0000,0.0000
28047,2019,INJURY,population,44,63679.00,0.00069097,0.6910,69.0966
28047,2019,KIDNAPPING,population,0,63679.00,0.00000000,0.0000,0.0000
28047,2019,OTHER,population,1899,63679.00,0.02982145,29.8214,2982.1448
28047,2019,ROBBERY_VIOLENT,population,138,63679.00,0.00216712,2.1671,216.7119
28047,2019,SEXUAL,population,29,63679.00,0.00045541,0.4554,45.5409
28047,2019,THEFT,population,941,63679.00,0.01477724,14.7772,1477.7242
28047,2019,VEHICLE_THEFT,population,21,63679.00,0.00032978,0.3298,32.9779
28047,2020,BURGLARY,population,110,64378.00,0.00170866,1.7087,170.8658
28047,2020,DRUG_TRAFFICKING,population,17,64378.00,0.00026407,0.2641,26.4065
28047,2020,HOM_ATTEMPTED,population,2,64378.00,0.00003107,0.0311,3.1067
28047,2020,HOM_COMPLETED,population,1,64378.00,0.00001553,0.0155,1.5533
28047,2020,INJURY,population,30,64378.00,0.00046600,0.4660,46.5998
28047,2020,KIDNAPPING,population,0,64378.00,0.00000000,0.0000,0.0000
28047,2020,OTHER,population,1598,64378.00,0.02482214,24.8221,2482.2144
28047,2020,ROBBERY_VIOLENT,population,44,64378.00,0.00068346,0.6835,68.3463
28047,2020,SEXUAL,population,26,64378.00,0.00040386,0.4039,40.3865
28047,2020,THEFT,population,506,64378.00,0.00785983,7.8598,785.9828
28047,2020,VEHICLE_THEFT,population,19,64378.00,0.00029513,0.2951,29.5132
28047,2021,BURGLARY,population,129,63825.00,0.00202115,2.0212,202.1152
28047,2021,DRUG_TRAFFICKING,population,6,63825.00,0.00009401,0.0940,9.4007
28047,2021,HOM_ATTEMPTED,population,0,63825.00,0.00000000,0.0000,0.0000
28047,2021,HOM_COMPLETED,population,1,63825.00,0.00001567,0.0157,1.5668
28047,2021,INJURY,population,35,63825.00,0.00054837,0.5484,54.8374
28047,2021,KIDNAPPING,population,0,63825.00,0.00000000,0.0000,0.0000
28047,2021,OTHER,population,1653,63825.00,0.02589894,25.8989,2589.8942
28047,2021,ROBBERY_VIOLENT,population,72,63825.00,0.00112808,1.1281,112.8085
28047,2021,SEXUAL,population,24,63825.00,0.00037603,0.3760,37.6028
28047,2021,THEFT,population,596,63825.00,0.00933803,9.3380,933.8034
28047,2021,VEHICLE_THEFT,population,15,63825.00,0.00023502,0.2350,23.5018
28047,2022,BURGLARY,population,143,64263.00,0.00222523,2.2252,222.5231
28047,2022,DRUG_TRAFFICKING,population,16,64263.00,0.00024898,0.2490,24.8977
28047,2022,HOM_ATTEMPTED,population,0,64263.00,0.00000000,0.0000,0.0000
28047,2022,HOM_COMPLETED,population,0,64263.00,0.00000000,0.0000,0.0000
28047,2022,INJURY,population,46,64263.00,0.00071581,0.7158,71.5808
28047,2022,KIDNAPPING,population,1,64263.00,0.00001556,0.0156,1.5561
28047,2022,OTHER,population,2015,64263.00,0.03135552,31.3555,3135.5523
28047,2022,ROBBERY_VIOLENT,population,80,64263.00,0.00124488,1.2449,124.4884
28047,2022,SEXUAL,population,29,64263.00,0.00045127,0.4513,45.1271
28047,2022,THEFT,population,739,64263.00,0.01149962,11.4996,1149.9619
28047,2022,VEHICLE_THEFT,population,17,64263.00,0.00026454,0.2645,26.4538
28047,2023,BURGLARY,population,157,65657.00,0.00239121,2.3912,239.1215
28047,2023,DRUG_TRAFFICKING,population,9,65657.00,0.00013708,0.1371,13.7076
28047,2023,HOM_ATTEMPTED,population,1,65657.00,0.00001523,0.0152,1.5231
28047,2023,HOM_COMPLETED,population,0,65657.00,0.00000000,0.0000,0.0000
28047,2023,INJURY,population,42,65657.00,0.00063969,0.6397,63.9688
28047,2023,KIDNAPPING,population,0,65657.00,0.00000000,0.0000,0.0000
28047,2023,OTHER,population,2033,65657.00,0.03096395,30.9639,3096.3949
28047,2023,ROBBERY_VIOLENT,population,72,65657.00,0.00109661,1.0966,109.6608
28047,2023,SEXUAL,population,33,65657.00,0.00050261,0.5026,50.2612
28047,2023,THEFT,population,746,65657.00,0.01136208,11.3621,1136.2079
28047,2023,VEHICLE_THEFT,population,21,65657.00,0.00031984,0.3198,31.9844
28047,2024,BURGLARY,population,168,66698.00,0.00251882,2.5188,251.8816
28047,2024,DRUG_TRAFFICKING,population,9,66698.00,0.00013494,0.1349,13.4937
28047,2024,HOM_ATTEMPTED,population,3,66698.00,0.00004498,0.0450,4.4979
28047,2024,HOM_COMPLETED,population,0,66698.00,0.00000000,0.0000,0.0000
28047,2024,INJURY,population,65,66698.00,0.00097454,0.9745,97.4542
28047,2024,KIDNAPPING,population,1,66698.00,0.00001499,0.0150,1.4993
28047,2024,OTHER,population,2241,66698.00,0.03359921,33.5992,3359.9208
28047,2024,ROBBERY_VIOLENT,population,80,66698.00,0.00119944,1.1994,119.9436
28047,2024,SEXUAL,population,41,66698.00,0.00061471,0.6147,61.4711
28047,2024,THEFT,population,711,66698.00,0.01065999,10.6600,1065.9990
28047,2024,VEHICLE_THEFT,population,14,66698.00,0.00020990,0.2099,20.9901
28047,2025,BURGLARY,population,116,67274.00,0.00172429,1.7243,172.4292
28047,2025,DRUG_TRAFFICKING,population,11,67274.00,0.00016351,0.1635,16.3510
28047,2025,HOM_ATTEMPTED,population,2,67274.00,0.00002973,0.0297,2.9729
28047,2025,HOM_COMPLETED,population,0,67274.00,0.00000000,0.0000,0.0000
28047,2025,INJURY,population,62,67274.00,0.00092160,0.9216,92.1604
28047,2025,KIDNAPPING,population,0,67274.00,0.00000000,0.0000,0.0000
28047,2025,OTHER,population,2289,67274.00,0.03402503,34.0250,3402.5032
28047,2025,ROBBERY_VIOLENT,population,71,67274.00,0.00105539,1.0554,105.5385
28047,2025,SEXUAL,population,33,67274.00,0.00049053,0.4905,49.0531
28047,2025,THEFT,population,621,67274.00,0.00923091,9.2309,923.0906
28047,2025,VEHICLE_THEFT,population,11,67274.00,0.00016351,0.1635,16.3510
28049,2019,BURGLARY,population,201,81661.00,0.00246140,2.4614,246.1395
28049,2019,DRUG_TRAFFICKING,population,20,81661.00,0.00024491,0.2449,24.4915
28049,2019,HOM_ATTEMPTED,population,0,81661.00,0.00000000,0.0000,0.0000
28049,2019,HOM_COMPLETED,population,1,81661.00,0.00001225,0.0122,1.2246
28049,2019,INJURY,population,27,81661.00,0.00033064,0.3306,33.0635
28049,2019,KIDNAPPING,population,0,81661.00,0.00000000,0.0000,0.0000
28049,2019,OTHER,population,2171,81661.00,0.02658552,26.5855,2658.5518
28049,2019,ROBBERY_VIOLENT,population,88,81661.00,0.00107763,1.0776,107.7626
28049,2019,SEXUAL,population,14,81661.00,0.00017144,0.1714,17.1440
28049,2019,THEFT,population,898,81661.00,0.01099668,10.9967,1099.6681
28049,2019,VEHICLE_THEFT,population,97,81661.00,0.00118784,1.1878,118.7838
28049,2020,BURGLARY,population,115,81391.00,0.00141293,1.4129,141.2933
28049,2020,DRUG_TRAFFICKING,population,25,81391.00,0.00030716,0.3072,30.7159
28049,2020,HOM_ATTEMPTED,population,3,81391.00,0.00003686,0.0369,3.6859
28049,2020,HOM_COMPLETED,population,0,81391.00,0.00000000,0.0000,0.0000
28049,2020,INJURY,population,24,81391.00,0.00029487,0.2949,29.4873
28049,2020,KIDNAPPING,population,0,81391.00,0.00000000,0.0000,0.0000
28049,2020,OTHER,population,1938,81391.00,0.02381099,23.8110,2381.0986
28049,2020,ROBBERY_VIOLENT,population,60,81391.00,0.00073718,0.7372,73.7182
28049,2020,SEXUAL,population,9,81391.00,0.00011058,0.1106,11.0577
28049,2020,THEFT,population,672,81391.00,0.00825644,8.2564,825.6441
28049,2020,VEHICLE_THEFT,population,67,81391.00,0.00082319,0.8232,82.3187
28049,2021,BURGLARY,population,145,81273.00,0.00178411,1.7841,178.4110
28049,2021,DRUG_TRAFFICKING,population,19,81273.00,0.00023378,0.2338,23.3780
28049,2021,HOM_ATTEMPTED,population,2,81273.00,0.00002461,0.0246,2.4608
28049,2021,HOM_COMPLETED,population,0,81273.00,0.00000000,0.0000,0.0000
28049,2021,INJURY,population,27,81273.00,0.00033221,0.3322,33.2214
28049,2021,KIDNAPPING,population,0,81273.00,0.00000000,0.0000,0.0000
28049,2021,OTHER,population,2040,81273.00,0.02510059,25.1006,2510.0587
28049,2021,ROBBERY_VIOLENT,population,60,81273.00,0.00073825,0.7383,73.8253
28049,2021,SEXUAL,population,10,81273.00,0.00012304,0.1230,12.3042
28049,2021,THEFT,population,877,81273.00,0.01079079,10.7908,1079.0792
28049,2021,VEHICLE_THEFT,population,75,81273.00,0.00092282,0.9228,92.2816
28049,2022,BURGLARY,population,156,80596.00,0.00193558,1.9356,193.5580
28049,2022,DRUG_TRAFFICKING,population,18,80596.00,0.00022334,0.2233,22.3336
28049,2022,HOM_ATTEMPTED,population,2,80596.00,0.00002482,0.0248,2.4815
28049,2022,HOM_COMPLETED,population,0,80596.00,0.00000000,0.0000,0.0000
28049,2022,INJURY,population,22,80596.00,0.00027297,0.2730,27.2966
28049,2022,KIDNAPPING,population,0,80596.00,0.00000000,0.0000,0.0000
28049,2022,OTHER,population,2340,80596.00,0.02903370,29.0337,2903.3699
28049,2022,ROBBERY_VIOLENT,population,76,80596.00,0.00094297,0.9430,94.2975
28049,2022,SEXUAL,population,21,80596.00,0.00026056,0.2606,26.0559
28049,2022,THEFT,population,899,80596.00,0.01115440,11.1544,1115.4400
28049,2022,VEHICLE_THEFT,population,109,80596.00,0.00135242,1.3524,135.2424
28049,2023,BURGLARY,population,164,80171.00,0.00204563,2.0456,204.5627
28049,2023,DRUG_TRAFFICKING,population,30,80171.00,0.00037420,0.3742,37.4200
28049,2023,HOM_ATTEMPTED,population,0,80171.00,0.00000000,0.0000,0.0000
28049,2023,HOM_COMPLETED,population,0,80171.00,0.00000000,0.0000,0.0000
28049,2023,INJURY,population,17,80171.00,0.00021205,0.2120,21.2047
28049,2023,KIDNAPPING,population,0,80171.00,0.00000000,0.0000,0.0000
28049,2023,OTHER,population,2112,80171.00,0.02634369,26.3437,2634.3690
28049,2023,ROBBERY_VIOLENT,population,56,80171.00,0.00069851,0.6985,69.8507
28049,2023,SEXUAL,population,19,80171.00,0.00023699,0.2370,23.6993
28049,2023,THEFT,population,908,80171.00,0.01132579,11.3258,1132.5791
28049,2023,VEHICLE_THEFT,population,82,80171.00,0.00102281,1.0228,102.2814
28049,2024,BURGLARY,population,140,80760.00,0.00173353,1.7335,173.3531
28049,2024,DRUG_TRAFFICKING,population,12,80760.00,0.00014859,0.1486,14.8588
28049,2024,HOM_ATTEMPTED,population,1,80760.00,0.00001238,0.0124,1.2382
28049,2024,HOM_COMPLETED,population,0,80760.00,0.00000000,0.0000,0.0000
28049,2024,INJURY,population,30,80760.00,0.00037147,0.3715,37.1471
28049,2024,KIDNAPPING,population,0,80760.00,0.00000000,0.0000,0.0000
28049,2024,OTHER,population,2213,80760.00,0.02740218,27.4022,2740.2179
28049,2024,ROBBERY_VIOLENT,population,61,80760.00,0.00075532,0.7553,75.5324
28049,2024,SEXUAL,population,27,80760.00,0.00033432,0.3343,33.4324
28049,2024,THEFT,population,973,80760.00,0.01204804,12.0480,1204.8044
28049,2024,VEHICLE_THEFT,population,128,80760.00,0.00158494,1.5849,158.4943
28049,2025,BURGLARY,population,135,80512.00,0.00167677,1.6768,167.6769
28049,2025,DRUG_TRAFFICKING,population,9,80512.00,0.00011178,0.1118,11.1785
28049,2025,HOM_ATTEMPTED,population,0,80512.00,0.00000000,0.0000,0.0000
28049,2025,HOM_COMPLETED,population,0,80512.00,0.00000000,0.0000,0.0000
28049,2025,INJURY,population,34,80512.00,0.00042230,0.4223,42.2297
28049,2025,KIDNAPPING,population,0,80512.00,0.00000000,0.0000,0.0000
28049,2025,OTHER,population,2186,80512.00,0.02715123,27.1512,2715.1232
28049,2025,ROBBERY_VIOLENT,population,61,80512.00,0.00075765,0.7577,75.7651
28049,2025,SEXUAL,population,20,80512.00,0.00024841,0.2484,24.8410
28049,2025,THEFT,population,958,80512.00,0.01189885,11.8988,1189.8847
28049,2025,VEHICLE_THEFT,population,134,80512.00,0.00166435,1.6643,166.4348
28058,2019,BURGLARY,population,251,193700.00,0.00129582,1.2958,129.5818
28058,2019,DRUG_TRAFFICKING,population,31,193700.00,0.00016004,0.1600,16.0041
28058,2019,HOM_ATTEMPTED,population,4,193700.00,0.00002065,0.0207,2.0650
28058,2019,HOM_COMPLETED,population,1,193700.00,0.00000516,0.0052,0.5163
28058,2019,INJURY,population,22,193700.00,0.00011358,0.1136,11.3578
28058,2019,KIDNAPPING,population,0,193700.00,0.00000000,0.0000,0.0000
28058,2019,OTHER,population,4199,193700.00,0.02167785,21.6779,2167.7852
28058,2019,ROBBERY_VIOLENT,population,296,193700.00,0.00152814,1.5281,152.8136
28058,2019,SEXUAL,population,27,193700.00,0.00013939,0.1394,13.9391
28058,2019,THEFT,population,1860,193700.00,0.00960248,9.6025,960.2478
28058,2019,VEHICLE_THEFT,population,199,193700.00,0.00102736,1.0274,102.7362
28058,2020,BURGLARY,population,246,194514.00,0.00126469,1.2647,126.4690
28058,2020,DRUG_TRAFFICKING,population,37,194514.00,0.00019022,0.1902,19.0218
28058,2020,HOM_ATTEMPTED,population,4,194514.00,0.00002056,0.0206,2.0564
28058,2020,HOM_COMPLETED,population,1,194514.00,0.00000514,0.0051,0.5141
28058,2020,INJURY,population,28,194514.00,0.00014395,0.1439,14.3949
28058,2020,KIDNAPPING,population,0,194514.00,0.00000000,0.0000,0.0000
28058,2020,OTHER,population,3103,194514.00,0.01595258,15.9526,1595.2579
28058,2020,ROBBERY_VIOLENT,population,186,194514.00,0.00095623,0.9562,95.6229
28058,2020,SEXUAL,population,38,194514.00,0.00019536,0.1954,19.5359
28058,2020,THEFT,population,1413,194514.00,0.00726426,7.2643,726.4259
28058,2020,VEHICLE_THEFT,population,140,194514.00,0.00071974,0.7197,71.9743
28058,2021,BURGLARY,population,265,192233.00,0.00137854,1.3785,137.8535
28058,2021,DRUG_TRAFFICKING,population,39,192233.00,0.00020288,0.2029,20.2879
28058,2021,HOM_ATTEMPTED,population,1,192233.00,0.00000520,0.0052,0.5202
28058,2021,HOM_COMPLETED,population,1,192233.00,0.00000520,0.0052,0.5202
28058,2021,INJURY,population,33,192233.00,0.00017167,0.1717,17.1667
28058,2021,KIDNAPPING,population,0,192233.00,0.00000000,0.0000,0.0000
28058,2021,OTHER,population,4317,192233.00,0.02245712,22.4571,2245.7122
28058,2021,ROBBERY_VIOLENT,population,235,192233.00,0.00122247,1.2225,122.2475
28058,2021,SEXUAL,population,45,192233.00,0.00023409,0.2341,23.4091
28058,2021,THEFT,population,1696,192233.00,0.00882263,8.8226,882.2627
28058,2021,VEHICLE_THEFT,population,161,192233.00,0.00083753,0.8375,83.7525
28058,2022,BURGLARY,population,226,189891.00,0.00119016,1.1902,119.0156
28058,2022,DRUG_TRAFFICKING,population,49,189891.00,0.00025804,0.2580,25.8043
28058,2022,HOM_ATTEMPTED,population,0,189891.00,0.00000000,0.0000,0.0000
28058,2022,HOM_COMPLETED,population,1,189891.00,0.00000527,0.0053,0.5266
28058,2022,INJURY,population,30,189891.00,0.00015799,0.1580,15.7985
28058,2022,KIDNAPPING,population,0,189891.00,0.00000000,0.0000,0.0000
28058,2022,OTHER,population,3784,189891.00,0.01992722,19.9272,1992.7221
28058,2022,ROBBERY_VIOLENT,population,203,189891.00,0.00106903,1.0690,106.9034
28058,2022,SEXUAL,population,29,189891.00,0.00015272,0.1527,15.2719
28058,2022,THEFT,population,1653,189891.00,0.00870499,8.7050,870.4994
28058,2022,VEHICLE_THEFT,population,229,189891.00,0.00120595,1.2060,120.5955
28058,2023,BURGLARY,population,213,188736.00,0.00112856,1.1286,112.8561
28058,2023,DRUG_TRAFFICKING,population,51,188736.00,0.00027022,0.2702,27.0219
28058,2023,HOM_ATTEMPTED,population,2,188736.00,0.00001060,0.0106,1.0597
28058,2023,HOM_COMPLETED,population,1,188736.00,0.00000530,0.0053,0.5298
28058,2023,INJURY,population,24,188736.00,0.00012716,0.1272,12.7162
28058,2023,KIDNAPPING,population,0,188736.00,0.00000000,0.0000,0.0000
28058,2023,OTHER,population,3777,188736.00,0.02001208,20.0121,2001.2080
28058,2023,ROBBERY_VIOLENT,population,186,188736.00,0.00098550,0.9855,98.5504
28058,2023,SEXUAL,population,42,188736.00,0.00022253,0.2225,22.2533
28058,2023,THEFT,population,1508,188736.00,0.00799000,7.9900,798.9997
28058,2023,VEHICLE_THEFT,population,249,188736.00,0.00131930,1.3193,131.9303
28058,2024,BURGLARY,population,304,190790.00,0.00159337,1.5934,159.3375
28058,2024,DRUG_TRAFFICKING,population,50,190790.00,0.00026207,0.2621,26.2068
28058,2024,HOM_ATTEMPTED,population,0,190790.00,0.00000000,0.0000,0.0000
28058,2024,HOM_COMPLETED,population,0,190790.00,0.00000000,0.0000,0.0000
28058,2024,INJURY,population,36,190790.00,0.00018869,0.1887,18.8689
28058,2024,KIDNAPPING,population,0,190790.00,0.00000000,0.0000,0.0000
28058,2024,OTHER,population,3792,190790.00,0.01987526,19.8753,1987.5256
28058,2024,ROBBERY_VIOLENT,population,188,190790.00,0.00098538,0.9854,98.5377
28058,2024,SEXUAL,population,45,190790.00,0.00023586,0.2359,23.5861
28058,2024,THEFT,population,1344,190790.00,0.00704439,7.0444,704.4394
28058,2024,VEHICLE_THEFT,population,193,190790.00,0.00101158,1.0116,101.1583
28058,2025,BURGLARY,population,227,190076.00,0.00119426,1.1943,119.4259
28058,2025,DRUG_TRAFFICKING,population,51,190076.00,0.00026831,0.2683,26.8314
28058,2025,HOM_ATTEMPTED,population,2,190076.00,0.00001052,0.0105,1.0522
28058,2025,HOM_COMPLETED,population,0,190076.00,0.00000000,0.0000,0.0000
28058,2025,INJURY,population,29,190076.00,0.00015257,0.1526,15.2571
28058,2025,KIDNAPPING,population,0,190076.00,0.00000000,0.0000,0.0000
28058,2025,OTHER,population,3772,190076.00,0.01984469,19.8447,1984.4694
28058,2025,ROBBERY_VIOLENT,population,180,190076.00,0.00094699,0.9470,94.6990
28058,2025,SEXUAL,population,53,190076.00,0.00027884,0.2788,27.8836
28058,2025,THEFT,population,1393,190076.00,0.00732865,7.3286,732.8647
28058,2025,VEHICLE_THEFT,population,182,190076.00,0.00095751,0.9575,95.7512
28061,2019,BURGLARY,population,234,33742.00,0.00693498,6.9350,693.4977
28061,2019,DRUG_TRAFFICKING,population,7,33742.00,0.00020746,0.2075,20.7457
28061,2019,HOM_ATTEMPTED,population,0,33742.00,0.00000000,0.0000,0.0000
28061,2019,HOM_COMPLETED,population,0,33742.00,0.00000000,0.0000,0.0000
28061,2019,INJURY,population,9,33742.00,0.00026673,0.2667,26.6730
28061,2019,KIDNAPPING,population,0,33742.00,0.00000000,0.0000,0.0000
28061,2019,OTHER,population,1473,33742.00,0.04365479,43.6548,4365.4792
28061,2019,ROBBERY_VIOLENT,population,28,33742.00,0.00082983,0.8298,82.9826
28061,2019,SEXUAL,population,21,33742.00,0.00062237,0.6224,62.2370
28061,2019,THEFT,population,231,33742.00,0.00684607,6.8461,684.6067
28061,2019,VEHICLE_THEFT,population,5,33742.00,0.00014818,0.1482,14.8183
28061,2020,BURGLARY,population,162,34497.00,0.00469606,4.6961,469.6061
28061,2020,DRUG_TRAFFICKING,population,3,34497.00,0.00008696,0.0870,8.6964
28061,2020,HOM_ATTEMPTED,population,0,34497.00,0.00000000,0.0000,0.0000
28061,2020,HOM_COMPLETED,population,0,34497.00,0.00000000,0.0000,0.0000
28061,2020,INJURY,population,21,34497.00,0.00060875,0.6087,60.8749
28061,2020,KIDNAPPING,population,0,34497.00,0.00000000,0.0000,0.0000
28061,2020,OTHER,population,1290,34497.00,0.03739456,37.3946,3739.4556
28061,2020,ROBBERY_VIOLENT,population,26,34497.00,0.00075369,0.7537,75.3689
28061,2020,SEXUAL,population,16,34497.00,0.00046381,0.4638,46.3808
28061,2020,THEFT,population,184,34497.00,0.00533380,5.3338,533.3797
28061,2020,VEHICLE_THEFT,population,3,34497.00,0.00008696,0.0870,8.6964
28061,2021,BURGLARY,population,106,34712.00,0.00305370,3.0537,305.3699
28061,2021,DRUG_TRAFFICKING,population,5,34712.00,0.00014404,0.1440,14.4042
28061,2021,HOM_ATTEMPTED,population,2,34712.00,0.00005762,0.0576,5.7617
28061,2021,HOM_COMPLETED,population,0,34712.00,0.00000000,0.0000,0.0000
28061,2021,INJURY,population,26,34712.00,0.00074902,0.7490,74.9021
28061,2021,KIDNAPPING,population,0,34712.00,0.00000000,0.0000,0.0000
28061,2021,OTHER,population,1227,34712.00,0.03534801,35.3480,3534.8006
28061,2021,ROBBERY_VIOLENT,population,25,34712.00,0.00072021,0.7202,72.0212
28061,2021,SEXUAL,population,15,34712.00,0.00043213,0.4321,43.2127
28061,2021,THEFT,population,217,34712.00,0.00625144,6.2514,625.1440
28061,2021,VEHICLE_THEFT,population,8,34712.00,0.00023047,0.2305,23.0468
28061,2022,BURGLARY,population,90,34834.00,0.00258368,2.5837,258.3683
28061,2022,DRUG_TRAFFICKING,population,6,34834.00,0.00017225,0.1722,17.2246
28061,2022,HOM_ATTEMPTED,population,0,34834.00,0.00000000,0.0000,0.0000
28061,2022,HOM_COMPLETED,population,0,34834.00,0.00000000,0.0000,0.0000
28061,2022,INJURY,population,35,34834.00,0.00100477,1.0048,100.4765
28061,2022,KIDNAPPING,population,0,34834.00,0.00000000,0.0000,0.0000
28061,2022,OTHER,population,1272,34834.00,0.03651605,36.5160,3651.6048
28061,2022,ROBBERY_VIOLENT,population,18,34834.00,0.00051674,0.5167,51.6737
28061,2022,SEXUAL,population,19,34834.00,0.00054544,0.5454,54.5444
28061,2022,THEFT,population,195,34834.00,0.00559798,5.5980,559.7979
28061,2022,VEHICLE_THEFT,population,4,34834.00,0.00011483,0.1148,11.4830
28061,2023,BURGLARY,population,132,35273.00,0.00374224,3.7422,374.2239
28061,2023,DRUG_TRAFFICKING,population,9,35273.00,0.00025515,0.2552,25.5153
28061,2023,HOM_ATTEMPTED,population,0,35273.00,0.00000000,0.0000,0.0000
28061,2023,HOM_COMPLETED,population,0,35273.00,0.00000000,0.0000,0.0000
28061,2023,INJURY,population,46,35273.00,0.00130411,1.3041,130.4114
28061,2023,KIDNAPPING,population,0,35273.00,0.00000000,0.0000,0.0000
28061,2023,OTHER,population,1472,35273.00,0.04173164,41.7316,4173.1636
28061,2023,ROBBERY_VIOLENT,population,27,35273.00,0.00076546,0.7655,76.5458
28061,2023,SEXUAL,population,20,35273.00,0.00056701,0.5670,56.7006
28061,2023,THEFT,population,208,35273.00,0.00589686,5.8969,589.6862
28061,2023,VEHICLE_THEFT,population,8,35273.00,0.00022680,0.2268,22.6802
28061,2024,BURGLARY,population,87,36184.00,0.00240438,2.4044,240.4378
28061,2024,DRUG_TRAFFICKING,population,3,36184.00,0.00008291,0.0829,8.2910
28061,2024,HOM_ATTEMPTED,population,0,36184.00,0.00000000,0.0000,0.0000
28061,2024,HOM_COMPLETED,population,0,36184.00,0.00000000,0.0000,0.0000
28061,2024,INJURY,population,35,36184.00,0.00096728,0.9673,96.7278
28061,2024,KIDNAPPING,population,0,36184.00,0.00000000,0.0000,0.0000
28061,2024,OTHER,population,1419,36184.00,0.03921623,39.2162,3921.6228
28061,2024,ROBBERY_VIOLENT,population,36,36184.00,0.00099491,0.9949,99.4915
28061,2024,SEXUAL,population,14,36184.00,0.00038691,0.3869,38.6911
28061,2024,THEFT,population,218,36184.00,0.00602476,6.0248,602.4762
28061,2024,VEHICLE_THEFT,population,9,36184.00,0.00024873,0.2487,24.8729
28061,2025,BURGLARY,population,136,36758.00,0.00369987,3.6999,369.9875
28061,2025,DRUG_TRAFFICKING,population,7,36758.00,0.00019043,0.1904,19.0435
28061,2025,HOM_ATTEMPTED,population,0,36758.00,0.00000000,0.0000,0.0000
28061,2025,HOM_COMPLETED,population,0,36758.00,0.00000000,0.0000,0.0000
28061,2025,INJURY,population,27,36758.00,0.00073453,0.7345,73.4534
28061,2025,KIDNAPPING,population,0,36758.00,0.00000000,0.0000,0.0000
28061,2025,OTHER,population,1448,36758.00,0.03939279,39.3928,3939.2785
28061,2025,ROBBERY_VIOLENT,population,25,36758.00,0.00068012,0.6801,68.0124
28061,2025,SEXUAL,population,12,36758.00,0.00032646,0.3265,32.6460
28061,2025,THEFT,population,180,36758.00,0.00489689,4.8969,489.6893
28061,2025,VEHICLE_THEFT,population,4,36758.00,0.00010882,0.1088,10.8820
28065,2019,BURGLARY,population,389,183374.00,0.00212135,2.1213,212.1348
28065,2019,DRUG_TRAFFICKING,population,13,183374.00,0.00007089,0.0709,7.0893
28065,2019,HOM_ATTEMPTED,population,0,183374.00,0.00000000,0.0000,0.0000
28065,2019,HOM_COMPLETED,population,0,183374.00,0.00000000,0.0000,0.0000
28065,2019,INJURY,population,47,183374.00,0.00025631,0.2563,25.6307
28065,2019,KIDNAPPING,population,2,183374.00,0.00001091,0.0109,1.0907
28065,2019,OTHER,population,4840,183374.00,0.02639415,26.3941,2639.4145
28065,2019,ROBBERY_VIOLENT,population,384,183374.00,0.00209408,2.0941,209.4081
28065,2019,SEXUAL,population,51,183374.00,0.00027812,0.2781,27.8120
28065,2019,THEFT,population,2437,183374.00,0.01328978,13.2898,1328.9779
28065,2019,VEHICLE_THEFT,population,308,183374.00,0.00167963,1.6796,167.9627
28065,2020,BURGLARY,population,273,185180.00,0.00147424,1.4742,147.4241
28065,2020,DRUG_TRAFFICKING,population,31,185180.00,0.00016740,0.1674,16.7405
28065,2020,HOM_ATTEMPTED,population,2,185180.00,0.00001080,0.0108,1.0800
28065,2020,HOM_COMPLETED,population,3,185180.00,0.00001620,0.0162,1.6200
28065,2020,INJURY,population,34,185180.00,0.00018361,0.1836,18.3605
28065,2020,KIDNAPPING,population,1,185180.00,0.00000540,0.0054,0.5400
28065,2020,OTHER,population,4206,185180.00,0.02271304,22.7130,2271.3036
28065,2020,ROBBERY_VIOLENT,population,287,185180.00,0.00154984,1.5498,154.9843
28065,2020,SEXUAL,population,53,185180.00,0.00028621,0.2862,28.6208
28065,2020,THEFT,population,1854,185180.00,0.01001188,10.0119,1001.1880
28065,2020,VEHICLE_THEFT,population,202,185180.00,0.00109083,1.0908,109.0831
28065,2021,BURGLARY,population,226,183095.00,0.00123433,1.2343,123.4332
28065,2021,DRUG_TRAFFICKING,population,21,183095.00,0.00011469,0.1147,11.4695
28065,2021,HOM_ATTEMPTED,population,0,183095.00,0.00000000,0.0000,0.0000
28065,2021,HOM_COMPLETED,population,1,183095.00,0.00000546,0.0055,0.5462
28065,2021,INJURY,population,26,183095.00,0.00014200,0.1420,14.2003
28065,2021,KIDNAPPING,population,1,183095.00,0.00000546,0.0055,0.5462
28065,2021,OTHER,population,4962,183095.00,0.02710069,27.1007,2710.0685
28065,2021,ROBBERY_VIOLENT,population,360,183095.00,0.00196619,1.9662,196.6192
28065,2021,SEXUAL,population,63,183095.00,0.00034408,0.3441,34.4084
28065,2021,THEFT,population,2413,183095.00,0.01317895,13.1790,1317.8951
28065,2021,VEHICLE_THEFT,population,204,183095.00,0.00111418,1.1142,111.4176
28065,2022,BURGLARY,population,231,183219.00,0.00126079,1.2608,126.0786
28065,2022,DRUG_TRAFFICKING,population,29,183219.00,0.00015828,0.1583,15.8281
28065,2022,HOM_ATTEMPTED,population,1,183219.00,0.00000546,0.0055,0.5458
28065,2022,HOM_COMPLETED,population,0,183219.00,0.00000000,0.0000,0.0000
28065,2022,INJURY,population,27,183219.00,0.00014736,0.1474,14.7365
28065,2022,KIDNAPPING,population,0,183219.00,0.00000000,0.0000,0.0000
28065,2022,OTHER,population,5182,183219.00,0.02828309,28.2831,2828.3093
28065,2022,ROBBERY_VIOLENT,population,282,183219.00,0.00153914,1.5391,153.9142
28065,2022,SEXUAL,population,51,183219.00,0.00027836,0.2784,27.8355
28065,2022,THEFT,population,2502,183219.00,0.01365579,13.6558,1365.5789
28065,2022,VEHICLE_THEFT,population,255,183219.00,0.00139178,1.3918,139.1777
28065,2023,BURGLARY,population,275,185899.00,0.00147930,1.4793,147.9298
28065,2023,DRUG_TRAFFICKING,population,32,185899.00,0.00017214,0.1721,17.2136
28065,2023,HOM_ATTEMPTED,population,0,185899.00,0.00000000,0.0000,0.0000
28065,2023,HOM_COMPLETED,population,1,185899.00,0.00000538,0.0054,0.5379
28065,2023,INJURY,population,36,185899.00,0.00019365,0.1937,19.3654
28065,2023,KIDNAPPING,population,0,185899.00,0.00000000,0.0000,0.0000
28065,2023,OTHER,population,5757,185899.00,0.03096843,30.9684,3096.8429
28065,2023,ROBBERY_VIOLENT,population,259,185899.00,0.00139323,1.3932,139.3230
28065,2023,SEXUAL,population,66,185899.00,0.00035503,0.3550,35.5031
28065,2023,THEFT,population,2420,185899.00,0.01301782,13.0178,1301.7822
28065,2023,VEHICLE_THEFT,population,266,185899.00,0.00143088,1.4309,143.0885
28065,2024,BURGLARY,population,181,189906.00,0.00095310,0.9531,95.3103
28065,2024,DRUG_TRAFFICKING,population,22,189906.00,0.00011585,0.1158,11.5847
28065,2024,HOM_ATTEMPTED,population,4,189906.00,0.00002106,0.0211,2.1063
28065,2024,HOM_COMPLETED,population,0,189906.00,0.00000000,0.0000,0.0000
28065,2024,INJURY,population,53,189906.00,0.00027909,0.2791,27.9085
28065,2024,KIDNAPPING,population,3,189906.00,0.00001580,0.0158,1.5797
28065,2024,OTHER,population,5821,189906.00,0.03065201,30.6520,3065.2007
28065,2024,ROBBERY_VIOLENT,population,233,189906.00,0.00122692,1.2269,122.6923
28065,2024,SEXUAL,population,62,189906.00,0.00032648,0.3265,32.6477
28065,2024,THEFT,population,2356,189906.00,0.01240614,12.4061,1240.6138
28065,2024,VEHICLE_THEFT,population,253,189906.00,0.00133224,1.3322,133.2238
28065,2025,BURGLARY,population,194,193238.00,0.00100394,1.0039,100.3943
28065,2025,DRUG_TRAFFICKING,population,34,193238.00,0.00017595,0.1759,17.5949
28065,2025,HOM_ATTEMPTED,population,2,193238.00,0.00001035,0.0103,1.0350
28065,2025,HOM_COMPLETED,population,2,193238.00,0.00001035,0.0103,1.0350
28065,2025,INJURY,population,51,193238.00,0.00026392,0.2639,26.3923
28065,2025,KIDNAPPING,population,0,193238.00,0.00000000,0.0000,0.0000
28065,2025,OTHER,population,5864,193238.00,0.03034600,30.3460,3034.5998
28065,2025,ROBBERY_VIOLENT,population,197,193238.00,0.00101947,1.0195,101.9468
28065,2025,SEXUAL,population,60,193238.00,0.00031050,0.3105,31.0498
28065,2025,THEFT,population,2671,193238.00,0.01382233,13.8223,1382.2333
28065,2025,VEHICLE_THEFT,population,202,193238.00,0.00104534,1.0453,104.5343
28073,2025,BURGLARY,population,50,20500.00,0.00243902,2.4390,243.9024
28073,2025,DRUG_TRAFFICKING,population,19,20500.00,0.00092683,0.9268,92.6829
28073,2025,HOM_ATTEMPTED,population,0,20500.00,0.00000000,0.0000,0.0000
28073,2025,HOM_COMPLETED,population,0,20500.00,0.00000000,0.0000,0.0000
28073,2025,INJURY,population,12,20500.00,0.00058537,0.5854,58.5366
28073,2025,KIDNAPPING,population,0,20500.00,0.00000000,0.0000,0.0000
28073,2025,OTHER,population,908,20500.00,0.04429268,44.2927,4429.2683
28073,2025,ROBBERY_VIOLENT,population,58,20500.00,0.00282927,2.8293,282.9268
28073,2025,SEXUAL,population,20,20500.00,0.00097561,0.9756,97.5610
28073,2025,THEFT,population,980,20500.00,0.04780488,47.8049,4780.4878
28073,2025,VEHICLE_THEFT,population,62,20500.00,0.00302439,3.0244,302.4390
28074,2019,BURGLARY,population,400,189861.00,0.00210680,2.1068,210.6804
28074,2019,DRUG_TRAFFICKING,population,30,189861.00,0.00015801,0.1580,15.8010
28074,2019,HOM_ATTEMPTED,population,0,189861.00,0.00000000,0.0000,0.0000
28074,2019,HOM_COMPLETED,population,2,189861.00,0.00001053,0.0105,1.0534
28074,2019,INJURY,population,56,189861.00,0.00029495,0.2950,29.4953
28074,2019,KIDNAPPING,population,1,189861.00,0.00000527,0.0053,0.5267
28074,2019,OTHER,population,4751,189861.00,0.02502357,25.0236,2502.3570
28074,2019,ROBBERY_VIOLENT,population,355,189861.00,0.00186979,1.8698,186.9789
28074,2019,SEXUAL,population,54,189861.00,0.00028442,0.2844,28.4419
28074,2019,THEFT,population,3672,189861.00,0.01934046,19.3405,1934.0465
28074,2019,VEHICLE_THEFT,population,222,189861.00,0.00116928,1.1693,116.9276
28074,2020,BURGLARY,population,307,191114.00,0.00160637,1.6064,160.6371
28074,2020,DRUG_TRAFFICKING,population,24,191114.00,0.00012558,0.1256,12.5579
28074,2020,HOM_ATTEMPTED,population,1,191114.00,0.00000523,0.0052,0.5232
28074,2020,HOM_COMPLETED,population,0,191114.00,0.00000000,0.0000,0.0000
28074,2020,INJURY,population,37,191114.00,0.00019360,0.1936,19.3602
28074,2020,KIDNAPPING,population,0,191114.00,0.00000000,0.0000,0.0000
28074,2020,OTHER,population,4213,191114.00,0.02204443,22.0444,2204.4434
28074,2020,ROBBERY_VIOLENT,population,283,191114.00,0.00148079,1.4808,148.0792
28074,2020,SEXUAL,population,40,191114.00,0.00020930,0.2093,20.9299
28074,2020,THEFT,population,2767,191114.00,0.01447827,14.4783,1447.8270
28074,2020,VEHICLE_THEFT,population,185,191114.00,0.00096801,0.9680,96.8009
28074,2021,BURGLARY,population,298,187762.00,0.00158712,1.5871,158.7116
28074,2021,DRUG_TRAFFICKING,population,28,187762.00,0.00014912,0.1491,14.9125
28074,2021,HOM_ATTEMPTED,population,2,187762.00,0.00001065,0.0107,1.0652
28074,2021,HOM_COMPLETED,population,0,187762.00,0.00000000,0.0000,0.0000
28074,2021,INJURY,population,72,187762.00,0.00038346,0.3835,38.3464
28074,2021,KIDNAPPING,population,0,187762.00,0.00000000,0.0000,0.0000
28074,2021,OTHER,population,4440,187762.00,0.02364696,23.6470,2364.6957
28074,2021,ROBBERY_VIOLENT,population,256,187762.00,0.00136343,1.3634,136.3428
28074,2021,SEXUAL,population,47,187762.00,0.00025032,0.2503,25.0317
28074,2021,THEFT,population,2780,187762.00,0.01480598,14.8060,1480.5978
28074,2021,VEHICLE_THEFT,population,197,187762.00,0.00104920,1.0492,104.9201
28074,2022,BURGLARY,population,308,186660.00,0.00165006,1.6501,165.0059
28074,2022,DRUG_TRAFFICKING,population,57,186660.00,0.00030537,0.3054,30.5368
28074,2022,HOM_ATTEMPTED,population,0,186660.00,0.00000000,0.0000,0.0000
28074,2022,HOM_COMPLETED,population,0,186660.00,0.00000000,0.0000,0.0000
28074,2022,INJURY,population,66,186660.00,0.00035358,0.3536,35.3584
28074,2022,KIDNAPPING,population,0,186660.00,0.00000000,0.0000,0.0000
28074,2022,OTHER,population,4917,186660.00,0.02634201,26.3420,2634.2012
28074,2022,ROBBERY_VIOLENT,population,199,186660.00,0.00106611,1.0661,106.6110
28074,2022,SEXUAL,population,52,186660.00,0.00027858,0.2786,27.8581
28074,2022,THEFT,population,3268,186660.00,0.01750777,17.5078,1750.7768
28074,2022,VEHICLE_THEFT,population,221,186660.00,0.00118397,1.1840,118.3971
28074,2023,BURGLARY,population,325,190665.00,0.00170456,1.7046,170.4560
28074,2023,DRUG_TRAFFICKING,population,49,190665.00,0.00025700,0.2570,25.6995
28074,2023,HOM_ATTEMPTED,population,2,190665.00,0.00001049,0.0105,1.0490
28074,2023,HOM_COMPLETED,population,0,190665.00,0.00000000,0.0000,0.0000
28074,2023,INJURY,population,55,190665.00,0.00028846,0.2885,28.8464
28074,2023,KIDNAPPING,population,2,190665.00,0.00001049,0.0105,1.0490
28074,2023,OTHER,population,4710,190665.00,0.02470301,24.7030,2470.3013
28074,2023,ROBBERY_VIOLENT,population,249,190665.00,0.00130596,1.3060,130.5955
28074,2023,SEXUAL,population,83,190665.00,0.00043532,0.4353,43.5318
28074,2023,THEFT,population,3195,190665.00,0.01675714,16.7571,1675.7139
28074,2023,VEHICLE_THEFT,population,287,190665.00,0.00150526,1.5053,150.5258
28074,2024,BURGLARY,population,317,194084.00,0.00163331,1.6333,163.3313
28074,2024,DRUG_TRAFFICKING,population,72,194084.00,0.00037097,0.3710,37.0973
28074,2024,HOM_ATTEMPTED,population,1,194084.00,0.00000515,0.0052,0.5152
28074,2024,HOM_COMPLETED,population,0,194084.00,0.00000000,0.0000,0.0000
28074,2024,INJURY,population,70,194084.00,0.00036067,0.3607,36.0669
28074,2024,KIDNAPPING,population,0,194084.00,0.00000000,0.0000,0.0000
28074,2024,OTHER,population,5109,194084.00,0.02632365,26.3237,2632.3654
28074,2024,ROBBERY_VIOLENT,population,186,194084.00,0.00095835,0.9583,95.8348
28074,2024,SEXUAL,population,63,194084.00,0.00032460,0.3246,32.4602
28074,2024,THEFT,population,2911,194084.00,0.01499866,14.9987,1499.8660
28074,2024,VEHICLE_THEFT,population,308,194084.00,0.00158694,1.5869,158.6942
28074,2025,BURGLARY,population,232,195734.00,0.00118528,1.1853,118.5282
28074,2025,DRUG_TRAFFICKING,population,67,195734.00,0.00034230,0.3423,34.2301
28074,2025,HOM_ATTEMPTED,population,2,195734.00,0.00001022,0.0102,1.0218
28074,2025,HOM_COMPLETED,population,1,195734.00,0.00000511,0.0051,0.5109
28074,2025,INJURY,population,72,195734.00,0.00036785,0.3678,36.7846
28074,2025,KIDNAPPING,population,0,195734.00,0.00000000,0.0000,0.0000
28074,2025,OTHER,population,4778,195734.00,0.02441068,24.4107,2441.0680
28074,2025,ROBBERY_VIOLENT,population,164,195734.00,0.00083787,0.8379,83.7872
28074,2025,SEXUAL,population,61,195734.00,0.00031165,0.3116,31.1647
28074,2025,THEFT,population,3241,195734.00,0.01655819,16.5582,1655.8186
28074,2025,VEHICLE_THEFT,population,336,195734.00,0.00171662,1.7166,171.6615
28079,2019,BURGLARY,population,8784,3266126.00,0.00268942,2.6894,268.9425
28079,2019,DRUG_TRAFFICKING,population,1947,3266126.00,0.00059612,0.5961,59.6119
28079,2019,HOM_ATTEMPTED,population,42,3266126.00,0.00001286,0.0129,1.2859
28079,2019,HOM_COMPLETED,population,16,3266126.00,0.00000490,0.0049,0.4899
28079,2019,INJURY,population,1447,3266126.00,0.00044303,0.4430,44.3033
28079,2019,KIDNAPPING,population,9,3266126.00,0.00000276,0.0028,0.2756
28079,2019,OTHER,population,111510,3266126.00,0.03414137,34.1414,3414.1365
28079,2019,ROBBERY_VIOLENT,population,10813,3266126.00,0.00331065,3.3106,331.0650
28079,2019,SEXUAL,population,1105,3266126.00,0.00033832,0.3383,33.8321
28079,2019,THEFT,population,111709,3266126.00,0.03420229,34.2023,3420.2293
28079,2019,VEHICLE_THEFT,population,4981,3266126.00,0.00152505,1.5250,152.5048
28079,2020,BURGLARY,population,5832,3334730.00,0.00174887,1.7489,174.8867
28079,2020,DRUG_TRAFFICKING,population,1825,3334730.00,0.00054727,0.5473,54.7271
28079,2020,HOM_ATTEMPTED,population,46,3334730.00,0.00001379,0.0138,1.3794
28079,2020,HOM_COMPLETED,population,16,3334730.00,0.00000480,0.0048,0.4798
28079,2020,INJURY,population,1304,3334730.00,0.00039104,0.3910,39.1036
28079,2020,KIDNAPPING,population,4,3334730.00,0.00000120,0.0012,0.1199
28079,2020,OTHER,population,97681,3334730.00,0.02929203,29.2920,2929.2027
28079,2020,ROBBERY_VIOLENT,population,7575,3334730.00,0.00227155,2.2715,227.1548
28079,2020,SEXUAL,population,1124,3334730.00,0.00033706,0.3371,33.7059
28079,2020,THEFT,population,63107,3334730.00,0.01892417,18.9242,1892.4171
28079,2020,VEHICLE_THEFT,population,3727,3334730.00,0.00111763,1.1176,111.7632
28079,2021,BURGLARY,population,5904,3305408.00,0.00178616,1.7862,178.6164
28079,2021,DRUG_TRAFFICKING,population,1824,3305408.00,0.00055182,0.5518,55.1823
28079,2021,HOM_ATTEMPTED,population,50,3305408.00,0.00001513,0.0151,1.5127
28079,2021,HOM_COMPLETED,population,18,3305408.00,0.00000545,0.0054,0.5446
28079,2021,INJURY,population,1507,3305408.00,0.00045592,0.4559,45.5920
28079,2021,KIDNAPPING,population,9,3305408.00,0.00000272,0.0027,0.2723
28079,2021,OTHER,population,106110,3305408.00,0.03210194,32.1019,3210.1937
28079,2021,ROBBERY_VIOLENT,population,8609,3305408.00,0.00260452,2.6045,260.4520
28079,2021,SEXUAL,population,1235,3305408.00,0.00037363,0.3736,37.3630
28079,2021,THEFT,population,73259,3305408.00,0.02216338,22.1634,2216.3376
28079,2021,VEHICLE_THEFT,population,4302,3305408.00,0.00130150,1.3015,130.1503
28079,2022,BURGLARY,population,7066,3280782.00,0.00215375,2.1538,215.3755
28079,2022,DRUG_TRAFFICKING,population,2208,3280782.00,0.00067301,0.6730,67.3010
28079,2022,HOM_ATTEMPTED,population,83,3280782.00,0.00002530,0.0253,2.5299
28079,2022,HOM_COMPLETED,population,27,3280782.00,0.00000823,0.0082,0.8230
28079,2022,INJURY,population,1753,3280782.00,0.00053432,0.5343,53.4324
28079,2022,KIDNAPPING,population,5,3280782.00,0.00000152,0.0015,0.1524
28079,2022,OTHER,population,125605,3280782.00,0.03828508,38.2851,3828.5080
28079,2022,ROBBERY_VIOLENT,population,9118,3280782.00,0.00277922,2.7792,277.9215
28079,2022,SEXUAL,population,1443,3280782.00,0.00043983,0.4398,43.9834
28079,2022,THEFT,population,91604,3280782.00,0.02792139,27.9214,2792.1392
28079,2022,VEHICLE_THEFT,population,4489,3280782.00,0.00136827,1.3683,136.8271
28079,2023,BURGLARY,population,7380,3332035.00,0.00221486,2.2149,221.4863
28079,2023,DRUG_TRAFFICKING,population,2478,3332035.00,0.00074369,0.7437,74.3690
28079,2023,HOM_ATTEMPTED,population,119,3332035.00,0.00003571,0.0357,3.5714
28079,2023,HOM_COMPLETED,population,23,3332035.00,0.00000690,0.0069,0.6903
28079,2023,INJURY,population,1838,3332035.00,0.00055161,0.5516,55.1615
28079,2023,KIDNAPPING,population,10,3332035.00,0.00000300,0.0030,0.3001
28079,2023,OTHER,population,133541,3332035.00,0.04007791,40.0779,4007.7910
28079,2023,ROBBERY_VIOLENT,population,8883,3332035.00,0.00266594,2.6659,266.5938
28079,2023,SEXUAL,population,1676,3332035.00,0.00050300,0.5030,50.2996
28079,2023,THEFT,population,88516,3332035.00,0.02656515,26.5651,2656.5147
28079,2023,VEHICLE_THEFT,population,4039,3332035.00,0.00121217,1.2122,121.2172
28079,2024,BURGLARY,population,6914,3416771.00,0.00202355,2.0235,202.3548
28079,2024,DRUG_TRAFFICKING,population,2964,3416771.00,0.00086749,0.8675,86.7486
28079,2024,HOM_ATTEMPTED,population,83,3416771.00,0.00002429,0.0243,2.4292
28079,2024,HOM_COMPLETED,population,12,3416771.00,0.00000351,0.0035,0.3512
28079,2024,INJURY,population,1929,3416771.00,0.00056457,0.5646,56.4568
28079,2024,KIDNAPPING,population,7,3416771.00,0.00000205,0.0020,0.2049
28079,2024,OTHER,population,131980,3416771.00,0.03862711,38.6271,3862.7113
28079,2024,ROBBERY_VIOLENT,population,8175,3416771.00,0.00239261,2.3926,239.2610
28079,2024,SEXUAL,population,1753,3416771.00,0.00051306,0.5131,51.3058
28079,2024,THEFT,population,79774,3416771.00,0.02334777,23.3478,2334.7775
28079,2024,VEHICLE_THEFT,population,3982,3416771.00,0.00116543,1.1654,116.5428
28079,2025,BURGLARY,population,6569,3506730.00,0.00187326,1.8733,187.3255
28079,2025,DRUG_TRAFFICKING,population,3739,3506730.00,0.00106624,1.0662,106.6235
28079,2025,HOM_ATTEMPTED,population,90,3506730.00,0.00002566,0.0257,2.5665
28079,2025,HOM_COMPLETED,population,17,3506730.00,0.00000485,0.0048,0.4848
28079,2025,INJURY,population,2167,3506730.00,0.00061795,0.6180,61.7955
28079,2025,KIDNAPPING,population,11,3506730.00,0.00000314,0.0031,0.3137
28079,2025,OTHER,population,131445,3506730.00,0.03748364,37.4836,3748.3639
28079,2025,ROBBERY_VIOLENT,population,7376,3506730.00,0.00210338,2.1034,210.3384
28079,2025,SEXUAL,population,1850,3506730.00,0.00052756,0.5276,52.7557
28079,2025,THEFT,population,72548,3506730.00,0.02068822,20.6882,2068.8220
28079,2025,VEHICLE_THEFT,population,3850,3506730.00,0.00109789,1.0979,109.7889
28080,2019,BURGLARY,population,389,71826.00,0.00541587,5.4159,541.5866
28080,2019,DRUG_TRAFFICKING,population,17,71826.00,0.00023668,0.2367,23.6683
28080,2019,HOM_ATTEMPTED,population,3,71826.00,0.00004177,0.0418,4.1768
28080,2019,HOM_COMPLETED,population,0,71826.00,0.00000000,0.0000,0.0000
28080,2019,INJURY,population,24,71826.00,0.00033414,0.3341,33.4141
28080,2019,KIDNAPPING,population,0,71826.00,0.00000000,0.0000,0.0000
28080,2019,OTHER,population,2047,71826.00,0.02849943,28.4994,2849.9429
28080,2019,ROBBERY_VIOLENT,population,83,71826.00,0.00115557,1.1556,115.5570
28080,2019,SEXUAL,population,20,71826.00,0.00027845,0.2785,27.8451
28080,2019,THEFT,population,1427,71826.00,0.01986746,19.8675,1986.7457
28080,2019,VEHICLE_THEFT,population,74,71826.00,0.00103027,1.0303,103.0268
28080,2020,BURGLARY,population,169,72155.00,0.00234218,2.3422,234.2180
28080,2020,DRUG_TRAFFICKING,population,13,72155.00,0.00018017,0.1802,18.0168
28080,2020,HOM_ATTEMPTED,population,1,72155.00,0.00001386,0.0139,1.3859
28080,2020,HOM_COMPLETED,population,0,72155.00,0.00000000,0.0000,0.0000
28080,2020,INJURY,population,19,72155.00,0.00026332,0.2633,26.3322
28080,2020,KIDNAPPING,population,0,72155.00,0.00000000,0.0000,0.0000
28080,2020,OTHER,population,1830,72155.00,0.02536207,25.3621,2536.2068
28080,2020,ROBBERY_VIOLENT,population,61,72155.00,0.00084540,0.8454,84.5402
28080,2020,SEXUAL,population,12,72155.00,0.00016631,0.1663,16.6309
28080,2020,THEFT,population,1141,72155.00,0.01581318,15.8132,1581.3180
28080,2020,VEHICLE_THEFT,population,153,72155.00,0.00212044,2.1204,212.0435
28080,2021,BURGLARY,population,174,72034.00,0.00241553,2.4155,241.5526
28080,2021,DRUG_TRAFFICKING,population,8,72034.00,0.00011106,0.1111,11.1059
28080,2021,HOM_ATTEMPTED,population,0,72034.00,0.00000000,0.0000,0.0000
28080,2021,HOM_COMPLETED,population,1,72034.00,0.00001388,0.0139,1.3882
28080,2021,INJURY,population,29,72034.00,0.00040259,0.4026,40.2588
28080,2021,KIDNAPPING,population,0,72034.00,0.00000000,0.0000,0.0000
28080,2021,OTHER,population,1984,72034.00,0.02754255,27.5425,2754.2549
28080,2021,ROBBERY_VIOLENT,population,72,72034.00,0.00099953,0.9995,99.9528
28080,2021,SEXUAL,population,24,72034.00,0.00033318,0.3332,33.3176
28080,2021,THEFT,population,1507,72034.00,0.02092068,20.9207,2092.0676
28080,2021,VEHICLE_THEFT,population,114,72034.00,0.00158259,1.5826,158.2586
28080,2022,BURGLARY,population,223,72179.00,0.00308954,3.0895,308.9541
28080,2022,DRUG_TRAFFICKING,population,7,72179.00,0.00009698,0.0970,9.6981
28080,2022,HOM_ATTEMPTED,population,1,72179.00,0.00001385,0.0139,1.3854
28080,2022,HOM_COMPLETED,population,0,72179.00,0.00000000,0.0000,0.0000
28080,2022,INJURY,population,47,72179.00,0.00065116,0.6512,65.1159
28080,2022,KIDNAPPING,population,0,72179.00,0.00000000,0.0000,0.0000
28080,2022,OTHER,population,2611,72179.00,0.03617396,36.1740,3617.3956
28080,2022,ROBBERY_VIOLENT,population,52,72179.00,0.00072043,0.7204,72.0431
28080,2022,SEXUAL,population,31,72179.00,0.00042949,0.4295,42.9488
28080,2022,THEFT,population,1464,72179.00,0.02028291,20.2829,2028.2908
28080,2022,VEHICLE_THEFT,population,148,72179.00,0.00205046,2.0505,205.0458
28080,2023,BURGLARY,population,184,72548.00,0.00253625,2.5363,253.6252
28080,2023,DRUG_TRAFFICKING,population,15,72548.00,0.00020676,0.2068,20.6760
28080,2023,HOM_ATTEMPTED,population,0,72548.00,0.00000000,0.0000,0.0000
28080,2023,HOM_COMPLETED,population,0,72548.00,0.00000000,0.0000,0.0000
28080,2023,INJURY,population,55,72548.00,0.00075812,0.7581,75.8119
28080,2023,KIDNAPPING,population,0,72548.00,0.00000000,0.0000,0.0000
28080,2023,OTHER,population,3026,72548.00,0.04171032,41.7103,4171.0316
28080,2023,ROBBERY_VIOLENT,population,53,72548.00,0.00073055,0.7306,73.0551
28080,2023,SEXUAL,population,31,72548.00,0.00042730,0.4273,42.7303
28080,2023,THEFT,population,1214,72548.00,0.01673375,16.7337,1673.3749
28080,2023,VEHICLE_THEFT,population,69,72548.00,0.00095109,0.9511,95.1094
28080,2024,BURGLARY,population,156,73355.00,0.00212664,2.1266,212.6644
28080,2024,DRUG_TRAFFICKING,population,10,73355.00,0.00013632,0.1363,13.6323
28080,2024,HOM_ATTEMPTED,population,0,73355.00,0.00000000,0.0000,0.0000
28080,2024,HOM_COMPLETED,population,0,73355.00,0.00000000,0.0000,0.0000
28080,2024,INJURY,population,41,73355.00,0.00055893,0.5589,55.8926
28080,2024,KIDNAPPING,population,0,73355.00,0.00000000,0.0000,0.0000
28080,2024,OTHER,population,2965,73355.00,0.04041988,40.4199,4041.9876
28080,2024,ROBBERY_VIOLENT,population,63,73355.00,0.00085884,0.8588,85.8837
28080,2024,SEXUAL,population,37,73355.00,0.00050440,0.5044,50.4396
28080,2024,THEFT,population,1382,73355.00,0.01883989,18.8399,1883.9888
28080,2024,VEHICLE_THEFT,population,77,73355.00,0.00104969,1.0497,104.9690
28080,2025,BURGLARY,population,113,73625.00,0.00153480,1.5348,153.4805
28080,2025,DRUG_TRAFFICKING,population,10,73625.00,0.00013582,0.1358,13.5823
28080,2025,HOM_ATTEMPTED,population,1,73625.00,0.00001358,0.0136,1.3582
28080,2025,HOM_COMPLETED,population,0,73625.00,0.00000000,0.0000,0.0000
28080,2025,INJURY,population,31,73625.00,0.00042105,0.4211,42.1053
28080,2025,KIDNAPPING,population,0,73625.00,0.00000000,0.0000,0.0000
28080,2025,OTHER,population,2942,73625.00,0.03995925,39.9593,3995.9253
28080,2025,ROBBERY_VIOLENT,population,46,73625.00,0.00062479,0.6248,62.4788
28080,2025,SEXUAL,population,21,73625.00,0.00028523,0.2852,28.5229
28080,2025,THEFT,population,1271,73625.00,0.01726316,17.2632,1726.3158
28080,2025,VEHICLE_THEFT,population,65,73625.00,0.00088285,0.8829,88.2852
28084,2019,BURGLARY,population,80,23274.00,0.00343731,3.4373,343.7312
28084,2019,DRUG_TRAFFICKING,population,3,23274.00,0.00012890,0.1289,12.8899
28084,2019,HOM_ATTEMPTED,population,0,23274.00,0.00000000,0.0000,0.0000
28084,2019,HOM_COMPLETED,population,0,23274.00,0.00000000,0.0000,0.0000
28084,2019,INJURY,population,18,23274.00,0.00077340,0.7734,77.3395
28084,2019,KIDNAPPING,population,0,23274.00,0.00000000,0.0000,0.0000
28084,2019,OTHER,population,973,23274.00,0.04180631,41.8063,4180.6307
28084,2019,ROBBERY_VIOLENT,population,19,23274.00,0.00081636,0.8164,81.6362
28084,2019,SEXUAL,population,1,23274.00,0.00004297,0.0430,4.2966
28084,2019,THEFT,population,245,23274.00,0.01052677,10.5268,1052.6768
28084,2019,VEHICLE_THEFT,population,29,23274.00,0.00124603,1.2460,124.6026
28084,2020,BURGLARY,population,54,23639.00,0.00228436,2.2844,228.4361
28084,2020,DRUG_TRAFFICKING,population,6,23639.00,0.00025382,0.2538,25.3818
28084,2020,HOM_ATTEMPTED,population,0,23639.00,0.00000000,0.0000,0.0000
28084,2020,HOM_COMPLETED,population,0,23639.00,0.00000000,0.0000,0.0000
28084,2020,INJURY,population,24,23639.00,0.00101527,1.0153,101.5271
28084,2020,KIDNAPPING,population,0,23639.00,0.00000000,0.0000,0.0000
28084,2020,OTHER,population,886,23639.00,0.03748043,37.4804,3748.0435
28084,2020,ROBBERY_VIOLENT,population,13,23639.00,0.00054994,0.5499,54.9939
28084,2020,SEXUAL,population,7,23639.00,0.00029612,0.2961,29.6121
28084,2020,THEFT,population,181,23639.00,0.00765684,7.6568,765.6838
28084,2020,VEHICLE_THEFT,population,19,23639.00,0.00080376,0.8038,80.3757
28084,2021,BURGLARY,population,39,23737.00,0.00164300,1.6430,164.3005
28084,2021,DRUG_TRAFFICKING,population,9,23737.00,0.00037915,0.3792,37.9155
28084,2021,HOM_ATTEMPTED,population,0,23737.00,0.00000000,0.0000,0.0000
28084,2021,HOM_COMPLETED,population,0,23737.00,0.00000000,0.0000,0.0000
28084,2021,INJURY,population,20,23737.00,0.00084257,0.8426,84.2566
28084,2021,KIDNAPPING,population,0,23737.00,0.00000000,0.0000,0.0000
28084,2021,OTHER,population,975,23737.00,0.04107511,41.0751,4107.5115
28084,2021,ROBBERY_VIOLENT,population,14,23737.00,0.00058980,0.5898,58.9797
28084,2021,SEXUAL,population,6,23737.00,0.00025277,0.2528,25.2770
28084,2021,THEFT,population,240,23737.00,0.01011080,10.1108,1011.0797
28084,2021,VEHICLE_THEFT,population,35,23737.00,0.00147449,1.4745,147.4491
28084,2022,BURGLARY,population,45,23897.00,0.00188308,1.8831,188.3082
28084,2022,DRUG_TRAFFICKING,population,4,23897.00,0.00016739,0.1674,16.7385
28084,2022,HOM_ATTEMPTED,population,0,23897.00,0.00000000,0.0000,0.0000
28084,2022,HOM_COMPLETED,population,0,23897.00,0.00000000,0.0000,0.0000
28084,2022,INJURY,population,16,23897.00,0.00066954,0.6695,66.9540
28084,2022,KIDNAPPING,population,0,23897.00,0.00000000,0.0000,0.0000
28084,2022,OTHER,population,1047,23897.00,0.04381303,43.8130,4381.3031
28084,2022,ROBBERY_VIOLENT,population,15,23897.00,0.00062769,0.6277,62.7694
28084,2022,SEXUAL,population,10,23897.00,0.00041846,0.4185,41.8463
28084,2022,THEFT,population,200,23897.00,0.00836925,8.3693,836.9251
28084,2022,VEHICLE_THEFT,population,29,23897.00,0.00121354,1.2135,121.3541
28084,2023,BURGLARY,population,56,24274.00,0.00230700,2.3070,230.6995
28084,2023,DRUG_TRAFFICKING,population,11,24274.00,0.00045316,0.4532,45.3160
28084,2023,HOM_ATTEMPTED,population,1,24274.00,0.00004120,0.0412,4.1196
28084,2023,HOM_COMPLETED,population,1,24274.00,0.00004120,0.0412,4.1196
28084,2023,INJURY,population,17,24274.00,0.00070034,0.7003,70.0338
28084,2023,KIDNAPPING,population,1,24274.00,0.00004120,0.0412,4.1196
28084,2023,OTHER,population,1095,24274.00,0.04510999,45.1100,4510.9994
28084,2023,ROBBERY_VIOLENT,population,17,24274.00,0.00070034,0.7003,70.0338
28084,2023,SEXUAL,population,9,24274.00,0.00037077,0.3708,37.0767
28084,2023,THEFT,population,205,24274.00,0.00844525,8.4453,844.5250
28084,2023,VEHICLE_THEFT,population,25,24274.00,0.00102991,1.0299,102.9909
28084,2024,BURGLARY,population,30,24659.00,0.00121659,1.2166,121.6594
28084,2024,DRUG_TRAFFICKING,population,6,24659.00,0.00024332,0.2433,24.3319
28084,2024,HOM_ATTEMPTED,population,2,24659.00,0.00008111,0.0811,8.1106
28084,2024,HOM_COMPLETED,population,0,24659.00,0.00000000,0.0000,0.0000
28084,2024,INJURY,population,17,24659.00,0.00068940,0.6894,68.9403
28084,2024,KIDNAPPING,population,0,24659.00,0.00000000,0.0000,0.0000
28084,2024,OTHER,population,955,24659.00,0.03872825,38.7283,3872.8253
28084,2024,ROBBERY_VIOLENT,population,14,24659.00,0.00056774,0.5677,56.7744
28084,2024,SEXUAL,population,20,24659.00,0.00081106,0.8111,81.1063
28084,2024,THEFT,population,154,24659.00,0.00624518,6.2452,624.5184
28084,2024,VEHICLE_THEFT,population,23,24659.00,0.00093272,0.9327,93.2722
28084,2025,BURGLARY,population,35,25049.00,0.00139726,1.3973,139.7261
28084,2025,DRUG_TRAFFICKING,population,9,25049.00,0.00035930,0.3593,35.9296
28084,2025,HOM_ATTEMPTED,population,2,25049.00,0.00007984,0.0798,7.9844
28084,2025,HOM_COMPLETED,population,0,25049.00,0.00000000,0.0000,0.0000
28084,2025,INJURY,population,18,25049.00,0.00071859,0.7186,71.8592
28084,2025,KIDNAPPING,population,0,25049.00,0.00000000,0.0000,0.0000
28084,2025,OTHER,population,1027,25049.00,0.04099964,40.9996,4099.9641
28084,2025,ROBBERY_VIOLENT,population,8,25049.00,0.00031937,0.3194,31.9374
28084,2025,SEXUAL,population,8,25049.00,0.00031937,0.3194,31.9374
28084,2025,THEFT,population,222,25049.00,0.00886263,8.8626,886.2629
28084,2025,VEHICLE_THEFT,population,23,25049.00,0.00091820,0.9182,91.8200
28092,2019,BURGLARY,population,376,209184.00,0.00179746,1.7975,179.7461
28092,2019,DRUG_TRAFFICKING,population,45,209184.00,0.00021512,0.2151,21.5122
28092,2019,HOM_ATTEMPTED,population,3,209184.00,0.00001434,0.0143,1.4341
28092,2019,HOM_COMPLETED,population,1,209184.00,0.00000478,0.0048,0.4780
28092,2019,INJURY,population,61,209184.00,0.00029161,0.2916,29.1609
28092,2019,KIDNAPPING,population,1,209184.00,0.00000478,0.0048,0.4780
28092,2019,OTHER,population,5320,209184.00,0.02543216,25.4322,2543.2155
28092,2019,ROBBERY_VIOLENT,population,369,209184.00,0.00176400,1.7640,176.3997
28092,2019,SEXUAL,population,44,209184.00,0.00021034,0.2103,21.0341
28092,2019,THEFT,population,2097,209184.00,0.01002467,10.0247,1002.4667
28092,2019,VEHICLE_THEFT,population,221,209184.00,0.00105649,1.0565,105.6486
28092,2020,BURGLARY,population,314,210309.00,0.00149304,1.4930,149.3041
28092,2020,DRUG_TRAFFICKING,population,47,210309.00,0.00022348,0.2235,22.3481
28092,2020,HOM_ATTEMPTED,population,8,210309.00,0.00003804,0.0380,3.8039
28092,2020,HOM_COMPLETED,population,0,210309.00,0.00000000,0.0000,0.0000
28092,2020,INJURY,population,42,210309.00,0.00019971,0.1997,19.9706
28092,2020,KIDNAPPING,population,0,210309.00,0.00000000,0.0000,0.0000
28092,2020,OTHER,population,5050,210309.00,0.02401229,24.0123,2401.2287
28092,2020,ROBBERY_VIOLENT,population,214,210309.00,0.00101755,1.0176,101.7550
28092,2020,SEXUAL,population,46,210309.00,0.00021873,0.2187,21.8726
28092,2020,THEFT,population,1301,210309.00,0.00618614,6.1861,618.6136
28092,2020,VEHICLE_THEFT,population,186,210309.00,0.00088441,0.8844,88.4413
28092,2021,BURGLARY,population,352,209639.00,0.00167908,1.6791,167.9077
28092,2021,DRUG_TRAFFICKING,population,47,209639.00,0.00022419,0.2242,22.4195
28092,2021,HOM_ATTEMPTED,population,3,209639.00,0.00001431,0.0143,1.4310
28092,2021,HOM_COMPLETED,population,0,209639.00,0.00000000,0.0000,0.0000
28092,2021,INJURY,population,46,209639.00,0.00021942,0.2194,21.9425
28092,2021,KIDNAPPING,population,0,209639.00,0.00000000,0.0000,0.0000
28092,2021,OTHER,population,5437,209639.00,0.02593506,25.9351,2593.5060
28092,2021,ROBBERY_VIOLENT,population,227,209639.00,0.00108281,1.0828,108.2814
28092,2021,SEXUAL,population,40,209639.00,0.00019080,0.1908,19.0804
28092,2021,THEFT,population,1514,209639.00,0.00722194,7.2219,722.1939
28092,2021,VEHICLE_THEFT,population,145,209639.00,0.00069167,0.6917,69.1665
28092,2022,BURGLARY,population,350,208761.00,0.00167656,1.6766,167.6558
28092,2022,DRUG_TRAFFICKING,population,46,208761.00,0.00022035,0.2203,22.0348
28092,2022,HOM_ATTEMPTED,population,3,208761.00,0.00001437,0.0144,1.4371
28092,2022,HOM_COMPLETED,population,2,208761.00,0.00000958,0.0096,0.9580
28092,2022,INJURY,population,49,208761.00,0.00023472,0.2347,23.4718
28092,2022,KIDNAPPING,population,1,208761.00,0.00000479,0.0048,0.4790
28092,2022,OTHER,population,5728,208761.00,0.02743808,27.4381,2743.8075
28092,2022,ROBBERY_VIOLENT,population,256,208761.00,0.00122628,1.2263,122.6283
28092,2022,SEXUAL,population,64,208761.00,0.00030657,0.3066,30.6571
28092,2022,THEFT,population,1739,208761.00,0.00833010,8.3301,833.0100
28092,2022,VEHICLE_THEFT,population,190,208761.00,0.00091013,0.9101,91.0132
28092,2023,BURGLARY,population,329,211265.00,0.00155729,1.5573,155.7286
28092,2023,DRUG_TRAFFICKING,population,57,211265.00,0.00026980,0.2698,26.9803
28092,2023,HOM_ATTEMPTED,population,5,211265.00,0.00002367,0.0237,2.3667
28092,2023,HOM_COMPLETED,population,2,211265.00,0.00000947,0.0095,0.9467
28092,2023,INJURY,population,55,211265.00,0.00026034,0.2603,26.0337
28092,2023,KIDNAPPING,population,0,211265.00,0.00000000,0.0000,0.0000
28092,2023,OTHER,population,5978,211265.00,0.02829622,28.2962,2829.6216
28092,2023,ROBBERY_VIOLENT,population,217,211265.00,0.00102715,1.0271,102.7146
28092,2023,SEXUAL,population,54,211265.00,0.00025560,0.2556,25.5603
28092,2023,THEFT,population,1779,211265.00,0.00842070,8.4207,842.0704
28092,2023,VEHICLE_THEFT,population,207,211265.00,0.00097981,0.9798,97.9812
28092,2024,BURGLARY,population,336,214006.00,0.00157005,1.5700,157.0049
28092,2024,DRUG_TRAFFICKING,population,66,214006.00,0.00030840,0.3084,30.8403
28092,2024,HOM_ATTEMPTED,population,5,214006.00,0.00002336,0.0234,2.3364
28092,2024,HOM_COMPLETED,population,0,214006.00,0.00000000,0.0000,0.0000
28092,2024,INJURY,population,74,214006.00,0.00034578,0.3458,34.5785
28092,2024,KIDNAPPING,population,0,214006.00,0.00000000,0.0000,0.0000
28092,2024,OTHER,population,5971,214006.00,0.02790109,27.9011,2790.1087
28092,2024,ROBBERY_VIOLENT,population,201,214006.00,0.00093923,0.9392,93.9226
28092,2024,SEXUAL,population,57,214006.00,0.00026635,0.2663,26.6348
28092,2024,THEFT,population,1732,214006.00,0.00809323,8.0932,809.3231
28092,2024,VEHICLE_THEFT,population,166,214006.00,0.00077568,0.7757,77.5679
28092,2025,BURGLARY,population,271,214817.00,0.00126154,1.2615,126.1539
28092,2025,DRUG_TRAFFICKING,population,83,214817.00,0.00038638,0.3864,38.6375
28092,2025,HOM_ATTEMPTED,population,0,214817.00,0.00000000,0.0000,0.0000
28092,2025,HOM_COMPLETED,population,0,214817.00,0.00000000,0.0000,0.0000
28092,2025,INJURY,population,62,214817.00,0.00028862,0.2886,28.8618
28092,2025,KIDNAPPING,population,0,214817.00,0.00000000,0.0000,0.0000
28092,2025,OTHER,population,5627,214817.00,0.02619439,26.1944,2619.4389
28092,2025,ROBBERY_VIOLENT,population,138,214817.00,0.00064241,0.6424,64.2407
28092,2025,SEXUAL,population,71,214817.00,0.00033051,0.3305,33.0514
28092,2025,THEFT,population,1728,214817.00,0.00804406,8.0441,804.4056
28092,2025,VEHICLE_THEFT,population,171,214817.00,0.00079603,0.7960,79.6026
28096,2019,BURGLARY,population,87,29298.00,0.00296949,2.9695,296.9486
28096,2019,DRUG_TRAFFICKING,population,14,29298.00,0.00047785,0.4778,47.7848
28096,2019,HOM_ATTEMPTED,population,0,29298.00,0.00000000,0.0000,0.0000
28096,2019,HOM_COMPLETED,population,0,29298.00,0.00000000,0.0000,0.0000
28096,2019,INJURY,population,5,29298.00,0.00017066,0.1707,17.0660
28096,2019,KIDNAPPING,population,0,29298.00,0.00000000,0.0000,0.0000
28096,2019,OTHER,population,812,29298.00,0.02771520,27.7152,2771.5202
28096,2019,ROBBERY_VIOLENT,population,9,29298.00,0.00030719,0.3072,30.7188
28096,2019,SEXUAL,population,13,29298.00,0.00044372,0.4437,44.3716
28096,2019,THEFT,population,190,29298.00,0.00648508,6.4851,648.5084
28096,2019,VEHICLE_THEFT,population,25,29298.00,0.00085330,0.8533,85.3301
28096,2020,BURGLARY,population,47,29985.00,0.00156745,1.5675,156.7450
28096,2020,DRUG_TRAFFICKING,population,7,29985.00,0.00023345,0.2335,23.3450
28096,2020,HOM_ATTEMPTED,population,2,29985.00,0.00006670,0.0667,6.6700
28096,2020,HOM_COMPLETED,population,0,29985.00,0.00000000,0.0000,0.0000
28096,2020,INJURY,population,6,29985.00,0.00020010,0.2001,20.0100
28096,2020,KIDNAPPING,population,0,29985.00,0.00000000,0.0000,0.0000
28096,2020,OTHER,population,858,29985.00,0.02861431,28.6143,2861.4307
28096,2020,ROBBERY_VIOLENT,population,11,29985.00,0.00036685,0.3669,36.6850
28096,2020,SEXUAL,population,4,29985.00,0.00013340,0.1334,13.3400
28096,2020,THEFT,population,173,29985.00,0.00576955,5.7696,576.9551
28096,2020,VEHICLE_THEFT,population,23,29985.00,0.00076705,0.7671,76.7050
28096,2021,BURGLARY,population,69,30695.00,0.00224792,2.2479,224.7923
28096,2021,DRUG_TRAFFICKING,population,11,30695.00,0.00035836,0.3584,35.8365
28096,2021,HOM_ATTEMPTED,population,0,30695.00,0.00000000,0.0000,0.0000
28096,2021,HOM_COMPLETED,population,0,30695.00,0.00000000,0.0000,0.0000
28096,2021,INJURY,population,5,30695.00,0.00016289,0.1629,16.2893
28096,2021,KIDNAPPING,population,0,30695.00,0.00000000,0.0000,0.0000
28096,2021,OTHER,population,877,30695.00,0.02857143,28.5714,2857.1429
28096,2021,ROBBERY_VIOLENT,population,18,30695.00,0.00058641,0.5864,58.6415
28096,2021,SEXUAL,population,7,30695.00,0.00022805,0.2281,22.8050
28096,2021,THEFT,population,188,30695.00,0.00612478,6.1248,612.4776
28096,2021,VEHICLE_THEFT,population,25,30695.00,0.00081446,0.8145,81.4465
28096,2022,BURGLARY,population,82,31379.00,0.00261321,2.6132,261.3213
28096,2022,DRUG_TRAFFICKING,population,14,31379.00,0.00044616,0.4462,44.6158
28096,2022,HOM_ATTEMPTED,population,2,31379.00,0.00006374,0.0637,6.3737
28096,2022,HOM_COMPLETED,population,0,31379.00,0.00000000,0.0000,0.0000
28096,2022,INJURY,population,10,31379.00,0.00031868,0.3187,31.8684
28096,2022,KIDNAPPING,population,0,31379.00,0.00000000,0.0000,0.0000
28096,2022,OTHER,population,1076,31379.00,0.03429045,34.2904,3429.0449
28096,2022,ROBBERY_VIOLENT,population,27,31379.00,0.00086045,0.8604,86.0448
28096,2022,SEXUAL,population,8,31379.00,0.00025495,0.2549,25.4948
28096,2022,THEFT,population,240,31379.00,0.00764843,7.6484,764.8427
28096,2022,VEHICLE_THEFT,population,40,31379.00,0.00127474,1.2747,127.4738
28096,2023,BURGLARY,population,55,31974.00,0.00172015,1.7201,172.0148
28096,2023,DRUG_TRAFFICKING,population,13,31974.00,0.00040658,0.4066,40.6580
28096,2023,HOM_ATTEMPTED,population,1,31974.00,0.00003128,0.0313,3.1275
28096,2023,HOM_COMPLETED,population,0,31974.00,0.00000000,0.0000,0.0000
28096,2023,INJURY,population,13,31974.00,0.00040658,0.4066,40.6580
28096,2023,KIDNAPPING,population,0,31974.00,0.00000000,0.0000,0.0000
28096,2023,OTHER,population,1171,31974.00,0.03662351,36.6235,3662.3507
28096,2023,ROBBERY_VIOLENT,population,14,31974.00,0.00043786,0.4379,43.7856
28096,2023,SEXUAL,population,17,31974.00,0.00053168,0.5317,53.1682
28096,2023,THEFT,population,237,31974.00,0.00741227,7.4123,741.2272
28096,2023,VEHICLE_THEFT,population,37,31974.00,0.00115719,1.1572,115.7190
28096,2024,BURGLARY,population,50,32683.00,0.00152985,1.5298,152.9847
28096,2024,DRUG_TRAFFICKING,population,13,32683.00,0.00039776,0.3978,39.7760
28096,2024,HOM_ATTEMPTED,population,0,32683.00,0.00000000,0.0000,0.0000
28096,2024,HOM_COMPLETED,population,1,32683.00,0.00003060,0.0306,3.0597
28096,2024,INJURY,population,5,32683.00,0.00015298,0.1530,15.2985
28096,2024,KIDNAPPING,population,0,32683.00,0.00000000,0.0000,0.0000
28096,2024,OTHER,population,1090,32683.00,0.03335067,33.3507,3335.0672
28096,2024,ROBBERY_VIOLENT,population,15,32683.00,0.00045895,0.4590,45.8954
28096,2024,SEXUAL,population,11,32683.00,0.00033657,0.3366,33.6566
28096,2024,THEFT,population,283,32683.00,0.00865894,8.6589,865.8936
28096,2024,VEHICLE_THEFT,population,37,32683.00,0.00113209,1.1321,113.2087
28096,2025,BURGLARY,population,62,33331.00,0.00186013,1.8601,186.0130
28096,2025,DRUG_TRAFFICKING,population,12,33331.00,0.00036003,0.3600,36.0025
28096,2025,HOM_ATTEMPTED,population,0,33331.00,0.00000000,0.0000,0.0000
28096,2025,HOM_COMPLETED,population,0,33331.00,0.00000000,0.0000,0.0000
28096,2025,INJURY,population,10,33331.00,0.00030002,0.3000,30.0021
28096,2025,KIDNAPPING,population,0,33331.00,0.00000000,0.0000,0.0000
28096,2025,OTHER,population,1057,33331.00,0.03171222,31.7122,3171.2220
28096,2025,ROBBERY_VIOLENT,population,13,33331.00,0.00039003,0.3900,39.0027
28096,2025,SEXUAL,population,15,33331.00,0.00045003,0.4500,45.0032
28096,2025,THEFT,population,283,33331.00,0.00849059,8.4906,849.0594
28096,2025,VEHICLE_THEFT,population,48,33331.00,0.00144010,1.4401,144.0101
28104,2019,BURGLARY,population,89,25269.00,0.00352210,3.5221,352.2102
28104,2019,DRUG_TRAFFICKING,population,2,25269.00,0.00007915,0.0791,7.9148
28104,2019,HOM_ATTEMPTED,population,0,25269.00,0.00000000,0.0000,0.0000
28104,2019,HOM_COMPLETED,population,0,25269.00,0.00000000,0.0000,0.0000
28104,2019,INJURY,population,4,25269.00,0.00015830,0.1583,15.8297
28104,2019,KIDNAPPING,population,1,25269.00,0.00003957,0.0396,3.9574
28104,2019,OTHER,population,688,25269.00,0.02722704,27.2270,2722.7037
28104,2019,ROBBERY_VIOLENT,population,13,25269.00,0.00051446,0.5145,51.4464
28104,2019,SEXUAL,population,2,25269.00,0.00007915,0.0791,7.9148
28104,2019,THEFT,population,133,25269.00,0.00526337,5.2634,526.3366
28104,2019,VEHICLE_THEFT,population,39,25269.00,0.00154339,1.5434,154.3393
28104,2020,BURGLARY,population,51,25917.00,0.00196782,1.9678,196.7820
28104,2020,DRUG_TRAFFICKING,population,3,25917.00,0.00011575,0.1158,11.5754
28104,2020,HOM_ATTEMPTED,population,0,25917.00,0.00000000,0.0000,0.0000
28104,2020,HOM_COMPLETED,population,0,25917.00,0.00000000,0.0000,0.0000
28104,2020,INJURY,population,5,25917.00,0.00019292,0.1929,19.2924
28104,2020,KIDNAPPING,population,0,25917.00,0.00000000,0.0000,0.0000
28104,2020,OTHER,population,580,25917.00,0.02237913,22.3791,2237.9133
28104,2020,ROBBERY_VIOLENT,population,14,25917.00,0.00054019,0.5402,54.0186
28104,2020,SEXUAL,population,5,25917.00,0.00019292,0.1929,19.2924
28104,2020,THEFT,population,80,25917.00,0.00308678,3.0868,308.6777
28104,2020,VEHICLE_THEFT,population,20,25917.00,0.00077169,0.7717,77.1694
28104,2021,BURGLARY,population,39,26235.00,0.00148656,1.4866,148.6564
28104,2021,DRUG_TRAFFICKING,population,5,26235.00,0.00019059,0.1906,19.0585
28104,2021,HOM_ATTEMPTED,population,0,26235.00,0.00000000,0.0000,0.0000
28104,2021,HOM_COMPLETED,population,0,26235.00,0.00000000,0.0000,0.0000
28104,2021,INJURY,population,7,26235.00,0.00026682,0.2668,26.6819
28104,2021,KIDNAPPING,population,0,26235.00,0.00000000,0.0000,0.0000
28104,2021,OTHER,population,676,26235.00,0.02576711,25.7671,2576.7105
28104,2021,ROBBERY_VIOLENT,population,14,26235.00,0.00053364,0.5336,53.3638
28104,2021,SEXUAL,population,6,26235.00,0.00022870,0.2287,22.8702
28104,2021,THEFT,population,122,26235.00,0.00465028,4.6503,465.0276
28104,2021,VEHICLE_THEFT,population,19,26235.00,0.00072422,0.7242,72.4223
28104,2022,BURGLARY,population,46,26450.00,0.00173913,1.7391,173.9130
28104,2022,DRUG_TRAFFICKING,population,3,26450.00,0.00011342,0.1134,11.3422
28104,2022,HOM_ATTEMPTED,population,0,26450.00,0.00000000,0.0000,0.0000
28104,2022,HOM_COMPLETED,population,0,26450.00,0.00000000,0.0000,0.0000
28104,2022,INJURY,population,8,26450.00,0.00030246,0.3025,30.2457
28104,2022,KIDNAPPING,population,0,26450.00,0.00000000,0.0000,0.0000
28104,2022,OTHER,population,677,26450.00,0.02559546,25.5955,2559.5463
28104,2022,ROBBERY_VIOLENT,population,15,26450.00,0.00056711,0.5671,56.7108
28104,2022,SEXUAL,population,10,26450.00,0.00037807,0.3781,37.8072
28104,2022,THEFT,population,177,26450.00,0.00669187,6.6919,669.1871
28104,2022,VEHICLE_THEFT,population,24,26450.00,0.00090737,0.9074,90.7372
28104,2023,BURGLARY,population,67,27000.00,0.00248148,2.4815,248.1481
28104,2023,DRUG_TRAFFICKING,population,4,27000.00,0.00014815,0.1481,14.8148
28104,2023,HOM_ATTEMPTED,population,0,27000.00,0.00000000,0.0000,0.0000
28104,2023,HOM_COMPLETED,population,0,27000.00,0.00000000,0.0000,0.0000
28104,2023,INJURY,population,7,27000.00,0.00025926,0.2593,25.9259
28104,2023,KIDNAPPING,population,0,27000.00,0.00000000,0.0000,0.0000
28104,2023,OTHER,population,841,27000.00,0.03114815,31.1481,3114.8148
28104,2023,ROBBERY_VIOLENT,population,14,27000.00,0.00051852,0.5185,51.8519
28104,2023,SEXUAL,population,16,27000.00,0.00059259,0.5926,59.2593
28104,2023,THEFT,population,119,27000.00,0.00440741,4.4074,440.7407
28104,2023,VEHICLE_THEFT,population,27,27000.00,0.00100000,1.0000,100.0000
28104,2024,BURGLARY,population,48,27238.00,0.00176224,1.7622,176.2244
28104,2024,DRUG_TRAFFICKING,population,9,27238.00,0.00033042,0.3304,33.0421
28104,2024,HOM_ATTEMPTED,population,1,27238.00,0.00003671,0.0367,3.6713
28104,2024,HOM_COMPLETED,population,0,27238.00,0.00000000,0.0000,0.0000
28104,2024,INJURY,population,4,27238.00,0.00014685,0.1469,14.6854
28104,2024,KIDNAPPING,population,0,27238.00,0.00000000,0.0000,0.0000
28104,2024,OTHER,population,825,27238.00,0.03028857,30.2886,3028.8567
28104,2024,ROBBERY_VIOLENT,population,6,27238.00,0.00022028,0.2203,22.0280
28104,2024,SEXUAL,population,7,27238.00,0.00025699,0.2570,25.6994
28104,2024,THEFT,population,109,27238.00,0.00400176,4.0018,400.1762
28104,2024,VEHICLE_THEFT,population,38,27238.00,0.00139511,1.3951,139.5110
28104,2025,BURGLARY,population,56,27650.00,0.00202532,2.0253,202.5316
28104,2025,DRUG_TRAFFICKING,population,0,27650.00,0.00000000,0.0000,0.0000
28104,2025,HOM_ATTEMPTED,population,1,27650.00,0.00003617,0.0362,3.6166
28104,2025,HOM_COMPLETED,population,0,27650.00,0.00000000,0.0000,0.0000
28104,2025,INJURY,population,3,27650.00,0.00010850,0.1085,10.8499
28104,2025,KIDNAPPING,population,0,27650.00,0.00000000,0.0000,0.0000
28104,2025,OTHER,population,810,27650.00,0.02929476,29.2948,2929.4756
28104,2025,ROBBERY_VIOLENT,population,8,27650.00,0.00028933,0.2893,28.9331
28104,2025,SEXUAL,population,16,27650.00,0.00057866,0.5787,57.8662
28104,2025,THEFT,population,125,27650.00,0.00452080,4.5208,452.0796
28104,2025,VEHICLE_THEFT,population,24,27650.00,0.00086799,0.8680,86.7993
28106,2019,BURGLARY,population,190,130124.00,0.00146015,1.4601,146.0146
28106,2019,DRUG_TRAFFICKING,population,20,130124.00,0.00015370,0.1537,15.3700
28106,2019,HOM_ATTEMPTED,population,1,130124.00,0.00000768,0.0077,0.7685
28106,2019,HOM_COMPLETED,population,1,130124.00,0.00000768,0.0077,0.7685
28106,2019,INJURY,population,21,130124.00,0.00016138,0.1614,16.1385
28106,2019,KIDNAPPING,population,0,130124.00,0.00000000,0.0000,0.0000
28106,2019,OTHER,population,3744,130124.00,0.02877256,28.7726,2877.2555
28106,2019,ROBBERY_VIOLENT,population,414,130124.00,0.00318158,3.1816,318.1581
28106,2019,SEXUAL,population,38,130124.00,0.00029203,0.2920,29.2029
28106,2019,THEFT,population,1597,130124.00,0.01227291,12.2729,1227.2909
28106,2019,VEHICLE_THEFT,population,139,130124.00,0.00106821,1.0682,106.8212
28106,2020,BURGLARY,population,155,133482.00,0.00116121,1.1612,116.1205
28106,2020,DRUG_TRAFFICKING,population,19,133482.00,0.00014234,0.1423,14.2341
28106,2020,HOM_ATTEMPTED,population,1,133482.00,0.00000749,0.0075,0.7492
28106,2020,HOM_COMPLETED,population,1,133482.00,0.00000749,0.0075,0.7492
28106,2020,INJURY,population,32,133482.00,0.00023973,0.2397,23.9733
28106,2020,KIDNAPPING,population,1,133482.00,0.00000749,0.0075,0.7492
28106,2020,OTHER,population,3447,133482.00,0.02582371,25.8237,2582.3707
28106,2020,ROBBERY_VIOLENT,population,281,133482.00,0.00210515,2.1052,210.5153
28106,2020,SEXUAL,population,36,133482.00,0.00026970,0.2697,26.9699
28106,2020,THEFT,population,1239,133482.00,0.00928215,9.2822,928.2150
28106,2020,VEHICLE_THEFT,population,109,133482.00,0.00081659,0.8166,81.6590
28106,2021,BURGLARY,population,144,131689.00,0.00109349,1.0935,109.3485
28106,2021,DRUG_TRAFFICKING,population,31,131689.00,0.00023540,0.2354,23.5403
28106,2021,HOM_ATTEMPTED,population,0,131689.00,0.00000000,0.0000,0.0000
28106,2021,HOM_COMPLETED,population,3,131689.00,0.00002278,0.0228,2.2781
28106,2021,INJURY,population,42,131689.00,0.00031893,0.3189,31.8933
28106,2021,KIDNAPPING,population,0,131689.00,0.00000000,0.0000,0.0000
28106,2021,OTHER,population,3440,131689.00,0.02612215,26.1222,2612.2151
28106,2021,ROBBERY_VIOLENT,population,316,131689.00,0.00239959,2.3996,239.9593
28106,2021,SEXUAL,population,56,131689.00,0.00042524,0.4252,42.5244
28106,2021,THEFT,population,1316,131689.00,0.00999324,9.9932,999.3242
28106,2021,VEHICLE_THEFT,population,75,131689.00,0.00056952,0.5695,56.9524
28106,2022,BURGLARY,population,190,130577.00,0.00145508,1.4551,145.5080
28106,2022,DRUG_TRAFFICKING,population,17,130577.00,0.00013019,0.1302,13.0191
28106,2022,HOM_ATTEMPTED,population,2,130577.00,0.00001532,0.0153,1.5317
28106,2022,HOM_COMPLETED,population,1,130577.00,0.00000766,0.0077,0.7658
28106,2022,INJURY,population,42,130577.00,0.00032165,0.3216,32.1649
28106,2022,KIDNAPPING,population,1,130577.00,0.00000766,0.0077,0.7658
28106,2022,OTHER,population,3951,130577.00,0.03025801,30.2580,3025.8009
28106,2022,ROBBERY_VIOLENT,population,382,130577.00,0.00292548,2.9255,292.5477
28106,2022,SEXUAL,population,47,130577.00,0.00035994,0.3599,35.9941
28106,2022,THEFT,population,1558,130577.00,0.01193166,11.9317,1193.1657
28106,2022,VEHICLE_THEFT,population,91,130577.00,0.00069691,0.6969,69.6907
28106,2023,BURGLARY,population,173,133004.00,0.00130071,1.3007,130.0713
28106,2023,DRUG_TRAFFICKING,population,25,133004.00,0.00018796,0.1880,18.7964
28106,2023,HOM_ATTEMPTED,population,3,133004.00,0.00002256,0.0226,2.2556
28106,2023,HOM_COMPLETED,population,0,133004.00,0.00000000,0.0000,0.0000
28106,2023,INJURY,population,42,133004.00,0.00031578,0.3158,31.5780
28106,2023,KIDNAPPING,population,0,133004.00,0.00000000,0.0000,0.0000
28106,2023,OTHER,population,4252,133004.00,0.03196896,31.9690,3196.8963
28106,2023,ROBBERY_VIOLENT,population,273,133004.00,0.00205257,2.0526,205.2570
28106,2023,SEXUAL,population,40,133004.00,0.00030074,0.3007,30.0743
28106,2023,THEFT,population,1634,133004.00,0.01228534,12.2853,1228.5345
28106,2023,VEHICLE_THEFT,population,85,133004.00,0.00063908,0.6391,63.9079
28106,2024,BURGLARY,population,339,134833.00,0.00251422,2.5142,251.4221
28106,2024,DRUG_TRAFFICKING,population,25,134833.00,0.00018541,0.1854,18.5415
28106,2024,HOM_ATTEMPTED,population,9,134833.00,0.00006675,0.0667,6.6749
28106,2024,HOM_COMPLETED,population,1,134833.00,0.00000742,0.0074,0.7417
28106,2024,INJURY,population,69,134833.00,0.00051174,0.5117,51.1744
28106,2024,KIDNAPPING,population,0,134833.00,0.00000000,0.0000,0.0000
28106,2024,OTHER,population,4944,134833.00,0.03666758,36.6676,3666.7581
28106,2024,ROBBERY_VIOLENT,population,415,134833.00,0.00307788,3.0779,307.7882
28106,2024,SEXUAL,population,64,134833.00,0.00047466,0.4747,47.4661
28106,2024,THEFT,population,1738,134833.00,0.01289002,12.8900,1289.0020
28106,2024,VEHICLE_THEFT,population,97,134833.00,0.00071941,0.7194,71.9408
28106,2025,BURGLARY,population,264,137471.00,0.00192041,1.9204,192.0405
28106,2025,DRUG_TRAFFICKING,population,37,137471.00,0.00026915,0.2691,26.9148
28106,2025,HOM_ATTEMPTED,population,6,137471.00,0.00004365,0.0436,4.3646
28106,2025,HOM_COMPLETED,population,2,137471.00,0.00001455,0.0145,1.4549
28106,2025,INJURY,population,53,137471.00,0.00038554,0.3855,38.5536
28106,2025,KIDNAPPING,population,0,137471.00,0.00000000,0.0000,0.0000
28106,2025,OTHER,population,4247,137471.00,0.03089379,30.8938,3089.3789
28106,2025,ROBBERY_VIOLENT,population,370,137471.00,0.00269148,2.6915,269.1477
28106,2025,SEXUAL,population,54,137471.00,0.00039281,0.3928,39.2810
28106,2025,THEFT,population,1734,137471.00,0.01261357,12.6136,1261.3569
28106,2025,VEHICLE_THEFT,population,96,137471.00,0.00069833,0.6983,69.8329
28113,2019,BURGLARY,population,157,52526.00,0.00298900,2.9890,298.8996
28113,2019,DRUG_TRAFFICKING,population,10,52526.00,0.00019038,0.1904,19.0382
28113,2019,HOM_ATTEMPTED,population,0,52526.00,0.00000000,0.0000,0.0000
28113,2019,HOM_COMPLETED,population,0,52526.00,0.00000000,0.0000,0.0000
28113,2019,INJURY,population,18,52526.00,0.00034269,0.3427,34.2687
28113,2019,KIDNAPPING,population,0,52526.00,0.00000000,0.0000,0.0000
28113,2019,OTHER,population,1654,52526.00,0.03148917,31.4892,3148.9167
28113,2019,ROBBERY_VIOLENT,population,97,52526.00,0.00184670,1.8467,184.6704
28113,2019,SEXUAL,population,8,52526.00,0.00015231,0.1523,15.2306
28113,2019,THEFT,population,731,52526.00,0.01391692,13.9169,1391.6917
28113,2019,VEHICLE_THEFT,population,24,52526.00,0.00045692,0.4569,45.6917
28113,2020,BURGLARY,population,79,53325.00,0.00148148,1.4815,148.1481
28113,2020,DRUG_TRAFFICKING,population,9,53325.00,0.00016878,0.1688,16.8776
28113,2020,HOM_ATTEMPTED,population,0,53325.00,0.00000000,0.0000,0.0000
28113,2020,HOM_COMPLETED,population,0,53325.00,0.00000000,0.0000,0.0000
28113,2020,INJURY,population,13,53325.00,0.00024379,0.2438,24.3788
28113,2020,KIDNAPPING,population,0,53325.00,0.00000000,0.0000,0.0000
28113,2020,OTHER,population,1412,53325.00,0.02647914,26.4791,2647.9137
28113,2020,ROBBERY_VIOLENT,population,64,53325.00,0.00120019,1.2002,120.0188
28113,2020,SEXUAL,population,10,53325.00,0.00018753,0.1875,18.7529
28113,2020,THEFT,population,479,53325.00,0.00898265,8.9827,898.2654
28113,2020,VEHICLE_THEFT,population,23,53325.00,0.00043132,0.4313,43.1317
28113,2021,BURGLARY,population,66,53537.00,0.00123279,1.2328,123.2792
28113,2021,DRUG_TRAFFICKING,population,24,53537.00,0.00044829,0.4483,44.8288
28113,2021,HOM_ATTEMPTED,population,0,53537.00,0.00000000,0.0000,0.0000
28113,2021,HOM_COMPLETED,population,0,53537.00,0.00000000,0.0000,0.0000
28113,2021,INJURY,population,13,53537.00,0.00024282,0.2428,24.2823
28113,2021,KIDNAPPING,population,0,53537.00,0.00000000,0.0000,0.0000
28113,2021,OTHER,population,1481,53537.00,0.02766311,27.6631,2766.3111
28113,2021,ROBBERY_VIOLENT,population,99,53537.00,0.00184919,1.8492,184.9188
28113,2021,SEXUAL,population,18,53537.00,0.00033622,0.3362,33.6216
28113,2021,THEFT,population,618,53537.00,0.01154342,11.5434,1154.3419
28113,2021,VEHICLE_THEFT,population,38,53537.00,0.00070979,0.7098,70.9789
28113,2022,BURGLARY,population,128,54088.00,0.00236651,2.3665,236.6514
28113,2022,DRUG_TRAFFICKING,population,20,54088.00,0.00036977,0.3698,36.9768
28113,2022,HOM_ATTEMPTED,population,1,54088.00,0.00001849,0.0185,1.8488
28113,2022,HOM_COMPLETED,population,0,54088.00,0.00000000,0.0000,0.0000
28113,2022,INJURY,population,24,54088.00,0.00044372,0.4437,44.3721
28113,2022,KIDNAPPING,population,0,54088.00,0.00000000,0.0000,0.0000
28113,2022,OTHER,population,1742,54088.00,0.03220677,32.2068,3220.6774
28113,2022,ROBBERY_VIOLENT,population,64,54088.00,0.00118326,1.1833,118.3257
28113,2022,SEXUAL,population,25,54088.00,0.00046221,0.4622,46.2210
28113,2022,THEFT,population,871,54088.00,0.01610339,16.1034,1610.3387
28113,2022,VEHICLE_THEFT,population,23,54088.00,0.00042523,0.4252,42.5233
28113,2023,BURGLARY,population,123,55208.00,0.00222794,2.2279,222.7938
28113,2023,DRUG_TRAFFICKING,population,20,55208.00,0.00036227,0.3623,36.2266
28113,2023,HOM_ATTEMPTED,population,3,55208.00,0.00005434,0.0543,5.4340
28113,2023,HOM_COMPLETED,population,0,55208.00,0.00000000,0.0000,0.0000
28113,2023,INJURY,population,33,55208.00,0.00059774,0.5977,59.7739
28113,2023,KIDNAPPING,population,0,55208.00,0.00000000,0.0000,0.0000
28113,2023,OTHER,population,2053,55208.00,0.03718664,37.1866,3718.6640
28113,2023,ROBBERY_VIOLENT,population,46,55208.00,0.00083321,0.8332,83.3213
28113,2023,SEXUAL,population,21,55208.00,0.00038038,0.3804,38.0380
28113,2023,THEFT,population,786,55208.00,0.01423707,14.2371,1423.7067
28113,2023,VEHICLE_THEFT,population,17,55208.00,0.00030793,0.3079,30.7926
28113,2024,BURGLARY,population,118,56003.00,0.00210703,2.1070,210.7030
28113,2024,DRUG_TRAFFICKING,population,26,56003.00,0.00046426,0.4643,46.4261
28113,2024,HOM_ATTEMPTED,population,2,56003.00,0.00003571,0.0357,3.5712
28113,2024,HOM_COMPLETED,population,0,56003.00,0.00000000,0.0000,0.0000
28113,2024,INJURY,population,24,56003.00,0.00042855,0.4285,42.8548
28113,2024,KIDNAPPING,population,1,56003.00,0.00001786,0.0179,1.7856
28113,2024,OTHER,population,2087,56003.00,0.03726586,37.2659,3726.5861
28113,2024,ROBBERY_VIOLENT,population,57,56003.00,0.00101780,1.0178,101.7803
28113,2024,SEXUAL,population,22,56003.00,0.00039284,0.3928,39.2836
28113,2024,THEFT,population,646,56003.00,0.01153510,11.5351,1153.5096
28113,2024,VEHICLE_THEFT,population,26,56003.00,0.00046426,0.4643,46.4261
28113,2025,BURGLARY,population,64,56651.00,0.00112972,1.1297,112.9724
28113,2025,DRUG_TRAFFICKING,population,23,56651.00,0.00040599,0.4060,40.5995
28113,2025,HOM_ATTEMPTED,population,1,56651.00,0.00001765,0.0177,1.7652
28113,2025,HOM_COMPLETED,population,0,56651.00,0.00000000,0.0000,0.0000
28113,2025,INJURY,population,26,56651.00,0.00045895,0.4590,45.8950
28113,2025,KIDNAPPING,population,0,56651.00,0.00000000,0.0000,0.0000
28113,2025,OTHER,population,1998,56651.00,0.03526857,35.2686,3526.8574
28113,2025,ROBBERY_VIOLENT,population,37,56651.00,0.00065312,0.6531,65.3122
28113,2025,SEXUAL,population,21,56651.00,0.00037069,0.3707,37.0691
28113,2025,THEFT,population,628,56651.00,0.01108542,11.0854,1108.5418
28113,2025,VEHICLE_THEFT,population,29,56651.00,0.00051191,0.5119,51.1906
28115,2019,BURGLARY,population,184,86422.00,0.00212909,2.1291,212.9088
28115,2019,DRUG_TRAFFICKING,population,12,86422.00,0.00013885,0.1389,13.8854
28115,2019,HOM_ATTEMPTED,population,1,86422.00,0.00001157,0.0116,1.1571
28115,2019,HOM_COMPLETED,population,0,86422.00,0.00000000,0.0000,0.0000
28115,2019,INJURY,population,13,86422.00,0.00015042,0.1504,15.0425
28115,2019,KIDNAPPING,population,0,86422.00,0.00000000,0.0000,0.0000
28115,2019,OTHER,population,2224,86422.00,0.02573419,25.7342,2573.4188
28115,2019,ROBBERY_VIOLENT,population,76,86422.00,0.00087941,0.8794,87.9406
28115,2019,SEXUAL,population,14,86422.00,0.00016200,0.1620,16.1996
28115,2019,THEFT,population,1049,86422.00,0.01213811,12.1381,1213.8113
28115,2019,VEHICLE_THEFT,population,91,86422.00,0.00105297,1.0530,105.2973
28115,2020,BURGLARY,population,96,87165.00,0.00110136,1.1014,110.1359
28115,2020,DRUG_TRAFFICKING,population,17,87165.00,0.00019503,0.1950,19.5032
28115,2020,HOM_ATTEMPTED,population,0,87165.00,0.00000000,0.0000,0.0000
28115,2020,HOM_COMPLETED,population,0,87165.00,0.00000000,0.0000,0.0000
28115,2020,INJURY,population,21,87165.00,0.00024092,0.2409,24.0922
28115,2020,KIDNAPPING,population,0,87165.00,0.00000000,0.0000,0.0000
28115,2020,OTHER,population,1597,87165.00,0.01832157,18.3216,1832.1574
28115,2020,ROBBERY_VIOLENT,population,70,87165.00,0.00080307,0.8031,80.3075
28115,2020,SEXUAL,population,20,87165.00,0.00022945,0.2294,22.9450
28115,2020,THEFT,population,757,87165.00,0.00868468,8.6847,868.4678
28115,2020,VEHICLE_THEFT,population,86,87165.00,0.00098663,0.9866,98.6635
28115,2021,BURGLARY,population,90,87134.00,0.00103289,1.0329,103.2892
28115,2021,DRUG_TRAFFICKING,population,16,87134.00,0.00018363,0.1836,18.3625
28115,2021,HOM_ATTEMPTED,population,0,87134.00,0.00000000,0.0000,0.0000
28115,2021,HOM_COMPLETED,population,2,87134.00,0.00002295,0.0230,2.2953
28115,2021,INJURY,population,14,87134.00,0.00016067,0.1607,16.0672
28115,2021,KIDNAPPING,population,0,87134.00,0.00000000,0.0000,0.0000
28115,2021,OTHER,population,1336,87134.00,0.01533271,15.3327,1533.2706
28115,2021,ROBBERY_VIOLENT,population,63,87134.00,0.00072302,0.7230,72.3024
28115,2021,SEXUAL,population,10,87134.00,0.00011477,0.1148,11.4766
28115,2021,THEFT,population,861,87134.00,0.00988133,9.8813,988.1332
28115,2021,VEHICLE_THEFT,population,77,87134.00,0.00088370,0.8837,88.3696
28115,2022,BURGLARY,population,81,87728.00,0.00092331,0.9233,92.3308
28115,2022,DRUG_TRAFFICKING,population,9,87728.00,0.00010259,0.1026,10.2590
28115,2022,HOM_ATTEMPTED,population,1,87728.00,0.00001140,0.0114,1.1399
28115,2022,HOM_COMPLETED,population,1,87728.00,0.00001140,0.0114,1.1399
28115,2022,INJURY,population,21,87728.00,0.00023938,0.2394,23.9376
28115,2022,KIDNAPPING,population,1,87728.00,0.00001140,0.0114,1.1399
28115,2022,OTHER,population,1486,87728.00,0.01693872,16.9387,1693.8720
28115,2022,ROBBERY_VIOLENT,population,57,87728.00,0.00064974,0.6497,64.9736
28115,2022,SEXUAL,population,12,87728.00,0.00013679,0.1368,13.6786
28115,2022,THEFT,population,920,87728.00,0.01048696,10.4870,1048.6960
28115,2022,VEHICLE_THEFT,population,79,87728.00,0.00090051,0.9005,90.0511
28115,2023,BURGLARY,population,106,88784.00,0.00119391,1.1939,119.3909
28115,2023,DRUG_TRAFFICKING,population,21,88784.00,0.00023653,0.2365,23.6529
28115,2023,HOM_ATTEMPTED,population,0,88784.00,0.00000000,0.0000,0.0000
28115,2023,HOM_COMPLETED,population,0,88784.00,0.00000000,0.0000,0.0000
28115,2023,INJURY,population,23,88784.00,0.00025906,0.2591,25.9056
28115,2023,KIDNAPPING,population,0,88784.00,0.00000000,0.0000,0.0000
28115,2023,OTHER,population,1435,88784.00,0.01616282,16.1628,1616.2822
28115,2023,ROBBERY_VIOLENT,population,33,88784.00,0.00037169,0.3717,37.1689
28115,2023,SEXUAL,population,13,88784.00,0.00014642,0.1464,14.6423
28115,2023,THEFT,population,711,88784.00,0.00800820,8.0082,800.8200
28115,2023,VEHICLE_THEFT,population,70,88784.00,0.00078843,0.7884,78.8430
28115,2024,BURGLARY,population,110,89378.00,0.00123073,1.2307,123.0728
28115,2024,DRUG_TRAFFICKING,population,7,89378.00,0.00007832,0.0783,7.8319
28115,2024,HOM_ATTEMPTED,population,0,89378.00,0.00000000,0.0000,0.0000
28115,2024,HOM_COMPLETED,population,0,89378.00,0.00000000,0.0000,0.0000
28115,2024,INJURY,population,29,89378.00,0.00032446,0.3245,32.4465
28115,2024,KIDNAPPING,population,0,89378.00,0.00000000,0.0000,0.0000
28115,2024,OTHER,population,1520,89378.00,0.01700642,17.0064,1700.6422
28115,2024,ROBBERY_VIOLENT,population,20,89378.00,0.00022377,0.2238,22.3769
28115,2024,SEXUAL,population,10,89378.00,0.00011188,0.1119,11.1884
28115,2024,THEFT,population,652,89378.00,0.00729486,7.2949,729.4860
28115,2024,VEHICLE_THEFT,population,64,89378.00,0.00071606,0.7161,71.6060
28115,2025,BURGLARY,population,82,89770.00,0.00091345,0.9134,91.3445
28115,2025,DRUG_TRAFFICKING,population,1,89770.00,0.00001114,0.0111,1.1140
28115,2025,HOM_ATTEMPTED,population,0,89770.00,0.00000000,0.0000,0.0000
28115,2025,HOM_COMPLETED,population,1,89770.00,0.00001114,0.0111,1.1140
28115,2025,INJURY,population,12,89770.00,0.00013367,0.1337,13.3675
28115,2025,KIDNAPPING,population,0,89770.00,0.00000000,0.0000,0.0000
28115,2025,OTHER,population,1603,89770.00,0.01785675,17.8567,1785.6745
28115,2025,ROBBERY_VIOLENT,population,19,89770.00,0.00021165,0.2117,21.1652
28115,2025,SEXUAL,population,17,89770.00,0.00018937,0.1894,18.9373
28115,2025,THEFT,population,702,89770.00,0.00781998,7.8200,781.9984
28115,2025,VEHICLE_THEFT,population,62,89770.00,0.00069065,0.6907,69.0654
28123,2019,BURGLARY,population,353,88150.00,0.00400454,4.0045,400.4538
28123,2019,DRUG_TRAFFICKING,population,14,88150.00,0.00015882,0.1588,15.8820
28123,2019,HOM_ATTEMPTED,population,1,88150.00,0.00001134,0.0113,1.1344
28123,2019,HOM_COMPLETED,population,0,88150.00,0.00000000,0.0000,0.0000
28123,2019,INJURY,population,22,88150.00,0.00024957,0.2496,24.9575
28123,2019,KIDNAPPING,population,0,88150.00,0.00000000,0.0000,0.0000
28123,2019,OTHER,population,3099,88150.00,0.03515598,35.1560,3515.5984
28123,2019,ROBBERY_VIOLENT,population,133,88150.00,0.00150879,1.5088,150.8792
28123,2019,SEXUAL,population,22,88150.00,0.00024957,0.2496,24.9575
28123,2019,THEFT,population,1814,88150.00,0.02057856,20.5786,2057.8559
28123,2019,VEHICLE_THEFT,population,49,88150.00,0.00055587,0.5559,55.5871
28123,2020,BURGLARY,population,201,90973.00,0.00220945,2.2094,220.9447
28123,2020,DRUG_TRAFFICKING,population,13,90973.00,0.00014290,0.1429,14.2900
28123,2020,HOM_ATTEMPTED,population,1,90973.00,0.00001099,0.0110,1.0992
28123,2020,HOM_COMPLETED,population,0,90973.00,0.00000000,0.0000,0.0000
28123,2020,INJURY,population,35,90973.00,0.00038473,0.3847,38.4730
28123,2020,KIDNAPPING,population,0,90973.00,0.00000000,0.0000,0.0000
28123,2020,OTHER,population,3022,90973.00,0.03321865,33.2186,3321.8647
28123,2020,ROBBERY_VIOLENT,population,73,90973.00,0.00080244,0.8024,80.2436
28123,2020,SEXUAL,population,14,90973.00,0.00015389,0.1539,15.3892
28123,2020,THEFT,population,1279,90973.00,0.01405912,14.0591,1405.9116
28123,2020,VEHICLE_THEFT,population,24,90973.00,0.00026381,0.2638,26.3815
28123,2021,BURGLARY,population,262,92925.00,0.00281948,2.8195,281.9478
28123,2021,DRUG_TRAFFICKING,population,8,92925.00,0.00008609,0.0861,8.6091
28123,2021,HOM_ATTEMPTED,population,2,92925.00,0.00002152,0.0215,2.1523
28123,2021,HOM_COMPLETED,population,0,92925.00,0.00000000,0.0000,0.0000
28123,2021,INJURY,population,44,92925.00,0.00047350,0.4735,47.3500
28123,2021,KIDNAPPING,population,0,92925.00,0.00000000,0.0000,0.0000
28123,2021,OTHER,population,3156,92925.00,0.03396287,33.9629,3396.2873
28123,2021,ROBBERY_VIOLENT,population,141,92925.00,0.00151735,1.5174,151.7353
28123,2021,SEXUAL,population,25,92925.00,0.00026903,0.2690,26.9034
28123,2021,THEFT,population,1528,92925.00,0.01644337,16.4434,1644.3368
28123,2021,VEHICLE_THEFT,population,29,92925.00,0.00031208,0.3121,31.2080
28123,2022,BURGLARY,population,236,96690.00,0.00244079,2.4408,244.0790
28123,2022,DRUG_TRAFFICKING,population,21,96690.00,0.00021719,0.2172,21.7189
28123,2022,HOM_ATTEMPTED,population,1,96690.00,0.00001034,0.0103,1.0342
28123,2022,HOM_COMPLETED,population,1,96690.00,0.00001034,0.0103,1.0342
28123,2022,INJURY,population,68,96690.00,0.00070328,0.7033,70.3279
28123,2022,KIDNAPPING,population,0,96690.00,0.00000000,0.0000,0.0000
28123,2022,OTHER,population,3210,96690.00,0.03319888,33.1989,3319.8883
28123,2022,ROBBERY_VIOLENT,population,154,96690.00,0.00159272,1.5927,159.2719
28123,2022,SEXUAL,population,20,96690.00,0.00020685,0.2068,20.6847
28123,2022,THEFT,population,1673,96690.00,0.01730272,17.3027,1730.2720
28123,2022,VEHICLE_THEFT,population,42,96690.00,0.00043438,0.4344,43.4378
28123,2023,BURGLARY,population,381,100275.00,0.00379955,3.7996,379.9551
28123,2023,DRUG_TRAFFICKING,population,17,100275.00,0.00016953,0.1695,16.9534
28123,2023,HOM_ATTEMPTED,population,1,100275.00,0.00000997,0.0100,0.9973
28123,2023,HOM_COMPLETED,population,0,100275.00,0.00000000,0.0000,0.0000
28123,2023,INJURY,population,62,100275.00,0.00061830,0.6183,61.8300
28123,2023,KIDNAPPING,population,0,100275.00,0.00000000,0.0000,0.0000
28123,2023,OTHER,population,3271,100275.00,0.03262029,32.6203,3262.0294
28123,2023,ROBBERY_VIOLENT,population,136,100275.00,0.00135627,1.3563,135.6270
28123,2023,SEXUAL,population,28,100275.00,0.00027923,0.2792,27.9232
28123,2023,THEFT,population,1830,100275.00,0.01824981,18.2498,1824.9813
28123,2023,VEHICLE_THEFT,population,54,100275.00,0.00053852,0.5385,53.8519
28123,2024,BURGLARY,population,263,101949.00,0.00257972,2.5797,257.9721
28123,2024,DRUG_TRAFFICKING,population,22,101949.00,0.00021579,0.2158,21.5794
28123,2024,HOM_ATTEMPTED,population,0,101949.00,0.00000000,0.0000,0.0000
28123,2024,HOM_COMPLETED,population,0,101949.00,0.00000000,0.0000,0.0000
28123,2024,INJURY,population,60,101949.00,0.00058853,0.5885,58.8530
28123,2024,KIDNAPPING,population,0,101949.00,0.00000000,0.0000,0.0000
28123,2024,OTHER,population,3239,101949.00,0.03177079,31.7708,3177.0787
28123,2024,ROBBERY_VIOLENT,population,100,101949.00,0.00098088,0.9809,98.0883
28123,2024,SEXUAL,population,29,101949.00,0.00028446,0.2845,28.4456
28123,2024,THEFT,population,1530,101949.00,0.01500750,15.0075,1500.7504
28123,2024,VEHICLE_THEFT,population,51,101949.00,0.00050025,0.5003,50.0250
28123,2025,BURGLARY,population,310,103148.00,0.00300539,3.0054,300.5390
28123,2025,DRUG_TRAFFICKING,population,17,103148.00,0.00016481,0.1648,16.4812
28123,2025,HOM_ATTEMPTED,population,1,103148.00,0.00000969,0.0097,0.9695
28123,2025,HOM_COMPLETED,population,0,103148.00,0.00000000,0.0000,0.0000
28123,2025,INJURY,population,51,103148.00,0.00049444,0.4944,49.4435
28123,2025,KIDNAPPING,population,0,103148.00,0.00000000,0.0000,0.0000
28123,2025,OTHER,population,3759,103148.00,0.03644278,36.4428,3644.2781
28123,2025,ROBBERY_VIOLENT,population,87,103148.00,0.00084345,0.8434,84.3448
28123,2025,SEXUAL,population,24,103148.00,0.00023268,0.2327,23.2675
28123,2025,THEFT,population,1844,103148.00,0.01787722,17.8772,1787.7225
28123,2025,VEHICLE_THEFT,population,71,103148.00,0.00068833,0.6883,68.8331
28127,2019,BURGLARY,population,380,95814.00,0.00396602,3.9660,396.6017
28127,2019,DRUG_TRAFFICKING,population,4,95814.00,0.00004175,0.0417,4.1748
28127,2019,HOM_ATTEMPTED,population,0,95814.00,0.00000000,0.0000,0.0000
28127,2019,HOM_COMPLETED,population,0,95814.00,0.00000000,0.0000,0.0000
28127,2019,INJURY,population,29,95814.00,0.00030267,0.3027,30.2670
28127,2019,KIDNAPPING,population,0,95814.00,0.00000000,0.0000,0.0000
28127,2019,OTHER,population,2562,95814.00,0.02673931,26.7393,2673.9307
28127,2019,ROBBERY_VIOLENT,population,118,95814.00,0.00123155,1.2316,123.1553
28127,2019,SEXUAL,population,24,95814.00,0.00025049,0.2505,25.0485
28127,2019,THEFT,population,1529,95814.00,0.01595800,15.9580,1595.8002
28127,2019,VEHICLE_THEFT,population,52,95814.00,0.00054272,0.5427,54.2718
28127,2020,BURGLARY,population,248,96113.00,0.00258030,2.5803,258.0296
28127,2020,DRUG_TRAFFICKING,population,10,96113.00,0.00010404,0.1040,10.4044
28127,2020,HOM_ATTEMPTED,population,0,96113.00,0.00000000,0.0000,0.0000
28127,2020,HOM_COMPLETED,population,0,96113.00,0.00000000,0.0000,0.0000
28127,2020,INJURY,population,31,96113.00,0.00032254,0.3225,32.2537
28127,2020,KIDNAPPING,population,0,96113.00,0.00000000,0.0000,0.0000
28127,2020,OTHER,population,2096,96113.00,0.02180766,21.8077,2180.7664
28127,2020,ROBBERY_VIOLENT,population,82,96113.00,0.00085316,0.8532,85.3162
28127,2020,SEXUAL,population,29,96113.00,0.00030173,0.3017,30.1728
28127,2020,THEFT,population,1062,96113.00,0.01104949,11.0495,1104.9494
28127,2020,VEHICLE_THEFT,population,64,96113.00,0.00066588,0.6659,66.5883
28127,2021,BURGLARY,population,212,94862.00,0.00223483,2.2348,223.4825
28127,2021,DRUG_TRAFFICKING,population,9,94862.00,0.00009487,0.0949,9.4875
28127,2021,HOM_ATTEMPTED,population,0,94862.00,0.00000000,0.0000,0.0000
28127,2021,HOM_COMPLETED,population,0,94862.00,0.00000000,0.0000,0.0000
28127,2021,INJURY,population,35,94862.00,0.00036896,0.3690,36.8957
28127,2021,KIDNAPPING,population,0,94862.00,0.00000000,0.0000,0.0000
28127,2021,OTHER,population,2402,94862.00,0.02532099,25.3210,2532.0993
28127,2021,ROBBERY_VIOLENT,population,54,94862.00,0.00056925,0.5692,56.9248
28127,2021,SEXUAL,population,17,94862.00,0.00017921,0.1792,17.9208
28127,2021,THEFT,population,1144,94862.00,0.01205962,12.0596,1205.9623
28127,2021,VEHICLE_THEFT,population,66,94862.00,0.00069575,0.6957,69.5748
28127,2022,BURGLARY,population,163,95725.00,0.00170279,1.7028,170.2794
28127,2022,DRUG_TRAFFICKING,population,14,95725.00,0.00014625,0.1463,14.6252
28127,2022,HOM_ATTEMPTED,population,2,95725.00,0.00002089,0.0209,2.0893
28127,2022,HOM_COMPLETED,population,1,95725.00,0.00001045,0.0104,1.0447
28127,2022,INJURY,population,54,95725.00,0.00056412,0.5641,56.4116
28127,2022,KIDNAPPING,population,0,95725.00,0.00000000,0.0000,0.0000
28127,2022,OTHER,population,2762,95725.00,0.02885349,28.8535,2885.3487
28127,2022,ROBBERY_VIOLENT,population,84,95725.00,0.00087751,0.8775,87.7514
28127,2022,SEXUAL,population,32,95725.00,0.00033429,0.3343,33.4291
28127,2022,THEFT,population,1256,95725.00,0.01312092,13.1209,1312.0919
28127,2022,VEHICLE_THEFT,population,43,95725.00,0.00044920,0.4492,44.9203
28127,2023,BURGLARY,population,216,98086.00,0.00220215,2.2021,220.2149
28127,2023,DRUG_TRAFFICKING,population,8,98086.00,0.00008156,0.0816,8.1561
28127,2023,HOM_ATTEMPTED,population,2,98086.00,0.00002039,0.0204,2.0390
28127,2023,HOM_COMPLETED,population,0,98086.00,0.00000000,0.0000,0.0000
28127,2023,INJURY,population,58,98086.00,0.00059132,0.5913,59.1318
28127,2023,KIDNAPPING,population,0,98086.00,0.00000000,0.0000,0.0000
28127,2023,OTHER,population,3004,98086.00,0.03062619,30.6262,3062.6185
28127,2023,ROBBERY_VIOLENT,population,93,98086.00,0.00094815,0.9481,94.8148
28127,2023,SEXUAL,population,28,98086.00,0.00028546,0.2855,28.5464
28127,2023,THEFT,population,1321,98086.00,0.01346777,13.4678,1346.7773
28127,2023,VEHICLE_THEFT,population,34,98086.00,0.00034663,0.3466,34.6635
28127,2024,BURGLARY,population,165,98590.00,0.00167360,1.6736,167.3598
28127,2024,DRUG_TRAFFICKING,population,17,98590.00,0.00017243,0.1724,17.2431
28127,2024,HOM_ATTEMPTED,population,1,98590.00,0.00001014,0.0101,1.0143
28127,2024,HOM_COMPLETED,population,0,98590.00,0.00000000,0.0000,0.0000
28127,2024,INJURY,population,55,98590.00,0.00055787,0.5579,55.7866
28127,2024,KIDNAPPING,population,0,98590.00,0.00000000,0.0000,0.0000
28127,2024,OTHER,population,2989,98590.00,0.03031748,30.3175,3031.7476
28127,2024,ROBBERY_VIOLENT,population,43,98590.00,0.00043615,0.4361,43.6150
28127,2024,SEXUAL,population,40,98590.00,0.00040572,0.4057,40.5721
28127,2024,THEFT,population,1268,98590.00,0.01286134,12.8613,1286.1345
28127,2024,VEHICLE_THEFT,population,50,98590.00,0.00050715,0.5072,50.7151
28127,2025,BURGLARY,population,158,99037.00,0.00159536,1.5954,159.5363
28127,2025,DRUG_TRAFFICKING,population,13,99037.00,0.00013126,0.1313,13.1264
28127,2025,HOM_ATTEMPTED,population,0,99037.00,0.00000000,0.0000,0.0000
28127,2025,HOM_COMPLETED,population,0,99037.00,0.00000000,0.0000,0.0000
28127,2025,INJURY,population,49,99037.00,0.00049476,0.4948,49.4765
28127,2025,KIDNAPPING,population,0,99037.00,0.00000000,0.0000,0.0000
28127,2025,OTHER,population,3098,99037.00,0.03128124,31.2812,3128.1238
28127,2025,ROBBERY_VIOLENT,population,33,99037.00,0.00033321,0.3332,33.3209
28127,2025,SEXUAL,population,31,99037.00,0.00031301,0.3130,31.3014
28127,2025,THEFT,population,1133,99037.00,0.01144017,11.4402,1144.0169
28127,2025,VEHICLE_THEFT,population,37,99037.00,0.00037360,0.3736,37.3598
28130,2019,BURGLARY,population,82,39432.00,0.00207953,2.0795,207.9529
28130,2019,DRUG_TRAFFICKING,population,15,39432.00,0.00038040,0.3804,38.0402
28130,2019,HOM_ATTEMPTED,population,0,39432.00,0.00000000,0.0000,0.0000
28130,2019,HOM_COMPLETED,population,0,39432.00,0.00000000,0.0000,0.0000
28130,2019,INJURY,population,7,39432.00,0.00017752,0.1775,17.7521
28130,2019,KIDNAPPING,population,0,39432.00,0.00000000,0.0000,0.0000
28130,2019,OTHER,population,1054,39432.00,0.02672956,26.7296,2672.9560
28130,2019,ROBBERY_VIOLENT,population,38,39432.00,0.00096368,0.9637,96.3684
28130,2019,SEXUAL,population,7,39432.00,0.00017752,0.1775,17.7521
28130,2019,THEFT,population,583,39432.00,0.01478495,14.7849,1478.4946
28130,2019,VEHICLE_THEFT,population,69,39432.00,0.00174985,1.7498,174.9848
28130,2020,BURGLARY,population,69,39566.00,0.00174392,1.7439,174.3922
28130,2020,DRUG_TRAFFICKING,population,24,39566.00,0.00060658,0.6066,60.6581
28130,2020,HOM_ATTEMPTED,population,0,39566.00,0.00000000,0.0000,0.0000
28130,2020,HOM_COMPLETED,population,0,39566.00,0.00000000,0.0000,0.0000
28130,2020,INJURY,population,5,39566.00,0.00012637,0.1264,12.6371
28130,2020,KIDNAPPING,population,0,39566.00,0.00000000,0.0000,0.0000
28130,2020,OTHER,population,1035,39566.00,0.02615882,26.1588,2615.8823
28130,2020,ROBBERY_VIOLENT,population,31,39566.00,0.00078350,0.7835,78.3501
28130,2020,SEXUAL,population,10,39566.00,0.00025274,0.2527,25.2742
28130,2020,THEFT,population,384,39566.00,0.00970530,9.7053,970.5303
28130,2020,VEHICLE_THEFT,population,51,39566.00,0.00128899,1.2890,128.8985
28130,2021,BURGLARY,population,57,39313.00,0.00144990,1.4499,144.9902
28130,2021,DRUG_TRAFFICKING,population,24,39313.00,0.00061049,0.6105,61.0485
28130,2021,HOM_ATTEMPTED,population,0,39313.00,0.00000000,0.0000,0.0000
28130,2021,HOM_COMPLETED,population,0,39313.00,0.00000000,0.0000,0.0000
28130,2021,INJURY,population,16,39313.00,0.00040699,0.4070,40.6990
28130,2021,KIDNAPPING,population,0,39313.00,0.00000000,0.0000,0.0000
28130,2021,OTHER,population,1172,39313.00,0.02981202,29.8120,2981.2021
28130,2021,ROBBERY_VIOLENT,population,34,39313.00,0.00086485,0.8649,86.4854
28130,2021,SEXUAL,population,8,39313.00,0.00020350,0.2035,20.3495
28130,2021,THEFT,population,433,39313.00,0.01101417,11.0142,1101.4168
28130,2021,VEHICLE_THEFT,population,64,39313.00,0.00162796,1.6280,162.7960
28130,2022,BURGLARY,population,61,38904.00,0.00156796,1.5680,156.7962
28130,2022,DRUG_TRAFFICKING,population,20,38904.00,0.00051409,0.5141,51.4086
28130,2022,HOM_ATTEMPTED,population,0,38904.00,0.00000000,0.0000,0.0000
28130,2022,HOM_COMPLETED,population,0,38904.00,0.00000000,0.0000,0.0000
28130,2022,INJURY,population,9,38904.00,0.00023134,0.2313,23.1339
28130,2022,KIDNAPPING,population,0,38904.00,0.00000000,0.0000,0.0000
28130,2022,OTHER,population,1235,38904.00,0.03174481,31.7448,3174.4808
28130,2022,ROBBERY_VIOLENT,population,53,38904.00,0.00136233,1.3623,136.2328
28130,2022,SEXUAL,population,6,38904.00,0.00015423,0.1542,15.4226
28130,2022,THEFT,population,476,38904.00,0.01223525,12.2352,1223.5246
28130,2022,VEHICLE_THEFT,population,57,38904.00,0.00146514,1.4651,146.5145
28130,2023,BURGLARY,population,31,38974.00,0.00079540,0.7954,79.5402
28130,2023,DRUG_TRAFFICKING,population,7,38974.00,0.00017961,0.1796,17.9607
28130,2023,HOM_ATTEMPTED,population,0,38974.00,0.00000000,0.0000,0.0000
28130,2023,HOM_COMPLETED,population,0,38974.00,0.00000000,0.0000,0.0000
28130,2023,INJURY,population,9,38974.00,0.00023092,0.2309,23.0923
28130,2023,KIDNAPPING,population,0,38974.00,0.00000000,0.0000,0.0000
28130,2023,OTHER,population,1148,38974.00,0.02945553,29.4555,2945.5534
28130,2023,ROBBERY_VIOLENT,population,49,38974.00,0.00125725,1.2572,125.7248
28130,2023,SEXUAL,population,7,38974.00,0.00017961,0.1796,17.9607
28130,2023,THEFT,population,515,38974.00,0.01321394,13.2139,1321.3937
28130,2023,VEHICLE_THEFT,population,67,38974.00,0.00171909,1.7191,171.9095
28130,2024,BURGLARY,population,59,38980.00,0.00151360,1.5136,151.3597
28130,2024,DRUG_TRAFFICKING,population,10,38980.00,0.00025654,0.2565,25.6542
28130,2024,HOM_ATTEMPTED,population,1,38980.00,0.00002565,0.0257,2.5654
28130,2024,HOM_COMPLETED,population,0,38980.00,0.00000000,0.0000,0.0000
28130,2024,INJURY,population,10,38980.00,0.00025654,0.2565,25.6542
28130,2024,KIDNAPPING,population,0,38980.00,0.00000000,0.0000,0.0000
28130,2024,OTHER,population,1093,38980.00,0.02804002,28.0400,2804.0021
28130,2024,ROBBERY_VIOLENT,population,27,38980.00,0.00069266,0.6927,69.2663
28130,2024,SEXUAL,population,8,38980.00,0.00020523,0.2052,20.5233
28130,2024,THEFT,population,463,38980.00,0.01187789,11.8779,1187.7886
28130,2024,VEHICLE_THEFT,population,65,38980.00,0.00166752,1.6675,166.7522
28130,2025,BURGLARY,population,52,39059.00,0.00133132,1.3313,133.1319
28130,2025,DRUG_TRAFFICKING,population,6,39059.00,0.00015361,0.1536,15.3614
28130,2025,HOM_ATTEMPTED,population,0,39059.00,0.00000000,0.0000,0.0000
28130,2025,HOM_COMPLETED,population,0,39059.00,0.00000000,0.0000,0.0000
28130,2025,INJURY,population,16,39059.00,0.00040964,0.4096,40.9637
28130,2025,KIDNAPPING,population,0,39059.00,0.00000000,0.0000,0.0000
28130,2025,OTHER,population,1114,39059.00,0.02852096,28.5210,2852.0955
28130,2025,ROBBERY_VIOLENT,population,29,39059.00,0.00074247,0.7425,74.2467
28130,2025,SEXUAL,population,10,39059.00,0.00025602,0.2560,25.6023
28130,2025,THEFT,population,437,39059.00,0.01118820,11.1882,1118.8202
28130,2025,VEHICLE_THEFT,population,60,39059.00,0.00153614,1.5361,153.6138
28132,2023,BURGLARY,population,26,20304.00,0.00128054,1.2805,128.0536
28132,2023,DRUG_TRAFFICKING,population,5,20304.00,0.00024626,0.2463,24.6257
28132,2023,HOM_ATTEMPTED,population,0,20304.00,0.00000000,0.0000,0.0000
28132,2023,HOM_COMPLETED,population,0,20304.00,0.00000000,0.0000,0.0000
28132,2023,INJURY,population,9,20304.00,0.00044326,0.4433,44.3262
28132,2023,KIDNAPPING,population,0,20304.00,0.00000000,0.0000,0.0000
28132,2023,OTHER,population,648,20304.00,0.03191489,31.9149,3191.4894
28132,2023,ROBBERY_VIOLENT,population,9,20304.00,0.00044326,0.4433,44.3262
28132,2023,SEXUAL,population,6,20304.00,0.00029551,0.2955,29.5508
28132,2023,THEFT,population,185,20304.00,0.00911151,9.1115,911.1505
28132,2023,VEHICLE_THEFT,population,7,20304.00,0.00034476,0.3448,34.4760
28132,2024,BURGLARY,population,50,20733.00,0.00241161,2.4116,241.1614
28132,2024,DRUG_TRAFFICKING,population,6,20733.00,0.00028939,0.2894,28.9394
28132,2024,HOM_ATTEMPTED,population,0,20733.00,0.00000000,0.0000,0.0000
28132,2024,HOM_COMPLETED,population,0,20733.00,0.00000000,0.0000,0.0000
28132,2024,INJURY,population,21,20733.00,0.00101288,1.0129,101.2878
28132,2024,KIDNAPPING,population,0,20733.00,0.00000000,0.0000,0.0000
28132,2024,OTHER,population,737,20733.00,0.03554720,35.5472,3554.7195
28132,2024,ROBBERY_VIOLENT,population,6,20733.00,0.00028939,0.2894,28.9394
28132,2024,SEXUAL,population,11,20733.00,0.00053056,0.5306,53.0555
28132,2024,THEFT,population,202,20733.00,0.00974292,9.7429,974.2922
28132,2024,VEHICLE_THEFT,population,11,20733.00,0.00053056,0.5306,53.0555
28132,2025,BURGLARY,population,33,21010.00,0.00157068,1.5707,157.0681
28132,2025,DRUG_TRAFFICKING,population,2,21010.00,0.00009519,0.0952,9.5193
28132,2025,HOM_ATTEMPTED,population,0,21010.00,0.00000000,0.0000,0.0000
28132,2025,HOM_COMPLETED,population,0,21010.00,0.00000000,0.0000,0.0000
28132,2025,INJURY,population,10,21010.00,0.00047596,0.4760,47.5964
28132,2025,KIDNAPPING,population,0,21010.00,0.00000000,0.0000,0.0000
28132,2025,OTHER,population,555,21010.00,0.02641599,26.4160,2641.5992
28132,2025,ROBBERY_VIOLENT,population,3,21010.00,0.00014279,0.1428,14.2789
28132,2025,SEXUAL,population,11,21010.00,0.00052356,0.5236,52.3560
28132,2025,THEFT,population,168,21010.00,0.00799619,7.9962,799.6192
28132,2025,VEHICLE_THEFT,population,13,21010.00,0.00061875,0.6188,61.8753
28134,2019,BURGLARY,population,276,89276.00,0.00309154,3.0915,309.1536
28134,2019,DRUG_TRAFFICKING,population,9,89276.00,0.00010081,0.1008,10.0811
28134,2019,HOM_ATTEMPTED,population,0,89276.00,0.00000000,0.0000,0.0000
28134,2019,HOM_COMPLETED,population,0,89276.00,0.00000000,0.0000,0.0000
28134,2019,INJURY,population,14,89276.00,0.00015682,0.1568,15.6817
28134,2019,KIDNAPPING,population,0,89276.00,0.00000000,0.0000,0.0000
28134,2019,OTHER,population,2388,89276.00,0.02674851,26.7485,2674.8510
28134,2019,ROBBERY_VIOLENT,population,105,89276.00,0.00117613,1.1761,117.6128
28134,2019,SEXUAL,population,22,89276.00,0.00024643,0.2464,24.6427
28134,2019,THEFT,population,1910,89276.00,0.02139433,21.3943,2139.4328
28134,2019,VEHICLE_THEFT,population,89,89276.00,0.00099691,0.9969,99.6908
28134,2020,BURGLARY,population,151,91224.00,0.00165527,1.6553,165.5266
28134,2020,DRUG_TRAFFICKING,population,16,91224.00,0.00017539,0.1754,17.5392
28134,2020,HOM_ATTEMPTED,population,3,91224.00,0.00003289,0.0329,3.2886
28134,2020,HOM_COMPLETED,population,1,91224.00,0.00001096,0.0110,1.0962
28134,2020,INJURY,population,12,91224.00,0.00013154,0.1315,13.1544
28134,2020,KIDNAPPING,population,0,91224.00,0.00000000,0.0000,0.0000
28134,2020,OTHER,population,2190,91224.00,0.02400684,24.0068,2400.6840
28134,2020,ROBBERY_VIOLENT,population,69,91224.00,0.00075638,0.7564,75.6380
28134,2020,SEXUAL,population,31,91224.00,0.00033982,0.3398,33.9823
28134,2020,THEFT,population,1169,91224.00,0.01281461,12.8146,1281.4610
28134,2020,VEHICLE_THEFT,population,57,91224.00,0.00062484,0.6248,62.4836
28134,2021,BURGLARY,population,127,90962.00,0.00139619,1.3962,139.6187
28134,2021,DRUG_TRAFFICKING,population,23,90962.00,0.00025285,0.2529,25.2853
28134,2021,HOM_ATTEMPTED,population,2,90962.00,0.00002199,0.0220,2.1987
28134,2021,HOM_COMPLETED,population,0,90962.00,0.00000000,0.0000,0.0000
28134,2021,INJURY,population,22,90962.00,0.00024186,0.2419,24.1859
28134,2021,KIDNAPPING,population,0,90962.00,0.00000000,0.0000,0.0000
28134,2021,OTHER,population,2136,90962.00,0.02348233,23.4823,2348.2333
28134,2021,ROBBERY_VIOLENT,population,74,90962.00,0.00081353,0.8135,81.3527
28134,2021,SEXUAL,population,20,90962.00,0.00021987,0.2199,21.9872
28134,2021,THEFT,population,1349,90962.00,0.01483037,14.8304,1483.0369
28134,2021,VEHICLE_THEFT,population,62,90962.00,0.00068160,0.6816,68.1603
28134,2022,BURGLARY,population,151,91083.00,0.00165783,1.6578,165.7829
28134,2022,DRUG_TRAFFICKING,population,34,91083.00,0.00037329,0.3733,37.3286
28134,2022,HOM_ATTEMPTED,population,0,91083.00,0.00000000,0.0000,0.0000
28134,2022,HOM_COMPLETED,population,0,91083.00,0.00000000,0.0000,0.0000
28134,2022,INJURY,population,22,91083.00,0.00024154,0.2415,24.1538
28134,2022,KIDNAPPING,population,0,91083.00,0.00000000,0.0000,0.0000
28134,2022,OTHER,population,2309,91083.00,0.02535050,25.3505,2535.0504
28134,2022,ROBBERY_VIOLENT,population,80,91083.00,0.00087832,0.8783,87.8320
28134,2022,SEXUAL,population,31,91083.00,0.00034035,0.3403,34.0349
28134,2022,THEFT,population,1537,91083.00,0.01687472,16.8747,1687.4719
28134,2022,VEHICLE_THEFT,population,89,91083.00,0.00097713,0.9771,97.7131
28134,2023,BURGLARY,population,162,92734.00,0.00174693,1.7469,174.6932
28134,2023,DRUG_TRAFFICKING,population,25,92734.00,0.00026959,0.2696,26.9588
28134,2023,HOM_ATTEMPTED,population,2,92734.00,0.00002157,0.0216,2.1567
28134,2023,HOM_COMPLETED,population,0,92734.00,0.00000000,0.0000,0.0000
28134,2023,INJURY,population,33,92734.00,0.00035586,0.3559,35.5857
28134,2023,KIDNAPPING,population,0,92734.00,0.00000000,0.0000,0.0000
28134,2023,OTHER,population,2562,92734.00,0.02762741,27.6274,2762.7407
28134,2023,ROBBERY_VIOLENT,population,73,92734.00,0.00078720,0.7872,78.7198
28134,2023,SEXUAL,population,21,92734.00,0.00022645,0.2265,22.6454
28134,2023,THEFT,population,1509,92734.00,0.01627235,16.2723,1627.2349
28134,2023,VEHICLE_THEFT,population,77,92734.00,0.00083033,0.8303,83.0332
28134,2024,BURGLARY,population,104,94969.00,0.00109509,1.0951,109.5094
28134,2024,DRUG_TRAFFICKING,population,28,94969.00,0.00029483,0.2948,29.4833
28134,2024,HOM_ATTEMPTED,population,5,94969.00,0.00005265,0.0526,5.2649
28134,2024,HOM_COMPLETED,population,1,94969.00,0.00001053,0.0105,1.0530
28134,2024,INJURY,population,31,94969.00,0.00032642,0.3264,32.6422
28134,2024,KIDNAPPING,population,0,94969.00,0.00000000,0.0000,0.0000
28134,2024,OTHER,population,2455,94969.00,0.02585054,25.8505,2585.0541
28134,2024,ROBBERY_VIOLENT,population,71,94969.00,0.00074761,0.7476,74.7612
28134,2024,SEXUAL,population,27,94969.00,0.00028430,0.2843,28.4303
28134,2024,THEFT,population,1571,94969.00,0.01654224,16.5422,1654.2240
28134,2024,VEHICLE_THEFT,population,87,94969.00,0.00091609,0.9161,91.6088
28134,2025,BURGLARY,population,89,96992.00,0.00091760,0.9176,91.7601
28134,2025,DRUG_TRAFFICKING,population,26,96992.00,0.00026806,0.2681,26.8063
28134,2025,HOM_ATTEMPTED,population,2,96992.00,0.00002062,0.0206,2.0620
28134,2025,HOM_COMPLETED,population,0,96992.00,0.00000000,0.0000,0.0000
28134,2025,INJURY,population,34,96992.00,0.00035054,0.3505,35.0544
28134,2025,KIDNAPPING,population,0,96992.00,0.00000000,0.0000,0.0000
28134,2025,OTHER,population,2667,96992.00,0.02749711,27.4971,2749.7113
28134,2025,ROBBERY_VIOLENT,population,71,96992.00,0.00073202,0.7320,73.2019
28134,2025,SEXUAL,population,23,96992.00,0.00023713,0.2371,23.7133
28134,2025,THEFT,population,1696,96992.00,0.01748598,17.4860,1748.5978
28134,2025,VEHICLE_THEFT,population,162,96992.00,0.00167024,1.6702,167.0241
28148,2019,BURGLARY,population,232,131376.00,0.00176592,1.7659,176.5924
28148,2019,DRUG_TRAFFICKING,population,20,131376.00,0.00015223,0.1522,15.2235
28148,2019,HOM_ATTEMPTED,population,4,131376.00,0.00003045,0.0304,3.0447
28148,2019,HOM_COMPLETED,population,0,131376.00,0.00000000,0.0000,0.0000
28148,2019,INJURY,population,46,131376.00,0.00035014,0.3501,35.0140
28148,2019,KIDNAPPING,population,0,131376.00,0.00000000,0.0000,0.0000
28148,2019,OTHER,population,2923,131376.00,0.02224912,22.2491,2224.9117
28148,2019,ROBBERY_VIOLENT,population,95,131376.00,0.00072312,0.7231,72.3115
28148,2019,SEXUAL,population,31,131376.00,0.00023596,0.2360,23.5964
28148,2019,THEFT,population,1247,131376.00,0.00949184,9.4918,949.1840
28148,2019,VEHICLE_THEFT,population,93,131376.00,0.00070789,0.7079,70.7892
28148,2020,BURGLARY,population,128,132853.00,0.00096347,0.9635,96.3471
28148,2020,DRUG_TRAFFICKING,population,26,132853.00,0.00019571,0.1957,19.5705
28148,2020,HOM_ATTEMPTED,population,3,132853.00,0.00002258,0.0226,2.2581
28148,2020,HOM_COMPLETED,population,2,132853.00,0.00001505,0.0151,1.5054
28148,2020,INJURY,population,37,132853.00,0.00027850,0.2785,27.8503
28148,2020,KIDNAPPING,population,0,132853.00,0.00000000,0.0000,0.0000
28148,2020,OTHER,population,2720,132853.00,0.02047376,20.4738,2047.3757
28148,2020,ROBBERY_VIOLENT,population,94,132853.00,0.00070755,0.7075,70.7549
28148,2020,SEXUAL,population,48,132853.00,0.00036130,0.3613,36.1302
28148,2020,THEFT,population,931,132853.00,0.00700775,7.0077,700.7745
28148,2020,VEHICLE_THEFT,population,63,132853.00,0.00047421,0.4742,47.4208
28148,2021,BURGLARY,population,105,132771.00,0.00079084,0.7908,79.0835
28148,2021,DRUG_TRAFFICKING,population,48,132771.00,0.00036152,0.3615,36.1525
28148,2021,HOM_ATTEMPTED,population,5,132771.00,0.00003766,0.0377,3.7659
28148,2021,HOM_COMPLETED,population,1,132771.00,0.00000753,0.0075,0.7532
28148,2021,INJURY,population,45,132771.00,0.00033893,0.3389,33.8929
28148,2021,KIDNAPPING,population,0,132771.00,0.00000000,0.0000,0.0000
28148,2021,OTHER,population,3396,132771.00,0.02557787,25.5779,2557.7875
28148,2021,ROBBERY_VIOLENT,population,95,132771.00,0.00071552,0.7155,71.5518
28148,2021,SEXUAL,population,41,132771.00,0.00030880,0.3088,30.8802
28148,2021,THEFT,population,1305,132771.00,0.00982895,9.8290,982.8954
28148,2021,VEHICLE_THEFT,population,56,132771.00,0.00042178,0.4218,42.1779
28148,2022,BURGLARY,population,121,134733.00,0.00089807,0.8981,89.8072
28148,2022,DRUG_TRAFFICKING,population,64,134733.00,0.00047501,0.4750,47.5014
28148,2022,HOM_ATTEMPTED,population,9,134733.00,0.00006680,0.0668,6.6799
28148,2022,HOM_COMPLETED,population,7,134733.00,0.00005195,0.0520,5.1955
28148,2022,INJURY,population,55,134733.00,0.00040821,0.4082,40.8215
28148,2022,KIDNAPPING,population,0,134733.00,0.00000000,0.0000,0.0000
28148,2022,OTHER,population,3524,134733.00,0.02615543,26.1554,2615.5433
28148,2022,ROBBERY_VIOLENT,population,118,134733.00,0.00087581,0.8758,87.5806
28148,2022,SEXUAL,population,46,134733.00,0.00034142,0.3414,34.1416
28148,2022,THEFT,population,1667,134733.00,0.01237262,12.3726,1237.2618
28148,2022,VEHICLE_THEFT,population,107,134733.00,0.00079416,0.7942,79.4163
28148,2023,BURGLARY,population,116,137711.00,0.00084234,0.8423,84.2344
28148,2023,DRUG_TRAFFICKING,population,48,137711.00,0.00034856,0.3486,34.8556
28148,2023,HOM_ATTEMPTED,population,3,137711.00,0.00002178,0.0218,2.1785
28148,2023,HOM_COMPLETED,population,0,137711.00,0.00000000,0.0000,0.0000
28148,2023,INJURY,population,49,137711.00,0.00035582,0.3558,35.5818
28148,2023,KIDNAPPING,population,0,137711.00,0.00000000,0.0000,0.0000
28148,2023,OTHER,population,3378,137711.00,0.02452963,24.5296,2452.9631
28148,2023,ROBBERY_VIOLENT,population,108,137711.00,0.00078425,0.7843,78.4251
28148,2023,SEXUAL,population,37,137711.00,0.00026868,0.2687,26.8679
28148,2023,THEFT,population,1615,137711.00,0.01172746,11.7275,1172.7458
28148,2023,VEHICLE_THEFT,population,95,137711.00,0.00068985,0.6899,68.9850
28148,2024,BURGLARY,population,135,140626.00,0.00095999,0.9600,95.9993
28148,2024,DRUG_TRAFFICKING,population,44,140626.00,0.00031289,0.3129,31.2887
28148,2024,HOM_ATTEMPTED,population,6,140626.00,0.00004267,0.0427,4.2666
28148,2024,HOM_COMPLETED,population,0,140626.00,0.00000000,0.0000,0.0000
28148,2024,INJURY,population,68,140626.00,0.00048355,0.4836,48.3552
28148,2024,KIDNAPPING,population,0,140626.00,0.00000000,0.0000,0.0000
28148,2024,OTHER,population,3293,140626.00,0.02341672,23.4167,2341.6722
28148,2024,ROBBERY_VIOLENT,population,90,140626.00,0.00064000,0.6400,63.9995
28148,2024,SEXUAL,population,49,140626.00,0.00034844,0.3484,34.8442
28148,2024,THEFT,population,1529,140626.00,0.01087281,10.8728,1087.2812
28148,2024,VEHICLE_THEFT,population,83,140626.00,0.00059022,0.5902,59.0218
28148,2025,BURGLARY,population,121,143526.00,0.00084305,0.8431,84.3053
28148,2025,DRUG_TRAFFICKING,population,68,143526.00,0.00047378,0.4738,47.3782
28148,2025,HOM_ATTEMPTED,population,0,143526.00,0.00000000,0.0000,0.0000
28148,2025,HOM_COMPLETED,population,1,143526.00,0.00000697,0.0070,0.6967
28148,2025,INJURY,population,54,143526.00,0.00037624,0.3762,37.6238
28148,2025,KIDNAPPING,population,0,143526.00,0.00000000,0.0000,0.0000
28148,2025,OTHER,population,3420,143526.00,0.02382844,23.8284,2382.8435
28148,2025,ROBBERY_VIOLENT,population,105,143526.00,0.00073157,0.7316,73.1575
28148,2025,SEXUAL,population,68,143526.00,0.00047378,0.4738,47.3782
28148,2025,THEFT,population,1775,143526.00,0.01236710,12.3671,1236.7097
28148,2025,VEHICLE_THEFT,population,90,143526.00,0.00062706,0.6271,62.7064
28152,2019,BURGLARY,population,149,23717.00,0.00628241,6.2824,628.2413
28152,2019,DRUG_TRAFFICKING,population,7,23717.00,0.00029515,0.2951,29.5147
28152,2019,HOM_ATTEMPTED,population,0,23717.00,0.00000000,0.0000,0.0000
28152,2019,HOM_COMPLETED,population,0,23717.00,0.00000000,0.0000,0.0000
28152,2019,INJURY,population,13,23717.00,0.00054813,0.5481,54.8130
28152,2019,KIDNAPPING,population,0,23717.00,0.00000000,0.0000,0.0000
28152,2019,OTHER,population,812,23717.00,0.03423705,34.2370,3423.7045
28152,2019,ROBBERY_VIOLENT,population,23,23717.00,0.00096977,0.9698,96.9769
28152,2019,SEXUAL,population,5,23717.00,0.00021082,0.2108,21.0819
28152,2019,THEFT,population,305,23717.00,0.01285997,12.8600,1285.9974
28152,2019,VEHICLE_THEFT,population,6,23717.00,0.00025298,0.2530,25.2983
28152,2020,BURGLARY,population,78,23902.00,0.00326333,3.2633,326.3325
28152,2020,DRUG_TRAFFICKING,population,0,23902.00,0.00000000,0.0000,0.0000
28152,2020,HOM_ATTEMPTED,population,0,23902.00,0.00000000,0.0000,0.0000
28152,2020,HOM_COMPLETED,population,0,23902.00,0.00000000,0.0000,0.0000
28152,2020,INJURY,population,5,23902.00,0.00020919,0.2092,20.9188
28152,2020,KIDNAPPING,population,0,23902.00,0.00000000,0.0000,0.0000
28152,2020,OTHER,population,699,23902.00,0.02924441,29.2444,2924.4415
28152,2020,ROBBERY_VIOLENT,population,17,23902.00,0.00071124,0.7112,71.1238
28152,2020,SEXUAL,population,2,23902.00,0.00008368,0.0837,8.3675
28152,2020,THEFT,population,228,23902.00,0.00953895,9.5390,953.8951
28152,2020,VEHICLE_THEFT,population,8,23902.00,0.00033470,0.3347,33.4700
28152,2021,BURGLARY,population,87,24122.00,0.00360667,3.6067,360.6666
28152,2021,DRUG_TRAFFICKING,population,5,24122.00,0.00020728,0.2073,20.7280
28152,2021,HOM_ATTEMPTED,population,0,24122.00,0.00000000,0.0000,0.0000
28152,2021,HOM_COMPLETED,population,0,24122.00,0.00000000,0.0000,0.0000
28152,2021,INJURY,population,9,24122.00,0.00037310,0.3731,37.3103
28152,2021,KIDNAPPING,population,0,24122.00,0.00000000,0.0000,0.0000
28152,2021,OTHER,population,715,24122.00,0.02964099,29.6410,2964.0992
28152,2021,ROBBERY_VIOLENT,population,35,24122.00,0.00145096,1.4510,145.0958
28152,2021,SEXUAL,population,4,24122.00,0.00016582,0.1658,16.5824
28152,2021,THEFT,population,278,24122.00,0.01152475,11.5247,1152.4749
28152,2021,VEHICLE_THEFT,population,4,24122.00,0.00016582,0.1658,16.5824
28152,2022,BURGLARY,population,75,24775.00,0.00302725,3.0272,302.7245
28152,2022,DRUG_TRAFFICKING,population,1,24775.00,0.00004036,0.0404,4.0363
28152,2022,HOM_ATTEMPTED,population,1,24775.00,0.00004036,0.0404,4.0363
28152,2022,HOM_COMPLETED,population,0,24775.00,0.00000000,0.0000,0.0000
28152,2022,INJURY,population,13,24775.00,0.00052472,0.5247,52.4723
28152,2022,KIDNAPPING,population,0,24775.00,0.00000000,0.0000,0.0000
28152,2022,OTHER,population,750,24775.00,0.03027245,30.2725,3027.2452
28152,2022,ROBBERY_VIOLENT,population,30,24775.00,0.00121090,1.2109,121.0898
28152,2022,SEXUAL,population,4,24775.00,0.00016145,0.1615,16.1453
28152,2022,THEFT,population,286,24775.00,0.01154390,11.5439,1154.3895
28152,2022,VEHICLE_THEFT,population,6,24775.00,0.00024218,0.2422,24.2180
28152,2023,BURGLARY,population,91,25115.00,0.00362333,3.6233,362.3333
28152,2023,DRUG_TRAFFICKING,population,5,25115.00,0.00019908,0.1991,19.9084
28152,2023,HOM_ATTEMPTED,population,0,25115.00,0.00000000,0.0000,0.0000
28152,2023,HOM_COMPLETED,population,0,25115.00,0.00000000,0.0000,0.0000
28152,2023,INJURY,population,14,25115.00,0.00055744,0.5574,55.7436
28152,2023,KIDNAPPING,population,0,25115.00,0.00000000,0.0000,0.0000
28152,2023,OTHER,population,871,25115.00,0.03468047,34.6805,3468.0470
28152,2023,ROBBERY_VIOLENT,population,15,25115.00,0.00059725,0.5973,59.7253
28152,2023,SEXUAL,population,11,25115.00,0.00043799,0.4380,43.7985
28152,2023,THEFT,population,280,25115.00,0.01114872,11.1487,1114.8716
28152,2023,VEHICLE_THEFT,population,6,25115.00,0.00023890,0.2389,23.8901
28152,2024,BURGLARY,population,62,25316.00,0.00244904,2.4490,244.9044
28152,2024,DRUG_TRAFFICKING,population,4,25316.00,0.00015800,0.1580,15.8003
28152,2024,HOM_ATTEMPTED,population,0,25316.00,0.00000000,0.0000,0.0000
28152,2024,HOM_COMPLETED,population,0,25316.00,0.00000000,0.0000,0.0000
28152,2024,INJURY,population,18,25316.00,0.00071101,0.7110,71.1013
28152,2024,KIDNAPPING,population,0,25316.00,0.00000000,0.0000,0.0000
28152,2024,OTHER,population,819,25316.00,0.03235108,32.3511,3235.1082
28152,2024,ROBBERY_VIOLENT,population,13,25316.00,0.00051351,0.5135,51.3509
28152,2024,SEXUAL,population,9,25316.00,0.00035551,0.3555,35.5506
28152,2024,THEFT,population,246,25316.00,0.00971717,9.7172,971.7175
28152,2024,VEHICLE_THEFT,population,6,25316.00,0.00023700,0.2370,23.7004
28152,2025,BURGLARY,population,98,25433.00,0.00385326,3.8533,385.3262
28152,2025,DRUG_TRAFFICKING,population,5,25433.00,0.00019659,0.1966,19.6595
28152,2025,HOM_ATTEMPTED,population,0,25433.00,0.00000000,0.0000,0.0000
28152,2025,HOM_COMPLETED,population,0,25433.00,0.00000000,0.0000,0.0000
28152,2025,INJURY,population,18,25433.00,0.00070774,0.7077,70.7742
28152,2025,KIDNAPPING,population,0,25433.00,0.00000000,0.0000,0.0000
28152,2025,OTHER,population,823,25433.00,0.03235953,32.3595,3235.9533
28152,2025,ROBBERY_VIOLENT,population,5,25433.00,0.00019659,0.1966,19.6595
28152,2025,SEXUAL,population,8,25433.00,0.00031455,0.3146,31.4552
28152,2025,THEFT,population,215,25433.00,0.00845358,8.4536,845.3584
28152,2025,VEHICLE_THEFT,population,4,25433.00,0.00015728,0.1573,15.7276
28161,2019,BURGLARY,population,181,75983.00,0.00238211,2.3821,238.2112
28161,2019,DRUG_TRAFFICKING,population,8,75983.00,0.00010529,0.1053,10.5287
28161,2019,HOM_ATTEMPTED,population,1,75983.00,0.00001316,0.0132,1.3161
28161,2019,HOM_COMPLETED,population,1,75983.00,0.00001316,0.0132,1.3161
28161,2019,INJURY,population,39,75983.00,0.00051327,0.5133,51.3273
28161,2019,KIDNAPPING,population,1,75983.00,0.00001316,0.0132,1.3161
28161,2019,OTHER,population,2456,75983.00,0.03232302,32.3230,3232.3020
28161,2019,ROBBERY_VIOLENT,population,95,75983.00,0.00125028,1.2503,125.0280
28161,2019,SEXUAL,population,26,75983.00,0.00034218,0.3422,34.2182
28161,2019,THEFT,population,652,75983.00,0.00858087,8.5809,858.0867
28161,2019,VEHICLE_THEFT,population,66,75983.00,0.00086862,0.8686,86.8615
28161,2020,BURGLARY,population,99,77270.00,0.00128122,1.2812,128.1222
28161,2020,DRUG_TRAFFICKING,population,15,77270.00,0.00019412,0.1941,19.4124
28161,2020,HOM_ATTEMPTED,population,1,77270.00,0.00001294,0.0129,1.2942
28161,2020,HOM_COMPLETED,population,0,77270.00,0.00000000,0.0000,0.0000
28161,2020,INJURY,population,56,77270.00,0.00072473,0.7247,72.4731
28161,2020,KIDNAPPING,population,0,77270.00,0.00000000,0.0000,0.0000
28161,2020,OTHER,population,2185,77270.00,0.02827747,28.2775,2827.7469
28161,2020,ROBBERY_VIOLENT,population,85,77270.00,0.00110004,1.1000,110.0039
28161,2020,SEXUAL,population,38,77270.00,0.00049178,0.4918,49.1782
28161,2020,THEFT,population,489,77270.00,0.00632846,6.3285,632.8459
28161,2020,VEHICLE_THEFT,population,51,77270.00,0.00066002,0.6600,66.0023
28161,2021,BURGLARY,population,115,77587.00,0.00148221,1.4822,148.2207
28161,2021,DRUG_TRAFFICKING,population,13,77587.00,0.00016755,0.1676,16.7554
28161,2021,HOM_ATTEMPTED,population,0,77587.00,0.00000000,0.0000,0.0000
28161,2021,HOM_COMPLETED,population,0,77587.00,0.00000000,0.0000,0.0000
28161,2021,INJURY,population,58,77587.00,0.00074755,0.7475,74.7548
28161,2021,KIDNAPPING,population,0,77587.00,0.00000000,0.0000,0.0000
28161,2021,OTHER,population,2467,77587.00,0.03179656,31.7966,3179.6564
28161,2021,ROBBERY_VIOLENT,population,53,77587.00,0.00068310,0.6831,68.3104
28161,2021,SEXUAL,population,41,77587.00,0.00052844,0.5284,52.8439
28161,2021,THEFT,population,656,77587.00,0.00845502,8.4550,845.5025
28161,2021,VEHICLE_THEFT,population,40,77587.00,0.00051555,0.5156,51.5550
28161,2022,BURGLARY,population,119,79100.00,0.00150442,1.5044,150.4425
28161,2022,DRUG_TRAFFICKING,population,18,79100.00,0.00022756,0.2276,22.7560
28161,2022,HOM_ATTEMPTED,population,1,79100.00,0.00001264,0.0126,1.2642
28161,2022,HOM_COMPLETED,population,0,79100.00,0.00000000,0.0000,0.0000
28161,2022,INJURY,population,65,79100.00,0.00082174,0.8217,82.1745
28161,2022,KIDNAPPING,population,0,79100.00,0.00000000,0.0000,0.0000
28161,2022,OTHER,population,2565,79100.00,0.03242731,32.4273,3242.7307
28161,2022,ROBBERY_VIOLENT,population,77,79100.00,0.00097345,0.9735,97.3451
28161,2022,SEXUAL,population,27,79100.00,0.00034134,0.3413,34.1340
28161,2022,THEFT,population,830,79100.00,0.01049305,10.4930,1049.3047
28161,2022,VEHICLE_THEFT,population,46,79100.00,0.00058154,0.5815,58.1542
28161,2023,BURGLARY,population,103,81394.00,0.00126545,1.2654,126.5450
28161,2023,DRUG_TRAFFICKING,population,14,81394.00,0.00017200,0.1720,17.2003
28161,2023,HOM_ATTEMPTED,population,1,81394.00,0.00001229,0.0123,1.2286
28161,2023,HOM_COMPLETED,population,0,81394.00,0.00000000,0.0000,0.0000
28161,2023,INJURY,population,74,81394.00,0.00090916,0.9092,90.9158
28161,2023,KIDNAPPING,population,0,81394.00,0.00000000,0.0000,0.0000
28161,2023,OTHER,population,2968,81394.00,0.03646460,36.4646,3646.4604
28161,2023,ROBBERY_VIOLENT,population,60,81394.00,0.00073716,0.7372,73.7155
28161,2023,SEXUAL,population,29,81394.00,0.00035629,0.3563,35.6292
28161,2023,THEFT,population,785,81394.00,0.00964445,9.6444,964.4446
28161,2023,VEHICLE_THEFT,population,45,81394.00,0.00055287,0.5529,55.2866
28161,2024,BURGLARY,population,183,83507.00,0.00219143,2.1914,219.1433
28161,2024,DRUG_TRAFFICKING,population,10,83507.00,0.00011975,0.1198,11.9750
28161,2024,HOM_ATTEMPTED,population,0,83507.00,0.00000000,0.0000,0.0000
28161,2024,HOM_COMPLETED,population,0,83507.00,0.00000000,0.0000,0.0000
28161,2024,INJURY,population,79,83507.00,0.00094603,0.9460,94.6028
28161,2024,KIDNAPPING,population,0,83507.00,0.00000000,0.0000,0.0000
28161,2024,OTHER,population,3125,83507.00,0.03742201,37.4220,3742.2013
28161,2024,ROBBERY_VIOLENT,population,62,83507.00,0.00074245,0.7425,74.2453
28161,2024,SEXUAL,population,33,83507.00,0.00039518,0.3952,39.5176
28161,2024,THEFT,population,734,83507.00,0.00878968,8.7897,878.9682
28161,2024,VEHICLE_THEFT,population,56,83507.00,0.00067060,0.6706,67.0602
28161,2025,BURGLARY,population,110,85972.00,0.00127949,1.2795,127.9486
28161,2025,DRUG_TRAFFICKING,population,19,85972.00,0.00022100,0.2210,22.1002
28161,2025,HOM_ATTEMPTED,population,0,85972.00,0.00000000,0.0000,0.0000
28161,2025,HOM_COMPLETED,population,1,85972.00,0.00001163,0.0116,1.1632
28161,2025,INJURY,population,107,85972.00,0.00124459,1.2446,124.4591
28161,2025,KIDNAPPING,population,0,85972.00,0.00000000,0.0000,0.0000
28161,2025,OTHER,population,2628,85972.00,0.03056809,30.5681,3056.8092
28161,2025,ROBBERY_VIOLENT,population,46,85972.00,0.00053506,0.5351,53.5058
28161,2025,SEXUAL,population,33,85972.00,0.00038385,0.3838,38.3846
28161,2025,THEFT,population,730,85972.00,0.00849114,8.4911,849.1137
28161,2025,VEHICLE_THEFT,population,43,85972.00,0.00050016,0.5002,50.0163
28176,2019,BURGLARY,population,67,21445.00,0.00312427,3.1243,312.4271
28176,2019,DRUG_TRAFFICKING,population,1,21445.00,0.00004663,0.0466,4.6631
28176,2019,HOM_ATTEMPTED,population,0,21445.00,0.00000000,0.0000,0.0000
28176,2019,HOM_COMPLETED,population,0,21445.00,0.00000000,0.0000,0.0000
28176,2019,INJURY,population,5,21445.00,0.00023315,0.2332,23.3155
28176,2019,KIDNAPPING,population,0,21445.00,0.00000000,0.0000,0.0000
28176,2019,OTHER,population,639,21445.00,0.02979716,29.7972,2979.7156
28176,2019,ROBBERY_VIOLENT,population,20,21445.00,0.00093262,0.9326,93.2618
28176,2019,SEXUAL,population,8,21445.00,0.00037305,0.3730,37.3047
28176,2019,THEFT,population,247,21445.00,0.01151784,11.5178,1151.7836
28176,2019,VEHICLE_THEFT,population,6,21445.00,0.00027979,0.2798,27.9785
28176,2020,BURGLARY,population,57,22115.00,0.00257744,2.5774,257.7436
28176,2020,DRUG_TRAFFICKING,population,4,22115.00,0.00018087,0.1809,18.0873
28176,2020,HOM_ATTEMPTED,population,1,22115.00,0.00004522,0.0452,4.5218
28176,2020,HOM_COMPLETED,population,0,22115.00,0.00000000,0.0000,0.0000
28176,2020,INJURY,population,4,22115.00,0.00018087,0.1809,18.0873
28176,2020,KIDNAPPING,population,0,22115.00,0.00000000,0.0000,0.0000
28176,2020,OTHER,population,608,22115.00,0.02749265,27.4927,2749.2652
28176,2020,ROBBERY_VIOLENT,population,8,22115.00,0.00036175,0.3617,36.1745
28176,2020,SEXUAL,population,6,22115.00,0.00027131,0.2713,27.1309
28176,2020,THEFT,population,155,22115.00,0.00700882,7.0088,700.8818
28176,2020,VEHICLE_THEFT,population,5,22115.00,0.00022609,0.2261,22.6091
28176,2021,BURGLARY,population,57,22580.00,0.00252436,2.5244,252.4358
28176,2021,DRUG_TRAFFICKING,population,0,22580.00,0.00000000,0.0000,0.0000
28176,2021,HOM_ATTEMPTED,population,0,22580.00,0.00000000,0.0000,0.0000
28176,2021,HOM_COMPLETED,population,0,22580.00,0.00000000,0.0000,0.0000
28176,2021,INJURY,population,11,22580.00,0.00048716,0.4872,48.7157
28176,2021,KIDNAPPING,population,0,22580.00,0.00000000,0.0000,0.0000
28176,2021,OTHER,population,591,22580.00,0.02617360,26.1736,2617.3605
28176,2021,ROBBERY_VIOLENT,population,20,22580.00,0.00088574,0.8857,88.5740
28176,2021,SEXUAL,population,8,22580.00,0.00035430,0.3543,35.4296
28176,2021,THEFT,population,240,22580.00,0.01062888,10.6289,1062.8875
28176,2021,VEHICLE_THEFT,population,6,22580.00,0.00026572,0.2657,26.5722
28176,2022,BURGLARY,population,68,22845.00,0.00297658,2.9766,297.6581
28176,2022,DRUG_TRAFFICKING,population,3,22845.00,0.00013132,0.1313,13.1320
28176,2022,HOM_ATTEMPTED,population,1,22845.00,0.00004377,0.0438,4.3773
28176,2022,HOM_COMPLETED,population,0,22845.00,0.00000000,0.0000,0.0000
28176,2022,INJURY,population,4,22845.00,0.00017509,0.1751,17.5093
28176,2022,KIDNAPPING,population,0,22845.00,0.00000000,0.0000,0.0000
28176,2022,OTHER,population,709,22845.00,0.03103524,31.0352,3103.5237
28176,2022,ROBBERY_VIOLENT,population,15,22845.00,0.00065660,0.6566,65.6599
28176,2022,SEXUAL,population,11,22845.00,0.00048151,0.4815,48.1506
28176,2022,THEFT,population,320,22845.00,0.01400744,14.0074,1400.7441
28176,2022,VEHICLE_THEFT,population,6,22845.00,0.00026264,0.2626,26.2640
28176,2023,BURGLARY,population,69,23593.00,0.00292460,2.9246,292.4596
28176,2023,DRUG_TRAFFICKING,population,10,23593.00,0.00042385,0.4239,42.3855
28176,2023,HOM_ATTEMPTED,population,0,23593.00,0.00000000,0.0000,0.0000
28176,2023,HOM_COMPLETED,population,0,23593.00,0.00000000,0.0000,0.0000
28176,2023,INJURY,population,9,23593.00,0.00038147,0.3815,38.1469
28176,2023,KIDNAPPING,population,0,23593.00,0.00000000,0.0000,0.0000
28176,2023,OTHER,population,678,23593.00,0.02873734,28.7373,2873.7337
28176,2023,ROBBERY_VIOLENT,population,18,23593.00,0.00076294,0.7629,76.2938
28176,2023,SEXUAL,population,16,23593.00,0.00067817,0.6782,67.8167
28176,2023,THEFT,population,299,23593.00,0.01267325,12.6733,1267.3251
28176,2023,VEHICLE_THEFT,population,3,23593.00,0.00012716,0.1272,12.7156
28176,2024,BURGLARY,population,51,23799.00,0.00214295,2.1429,214.2947
28176,2024,DRUG_TRAFFICKING,population,2,23799.00,0.00008404,0.0840,8.4037
28176,2024,HOM_ATTEMPTED,population,0,23799.00,0.00000000,0.0000,0.0000
28176,2024,HOM_COMPLETED,population,0,23799.00,0.00000000,0.0000,0.0000
28176,2024,INJURY,population,15,23799.00,0.00063028,0.6303,63.0279
28176,2024,KIDNAPPING,population,0,23799.00,0.00000000,0.0000,0.0000
28176,2024,OTHER,population,616,23799.00,0.02588344,25.8834,2588.3440
28176,2024,ROBBERY_VIOLENT,population,15,23799.00,0.00063028,0.6303,63.0279
28176,2024,SEXUAL,population,11,23799.00,0.00046220,0.4622,46.2204
28176,2024,THEFT,population,231,23799.00,0.00970629,9.7063,970.6290
28176,2024,VEHICLE_THEFT,population,2,23799.00,0.00008404,0.0840,8.4037
28176,2025,BURGLARY,population,63,24028.00,0.00262194,2.6219,262.1941
28176,2025,DRUG_TRAFFICKING,population,0,24028.00,0.00000000,0.0000,0.0000
28176,2025,HOM_ATTEMPTED,population,0,24028.00,0.00000000,0.0000,0.0000
28176,2025,HOM_COMPLETED,population,0,24028.00,0.00000000,0.0000,0.0000
28176,2025,INJURY,population,8,24028.00,0.00033294,0.3329,33.2945
28176,2025,KIDNAPPING,population,0,24028.00,0.00000000,0.0000,0.0000
28176,2025,OTHER,population,554,24028.00,0.02305643,23.0564,2305.6434
28176,2025,ROBBERY_VIOLENT,population,7,24028.00,0.00029133,0.2913,29.1327
28176,2025,SEXUAL,population,8,24028.00,0.00033294,0.3329,33.2945
28176,2025,THEFT,population,278,24028.00,0.01156984,11.5698,1156.9835
28176,2025,VEHICLE_THEFT,population,9,24028.00,0.00037456,0.3746,37.4563
28181,2019,BURGLARY,population,141,27835.00,0.00506556,5.0656,506.5565
28181,2019,DRUG_TRAFFICKING,population,8,27835.00,0.00028741,0.2874,28.7408
28181,2019,HOM_ATTEMPTED,population,0,27835.00,0.00000000,0.0000,0.0000
28181,2019,HOM_COMPLETED,population,0,27835.00,0.00000000,0.0000,0.0000
28181,2019,INJURY,population,12,27835.00,0.00043111,0.4311,43.1112
28181,2019,KIDNAPPING,population,0,27835.00,0.00000000,0.0000,0.0000
28181,2019,OTHER,population,662,27835.00,0.02378301,23.7830,2378.3007
28181,2019,ROBBERY_VIOLENT,population,36,27835.00,0.00129334,1.2933,129.3336
28181,2019,SEXUAL,population,15,27835.00,0.00053889,0.5389,53.8890
28181,2019,THEFT,population,294,27835.00,0.01056224,10.5622,1056.2242
28181,2019,VEHICLE_THEFT,population,11,27835.00,0.00039519,0.3952,39.5186
28181,2020,BURGLARY,population,73,28148.00,0.00259343,2.5934,259.3435
28181,2020,DRUG_TRAFFICKING,population,3,28148.00,0.00010658,0.1066,10.6580
28181,2020,HOM_ATTEMPTED,population,1,28148.00,0.00003553,0.0355,3.5527
28181,2020,HOM_COMPLETED,population,0,28148.00,0.00000000,0.0000,0.0000
28181,2020,INJURY,population,7,28148.00,0.00024869,0.2487,24.8686
28181,2020,KIDNAPPING,population,0,28148.00,0.00000000,0.0000,0.0000
28181,2020,OTHER,population,682,28148.00,0.02422907,24.2291,2422.9075
28181,2020,ROBBERY_VIOLENT,population,40,28148.00,0.00142106,1.4211,142.1060
28181,2020,SEXUAL,population,3,28148.00,0.00010658,0.1066,10.6580
28181,2020,THEFT,population,176,28148.00,0.00625266,6.2527,625.2664
28181,2020,VEHICLE_THEFT,population,20,28148.00,0.00071053,0.7105,71.0530
28181,2021,BURGLARY,population,100,28030.00,0.00356761,3.5676,356.7606
28181,2021,DRUG_TRAFFICKING,population,3,28030.00,0.00010703,0.1070,10.7028
28181,2021,HOM_ATTEMPTED,population,0,28030.00,0.00000000,0.0000,0.0000
28181,2021,HOM_COMPLETED,population,0,28030.00,0.00000000,0.0000,0.0000
28181,2021,INJURY,population,13,28030.00,0.00046379,0.4638,46.3789
28181,2021,KIDNAPPING,population,0,28030.00,0.00000000,0.0000,0.0000
28181,2021,OTHER,population,800,28030.00,0.02854085,28.5408,2854.0849
28181,2021,ROBBERY_VIOLENT,population,53,28030.00,0.00189083,1.8908,189.0831
28181,2021,SEXUAL,population,12,28030.00,0.00042811,0.4281,42.8113
28181,2021,THEFT,population,274,28030.00,0.00977524,9.7752,977.5241
28181,2021,VEHICLE_THEFT,population,6,28030.00,0.00021406,0.2141,21.4056
28181,2022,BURGLARY,population,100,28152.00,0.00355215,3.5521,355.2145
28181,2022,DRUG_TRAFFICKING,population,4,28152.00,0.00014209,0.1421,14.2086
28181,2022,HOM_ATTEMPTED,population,0,28152.00,0.00000000,0.0000,0.0000
28181,2022,HOM_COMPLETED,population,0,28152.00,0.00000000,0.0000,0.0000
28181,2022,INJURY,population,8,28152.00,0.00028417,0.2842,28.4172
28181,2022,KIDNAPPING,population,0,28152.00,0.00000000,0.0000,0.0000
28181,2022,OTHER,population,902,28152.00,0.03204035,32.0404,3204.0352
28181,2022,ROBBERY_VIOLENT,population,49,28152.00,0.00174055,1.7406,174.0551
28181,2022,SEXUAL,population,13,28152.00,0.00046178,0.4618,46.1779
28181,2022,THEFT,population,320,28152.00,0.01136687,11.3669,1136.6866
28181,2022,VEHICLE_THEFT,population,8,28152.00,0.00028417,0.2842,28.4172
28181,2023,BURGLARY,population,124,28750.00,0.00431304,4.3130,431.3043
28181,2023,DRUG_TRAFFICKING,population,6,28750.00,0.00020870,0.2087,20.8696
28181,2023,HOM_ATTEMPTED,population,0,28750.00,0.00000000,0.0000,0.0000
28181,2023,HOM_COMPLETED,population,0,28750.00,0.00000000,0.0000,0.0000
28181,2023,INJURY,population,17,28750.00,0.00059130,0.5913,59.1304
28181,2023,KIDNAPPING,population,0,28750.00,0.00000000,0.0000,0.0000
28181,2023,OTHER,population,913,28750.00,0.03175652,31.7565,3175.6522
28181,2023,ROBBERY_VIOLENT,population,37,28750.00,0.00128696,1.2870,128.6957
28181,2023,SEXUAL,population,9,28750.00,0.00031304,0.3130,31.3043
28181,2023,THEFT,population,301,28750.00,0.01046957,10.4696,1046.9565
28181,2023,VEHICLE_THEFT,population,7,28750.00,0.00024348,0.2435,24.3478
28181,2024,BURGLARY,population,93,29273.00,0.00317699,3.1770,317.6989
28181,2024,DRUG_TRAFFICKING,population,4,29273.00,0.00013664,0.1366,13.6645
28181,2024,HOM_ATTEMPTED,population,0,29273.00,0.00000000,0.0000,0.0000
28181,2024,HOM_COMPLETED,population,0,29273.00,0.00000000,0.0000,0.0000
28181,2024,INJURY,population,20,29273.00,0.00068322,0.6832,68.3223
28181,2024,KIDNAPPING,population,0,29273.00,0.00000000,0.0000,0.0000
28181,2024,OTHER,population,888,29273.00,0.03033512,30.3351,3033.5121
28181,2024,ROBBERY_VIOLENT,population,22,29273.00,0.00075155,0.7515,75.1546
28181,2024,SEXUAL,population,9,29273.00,0.00030745,0.3075,30.7451
28181,2024,THEFT,population,267,29273.00,0.00912103,9.1210,912.1033
28181,2024,VEHICLE_THEFT,population,8,29273.00,0.00027329,0.2733,27.3289
28181,2025,BURGLARY,population,93,30127.00,0.00308693,3.0869,308.6932
28181,2025,DRUG_TRAFFICKING,population,6,30127.00,0.00019916,0.1992,19.9157
28181,2025,HOM_ATTEMPTED,population,1,30127.00,0.00003319,0.0332,3.3193
28181,2025,HOM_COMPLETED,population,0,30127.00,0.00000000,0.0000,0.0000
28181,2025,INJURY,population,13,30127.00,0.00043151,0.4315,43.1507
28181,2025,KIDNAPPING,population,0,30127.00,0.00000000,0.0000,0.0000
28181,2025,OTHER,population,926,30127.00,0.03073655,30.7365,3073.6549
28181,2025,ROBBERY_VIOLENT,population,18,30127.00,0.00059747,0.5975,59.7471
28181,2025,SEXUAL,population,20,30127.00,0.00066386,0.6639,66.3856
28181,2025,THEFT,population,254,30127.00,0.00843098,8.4310,843.0976
28181,2025,VEHICLE_THEFT,population,6,30127.00,0.00019916,0.1992,19.9157
28903,2019,BURGLARY,population,69,47722.00,0.00144587,1.4459,144.5874
28903,2019,DRUG_TRAFFICKING,population,8,47722.00,0.00016764,0.1676,16.7638
28903,2019,HOM_ATTEMPTED,population,0,47722.00,0.00000000,0.0000,0.0000
28903,2019,HOM_COMPLETED,population,0,47722.00,0.00000000,0.0000,0.0000
28903,2019,INJURY,population,8,47722.00,0.00016764,0.1676,16.7638
28903,2019,KIDNAPPING,population,0,47722.00,0.00000000,0.0000,0.0000
28903,2019,OTHER,population,791,47722.00,0.01657516,16.5752,1657.5164
28903,2019,ROBBERY_VIOLENT,population,26,47722.00,0.00054482,0.5448,54.4822
28903,2019,SEXUAL,population,8,47722.00,0.00016764,0.1676,16.7638
28903,2019,THEFT,population,352,47722.00,0.00737605,7.3761,737.6053
28903,2019,VEHICLE_THEFT,population,8,47722.00,0.00016764,0.1676,16.7638
28903,2020,BURGLARY,population,53,48326.00,0.00109672,1.0967,109.6718
28903,2020,DRUG_TRAFFICKING,population,6,48326.00,0.00012416,0.1242,12.4157
28903,2020,HOM_ATTEMPTED,population,0,48326.00,0.00000000,0.0000,0.0000
28903,2020,HOM_COMPLETED,population,0,48326.00,0.00000000,0.0000,0.0000
28903,2020,INJURY,population,10,48326.00,0.00020693,0.2069,20.6928
28903,2020,KIDNAPPING,population,0,48326.00,0.00000000,0.0000,0.0000
28903,2020,OTHER,population,828,48326.00,0.01713363,17.1336,1713.3634
28903,2020,ROBBERY_VIOLENT,population,12,48326.00,0.00024831,0.2483,24.8314
28903,2020,SEXUAL,population,7,48326.00,0.00014485,0.1448,14.4850
28903,2020,THEFT,population,240,48326.00,0.00496627,4.9663,496.6271
28903,2020,VEHICLE_THEFT,population,3,48326.00,0.00006208,0.0621,6.2078
28903,2021,BURGLARY,population,47,48751.00,0.00096408,0.9641,96.4083
28903,2021,DRUG_TRAFFICKING,population,6,48751.00,0.00012307,0.1231,12.3074
28903,2021,HOM_ATTEMPTED,population,0,48751.00,0.00000000,0.0000,0.0000
28903,2021,HOM_COMPLETED,population,0,48751.00,0.00000000,0.0000,0.0000
28903,2021,INJURY,population,12,48751.00,0.00024615,0.2461,24.6149
28903,2021,KIDNAPPING,population,0,48751.00,0.00000000,0.0000,0.0000
28903,2021,OTHER,population,1028,48751.00,0.02108675,21.0867,2108.6747
28903,2021,ROBBERY_VIOLENT,population,25,48751.00,0.00051281,0.5128,51.2810
28903,2021,SEXUAL,population,11,48751.00,0.00022564,0.2256,22.5636
28903,2021,THEFT,population,374,48751.00,0.00767164,7.6716,767.1638
28903,2021,VEHICLE_THEFT,population,5,48751.00,0.00010256,0.1026,10.2562
28903,2022,BURGLARY,population,65,50187.00,0.00129516,1.2952,129.5156
28903,2022,DRUG_TRAFFICKING,population,1,50187.00,0.00001993,0.0199,1.9925
28903,2022,HOM_ATTEMPTED,population,0,50187.00,0.00000000,0.0000,0.0000
28903,2022,HOM_COMPLETED,population,0,50187.00,0.00000000,0.0000,0.0000
28903,2022,INJURY,population,22,50187.00,0.00043836,0.4384,43.8361
28903,2022,KIDNAPPING,population,0,50187.00,0.00000000,0.0000,0.0000
28903,2022,OTHER,population,911,50187.00,0.01815211,18.1521,1815.2111
28903,2022,ROBBERY_VIOLENT,population,35,50187.00,0.00069739,0.6974,69.7392
28903,2022,SEXUAL,population,8,50187.00,0.00015940,0.1594,15.9404
28903,2022,THEFT,population,426,50187.00,0.00848825,8.4883,848.8254
28903,2022,VEHICLE_THEFT,population,8,50187.00,0.00015940,0.1594,15.9404
28903,2023,BURGLARY,population,80,51453.00,0.00155482,1.5548,155.4817
28903,2023,DRUG_TRAFFICKING,population,2,51453.00,0.00003887,0.0389,3.8870
28903,2023,HOM_ATTEMPTED,population,0,51453.00,0.00000000,0.0000,0.0000
28903,2023,HOM_COMPLETED,population,0,51453.00,0.00000000,0.0000,0.0000
28903,2023,INJURY,population,17,51453.00,0.00033040,0.3304,33.0399
28903,2023,KIDNAPPING,population,0,51453.00,0.00000000,0.0000,0.0000
28903,2023,OTHER,population,1067,51453.00,0.02073737,20.7374,2073.7372
28903,2023,ROBBERY_VIOLENT,population,16,51453.00,0.00031096,0.3110,31.0963
28903,2023,SEXUAL,population,10,51453.00,0.00019435,0.1944,19.4352
28903,2023,THEFT,population,411,51453.00,0.00798787,7.9879,798.7872
28903,2023,VEHICLE_THEFT,population,2,51453.00,0.00003887,0.0389,3.8870
28903,2024,BURGLARY,population,92,52932.00,0.00173808,1.7381,173.8079
28903,2024,DRUG_TRAFFICKING,population,4,52932.00,0.00007557,0.0756,7.5569
28903,2024,HOM_ATTEMPTED,population,0,52932.00,0.00000000,0.0000,0.0000
28903,2024,HOM_COMPLETED,population,0,52932.00,0.00000000,0.0000,0.0000
28903,2024,INJURY,population,10,52932.00,0.00018892,0.1889,18.8922
28903,2024,KIDNAPPING,population,0,52932.00,0.00000000,0.0000,0.0000
28903,2024,OTHER,population,1130,52932.00,0.02134814,21.3481,2134.8145
28903,2024,ROBBERY_VIOLENT,population,24,52932.00,0.00045341,0.4534,45.3412
28903,2024,SEXUAL,population,12,52932.00,0.00022671,0.2267,22.6706
28903,2024,THEFT,population,329,52932.00,0.00621552,6.2155,621.5522
28903,2024,VEHICLE_THEFT,population,10,52932.00,0.00018892,0.1889,18.8922
28903,2025,BURGLARY,population,60,54592.00,0.00109906,1.0991,109.9062
28903,2025,DRUG_TRAFFICKING,population,4,54592.00,0.00007327,0.0733,7.3271
28903,2025,HOM_ATTEMPTED,population,0,54592.00,0.00000000,0.0000,0.0000
28903,2025,HOM_COMPLETED,population,0,54592.00,0.00000000,0.0000,0.0000
28903,2025,INJURY,population,16,54592.00,0.00029308,0.2931,29.3083
28903,2025,KIDNAPPING,population,0,54592.00,0.00000000,0.0000,0.0000
28903,2025,OTHER,population,1427,54592.00,0.02613936,26.1394,2613.9361
28903,2025,ROBBERY_VIOLENT,population,12,54592.00,0.00021981,0.2198,21.9812
28903,2025,SEXUAL,population,6,54592.00,0.00010991,0.1099,10.9906
28903,2025,THEFT,population,435,54592.00,0.00796820,7.9682,796.8200
28903,2025,VEHICLE_THEFT,population,10,54592.00,0.00018318,0.1832,18.3177
28005,2019,ALL_COMPARABLE,population,9844,195649.00,0.05031459,50.3146,5031.4594
28005,2020,ALL_COMPARABLE,population,8023,197562.00,0.04061004,40.6100,4061.0036
28005,2021,ALL_COMPARABLE,population,9638,195982.00,0.04917799,49.1780,4917.7986
28005,2022,ALL_COMPARABLE,population,10329,196888.00,0.05246130,52.4613,5246.1298
28005,2023,ALL_COMPARABLE,population,9785,199184.00,0.04912543,49.1254,4912.5432
28005,2024,ALL_COMPARABLE,population,9765,200702.00,0.04865422,48.6542,4865.4224
28005,2025,ALL_COMPARABLE,population,9888,203208.00,0.04865950,48.6595,4865.9502
28006,2019,ALL_COMPARABLE,population,5492,117040.00,0.04692413,46.9241,4692.4129
28006,2020,ALL_COMPARABLE,population,4292,118417.00,0.03624480,36.2448,3624.4796
28006,2021,ALL_COMPARABLE,population,4496,116589.00,0.03856281,38.5628,3856.2815
28006,2022,ALL_COMPARABLE,population,5258,117041.00,0.04492443,44.9244,4492.4428
28006,2023,ALL_COMPARABLE,population,5216,119416.00,0.04367924,43.6792,4367.9239
28006,2024,ALL_COMPARABLE,population,5490,121373.00,0.04523247,45.2325,4523.2465
28006,2025,ALL_COMPARABLE,population,5557,123342.00,0.04505359,45.0536,4505.3591
28007,2019,ALL_COMPARABLE,population,6821,170514.00,0.04000258,40.0026,4000.2580
28007,2020,ALL_COMPARABLE,population,5871,172384.00,0.03405769,34.0577,3405.7685
28007,2021,ALL_COMPARABLE,population,6981,170817.00,0.04086830,40.8683,4086.8298
28007,2022,ALL_COMPARABLE,population,7750,170296.00,0.04550900,45.5090,4550.8996
28007,2023,ALL_COMPARABLE,population,7579,171772.00,0.04412244,44.1224,4412.2441
28007,2024,ALL_COMPARABLE,population,6983,173625.00,0.04021886,40.2189,4021.8862
28007,2025,ALL_COMPARABLE,population,7234,175719.00,0.04116800,41.1680,4116.8001
28009,2019,ALL_COMPARABLE,population,771,20611.00,0.03740721,37.4072,3740.7210
28009,2020,ALL_COMPARABLE,population,549,20864.00,0.02631327,26.3133,2631.3267
28009,2021,ALL_COMPARABLE,population,705,20749.00,0.03397754,33.9775,3397.7541
28009,2022,ALL_COMPARABLE,population,881,20767.00,0.04242308,42.4231,4242.3075
28009,2023,ALL_COMPARABLE,population,919,20991.00,0.04378067,43.7807,4378.0668
28009,2024,ALL_COMPARABLE,population,870,21167.00,0.04110171,41.1017,4110.1715
28009,2025,ALL_COMPARABLE,population,910,21144.00,0.04303821,43.0382,4303.8214
28013,2019,ALL_COMPARABLE,population,2303,59607.00,0.03863640,38.6364,3863.6402
28013,2020,ALL_COMPARABLE,population,2107,60332.00,0.03492342,34.9234,3492.3424
28013,2021,ALL_COMPARABLE,population,2208,59833.00,0.03690271,36.9027,3690.2713
28013,2022,ALL_COMPARABLE,population,2865,59762.00,0.04794016,47.9402,4794.0163
28013,2023,ALL_COMPARABLE,population,2858,60668.00,0.04710885,47.1089,4710.8855
28013,2024,ALL_COMPARABLE,population,2816,62292.00,0.04520645,45.2064,4520.6447
28013,2025,ALL_COMPARABLE,population,3246,63040.00,0.05149112,51.4911,5149.1117
28014,2019,ALL_COMPARABLE,population,3293,55389.00,0.05945224,59.4522,5945.2238
28014,2020,ALL_COMPARABLE,population,2246,56678.00,0.03962737,39.6274,3962.7369
28014,2021,ALL_COMPARABLE,population,2422,56386.00,0.04295392,42.9539,4295.3925
28014,2022,ALL_COMPARABLE,population,2964,57553.00,0.05150036,51.5004,5150.0356
28014,2023,ALL_COMPARABLE,population,3700,58990.00,0.06272250,62.7225,6272.2495
28014,2024,ALL_COMPARABLE,population,3423,59513.00,0.05751685,57.5168,5751.6845
28014,2025,ALL_COMPARABLE,population,3171,60419.00,0.05248349,52.4835,5248.3490
28015,2019,ALL_COMPARABLE,population,2886,31396.00,0.09192254,91.9225,9192.2538
28015,2020,ALL_COMPARABLE,population,2342,32935.00,0.07110976,71.1098,7110.9762
28015,2021,ALL_COMPARABLE,population,2640,33687.00,0.07836851,78.3685,7836.8510
28015,2022,ALL_COMPARABLE,population,2790,34833.00,0.08009646,80.0965,8009.6460
28015,2023,ALL_COMPARABLE,population,2922,35972.00,0.08122985,81.2298,8122.9845
28015,2024,ALL_COMPARABLE,population,2446,37208.00,0.06573855,65.7386,6573.8551
28015,2025,ALL_COMPARABLE,population,2464,38075.00,0.06471438,64.7144,6471.4380
28022,2019,ALL_COMPARABLE,population,1324,54570.00,0.02426242,24.2624,2426.2415
28022,2020,ALL_COMPARABLE,population,1228,56734.00,0.02164487,21.6449,2164.4869
28022,2021,ALL_COMPARABLE,population,1742,59052.00,0.02949942,29.4994,2949.9424
28022,2022,ALL_COMPARABLE,population,2265,62627.00,0.03616651,36.1665,3616.6510
28022,2023,ALL_COMPARABLE,population,2459,64742.00,0.03798153,37.9815,3798.1527
28022,2024,ALL_COMPARABLE,population,2316,65839.00,0.03517672,35.1767,3517.6719
28022,2025,ALL_COMPARABLE,population,2496,66349.00,0.03761926,37.6193,3761.9256
28040,2019,ALL_COMPARABLE,population,1471,24592.00,0.05981620,59.8162,5981.6200
28040,2020,ALL_COMPARABLE,population,1173,25104.00,0.04672562,46.7256,4672.5621
28040,2021,ALL_COMPARABLE,population,1355,25083.00,0.05402065,54.0207,5402.0651
28040,2022,ALL_COMPARABLE,population,1379,25383.00,0.05432770,54.3277,5432.7700
28040,2023,ALL_COMPARABLE,population,1474,25866.00,0.05698600,56.9860,5698.6005
28040,2024,ALL_COMPARABLE,population,1457,26140.00,0.05573833,55.7383,5573.8332
28040,2025,ALL_COMPARABLE,population,1269,26350.00,0.04815939,48.1594,4815.9393
28045,2019,ALL_COMPARABLE,population,1978,50752.00,0.03897383,38.9738,3897.3834
28045,2020,ALL_COMPARABLE,population,1497,51938.00,0.02882283,28.8228,2882.2827
28045,2021,ALL_COMPARABLE,population,1557,52480.00,0.02966845,29.6684,2966.8445
28045,2022,ALL_COMPARABLE,population,1924,53389.00,0.03603739,36.0374,3603.7386
28045,2023,ALL_COMPARABLE,population,2470,55198.00,0.04474800,44.7480,4474.7998
28045,2024,ALL_COMPARABLE,population,2477,57029.00,0.04343404,43.4340,4343.4042
28045,2025,ALL_COMPARABLE,population,2623,58730.00,0.04466201,44.6620,4466.2013
28047,2019,ALL_COMPARABLE,population,3252,63679.00,0.05106864,51.0686,5106.8641
28047,2020,ALL_COMPARABLE,population,2353,64378.00,0.03654975,36.5498,3654.9753
28047,2021,ALL_COMPARABLE,population,2531,63825.00,0.03965531,39.6553,3965.5307
28047,2022,ALL_COMPARABLE,population,3086,64263.00,0.04802141,48.0214,4802.1412
28047,2023,ALL_COMPARABLE,population,3114,65657.00,0.04742830,47.4283,4742.8302
28047,2024,ALL_COMPARABLE,population,3333,66698.00,0.04997151,49.9715,4997.1513
28047,2025,ALL_COMPARABLE,population,3216,67274.00,0.04780450,47.8045,4780.4501
28049,2019,ALL_COMPARABLE,population,3517,81661.00,0.04306829,43.0683,4306.8295
28049,2020,ALL_COMPARABLE,population,2913,81391.00,0.03579020,35.7902,3579.0198
28049,2021,ALL_COMPARABLE,population,3255,81273.00,0.04005020,40.0502,4005.0201
28049,2022,ALL_COMPARABLE,population,3643,80596.00,0.04520075,45.2008,4520.0754
28049,2023,ALL_COMPARABLE,population,3388,80171.00,0.04225967,42.2597,4225.9670
28049,2024,ALL_COMPARABLE,population,3585,80760.00,0.04439079,44.3908,4439.0788
28049,2025,ALL_COMPARABLE,population,3537,80512.00,0.04393134,43.9313,4393.1339
28058,2019,ALL_COMPARABLE,population,6890,193700.00,0.03557047,35.5705,3557.0470
28058,2020,ALL_COMPARABLE,population,5196,194514.00,0.02671273,26.7127,2671.2730
28058,2021,ALL_COMPARABLE,population,6793,192233.00,0.03533733,35.3373,3533.7325
28058,2022,ALL_COMPARABLE,population,6204,189891.00,0.03267137,32.6714,3267.1375
28058,2023,ALL_COMPARABLE,population,6053,188736.00,0.03207125,32.0713,3207.1253
28058,2024,ALL_COMPARABLE,population,5952,190790.00,0.03119660,31.1966,3119.6604
28058,2025,ALL_COMPARABLE,population,5889,190076.00,0.03098234,30.9823,3098.2344
28061,2019,ALL_COMPARABLE,population,2008,33742.00,0.05951040,59.5104,5951.0402
28061,2020,ALL_COMPARABLE,population,1705,34497.00,0.04942459,49.4246,4942.4588
28061,2021,ALL_COMPARABLE,population,1631,34712.00,0.04698663,46.9866,4698.6633
28061,2022,ALL_COMPARABLE,population,1639,34834.00,0.04705173,47.0517,4705.1731
28061,2023,ALL_COMPARABLE,population,1922,35273.00,0.05448927,54.4893,5448.9269
28061,2024,ALL_COMPARABLE,population,1821,36184.00,0.05032611,50.3261,5032.6111
28061,2025,ALL_COMPARABLE,population,1839,36758.00,0.05002993,50.0299,5002.9925
28065,2019,ALL_COMPARABLE,population,8471,183374.00,0.04619521,46.1952,4619.5208
28065,2020,ALL_COMPARABLE,population,6946,185180.00,0.03750945,37.5095,3750.9450
28065,2021,ALL_COMPARABLE,population,8277,183095.00,0.04520604,45.2060,4520.6041
28065,2022,ALL_COMPARABLE,population,8560,183219.00,0.04672005,46.7200,4672.0045
28065,2023,ALL_COMPARABLE,population,9112,185899.00,0.04901586,49.0159,4901.5863
28065,2024,ALL_COMPARABLE,population,8988,189906.00,0.04732868,47.3287,4732.8678
28065,2025,ALL_COMPARABLE,population,9277,193238.00,0.04800816,48.0082,4800.8156
28073,2025,ALL_COMPARABLE,population,2109,20500.00,0.10287805,102.8780,10287.8049
28074,2019,ALL_COMPARABLE,population,9543,189861.00,0.05026309,50.2631,5026.3087
28074,2020,ALL_COMPARABLE,population,7857,191114.00,0.04111159,41.1116,4111.1588
28074,2021,ALL_COMPARABLE,population,8120,187762.00,0.04324624,43.2462,4324.6237
28074,2022,ALL_COMPARABLE,population,9088,186660.00,0.04868745,48.6875,4868.7453
28074,2023,ALL_COMPARABLE,population,8957,190665.00,0.04697768,46.9777,4697.7683
28074,2024,ALL_COMPARABLE,population,9037,194084.00,0.04656231,46.5623,4656.2313
28074,2025,ALL_COMPARABLE,population,8954,195734.00,0.04574576,45.7458,4574.5757
28079,2019,ALL_COMPARABLE,population,252363,3266126.00,0.07726677,77.2668,7726.6768
28079,2020,ALL_COMPARABLE,population,182241,3334730.00,0.05464940,54.6494,5464.9402
28079,2021,ALL_COMPARABLE,population,202827,3305408.00,0.06136217,61.3622,6136.2168
28079,2022,ALL_COMPARABLE,population,243401,3280782.00,0.07418993,74.1899,7418.9934
28079,2023,ALL_COMPARABLE,population,248503,3332035.00,0.07457995,74.5799,7457.9949
28079,2024,ALL_COMPARABLE,population,237573,3416771.00,0.06953144,69.5314,6953.1438
28079,2025,ALL_COMPARABLE,population,229662,3506730.00,0.06549178,65.4918,6549.1783
28080,2019,ALL_COMPARABLE,population,4084,71826.00,0.05685963,56.8596,5685.9633
28080,2020,ALL_COMPARABLE,population,3399,72155.00,0.04710692,47.1069,4710.6923
28080,2021,ALL_COMPARABLE,population,3913,72034.00,0.05432157,54.3216,5432.1570
28080,2022,ALL_COMPARABLE,population,4584,72179.00,0.06350878,63.5088,6350.8777
28080,2023,ALL_COMPARABLE,population,4647,72548.00,0.06405414,64.0541,6405.4143
28080,2024,ALL_COMPARABLE,population,4731,73355.00,0.06449458,64.4946,6449.4581
28080,2025,ALL_COMPARABLE,population,4500,73625.00,0.06112054,61.1205,6112.0543
28084,2019,ALL_COMPARABLE,population,1368,23274.00,0.05877804,58.7780,5877.8036
28084,2020,ALL_COMPARABLE,population,1190,23639.00,0.05034054,50.3405,5034.0539
28084,2021,ALL_COMPARABLE,population,1338,23737.00,0.05636770,56.3677,5636.7696
28084,2022,ALL_COMPARABLE,population,1366,23897.00,0.05716199,57.1620,5716.1987
28084,2023,ALL_COMPARABLE,population,1438,24274.00,0.05924034,59.2403,5924.0339
28084,2024,ALL_COMPARABLE,population,1221,24659.00,0.04951539,49.5154,4951.5390
28084,2025,ALL_COMPARABLE,population,1352,25049.00,0.05397421,53.9742,5397.4211
28092,2019,ALL_COMPARABLE,population,8538,209184.00,0.04081574,40.8157,4081.5741
28092,2020,ALL_COMPARABLE,population,7208,210309.00,0.03427338,34.2734,3427.3379
28092,2021,ALL_COMPARABLE,population,7811,209639.00,0.03725929,37.2593,3725.9289
28092,2022,ALL_COMPARABLE,population,8428,208761.00,0.04037153,40.3715,4037.1525
28092,2023,ALL_COMPARABLE,population,8683,211265.00,0.04110004,41.1000,4110.0040
28092,2024,ALL_COMPARABLE,population,8608,214006.00,0.04022317,40.2232,4022.3171
28092,2025,ALL_COMPARABLE,population,8151,214817.00,0.03794392,37.9439,3794.3924
28096,2019,ALL_COMPARABLE,population,1155,29298.00,0.03942249,39.4225,3942.2486
28096,2020,ALL_COMPARABLE,population,1131,29985.00,0.03771886,37.7189,3771.8859
28096,2021,ALL_COMPARABLE,population,1200,30695.00,0.03909432,39.0943,3909.4315
28096,2022,ALL_COMPARABLE,population,1499,31379.00,0.04777080,47.7708,4777.0802
28096,2023,ALL_COMPARABLE,population,1558,31974.00,0.04872709,48.7271,4872.7091
28096,2024,ALL_COMPARABLE,population,1505,32683.00,0.04604840,46.0484,4604.8404
28096,2025,ALL_COMPARABLE,population,1500,33331.00,0.04500315,45.0032,4500.3150
28104,2019,ALL_COMPARABLE,population,971,25269.00,0.03842653,38.4265,3842.6531
28104,2020,ALL_COMPARABLE,population,758,25917.00,0.02924721,29.2472,2924.7212
28104,2021,ALL_COMPARABLE,population,888,26235.00,0.03384791,33.8479,3384.7913
28104,2022,ALL_COMPARABLE,population,960,26450.00,0.03629490,36.2949,3629.4896
28104,2023,ALL_COMPARABLE,population,1095,27000.00,0.04055556,40.5556,4055.5556
28104,2024,ALL_COMPARABLE,population,1047,27238.00,0.03843895,38.4389,3843.8946
28104,2025,ALL_COMPARABLE,population,1043,27650.00,0.03772152,37.7215,3772.1519
28106,2019,ALL_COMPARABLE,population,6165,130124.00,0.04737789,47.3779,4737.7886
28106,2020,ALL_COMPARABLE,population,5321,133482.00,0.03986305,39.8631,3986.3053
28106,2021,ALL_COMPARABLE,population,5423,131689.00,0.04118036,41.1804,4118.0357
28106,2022,ALL_COMPARABLE,population,6282,130577.00,0.04810954,48.1095,4810.9545
28106,2023,ALL_COMPARABLE,population,6527,133004.00,0.04907371,49.0737,4907.3712
28106,2024,ALL_COMPARABLE,population,7701,134833.00,0.05711510,57.1151,5711.5098
28106,2025,ALL_COMPARABLE,population,6863,137471.00,0.04992326,49.9233,4992.3257
28113,2019,ALL_COMPARABLE,population,2699,52526.00,0.05138408,51.3841,5138.4076
28113,2020,ALL_COMPARABLE,population,2089,53325.00,0.03917487,39.1749,3917.4871
28113,2021,ALL_COMPARABLE,population,2357,53537.00,0.04402563,44.0256,4402.5627
28113,2022,ALL_COMPARABLE,population,2898,54088.00,0.05357935,53.5794,5357.9352
28113,2023,ALL_COMPARABLE,population,3102,55208.00,0.05618751,56.1875,5618.7509
28113,2024,ALL_COMPARABLE,population,3009,56003.00,0.05372926,53.7293,5372.9265
28113,2025,ALL_COMPARABLE,population,2827,56651.00,0.04990203,49.9020,4990.2032
28115,2019,ALL_COMPARABLE,population,3664,86422.00,0.04239661,42.3966,4239.6612
28115,2020,ALL_COMPARABLE,population,2664,87165.00,0.03056273,30.5627,3056.2726
28115,2021,ALL_COMPARABLE,population,2469,87134.00,0.02833567,28.3357,2833.5667
28115,2022,ALL_COMPARABLE,population,2668,87728.00,0.03041218,30.4122,3041.2183
28115,2023,ALL_COMPARABLE,population,2412,88784.00,0.02716706,27.1671,2716.7057
28115,2024,ALL_COMPARABLE,population,2412,89378.00,0.02698651,26.9865,2698.6507
28115,2025,ALL_COMPARABLE,population,2499,89770.00,0.02783781,27.8378,2783.7808
28123,2019,ALL_COMPARABLE,population,5507,88150.00,0.06247306,62.4731,6247.3057
28123,2020,ALL_COMPARABLE,population,4662,90973.00,0.05124597,51.2460,5124.5974
28123,2021,ALL_COMPARABLE,population,5195,92925.00,0.05590530,55.9053,5590.5300
28123,2022,ALL_COMPARABLE,population,5426,96690.00,0.05611749,56.1175,5611.7489
28123,2023,ALL_COMPARABLE,population,5780,100275.00,0.05764149,57.6415,5764.1486
28123,2024,ALL_COMPARABLE,population,5294,101949.00,0.05192792,51.9279,5192.7925
28123,2025,ALL_COMPARABLE,population,6164,103148.00,0.05975879,59.7588,5975.8793
28127,2019,ALL_COMPARABLE,population,4698,95814.00,0.04903250,49.0325,4903.2500
28127,2020,ALL_COMPARABLE,population,3622,96113.00,0.03768481,37.6848,3768.4809
28127,2021,ALL_COMPARABLE,population,3939,94862.00,0.04152348,41.5235,4152.3476
28127,2022,ALL_COMPARABLE,population,4411,95725.00,0.04607992,46.0799,4607.9916
28127,2023,ALL_COMPARABLE,population,4764,98086.00,0.04856962,48.5696,4856.9623
28127,2024,ALL_COMPARABLE,population,4628,98590.00,0.04694188,46.9419,4694.1881
28127,2025,ALL_COMPARABLE,population,4552,99037.00,0.04596262,45.9626,4596.2620
28130,2019,ALL_COMPARABLE,population,1855,39432.00,0.04704301,47.0430,4704.3011
28130,2020,ALL_COMPARABLE,population,1609,39566.00,0.04066623,40.6662,4066.6229
28130,2021,ALL_COMPARABLE,population,1808,39313.00,0.04598988,45.9899,4598.9876
28130,2022,ALL_COMPARABLE,population,1917,38904.00,0.04927514,49.2751,4927.5139
28130,2023,ALL_COMPARABLE,population,1833,38974.00,0.04703135,47.0314,4703.1354
28130,2024,ALL_COMPARABLE,population,1736,38980.00,0.04453566,44.5357,4453.5659
28130,2025,ALL_COMPARABLE,population,1724,39059.00,0.04413835,44.1384,4413.8355
28132,2023,ALL_COMPARABLE,population,895,20304.00,0.04407998,44.0800,4407.9984
28132,2024,ALL_COMPARABLE,population,1044,20733.00,0.05035451,50.3545,5035.4507
28132,2025,ALL_COMPARABLE,population,795,21010.00,0.03783912,37.8391,3783.9124
28134,2019,ALL_COMPARABLE,population,4813,89276.00,0.05391147,53.9115,5391.1466
28134,2020,ALL_COMPARABLE,population,3699,91224.00,0.04054854,40.5485,4054.8540
28134,2021,ALL_COMPARABLE,population,3815,90962.00,0.04194059,41.9406,4194.0591
28134,2022,ALL_COMPARABLE,population,4253,91083.00,0.04669367,46.6937,4669.3675
28134,2023,ALL_COMPARABLE,population,4464,92734.00,0.04813768,48.1377,4813.7684
28134,2024,ALL_COMPARABLE,population,4380,94969.00,0.04612031,46.1203,4612.0313
28134,2025,ALL_COMPARABLE,population,4770,96992.00,0.04917931,49.1793,4917.9314
28148,2019,ALL_COMPARABLE,population,4691,131376.00,0.03570667,35.7067,3570.6674
28148,2020,ALL_COMPARABLE,population,4052,132853.00,0.03049988,30.4999,3049.9876
28148,2021,ALL_COMPARABLE,population,5097,132771.00,0.03838941,38.3894,3838.9407
28148,2022,ALL_COMPARABLE,population,5718,134733.00,0.04243949,42.4395,4243.9491
28148,2023,ALL_COMPARABLE,population,5449,137711.00,0.03956837,39.5684,3956.8371
28148,2024,ALL_COMPARABLE,population,5297,140626.00,0.03766729,37.6673,3766.7288
28148,2025,ALL_COMPARABLE,population,5702,143526.00,0.03972799,39.7280,3972.7994
28152,2019,ALL_COMPARABLE,population,1320,23717.00,0.05565628,55.6563,5565.6280
28152,2020,ALL_COMPARABLE,population,1037,23902.00,0.04338549,43.3855,4338.5491
28152,2021,ALL_COMPARABLE,population,1137,24122.00,0.04713540,47.1354,4713.5395
28152,2022,ALL_COMPARABLE,population,1166,24775.00,0.04706357,47.0636,4706.3572
28152,2023,ALL_COMPARABLE,population,1293,25115.00,0.05148318,51.4832,5148.3177
28152,2024,ALL_COMPARABLE,population,1177,25316.00,0.04649234,46.4923,4649.2337
28152,2025,ALL_COMPARABLE,population,1176,25433.00,0.04623914,46.2391,4623.9138
28161,2019,ALL_COMPARABLE,population,3526,75983.00,0.04640512,46.4051,4640.5117
28161,2020,ALL_COMPARABLE,population,3019,77270.00,0.03907079,39.0708,3907.0791
28161,2021,ALL_COMPARABLE,population,3443,77587.00,0.04437599,44.3760,4437.5991
28161,2022,ALL_COMPARABLE,population,3748,79100.00,0.04738306,47.3831,4738.3059
28161,2023,ALL_COMPARABLE,population,4079,81394.00,0.05011426,50.1143,5011.4259
28161,2024,ALL_COMPARABLE,population,4282,83507.00,0.05127714,51.2771,5127.7138
28161,2025,ALL_COMPARABLE,population,3717,85972.00,0.04323501,43.2350,4323.5007
28176,2019,ALL_COMPARABLE,population,993,21445.00,0.04630450,46.3045,4630.4500
28176,2020,ALL_COMPARABLE,population,848,22115.00,0.03834501,38.3450,3834.5015
28176,2021,ALL_COMPARABLE,population,933,22580.00,0.04131975,41.3198,4131.9752
28176,2022,ALL_COMPARABLE,population,1137,22845.00,0.04977019,49.7702,4977.0190
28176,2023,ALL_COMPARABLE,population,1102,23593.00,0.04670877,46.7088,4670.8770
28176,2024,ALL_COMPARABLE,population,943,23799.00,0.03962351,39.6235,3962.3514
28176,2025,ALL_COMPARABLE,population,927,24028.00,0.03857999,38.5800,3857.9990
28181,2019,ALL_COMPARABLE,population,1179,27835.00,0.04235675,42.3567,4235.6745
28181,2020,ALL_COMPARABLE,population,1005,28148.00,0.03570414,35.7041,3570.4135
28181,2021,ALL_COMPARABLE,population,1261,28030.00,0.04498751,44.9875,4498.7513
28181,2022,ALL_COMPARABLE,population,1404,28152.00,0.04987212,49.8721,4987.2123
28181,2023,ALL_COMPARABLE,population,1414,28750.00,0.04918261,49.1826,4918.2609
28181,2024,ALL_COMPARABLE,population,1311,29273.00,0.04478530,44.7853,4478.5297
28181,2025,ALL_COMPARABLE,population,1337,30127.00,0.04437880,44.3788,4437.8796
28903,2019,ALL_COMPARABLE,population,1270,47722.00,0.02661246,26.6125,2661.2464
28903,2020,ALL_COMPARABLE,population,1159,48326.00,0.02398295,23.9829,2398.2949
28903,2021,ALL_COMPARABLE,population,1508,48751.00,0.03093270,30.9327,3093.2699
28903,2022,ALL_COMPARABLE,population,1476,50187.00,0.02941001,29.4100,2941.0007
28903,2023,ALL_COMPARABLE,population,1605,51453.00,0.03119352,31.1935,3119.3516
28903,2024,ALL_COMPARABLE,population,1611,52932.00,0.03043528,30.4353,3043.5275
28903,2025,ALL_COMPARABLE,population,1970,54592.00,0.03608587,36.0859,3608.5873
28005,2019,BURGLARY,area,377,87.72,4.29776562,,
28005,2019,DRUG_TRAFFICKING,area,49,87.72,0.55859553,,
28005,2019,HOM_ATTEMPTED,area,3,87.72,0.03419973,,
28005,2019,HOM_COMPLETED,area,1,87.72,0.01139991,,
28005,2019,INJURY,area,52,87.72,0.59279526,,
28005,2019,KIDNAPPING,area,0,87.72,0.00000000,,
28005,2019,OTHER,area,6135,87.72,69.93844049,,
28005,2019,ROBBERY_VIOLENT,area,217,87.72,2.47378021,,
28005,2019,SEXUAL,area,40,87.72,0.45599635,,
28005,2019,THEFT,area,2738,87.72,31.21295030,,
28005,2019,VEHICLE_THEFT,area,232,87.72,2.64477884,,
28005,2020,BURGLARY,area,294,87.72,3.35157319,,
28005,2020,DRUG_TRAFFICKING,area,40,87.72,0.45599635,,
28005,2020,HOM_ATTEMPTED,area,1,87.72,0.01139991,,
28005,2020,HOM_COMPLETED,area,1,87.72,0.01139991,,
28005,2020,INJURY,area,43,87.72,0.49019608,,
28005,2020,KIDNAPPING,area,1,87.72,0.01139991,,
28005,2020,OTHER,area,5444,87.72,62.06110351,,
28005,2020,ROBBERY_VIOLENT,area,150,87.72,1.70998632,,
28005,2020,SEXUAL,area,49,87.72,0.55859553,,
28005,2020,THEFT,area,1833,87.72,20.89603283,,
28005,2020,VEHICLE_THEFT,area,167,87.72,1.90378477,,
28005,2021,BURGLARY,area,376,87.72,4.28636571,,
28005,2021,DRUG_TRAFFICKING,area,28,87.72,0.31919745,,
28005,2021,HOM_ATTEMPTED,area,8,87.72,0.09119927,,
28005,2021,HOM_COMPLETED,area,1,87.72,0.01139991,,
28005,2021,INJURY,area,66,87.72,0.75239398,,
28005,2021,KIDNAPPING,area,1,87.72,0.01139991,,
28005,2021,OTHER,area,6170,87.72,70.33743730,,
28005,2021,ROBBERY_VIOLENT,area,232,87.72,2.64477884,,
28005,2021,SEXUAL,area,51,87.72,0.58139535,,
28005,2021,THEFT,area,2483,87.72,28.30597355,,
28005,2021,VEHICLE_THEFT,area,222,87.72,2.53077975,,
28005,2022,BURGLARY,area,359,87.72,4.09256726,,
28005,2022,DRUG_TRAFFICKING,area,42,87.72,0.47879617,,
28005,2022,HOM_ATTEMPTED,area,6,87.72,0.06839945,,
28005,2022,HOM_COMPLETED,area,1,87.72,0.01139991,,
28005,2022,INJURY,area,86,87.72,0.98039216,,
28005,2022,KIDNAPPING,area,0,87.72,0.00000000,,
28005,2022,OTHER,area,6629,87.72,75.56999544,,
28005,2022,ROBBERY_VIOLENT,area,212,87.72,2.41678067,,
28005,2022,SEXUAL,area,55,87.72,0.62699498,,
28005,2022,THEFT,area,2705,87.72,30.83675331,,
28005,2022,VEHICLE_THEFT,area,234,87.72,2.66757866,,
28005,2023,BURGLARY,area,265,87.72,3.02097583,,
28005,2023,DRUG_TRAFFICKING,area,64,87.72,0.72959416,,
28005,2023,HOM_ATTEMPTED,area,7,87.72,0.07979936,,
28005,2023,HOM_COMPLETED,area,1,87.72,0.01139991,,
28005,2023,INJURY,area,86,87.72,0.98039216,,
28005,2023,KIDNAPPING,area,0,87.72,0.00000000,,
28005,2023,OTHER,area,6519,87.72,74.31600547,,
28005,2023,ROBBERY_VIOLENT,area,190,87.72,2.16598267,,
28005,2023,SEXUAL,area,61,87.72,0.69539444,,
28005,2023,THEFT,area,2347,87.72,26.75558596,,
28005,2023,VEHICLE_THEFT,area,245,87.72,2.79297766,,
28005,2024,BURGLARY,area,314,87.72,3.57957136,,
28005,2024,DRUG_TRAFFICKING,area,86,87.72,0.98039216,,
28005,2024,HOM_ATTEMPTED,area,13,87.72,0.14819881,,
28005,2024,HOM_COMPLETED,area,1,87.72,0.01139991,,
28005,2024,INJURY,area,63,87.72,0.71819425,,
28005,2024,KIDNAPPING,area,0,87.72,0.00000000,,
28005,2024,OTHER,area,6570,87.72,74.89740082,,
28005,2024,ROBBERY_VIOLENT,area,217,87.72,2.47378021,,
28005,2024,SEXUAL,area,68,87.72,0.77519380,,
28005,2024,THEFT,area,2209,87.72,25.18239854,,
28005,2024,VEHICLE_THEFT,area,224,87.72,2.55357957,,
28005,2025,BURGLARY,area,330,87.72,3.76196990,,
28005,2025,DRUG_TRAFFICKING,area,58,87.72,0.66119471,,
28005,2025,HOM_ATTEMPTED,area,8,87.72,0.09119927,,
28005,2025,HOM_COMPLETED,area,1,87.72,0.01139991,,
28005,2025,INJURY,area,73,87.72,0.83219334,,
28005,2025,KIDNAPPING,area,1,87.72,0.01139991,,
28005,2025,OTHER,area,6655,87.72,75.86639307,,
28005,2025,ROBBERY_VIOLENT,area,137,87.72,1.56178751,,
28005,2025,SEXUAL,area,89,87.72,1.01459188,,
28005,2025,THEFT,area,2257,87.72,25.72959416,,
28005,2025,VEHICLE_THEFT,area,279,87.72,3.18057456,,
28006,2019,BURGLARY,area,387,44.98,8.60382392,,
28006,2019,DRUG_TRAFFICKING,area,29,44.98,0.64473099,,
28006,2019,HOM_ATTEMPTED,area,3,44.98,0.06669631,,
28006,2019,HOM_COMPLETED,area,0,44.98,0.00000000,,
28006,2019,INJURY,area,32,44.98,0.71142730,,
28006,2019,KIDNAPPING,area,0,44.98,0.00000000,,
28006,2019,OTHER,area,3292,44.98,73.18808359,,
28006,2019,ROBBERY_VIOLENT,area,134,44.98,2.97910182,,
28006,2019,SEXUAL,area,42,44.98,0.93374833,,
28006,2019,THEFT,area,1343,44.98,29.85771454,,
28006,2019,VEHICLE_THEFT,area,230,44.98,5.11338373,,
28006,2020,BURGLARY,area,159,44.98,3.53490440,,
28006,2020,DRUG_TRAFFICKING,area,25,44.98,0.55580258,,
28006,2020,HOM_ATTEMPTED,area,3,44.98,0.06669631,,
28006,2020,HOM_COMPLETED,area,0,44.98,0.00000000,,
28006,2020,INJURY,area,39,44.98,0.86705202,,
28006,2020,KIDNAPPING,area,0,44.98,0.00000000,,
28006,2020,OTHER,area,2792,44.98,62.07203201,,
28006,2020,ROBBERY_VIOLENT,area,75,44.98,1.66740774,,
28006,2020,SEXUAL,area,41,44.98,0.91151623,,
28006,2020,THEFT,area,933,44.98,20.74255225,,
28006,2020,VEHICLE_THEFT,area,225,44.98,5.00222321,,
28006,2021,BURGLARY,area,208,44.98,4.62427746,,
28006,2021,DRUG_TRAFFICKING,area,32,44.98,0.71142730,,
28006,2021,HOM_ATTEMPTED,area,1,44.98,0.02223210,,
28006,2021,HOM_COMPLETED,area,0,44.98,0.00000000,,
28006,2021,INJURY,area,43,44.98,0.95598044,,
28006,2021,KIDNAPPING,area,0,44.98,0.00000000,,
28006,2021,OTHER,area,2755,44.98,61.24944420,,
28006,2021,ROBBERY_VIOLENT,area,70,44.98,1.55624722,,
28006,2021,SEXUAL,area,27,44.98,0.60026679,,
28006,2021,THEFT,area,1114,44.98,24.76656292,,
28006,2021,VEHICLE_THEFT,area,246,44.98,5.46909738,,
28006,2022,BURGLARY,area,182,44.98,4.04624277,,
28006,2022,DRUG_TRAFFICKING,area,31,44.98,0.68919520,,
28006,2022,HOM_ATTEMPTED,area,1,44.98,0.02223210,,
28006,2022,HOM_COMPLETED,area,0,44.98,0.00000000,,
28006,2022,INJURY,area,37,44.98,0.82258782,,
28006,2022,KIDNAPPING,area,0,44.98,0.00000000,,
28006,2022,OTHER,area,3404,44.98,75.67807915,,
28006,2022,ROBBERY_VIOLENT,area,96,44.98,2.13428190,,
28006,2022,SEXUAL,area,25,44.98,0.55580258,,
28006,2022,THEFT,area,1241,44.98,27.59004002,,
28006,2022,VEHICLE_THEFT,area,241,44.98,5.35793686,,
28006,2023,BURGLARY,area,209,44.98,4.64650956,,
28006,2023,DRUG_TRAFFICKING,area,60,44.98,1.33392619,,
28006,2023,HOM_ATTEMPTED,area,1,44.98,0.02223210,,
28006,2023,HOM_COMPLETED,area,2,44.98,0.04446421,,
28006,2023,INJURY,area,41,44.98,0.91151623,,
28006,2023,KIDNAPPING,area,0,44.98,0.00000000,,
28006,2023,OTHER,area,3442,44.98,76.52289907,,
28006,2023,ROBBERY_VIOLENT,area,81,44.98,1.80080036,,
28006,2023,SEXUAL,area,52,44.98,1.15606936,,
28006,2023,THEFT,area,1171,44.98,26.03379280,,
28006,2023,VEHICLE_THEFT,area,157,44.98,3.49044020,,
28006,2024,BURGLARY,area,169,44.98,3.75722543,,
28006,2024,DRUG_TRAFFICKING,area,44,44.98,0.97821254,,
28006,2024,HOM_ATTEMPTED,area,1,44.98,0.02223210,,
28006,2024,HOM_COMPLETED,area,1,44.98,0.02223210,,
28006,2024,INJURY,area,34,44.98,0.75589151,,
28006,2024,KIDNAPPING,area,0,44.98,0.00000000,,
28006,2024,OTHER,area,3730,44.98,82.92574478,,
28006,2024,ROBBERY_VIOLENT,area,78,44.98,1.73410405,,
28006,2024,SEXUAL,area,50,44.98,1.11160516,,
28006,2024,THEFT,area,1200,44.98,26.67852379,,
28006,2024,VEHICLE_THEFT,area,183,44.98,4.06847488,,
28006,2025,BURGLARY,area,160,44.98,3.55713651,,
28006,2025,DRUG_TRAFFICKING,area,49,44.98,1.08937305,,
28006,2025,HOM_ATTEMPTED,area,4,44.98,0.08892841,,
28006,2025,HOM_COMPLETED,area,0,44.98,0.00000000,,
28006,2025,INJURY,area,40,44.98,0.88928413,,
28006,2025,KIDNAPPING,area,0,44.98,0.00000000,,
28006,2025,OTHER,area,3813,44.98,84.77100934,,
28006,2025,ROBBERY_VIOLENT,area,77,44.98,1.71187194,,
28006,2025,SEXUAL,area,51,44.98,1.13383726,,
28006,2025,THEFT,area,1190,44.98,26.45620276,,
28006,2025,VEHICLE_THEFT,area,173,44.98,3.84615385,,
28007,2019,BURGLARY,area,253,33.73,7.50074118,,
28007,2019,DRUG_TRAFFICKING,area,38,33.73,1.12659354,,
28007,2019,HOM_ATTEMPTED,area,2,33.73,0.05929440,,
28007,2019,HOM_COMPLETED,area,0,33.73,0.00000000,,
28007,2019,INJURY,area,29,33.73,0.85976875,,
28007,2019,KIDNAPPING,area,0,33.73,0.00000000,,
28007,2019,OTHER,area,3804,33.73,112.77794248,,
28007,2019,ROBBERY_VIOLENT,area,257,33.73,7.61932997,,
28007,2019,SEXUAL,area,22,33.73,0.65223836,,
28007,2019,THEFT,area,2282,33.73,67.65490661,,
28007,2019,VEHICLE_THEFT,area,134,33.73,3.97272458,,
28007,2020,BURGLARY,area,220,33.73,6.52238363,,
28007,2020,DRUG_TRAFFICKING,area,26,33.73,0.77082716,,
28007,2020,HOM_ATTEMPTED,area,2,33.73,0.05929440,,
28007,2020,HOM_COMPLETED,area,1,33.73,0.02964720,,
28007,2020,INJURY,area,32,33.73,0.94871035,,
28007,2020,KIDNAPPING,area,0,33.73,0.00000000,,
28007,2020,OTHER,area,3471,33.73,102.90542544,,
28007,2020,ROBBERY_VIOLENT,area,203,33.73,6.01838126,,
28007,2020,SEXUAL,area,29,33.73,0.85976875,,
28007,2020,THEFT,area,1768,33.73,52.41624666,,
28007,2020,VEHICLE_THEFT,area,119,33.73,3.52801660,,
28007,2021,BURGLARY,area,248,33.73,7.35250519,,
28007,2021,DRUG_TRAFFICKING,area,26,33.73,0.77082716,,
28007,2021,HOM_ATTEMPTED,area,4,33.73,0.11858879,,
28007,2021,HOM_COMPLETED,area,0,33.73,0.00000000,,
28007,2021,INJURY,area,30,33.73,0.88941595,,
28007,2021,KIDNAPPING,area,1,33.73,0.02964720,,
28007,2021,OTHER,area,4113,33.73,121.93892677,,
28007,2021,ROBBERY_VIOLENT,area,245,33.73,7.26356359,,
28007,2021,SEXUAL,area,37,33.73,1.09694634,,
28007,2021,THEFT,area,2135,33.73,63.29676846,,
28007,2021,VEHICLE_THEFT,area,142,33.73,4.20990216,,
28007,2022,BURGLARY,area,250,33.73,7.41179958,,
28007,2022,DRUG_TRAFFICKING,area,30,33.73,0.88941595,,
28007,2022,HOM_ATTEMPTED,area,2,33.73,0.05929440,,
28007,2022,HOM_COMPLETED,area,2,33.73,0.05929440,,
28007,2022,INJURY,area,31,33.73,0.91906315,,
28007,2022,KIDNAPPING,area,1,33.73,0.02964720,,
28007,2022,OTHER,area,4532,33.73,134.36110288,,
28007,2022,ROBBERY_VIOLENT,area,195,33.73,5.78120368,,
28007,2022,SEXUAL,area,44,33.73,1.30447673,,
28007,2022,THEFT,area,2565,33.73,76.04506374,,
28007,2022,VEHICLE_THEFT,area,98,33.73,2.90542544,,
28007,2023,BURGLARY,area,188,33.73,5.57367329,,
28007,2023,DRUG_TRAFFICKING,area,39,33.73,1.15624074,,
28007,2023,HOM_ATTEMPTED,area,3,33.73,0.08894160,,
28007,2023,HOM_COMPLETED,area,0,33.73,0.00000000,,
28007,2023,INJURY,area,46,33.73,1.36377112,,
28007,2023,KIDNAPPING,area,0,33.73,0.00000000,,
28007,2023,OTHER,area,4410,33.73,130.74414468,,
28007,2023,ROBBERY_VIOLENT,area,197,33.73,5.84049807,,
28007,2023,SEXUAL,area,33,33.73,0.97835755,,
28007,2023,THEFT,area,2512,33.73,74.47376223,,
28007,2023,VEHICLE_THEFT,area,151,33.73,4.47672695,,
28007,2024,BURGLARY,area,214,33.73,6.34450044,,
28007,2024,DRUG_TRAFFICKING,area,46,33.73,1.36377112,,
28007,2024,HOM_ATTEMPTED,area,0,33.73,0.00000000,,
28007,2024,HOM_COMPLETED,area,0,33.73,0.00000000,,
28007,2024,INJURY,area,47,33.73,1.39341832,,
28007,2024,KIDNAPPING,area,1,33.73,0.02964720,,
28007,2024,OTHER,area,3948,33.73,117.04713905,,
28007,2024,ROBBERY_VIOLENT,area,159,33.73,4.71390454,,
28007,2024,SEXUAL,area,33,33.73,0.97835755,,
28007,2024,THEFT,area,2429,33.73,72.01304477,,
28007,2024,VEHICLE_THEFT,area,106,33.73,3.14260302,,
28007,2025,BURGLARY,area,287,33.73,8.50874592,,
28007,2025,DRUG_TRAFFICKING,area,38,33.73,1.12659354,,
28007,2025,HOM_ATTEMPTED,area,2,33.73,0.05929440,,
28007,2025,HOM_COMPLETED,area,0,33.73,0.00000000,,
28007,2025,INJURY,area,70,33.73,2.07530388,,
28007,2025,KIDNAPPING,area,0,33.73,0.00000000,,
28007,2025,OTHER,area,3936,33.73,116.69137267,,
28007,2025,ROBBERY_VIOLENT,area,168,33.73,4.98072932,,
28007,2025,SEXUAL,area,44,33.73,1.30447673,,
28007,2025,THEFT,area,2566,33.73,76.07471094,,
28007,2025,VEHICLE_THEFT,area,123,33.73,3.64660540,,
28009,2019,BURGLARY,area,47,37.88,1.24076030,,
28009,2019,DRUG_TRAFFICKING,area,0,37.88,0.00000000,,
28009,2019,HOM_ATTEMPTED,area,0,37.88,0.00000000,,
28009,2019,HOM_COMPLETED,area,0,37.88,0.00000000,,
28009,2019,INJURY,area,1,37.88,0.02639916,,
28009,2019,KIDNAPPING,area,0,37.88,0.00000000,,
28009,2019,OTHER,area,550,37.88,14.51953537,,
28009,2019,ROBBERY_VIOLENT,area,16,37.88,0.42238648,,
28009,2019,SEXUAL,area,2,37.88,0.05279831,,
28009,2019,THEFT,area,146,37.88,3.85427666,,
28009,2019,VEHICLE_THEFT,area,9,37.88,0.23759240,,
28009,2020,BURGLARY,area,21,37.88,0.55438226,,
28009,2020,DRUG_TRAFFICKING,area,1,37.88,0.02639916,,
28009,2020,HOM_ATTEMPTED,area,0,37.88,0.00000000,,
28009,2020,HOM_COMPLETED,area,0,37.88,0.00000000,,
28009,2020,INJURY,area,4,37.88,0.10559662,,
28009,2020,KIDNAPPING,area,0,37.88,0.00000000,,
28009,2020,OTHER,area,408,37.88,10.77085533,,
28009,2020,ROBBERY_VIOLENT,area,6,37.88,0.15839493,,
28009,2020,SEXUAL,area,5,37.88,0.13199578,,
28009,2020,THEFT,area,96,37.88,2.53431890,,
28009,2020,VEHICLE_THEFT,area,8,37.88,0.21119324,,
28009,2021,BURGLARY,area,33,37.88,0.87117212,,
28009,2021,DRUG_TRAFFICKING,area,4,37.88,0.10559662,,
28009,2021,HOM_ATTEMPTED,area,0,37.88,0.00000000,,
28009,2021,HOM_COMPLETED,area,0,37.88,0.00000000,,
28009,2021,INJURY,area,6,37.88,0.15839493,,
28009,2021,KIDNAPPING,area,0,37.88,0.00000000,,
28009,2021,OTHER,area,502,37.88,13.25237592,,
28009,2021,ROBBERY_VIOLENT,area,8,37.88,0.21119324,,
28009,2021,SEXUAL,area,3,37.88,0.07919747,,
28009,2021,THEFT,area,132,37.88,3.48468849,,
28009,2021,VEHICLE_THEFT,area,17,37.88,0.44878564,,
28009,2022,BURGLARY,area,61,37.88,1.61034847,,
28009,2022,DRUG_TRAFFICKING,area,3,37.88,0.07919747,,
28009,2022,HOM_ATTEMPTED,area,0,37.88,0.00000000,,
28009,2022,HOM_COMPLETED,area,0,37.88,0.00000000,,
28009,2022,INJURY,area,1,37.88,0.02639916,,
28009,2022,KIDNAPPING,area,0,37.88,0.00000000,,
28009,2022,OTHER,area,629,37.88,16.60506864,,
28009,2022,ROBBERY_VIOLENT,area,9,37.88,0.23759240,,
28009,2022,SEXUAL,area,5,37.88,0.13199578,,
28009,2022,THEFT,area,163,37.88,4.30306230,,
28009,2022,VEHICLE_THEFT,area,10,37.88,0.26399155,,
28009,2023,BURGLARY,area,85,37.88,2.24392819,,
28009,2023,DRUG_TRAFFICKING,area,2,37.88,0.05279831,,
28009,2023,HOM_ATTEMPTED,area,0,37.88,0.00000000,,
28009,2023,HOM_COMPLETED,area,0,37.88,0.00000000,,
28009,2023,INJURY,area,5,37.88,0.13199578,,
28009,2023,KIDNAPPING,area,0,37.88,0.00000000,,
28009,2023,OTHER,area,662,37.88,17.47624076,,
28009,2023,ROBBERY_VIOLENT,area,10,37.88,0.26399155,,
28009,2023,SEXUAL,area,7,37.88,0.18479409,,
28009,2023,THEFT,area,138,37.88,3.64308342,,
28009,2023,VEHICLE_THEFT,area,10,37.88,0.26399155,,
28009,2024,BURGLARY,area,29,37.88,0.76557550,,
28009,2024,DRUG_TRAFFICKING,area,0,37.88,0.00000000,,
28009,2024,HOM_ATTEMPTED,area,0,37.88,0.00000000,,
28009,2024,HOM_COMPLETED,area,0,37.88,0.00000000,,
28009,2024,INJURY,area,11,37.88,0.29039071,,
28009,2024,KIDNAPPING,area,0,37.88,0.00000000,,
28009,2024,OTHER,area,657,37.88,17.34424498,,
28009,2024,ROBBERY_VIOLENT,area,16,37.88,0.42238648,,
28009,2024,SEXUAL,area,9,37.88,0.23759240,,
28009,2024,THEFT,area,133,37.88,3.51108765,,
28009,2024,VEHICLE_THEFT,area,15,37.88,0.39598733,,
28009,2025,BURGLARY,area,33,37.88,0.87117212,,
28009,2025,DRUG_TRAFFICKING,area,3,37.88,0.07919747,,
28009,2025,HOM_ATTEMPTED,area,0,37.88,0.00000000,,
28009,2025,HOM_COMPLETED,area,0,37.88,0.00000000,,
28009,2025,INJURY,area,10,37.88,0.26399155,,
28009,2025,KIDNAPPING,area,0,37.88,0.00000000,,
28009,2025,OTHER,area,705,37.88,18.61140444,,
28009,2025,ROBBERY_VIOLENT,area,5,37.88,0.13199578,,
28009,2025,SEXUAL,area,4,37.88,0.10559662,,
28009,2025,THEFT,area,135,37.88,3.56388596,,
28009,2025,VEHICLE_THEFT,area,15,37.88,0.39598733,,
28013,2019,BURGLARY,area,122,201.11,0.60663319,,
28013,2019,DRUG_TRAFFICKING,area,13,201.11,0.06464124,,
28013,2019,HOM_ATTEMPTED,area,2,201.11,0.00994481,,
28013,2019,HOM_COMPLETED,area,2,201.11,0.00994481,,
28013,2019,INJURY,area,14,201.11,0.06961364,,
28013,2019,KIDNAPPING,area,0,201.11,0.00000000,,
28013,2019,OTHER,area,1506,201.11,7.48843916,,
28013,2019,ROBBERY_VIOLENT,area,32,201.11,0.15911690,,
28013,2019,SEXUAL,area,12,201.11,0.05966884,,
28013,2019,THEFT,area,547,201.11,2.71990453,,
28013,2019,VEHICLE_THEFT,area,53,201.11,0.26353737,,
28013,2020,BURGLARY,area,89,201.11,0.44254388,,
28013,2020,DRUG_TRAFFICKING,area,11,201.11,0.05469643,,
28013,2020,HOM_ATTEMPTED,area,0,201.11,0.00000000,,
28013,2020,HOM_COMPLETED,area,0,201.11,0.00000000,,
28013,2020,INJURY,area,20,201.11,0.09944806,,
28013,2020,KIDNAPPING,area,0,201.11,0.00000000,,
28013,2020,OTHER,area,1471,201.11,7.31440505,,
28013,2020,ROBBERY_VIOLENT,area,30,201.11,0.14917209,,
28013,2020,SEXUAL,area,8,201.11,0.03977923,,
28013,2020,THEFT,area,449,201.11,2.23260902,,
28013,2020,VEHICLE_THEFT,area,29,201.11,0.14419969,,
28013,2021,BURGLARY,area,80,201.11,0.39779225,,
28013,2021,DRUG_TRAFFICKING,area,8,201.11,0.03977923,,
28013,2021,HOM_ATTEMPTED,area,0,201.11,0.00000000,,
28013,2021,HOM_COMPLETED,area,1,201.11,0.00497240,,
28013,2021,INJURY,area,22,201.11,0.10939287,,
28013,2021,KIDNAPPING,area,0,201.11,0.00000000,,
28013,2021,OTHER,area,1462,201.11,7.26965342,,
28013,2021,ROBBERY_VIOLENT,area,36,201.11,0.17900651,,
28013,2021,SEXUAL,area,9,201.11,0.04475163,,
28013,2021,THEFT,area,555,201.11,2.75968376,,
28013,2021,VEHICLE_THEFT,area,35,201.11,0.17403411,,
28013,2022,BURGLARY,area,86,201.11,0.42762667,,
28013,2022,DRUG_TRAFFICKING,area,16,201.11,0.07955845,,
28013,2022,HOM_ATTEMPTED,area,2,201.11,0.00994481,,
28013,2022,HOM_COMPLETED,area,0,201.11,0.00000000,,
28013,2022,INJURY,area,15,201.11,0.07458605,,
28013,2022,KIDNAPPING,area,0,201.11,0.00000000,,
28013,2022,OTHER,area,1934,201.11,9.61662772,,
28013,2022,ROBBERY_VIOLENT,area,42,201.11,0.20884093,,
28013,2022,SEXUAL,area,12,201.11,0.05966884,,
28013,2022,THEFT,area,714,201.11,3.55029586,,
28013,2022,VEHICLE_THEFT,area,44,201.11,0.21878574,,
28013,2023,BURGLARY,area,121,201.11,0.60166078,,
28013,2023,DRUG_TRAFFICKING,area,17,201.11,0.08453085,,
28013,2023,HOM_ATTEMPTED,area,2,201.11,0.00994481,,
28013,2023,HOM_COMPLETED,area,1,201.11,0.00497240,,
28013,2023,INJURY,area,10,201.11,0.04972403,,
28013,2023,KIDNAPPING,area,0,201.11,0.00000000,,
28013,2023,OTHER,area,1975,201.11,9.82049625,,
28013,2023,ROBBERY_VIOLENT,area,46,201.11,0.22873055,,
28013,2023,SEXUAL,area,15,201.11,0.07458605,,
28013,2023,THEFT,area,632,201.11,3.14255880,,
28013,2023,VEHICLE_THEFT,area,39,201.11,0.19392372,,
28013,2024,BURGLARY,area,114,201.11,0.56685396,,
28013,2024,DRUG_TRAFFICKING,area,16,201.11,0.07955845,,
28013,2024,HOM_ATTEMPTED,area,2,201.11,0.00994481,,
28013,2024,HOM_COMPLETED,area,0,201.11,0.00000000,,
28013,2024,INJURY,area,14,201.11,0.06961364,,
28013,2024,KIDNAPPING,area,0,201.11,0.00000000,,
28013,2024,OTHER,area,1848,201.11,9.18900104,,
28013,2024,ROBBERY_VIOLENT,area,48,201.11,0.23867535,,
28013,2024,SEXUAL,area,16,201.11,0.07955845,,
28013,2024,THEFT,area,703,201.11,3.49559942,,
28013,2024,VEHICLE_THEFT,area,55,201.11,0.27348217,,
28013,2025,BURGLARY,area,126,201.11,0.62652280,,
28013,2025,DRUG_TRAFFICKING,area,11,201.11,0.05469643,,
28013,2025,HOM_ATTEMPTED,area,2,201.11,0.00994481,,
28013,2025,HOM_COMPLETED,area,0,201.11,0.00000000,,
28013,2025,INJURY,area,9,201.11,0.04475163,,
28013,2025,KIDNAPPING,area,0,201.11,0.00000000,,
28013,2025,OTHER,area,2176,201.11,10.81994928,,
28013,2025,ROBBERY_VIOLENT,area,65,201.11,0.32320621,,
28013,2025,SEXUAL,area,30,201.11,0.14917209,,
28013,2025,THEFT,area,751,201.11,3.73427477,,
28013,2025,VEHICLE_THEFT,area,76,201.11,0.37790264,,
28014,2019,BURGLARY,area,141,79.65,1.77024482,,
28014,2019,DRUG_TRAFFICKING,area,16,79.65,0.20087884,,
28014,2019,HOM_ATTEMPTED,area,0,79.65,0.00000000,,
28014,2019,HOM_COMPLETED,area,0,79.65,0.00000000,,
28014,2019,INJURY,area,47,79.65,0.59008161,,
28014,2019,KIDNAPPING,area,0,79.65,0.00000000,,
28014,2019,OTHER,area,1733,79.65,21.75768989,,
28014,2019,ROBBERY_VIOLENT,area,185,79.65,2.32266164,,
28014,2019,SEXUAL,area,16,79.65,0.20087884,,
28014,2019,THEFT,area,1129,79.65,14.17451350,,
28014,2019,VEHICLE_THEFT,area,26,79.65,0.32642812,,
28014,2020,BURGLARY,area,118,79.65,1.48148148,,
28014,2020,DRUG_TRAFFICKING,area,10,79.65,0.12554928,,
28014,2020,HOM_ATTEMPTED,area,0,79.65,0.00000000,,
28014,2020,HOM_COMPLETED,area,0,79.65,0.00000000,,
28014,2020,INJURY,area,36,79.65,0.45197740,,
28014,2020,KIDNAPPING,area,0,79.65,0.00000000,,
28014,2020,OTHER,area,1631,79.65,20.47708726,,
28014,2020,ROBBERY_VIOLENT,area,51,79.65,0.64030132,,
28014,2020,SEXUAL,area,14,79.65,0.17576899,,
28014,2020,THEFT,area,364,79.65,4.56999372,,
28014,2020,VEHICLE_THEFT,area,22,79.65,0.27620841,,
28014,2021,BURGLARY,area,108,79.65,1.35593220,,
28014,2021,DRUG_TRAFFICKING,area,11,79.65,0.13810421,,
28014,2021,HOM_ATTEMPTED,area,0,79.65,0.00000000,,
28014,2021,HOM_COMPLETED,area,0,79.65,0.00000000,,
28014,2021,INJURY,area,50,79.65,0.62774639,,
28014,2021,KIDNAPPING,area,0,79.65,0.00000000,,
28014,2021,OTHER,area,1750,79.65,21.97112367,,
28014,2021,ROBBERY_VIOLENT,area,48,79.65,0.60263653,,
28014,2021,SEXUAL,area,21,79.65,0.26365348,,
28014,2021,THEFT,area,413,79.65,5.18518519,,
28014,2021,VEHICLE_THEFT,area,21,79.65,0.26365348,,
28014,2022,BURGLARY,area,108,79.65,1.35593220,,
28014,2022,DRUG_TRAFFICKING,area,13,79.65,0.16321406,,
28014,2022,HOM_ATTEMPTED,area,1,79.65,0.01255493,,
28014,2022,HOM_COMPLETED,area,0,79.65,0.00000000,,
28014,2022,INJURY,area,53,79.65,0.66541117,,
28014,2022,KIDNAPPING,area,2,79.65,0.02510986,,
28014,2022,OTHER,area,1903,79.65,23.89202762,,
28014,2022,ROBBERY_VIOLENT,area,92,79.65,1.15505336,,
28014,2022,SEXUAL,area,13,79.65,0.16321406,,
28014,2022,THEFT,area,755,79.65,9.47897050,,
28014,2022,VEHICLE_THEFT,area,24,79.65,0.30131827,,
28014,2023,BURGLARY,area,181,79.65,2.27244193,,
28014,2023,DRUG_TRAFFICKING,area,30,79.65,0.37664783,,
28014,2023,HOM_ATTEMPTED,area,1,79.65,0.01255493,,
28014,2023,HOM_COMPLETED,area,0,79.65,0.00000000,,
28014,2023,INJURY,area,34,79.65,0.42686755,,
28014,2023,KIDNAPPING,area,0,79.65,0.00000000,,
28014,2023,OTHER,area,2302,79.65,28.90144382,,
28014,2023,ROBBERY_VIOLENT,area,116,79.65,1.45637163,,
28014,2023,SEXUAL,area,34,79.65,0.42686755,,
28014,2023,THEFT,area,973,79.65,12.21594476,,
28014,2023,VEHICLE_THEFT,area,29,79.65,0.36409291,,
28014,2024,BURGLARY,area,104,79.65,1.30571249,,
28014,2024,DRUG_TRAFFICKING,area,20,79.65,0.25109856,,
28014,2024,HOM_ATTEMPTED,area,1,79.65,0.01255493,,
28014,2024,HOM_COMPLETED,area,0,79.65,0.00000000,,
28014,2024,INJURY,area,34,79.65,0.42686755,,
28014,2024,KIDNAPPING,area,0,79.65,0.00000000,,
28014,2024,OTHER,area,2292,79.65,28.77589454,,
28014,2024,ROBBERY_VIOLENT,area,92,79.65,1.15505336,,
28014,2024,SEXUAL,area,16,79.65,0.20087884,,
28014,2024,THEFT,area,828,79.65,10.39548023,,
28014,2024,VEHICLE_THEFT,area,36,79.65,0.45197740,,
28014,2025,BURGLARY,area,106,79.65,1.33082235,,
28014,2025,DRUG_TRAFFICKING,area,18,79.65,0.22598870,,
28014,2025,HOM_ATTEMPTED,area,0,79.65,0.00000000,,
28014,2025,HOM_COMPLETED,area,0,79.65,0.00000000,,
28014,2025,INJURY,area,46,79.65,0.57752668,,
28014,2025,KIDNAPPING,area,0,79.65,0.00000000,,
28014,2025,OTHER,area,2135,79.65,26.80477087,,
28014,2025,ROBBERY_VIOLENT,area,77,79.65,0.96672944,,
28014,2025,SEXUAL,area,27,79.65,0.33898305,,
28014,2025,THEFT,area,724,79.65,9.08976773,,
28014,2025,VEHICLE_THEFT,area,38,79.65,0.47708726,,
28015,2019,BURGLARY,area,90,20.66,4.35624395,,
28015,2019,DRUG_TRAFFICKING,area,2,20.66,0.09680542,,
28015,2019,HOM_ATTEMPTED,area,0,20.66,0.00000000,,
28015,2019,HOM_COMPLETED,area,0,20.66,0.00000000,,
28015,2019,INJURY,area,7,20.66,0.33881897,,
28015,2019,KIDNAPPING,area,0,20.66,0.00000000,,
28015,2019,OTHER,area,1064,20.66,51.50048403,,
28015,2019,ROBBERY_VIOLENT,area,32,20.66,1.54888674,,
28015,2019,SEXUAL,area,18,20.66,0.87124879,,
28015,2019,THEFT,area,1621,20.66,78.46079380,,
28015,2019,VEHICLE_THEFT,area,52,20.66,2.51694095,,
28015,2020,BURGLARY,area,77,20.66,3.72700871,,
28015,2020,DRUG_TRAFFICKING,area,4,20.66,0.19361084,,
28015,2020,HOM_ATTEMPTED,area,3,20.66,0.14520813,,
28015,2020,HOM_COMPLETED,area,0,20.66,0.00000000,,
28015,2020,INJURY,area,15,20.66,0.72604066,,
28015,2020,KIDNAPPING,area,0,20.66,0.00000000,,
28015,2020,OTHER,area,1124,20.66,54.40464666,,
28015,2020,ROBBERY_VIOLENT,area,36,20.66,1.74249758,,
28015,2020,SEXUAL,area,9,20.66,0.43562439,,
28015,2020,THEFT,area,1015,20.66,49.12875121,,
28015,2020,VEHICLE_THEFT,area,59,20.66,2.85575992,,
28015,2021,BURGLARY,area,67,20.66,3.24298161,,
28015,2021,DRUG_TRAFFICKING,area,12,20.66,0.58083253,,
28015,2021,HOM_ATTEMPTED,area,1,20.66,0.04840271,,
28015,2021,HOM_COMPLETED,area,0,20.66,0.00000000,,
28015,2021,INJURY,area,11,20.66,0.53242982,,
28015,2021,KIDNAPPING,area,0,20.66,0.00000000,,
28015,2021,OTHER,area,1150,20.66,55.66311713,,
28015,2021,ROBBERY_VIOLENT,area,40,20.66,1.93610842,,
28015,2021,SEXUAL,area,5,20.66,0.24201355,,
28015,2021,THEFT,area,1314,20.66,63.60116167,,
28015,2021,VEHICLE_THEFT,area,40,20.66,1.93610842,,
28015,2022,BURGLARY,area,68,20.66,3.29138432,,
28015,2022,DRUG_TRAFFICKING,area,3,20.66,0.14520813,,
28015,2022,HOM_ATTEMPTED,area,1,20.66,0.04840271,,
28015,2022,HOM_COMPLETED,area,0,20.66,0.00000000,,
28015,2022,INJURY,area,16,20.66,0.77444337,,
28015,2022,KIDNAPPING,area,0,20.66,0.00000000,,
28015,2022,OTHER,area,1331,20.66,64.42400774,,
28015,2022,ROBBERY_VIOLENT,area,36,20.66,1.74249758,,
28015,2022,SEXUAL,area,13,20.66,0.62923524,,
28015,2022,THEFT,area,1276,20.66,61.76185866,,
28015,2022,VEHICLE_THEFT,area,46,20.66,2.22652469,,
28015,2023,BURGLARY,area,91,20.66,4.40464666,,
28015,2023,DRUG_TRAFFICKING,area,7,20.66,0.33881897,,
28015,2023,HOM_ATTEMPTED,area,0,20.66,0.00000000,,
28015,2023,HOM_COMPLETED,area,0,20.66,0.00000000,,
28015,2023,INJURY,area,25,20.66,1.21006776,,
28015,2023,KIDNAPPING,area,4,20.66,0.19361084,,
28015,2023,OTHER,area,1409,20.66,68.19941917,,
28015,2023,ROBBERY_VIOLENT,area,30,20.66,1.45208132,,
28015,2023,SEXUAL,area,8,20.66,0.38722168,,
28015,2023,THEFT,area,1290,20.66,62.43949661,,
28015,2023,VEHICLE_THEFT,area,58,20.66,2.80735721,,
28015,2024,BURGLARY,area,78,20.66,3.77541142,,
28015,2024,DRUG_TRAFFICKING,area,7,20.66,0.33881897,,
28015,2024,HOM_ATTEMPTED,area,1,20.66,0.04840271,,
28015,2024,HOM_COMPLETED,area,0,20.66,0.00000000,,
28015,2024,INJURY,area,6,20.66,0.29041626,,
28015,2024,KIDNAPPING,area,0,20.66,0.00000000,,
28015,2024,OTHER,area,1271,20.66,61.51984511,,
28015,2024,ROBBERY_VIOLENT,area,17,20.66,0.82284608,,
28015,2024,SEXUAL,area,20,20.66,0.96805421,,
28015,2024,THEFT,area,1002,20.66,48.49951597,,
28015,2024,VEHICLE_THEFT,area,44,20.66,2.12971926,,
28015,2025,BURGLARY,area,59,20.66,2.85575992,,
28015,2025,DRUG_TRAFFICKING,area,5,20.66,0.24201355,,
28015,2025,HOM_ATTEMPTED,area,0,20.66,0.00000000,,
28015,2025,HOM_COMPLETED,area,1,20.66,0.04840271,,
28015,2025,INJURY,area,14,20.66,0.67763795,,
28015,2025,KIDNAPPING,area,0,20.66,0.00000000,,
28015,2025,OTHER,area,1229,20.66,59.48693127,,
28015,2025,ROBBERY_VIOLENT,area,12,20.66,0.58083253,,
28015,2025,SEXUAL,area,14,20.66,0.67763795,,
28015,2025,THEFT,area,1069,20.66,51.74249758,,
28015,2025,VEHICLE_THEFT,area,61,20.66,2.95256534,,
28022,2019,BURGLARY,area,121,47.20,2.56355932,,
28022,2019,DRUG_TRAFFICKING,area,3,47.20,0.06355932,,
28022,2019,HOM_ATTEMPTED,area,0,47.20,0.00000000,,
28022,2019,HOM_COMPLETED,area,0,47.20,0.00000000,,
28022,2019,INJURY,area,6,47.20,0.12711864,,
28022,2019,KIDNAPPING,area,0,47.20,0.00000000,,
28022,2019,OTHER,area,801,47.20,16.97033898,,
28022,2019,ROBBERY_VIOLENT,area,11,47.20,0.23305085,,
28022,2019,SEXUAL,area,5,47.20,0.10593220,,
28022,2019,THEFT,area,363,47.20,7.69067797,,
28022,2019,VEHICLE_THEFT,area,14,47.20,0.29661017,,
28022,2020,BURGLARY,area,67,47.20,1.41949153,,
28022,2020,DRUG_TRAFFICKING,area,2,47.20,0.04237288,,
28022,2020,HOM_ATTEMPTED,area,0,47.20,0.00000000,,
28022,2020,HOM_COMPLETED,area,0,47.20,0.00000000,,
28022,2020,INJURY,area,12,47.20,0.25423729,,
28022,2020,KIDNAPPING,area,0,47.20,0.00000000,,
28022,2020,OTHER,area,834,47.20,17.66949153,,
28022,2020,ROBBERY_VIOLENT,area,32,47.20,0.67796610,,
28022,2020,SEXUAL,area,7,47.20,0.14830508,,
28022,2020,THEFT,area,266,47.20,5.63559322,,
28022,2020,VEHICLE_THEFT,area,8,47.20,0.16949153,,
28022,2021,BURGLARY,area,112,47.20,2.37288136,,
28022,2021,DRUG_TRAFFICKING,area,8,47.20,0.16949153,,
28022,2021,HOM_ATTEMPTED,area,1,47.20,0.02118644,,
28022,2021,HOM_COMPLETED,area,0,47.20,0.00000000,,
28022,2021,INJURY,area,13,47.20,0.27542373,,
28022,2021,KIDNAPPING,area,0,47.20,0.00000000,,
28022,2021,OTHER,area,1196,47.20,25.33898305,,
28022,2021,ROBBERY_VIOLENT,area,20,47.20,0.42372881,,
28022,2021,SEXUAL,area,16,47.20,0.33898305,,
28022,2021,THEFT,area,371,47.20,7.86016949,,
28022,2021,VEHICLE_THEFT,area,5,47.20,0.10593220,,
28022,2022,BURGLARY,area,150,47.20,3.17796610,,
28022,2022,DRUG_TRAFFICKING,area,3,47.20,0.06355932,,
28022,2022,HOM_ATTEMPTED,area,0,47.20,0.00000000,,
28022,2022,HOM_COMPLETED,area,0,47.20,0.00000000,,
28022,2022,INJURY,area,17,47.20,0.36016949,,
28022,2022,KIDNAPPING,area,0,47.20,0.00000000,,
28022,2022,OTHER,area,1567,47.20,33.19915254,,
28022,2022,ROBBERY_VIOLENT,area,26,47.20,0.55084746,,
28022,2022,SEXUAL,area,20,47.20,0.42372881,,
28022,2022,THEFT,area,471,47.20,9.97881356,,
28022,2022,VEHICLE_THEFT,area,11,47.20,0.23305085,,
28022,2023,BURGLARY,area,169,47.20,3.58050847,,
28022,2023,DRUG_TRAFFICKING,area,7,47.20,0.14830508,,
28022,2023,HOM_ATTEMPTED,area,1,47.20,0.02118644,,
28022,2023,HOM_COMPLETED,area,0,47.20,0.00000000,,
28022,2023,INJURY,area,24,47.20,0.50847458,,
28022,2023,KIDNAPPING,area,0,47.20,0.00000000,,
28022,2023,OTHER,area,1800,47.20,38.13559322,,
28022,2023,ROBBERY_VIOLENT,area,20,47.20,0.42372881,,
28022,2023,SEXUAL,area,20,47.20,0.42372881,,
28022,2023,THEFT,area,406,47.20,8.60169492,,
28022,2023,VEHICLE_THEFT,area,12,47.20,0.25423729,,
28022,2024,BURGLARY,area,149,47.20,3.15677966,,
28022,2024,DRUG_TRAFFICKING,area,7,47.20,0.14830508,,
28022,2024,HOM_ATTEMPTED,area,0,47.20,0.00000000,,
28022,2024,HOM_COMPLETED,area,0,47.20,0.00000000,,
28022,2024,INJURY,area,16,47.20,0.33898305,,
28022,2024,KIDNAPPING,area,0,47.20,0.00000000,,
28022,2024,OTHER,area,1708,47.20,36.18644068,,
28022,2024,ROBBERY_VIOLENT,area,17,47.20,0.36016949,,
28022,2024,SEXUAL,area,14,47.20,0.29661017,,
28022,2024,THEFT,area,393,47.20,8.32627119,,
28022,2024,VEHICLE_THEFT,area,12,47.20,0.25423729,,
28022,2025,BURGLARY,area,118,47.20,2.50000000,,
28022,2025,DRUG_TRAFFICKING,area,5,47.20,0.10593220,,
28022,2025,HOM_ATTEMPTED,area,0,47.20,0.00000000,,
28022,2025,HOM_COMPLETED,area,0,47.20,0.00000000,,
28022,2025,INJURY,area,23,47.20,0.48728814,,
28022,2025,KIDNAPPING,area,0,47.20,0.00000000,,
28022,2025,OTHER,area,1859,47.20,39.38559322,,
28022,2025,ROBBERY_VIOLENT,area,13,47.20,0.27542373,,
28022,2025,SEXUAL,area,25,47.20,0.52966102,,
28022,2025,THEFT,area,438,47.20,9.27966102,,
28022,2025,VEHICLE_THEFT,area,15,47.20,0.31779661,,
28040,2019,BURGLARY,area,106,49.64,2.13537470,,
28040,2019,DRUG_TRAFFICKING,area,6,49.64,0.12087027,,
28040,2019,HOM_ATTEMPTED,area,1,49.64,0.02014504,,
28040,2019,HOM_COMPLETED,area,0,49.64,0.00000000,,
28040,2019,INJURY,area,9,49.64,0.18130540,,
28040,2019,KIDNAPPING,area,0,49.64,0.00000000,,
28040,2019,OTHER,area,1029,49.64,20.72925060,,
28040,2019,ROBBERY_VIOLENT,area,32,49.64,0.64464142,,
28040,2019,SEXUAL,area,16,49.64,0.32232071,,
28040,2019,THEFT,area,251,49.64,5.05640612,,
28040,2019,VEHICLE_THEFT,area,21,49.64,0.42304593,,
28040,2020,BURGLARY,area,80,49.64,1.61160355,,
28040,2020,DRUG_TRAFFICKING,area,10,49.64,0.20145044,,
28040,2020,HOM_ATTEMPTED,area,1,49.64,0.02014504,,
28040,2020,HOM_COMPLETED,area,2,49.64,0.04029009,,
28040,2020,INJURY,area,10,49.64,0.20145044,,
28040,2020,KIDNAPPING,area,0,49.64,0.00000000,,
28040,2020,OTHER,area,798,49.64,16.07574537,,
28040,2020,ROBBERY_VIOLENT,area,38,49.64,0.76551168,,
28040,2020,SEXUAL,area,7,49.64,0.14101531,,
28040,2020,THEFT,area,202,49.64,4.06929895,,
28040,2020,VEHICLE_THEFT,area,25,49.64,0.50362611,,
28040,2021,BURGLARY,area,106,49.64,2.13537470,,
28040,2021,DRUG_TRAFFICKING,area,9,49.64,0.18130540,,
28040,2021,HOM_ATTEMPTED,area,0,49.64,0.00000000,,
28040,2021,HOM_COMPLETED,area,1,49.64,0.02014504,,
28040,2021,INJURY,area,21,49.64,0.42304593,,
28040,2021,KIDNAPPING,area,0,49.64,0.00000000,,
28040,2021,OTHER,area,940,49.64,18.93634166,,
28040,2021,ROBBERY_VIOLENT,area,32,49.64,0.64464142,,
28040,2021,SEXUAL,area,15,49.64,0.30217566,,
28040,2021,THEFT,area,209,49.64,4.21031426,,
28040,2021,VEHICLE_THEFT,area,22,49.64,0.44319098,,
28040,2022,BURGLARY,area,73,49.64,1.47058824,,
28040,2022,DRUG_TRAFFICKING,area,7,49.64,0.14101531,,
28040,2022,HOM_ATTEMPTED,area,2,49.64,0.04029009,,
28040,2022,HOM_COMPLETED,area,1,49.64,0.02014504,,
28040,2022,INJURY,area,22,49.64,0.44319098,,
28040,2022,KIDNAPPING,area,0,49.64,0.00000000,,
28040,2022,OTHER,area,948,49.64,19.09750201,,
28040,2022,ROBBERY_VIOLENT,area,32,49.64,0.64464142,,
28040,2022,SEXUAL,area,14,49.64,0.28203062,,
28040,2022,THEFT,area,255,49.64,5.13698630,,
28040,2022,VEHICLE_THEFT,area,25,49.64,0.50362611,,
28040,2023,BURGLARY,area,106,49.64,2.13537470,,
28040,2023,DRUG_TRAFFICKING,area,9,49.64,0.18130540,,
28040,2023,HOM_ATTEMPTED,area,2,49.64,0.04029009,,
28040,2023,HOM_COMPLETED,area,0,49.64,0.00000000,,
28040,2023,INJURY,area,22,49.64,0.44319098,,
28040,2023,KIDNAPPING,area,0,49.64,0.00000000,,
28040,2023,OTHER,area,1024,49.64,20.62852538,,
28040,2023,ROBBERY_VIOLENT,area,46,49.64,0.92667204,,
28040,2023,SEXUAL,area,17,49.64,0.34246575,,
28040,2023,THEFT,area,229,49.64,4.61321515,,
28040,2023,VEHICLE_THEFT,area,19,49.64,0.38275584,,
28040,2024,BURGLARY,area,53,49.64,1.06768735,,
28040,2024,DRUG_TRAFFICKING,area,5,49.64,0.10072522,,
28040,2024,HOM_ATTEMPTED,area,2,49.64,0.04029009,,
28040,2024,HOM_COMPLETED,area,0,49.64,0.00000000,,
28040,2024,INJURY,area,21,49.64,0.42304593,,
28040,2024,KIDNAPPING,area,0,49.64,0.00000000,,
28040,2024,OTHER,area,1048,49.64,21.11200645,,
28040,2024,ROBBERY_VIOLENT,area,39,49.64,0.78565673,,
28040,2024,SEXUAL,area,7,49.64,0.14101531,,
28040,2024,THEFT,area,265,49.64,5.33843674,,
28040,2024,VEHICLE_THEFT,area,17,49.64,0.34246575,,
28040,2025,BURGLARY,area,35,49.64,0.70507655,,
28040,2025,DRUG_TRAFFICKING,area,5,49.64,0.10072522,,
28040,2025,HOM_ATTEMPTED,area,1,49.64,0.02014504,,
28040,2025,HOM_COMPLETED,area,0,49.64,0.00000000,,
28040,2025,INJURY,area,24,49.64,0.48348106,,
28040,2025,KIDNAPPING,area,0,49.64,0.00000000,,
28040,2025,OTHER,area,940,49.64,18.93634166,,
28040,2025,ROBBERY_VIOLENT,area,21,49.64,0.42304593,,
28040,2025,SEXUAL,area,15,49.64,0.30217566,,
28040,2025,THEFT,area,208,49.64,4.19016922,,
28040,2025,VEHICLE_THEFT,area,20,49.64,0.40290089,,
28045,2019,BURGLARY,area,118,182.56,0.64636284,,
28045,2019,DRUG_TRAFFICKING,area,8,182.56,0.04382121,,
28045,2019,HOM_ATTEMPTED,area,0,182.56,0.00000000,,
28045,2019,HOM_COMPLETED,area,0,182.56,0.00000000,,
28045,2019,INJURY,area,25,182.56,0.13694128,,
28045,2019,KIDNAPPING,area,0,182.56,0.00000000,,
28045,2019,OTHER,area,1296,182.56,7.09903593,,
28045,2019,ROBBERY_VIOLENT,area,59,182.56,0.32318142,,
28045,2019,SEXUAL,area,21,182.56,0.11503067,,
28045,2019,THEFT,area,443,182.56,2.42659947,,
28045,2019,VEHICLE_THEFT,area,8,182.56,0.04382121,,
28045,2020,BURGLARY,area,66,182.56,0.36152498,,
28045,2020,DRUG_TRAFFICKING,area,8,182.56,0.04382121,,
28045,2020,HOM_ATTEMPTED,area,2,182.56,0.01095530,,
28045,2020,HOM_COMPLETED,area,0,182.56,0.00000000,,
28045,2020,INJURY,area,22,182.56,0.12050833,,
28045,2020,KIDNAPPING,area,1,182.56,0.00547765,,
28045,2020,OTHER,area,1000,182.56,5.47765118,,
28045,2020,ROBBERY_VIOLENT,area,40,182.56,0.21910605,,
28045,2020,SEXUAL,area,13,182.56,0.07120947,,
28045,2020,THEFT,area,336,182.56,1.84049080,,
28045,2020,VEHICLE_THEFT,area,9,182.56,0.04929886,,
28045,2021,BURGLARY,area,96,182.56,0.52585451,,
28045,2021,DRUG_TRAFFICKING,area,12,182.56,0.06573181,,
28045,2021,HOM_ATTEMPTED,area,2,182.56,0.01095530,,
28045,2021,HOM_COMPLETED,area,0,182.56,0.00000000,,
28045,2021,INJURY,area,29,182.56,0.15885188,,
28045,2021,KIDNAPPING,area,0,182.56,0.00000000,,
28045,2021,OTHER,area,1053,182.56,5.76796670,,
28045,2021,ROBBERY_VIOLENT,area,40,182.56,0.21910605,,
28045,2021,SEXUAL,area,15,182.56,0.08216477,,
28045,2021,THEFT,area,296,182.56,1.62138475,,
28045,2021,VEHICLE_THEFT,area,14,182.56,0.07668712,,
28045,2022,BURGLARY,area,84,182.56,0.46012270,,
28045,2022,DRUG_TRAFFICKING,area,4,182.56,0.02191060,,
28045,2022,HOM_ATTEMPTED,area,1,182.56,0.00547765,,
28045,2022,HOM_COMPLETED,area,0,182.56,0.00000000,,
28045,2022,INJURY,area,23,182.56,0.12598598,,
28045,2022,KIDNAPPING,area,0,182.56,0.00000000,,
28045,2022,OTHER,area,1418,182.56,7.76730938,,
28045,2022,ROBBERY_VIOLENT,area,21,182.56,0.11503067,,
28045,2022,SEXUAL,area,7,182.56,0.03834356,,
28045,2022,THEFT,area,356,182.56,1.95004382,,
28045,2022,VEHICLE_THEFT,area,10,182.56,0.05477651,,
28045,2023,BURGLARY,area,124,182.56,0.67922875,,
28045,2023,DRUG_TRAFFICKING,area,8,182.56,0.04382121,,
28045,2023,HOM_ATTEMPTED,area,2,182.56,0.01095530,,
28045,2023,HOM_COMPLETED,area,0,182.56,0.00000000,,
28045,2023,INJURY,area,31,182.56,0.16980719,,
28045,2023,KIDNAPPING,area,0,182.56,0.00000000,,
28045,2023,OTHER,area,1655,182.56,9.06551271,,
28045,2023,ROBBERY_VIOLENT,area,48,182.56,0.26292726,,
28045,2023,SEXUAL,area,19,182.56,0.10407537,,
28045,2023,THEFT,area,569,182.56,3.11678352,,
28045,2023,VEHICLE_THEFT,area,14,182.56,0.07668712,,
28045,2024,BURGLARY,area,144,182.56,0.78878177,,
28045,2024,DRUG_TRAFFICKING,area,7,182.56,0.03834356,,
28045,2024,HOM_ATTEMPTED,area,0,182.56,0.00000000,,
28045,2024,HOM_COMPLETED,area,0,182.56,0.00000000,,
28045,2024,INJURY,area,21,182.56,0.11503067,,
28045,2024,KIDNAPPING,area,0,182.56,0.00000000,,
28045,2024,OTHER,area,1742,182.56,9.54206836,,
28045,2024,ROBBERY_VIOLENT,area,38,182.56,0.20815074,,
28045,2024,SEXUAL,area,34,182.56,0.18624014,,
28045,2024,THEFT,area,477,182.56,2.61283961,,
28045,2024,VEHICLE_THEFT,area,14,182.56,0.07668712,,
28045,2025,BURGLARY,area,137,182.56,0.75043821,,
28045,2025,DRUG_TRAFFICKING,area,7,182.56,0.03834356,,
28045,2025,HOM_ATTEMPTED,area,3,182.56,0.01643295,,
28045,2025,HOM_COMPLETED,area,1,182.56,0.00547765,,
28045,2025,INJURY,area,47,182.56,0.25744961,,
28045,2025,KIDNAPPING,area,0,182.56,0.00000000,,
28045,2025,OTHER,area,1804,182.56,9.88168273,,
28045,2025,ROBBERY_VIOLENT,area,26,182.56,0.14241893,,
28045,2025,SEXUAL,area,26,182.56,0.14241893,,
28045,2025,THEFT,area,557,182.56,3.05105171,,
28045,2025,VEHICLE_THEFT,area,15,182.56,0.08216477,,
28047,2019,BURGLARY,area,157,26.52,5.92006033,,
28047,2019,DRUG_TRAFFICKING,area,23,26.52,0.86726998,,
28047,2019,HOM_ATTEMPTED,area,0,26.52,0.00000000,,
28047,2019,HOM_COMPLETED,area,0,26.52,0.00000000,,
28047,2019,INJURY,area,44,26.52,1.65912519,,
28047,2019,KIDNAPPING,area,0,26.52,0.00000000,,
28047,2019,OTHER,area,1899,26.52,71.60633484,,
28047,2019,ROBBERY_VIOLENT,area,138,26.52,5.20361991,,
28047,2019,SEXUAL,area,29,26.52,1.09351433,,
28047,2019,THEFT,area,941,26.52,35.48265460,,
28047,2019,VEHICLE_THEFT,area,21,26.52,0.79185520,,
28047,2020,BURGLARY,area,110,26.52,4.14781297,,
28047,2020,DRUG_TRAFFICKING,area,17,26.52,0.64102564,,
28047,2020,HOM_ATTEMPTED,area,2,26.52,0.07541478,,
28047,2020,HOM_COMPLETED,area,1,26.52,0.03770739,,
28047,2020,INJURY,area,30,26.52,1.13122172,,
28047,2020,KIDNAPPING,area,0,26.52,0.00000000,,
28047,2020,OTHER,area,1598,26.52,60.25641026,,
28047,2020,ROBBERY_VIOLENT,area,44,26.52,1.65912519,,
28047,2020,SEXUAL,area,26,26.52,0.98039216,,
28047,2020,THEFT,area,506,26.52,19.07993967,,
28047,2020,VEHICLE_THEFT,area,19,26.52,0.71644042,,
28047,2021,BURGLARY,area,129,26.52,4.86425339,,
28047,2021,DRUG_TRAFFICKING,area,6,26.52,0.22624434,,
28047,2021,HOM_ATTEMPTED,area,0,26.52,0.00000000,,
28047,2021,HOM_COMPLETED,area,1,26.52,0.03770739,,
28047,2021,INJURY,area,35,26.52,1.31975867,,
28047,2021,KIDNAPPING,area,0,26.52,0.00000000,,
28047,2021,OTHER,area,1653,26.52,62.33031674,,
28047,2021,ROBBERY_VIOLENT,area,72,26.52,2.71493213,,
28047,2021,SEXUAL,area,24,26.52,0.90497738,,
28047,2021,THEFT,area,596,26.52,22.47360483,,
28047,2021,VEHICLE_THEFT,area,15,26.52,0.56561086,,
28047,2022,BURGLARY,area,143,26.52,5.39215686,,
28047,2022,DRUG_TRAFFICKING,area,16,26.52,0.60331825,,
28047,2022,HOM_ATTEMPTED,area,0,26.52,0.00000000,,
28047,2022,HOM_COMPLETED,area,0,26.52,0.00000000,,
28047,2022,INJURY,area,46,26.52,1.73453997,,
28047,2022,KIDNAPPING,area,1,26.52,0.03770739,,
28047,2022,OTHER,area,2015,26.52,75.98039216,,
28047,2022,ROBBERY_VIOLENT,area,80,26.52,3.01659125,,
28047,2022,SEXUAL,area,29,26.52,1.09351433,,
28047,2022,THEFT,area,739,26.52,27.86576169,,
28047,2022,VEHICLE_THEFT,area,17,26.52,0.64102564,,
28047,2023,BURGLARY,area,157,26.52,5.92006033,,
28047,2023,DRUG_TRAFFICKING,area,9,26.52,0.33936652,,
28047,2023,HOM_ATTEMPTED,area,1,26.52,0.03770739,,
28047,2023,HOM_COMPLETED,area,0,26.52,0.00000000,,
28047,2023,INJURY,area,42,26.52,1.58371041,,
28047,2023,KIDNAPPING,area,0,26.52,0.00000000,,
28047,2023,OTHER,area,2033,26.52,76.65912519,,
28047,2023,ROBBERY_VIOLENT,area,72,26.52,2.71493213,,
28047,2023,SEXUAL,area,33,26.52,1.24434389,,
28047,2023,THEFT,area,746,26.52,28.12971342,,
28047,2023,VEHICLE_THEFT,area,21,26.52,0.79185520,,
28047,2024,BURGLARY,area,168,26.52,6.33484163,,
28047,2024,DRUG_TRAFFICKING,area,9,26.52,0.33936652,,
28047,2024,HOM_ATTEMPTED,area,3,26.52,0.11312217,,
28047,2024,HOM_COMPLETED,area,0,26.52,0.00000000,,
28047,2024,INJURY,area,65,26.52,2.45098039,,
28047,2024,KIDNAPPING,area,1,26.52,0.03770739,,
28047,2024,OTHER,area,2241,26.52,84.50226244,,
28047,2024,ROBBERY_VIOLENT,area,80,26.52,3.01659125,,
28047,2024,SEXUAL,area,41,26.52,1.54600302,,
28047,2024,THEFT,area,711,26.52,26.80995475,,
28047,2024,VEHICLE_THEFT,area,14,26.52,0.52790347,,
28047,2025,BURGLARY,area,116,26.52,4.37405732,,
28047,2025,DRUG_TRAFFICKING,area,11,26.52,0.41478130,,
28047,2025,HOM_ATTEMPTED,area,2,26.52,0.07541478,,
28047,2025,HOM_COMPLETED,area,0,26.52,0.00000000,,
28047,2025,INJURY,area,62,26.52,2.33785822,,
28047,2025,KIDNAPPING,area,0,26.52,0.00000000,,
28047,2025,OTHER,area,2289,26.52,86.31221719,,
28047,2025,ROBBERY_VIOLENT,area,71,26.52,2.67722474,,
28047,2025,SEXUAL,area,33,26.52,1.24434389,,
28047,2025,THEFT,area,621,26.52,23.41628959,,
28047,2025,VEHICLE_THEFT,area,11,26.52,0.41478130,,
28049,2019,BURGLARY,area,201,12.01,16.73605329,,
28049,2019,DRUG_TRAFFICKING,area,20,12.01,1.66527893,,
28049,2019,HOM_ATTEMPTED,area,0,12.01,0.00000000,,
28049,2019,HOM_COMPLETED,area,1,12.01,0.08326395,,
28049,2019,INJURY,area,27,12.01,2.24812656,,
28049,2019,KIDNAPPING,area,0,12.01,0.00000000,,
28049,2019,OTHER,area,2171,12.01,180.76602831,,
28049,2019,ROBBERY_VIOLENT,area,88,12.01,7.32722731,,
28049,2019,SEXUAL,area,14,12.01,1.16569525,,
28049,2019,THEFT,area,898,12.01,74.77102415,,
28049,2019,VEHICLE_THEFT,area,97,12.01,8.07660283,,
28049,2020,BURGLARY,area,115,12.01,9.57535387,,
28049,2020,DRUG_TRAFFICKING,area,25,12.01,2.08159867,,
28049,2020,HOM_ATTEMPTED,area,3,12.01,0.24979184,,
28049,2020,HOM_COMPLETED,area,0,12.01,0.00000000,,
28049,2020,INJURY,area,24,12.01,1.99833472,,
28049,2020,KIDNAPPING,area,0,12.01,0.00000000,,
28049,2020,OTHER,area,1938,12.01,161.36552873,,
28049,2020,ROBBERY_VIOLENT,area,60,12.01,4.99583680,,
28049,2020,SEXUAL,area,9,12.01,0.74937552,,
28049,2020,THEFT,area,672,12.01,55.95337219,,
28049,2020,VEHICLE_THEFT,area,67,12.01,5.57868443,,
28049,2021,BURGLARY,area,145,12.01,12.07327227,,
28049,2021,DRUG_TRAFFICKING,area,19,12.01,1.58201499,,
28049,2021,HOM_ATTEMPTED,area,2,12.01,0.16652789,,
28049,2021,HOM_COMPLETED,area,0,12.01,0.00000000,,
28049,2021,INJURY,area,27,12.01,2.24812656,,
28049,2021,KIDNAPPING,area,0,12.01,0.00000000,,
28049,2021,OTHER,area,2040,12.01,169.85845129,,
28049,2021,ROBBERY_VIOLENT,area,60,12.01,4.99583680,,
28049,2021,SEXUAL,area,10,12.01,0.83263947,,
28049,2021,THEFT,area,877,12.01,73.02248127,,
28049,2021,VEHICLE_THEFT,area,75,12.01,6.24479600,,
28049,2022,BURGLARY,area,156,12.01,12.98917569,,
28049,2022,DRUG_TRAFFICKING,area,18,12.01,1.49875104,,
28049,2022,HOM_ATTEMPTED,area,2,12.01,0.16652789,,
28049,2022,HOM_COMPLETED,area,0,12.01,0.00000000,,
28049,2022,INJURY,area,22,12.01,1.83180683,,
28049,2022,KIDNAPPING,area,0,12.01,0.00000000,,
28049,2022,OTHER,area,2340,12.01,194.83763530,,
28049,2022,ROBBERY_VIOLENT,area,76,12.01,6.32805995,,
28049,2022,SEXUAL,area,21,12.01,1.74854288,,
28049,2022,THEFT,area,899,12.01,74.85428809,,
28049,2022,VEHICLE_THEFT,area,109,12.01,9.07577019,,
28049,2023,BURGLARY,area,164,12.01,13.65528726,,
28049,2023,DRUG_TRAFFICKING,area,30,12.01,2.49791840,,
28049,2023,HOM_ATTEMPTED,area,0,12.01,0.00000000,,
28049,2023,HOM_COMPLETED,area,0,12.01,0.00000000,,
28049,2023,INJURY,area,17,12.01,1.41548709,,
28049,2023,KIDNAPPING,area,0,12.01,0.00000000,,
28049,2023,OTHER,area,2112,12.01,175.85345545,,
28049,2023,ROBBERY_VIOLENT,area,56,12.01,4.66278102,,
28049,2023,SEXUAL,area,19,12.01,1.58201499,,
28049,2023,THEFT,area,908,12.01,75.60366361,,
28049,2023,VEHICLE_THEFT,area,82,12.01,6.82764363,,
28049,2024,BURGLARY,area,140,12.01,11.65695254,,
28049,2024,DRUG_TRAFFICKING,area,12,12.01,0.99916736,,
28049,2024,HOM_ATTEMPTED,area,1,12.01,0.08326395,,
28049,2024,HOM_COMPLETED,area,0,12.01,0.00000000,,
28049,2024,INJURY,area,30,12.01,2.49791840,,
28049,2024,KIDNAPPING,area,0,12.01,0.00000000,,
28049,2024,OTHER,area,2213,12.01,184.26311407,,
28049,2024,ROBBERY_VIOLENT,area,61,12.01,5.07910075,,
28049,2024,SEXUAL,area,27,12.01,2.24812656,,
28049,2024,THEFT,area,973,12.01,81.01582015,,
28049,2024,VEHICLE_THEFT,area,128,12.01,10.65778518,,
28049,2025,BURGLARY,area,135,12.01,11.24063281,,
28049,2025,DRUG_TRAFFICKING,area,9,12.01,0.74937552,,
28049,2025,HOM_ATTEMPTED,area,0,12.01,0.00000000,,
28049,2025,HOM_COMPLETED,area,0,12.01,0.00000000,,
28049,2025,INJURY,area,34,12.01,2.83097419,,
28049,2025,KIDNAPPING,area,0,12.01,0.00000000,,
28049,2025,OTHER,area,2186,12.01,182.01498751,,
28049,2025,ROBBERY_VIOLENT,area,61,12.01,5.07910075,,
28049,2025,SEXUAL,area,20,12.01,1.66527893,,
28049,2025,THEFT,area,958,12.01,79.76686095,,
28049,2025,VEHICLE_THEFT,area,134,12.01,11.15736886,,
28058,2019,BURGLARY,area,251,39.41,6.36894189,,
28058,2019,DRUG_TRAFFICKING,area,31,39.41,0.78660239,,
28058,2019,HOM_ATTEMPTED,area,4,39.41,0.10149708,,
28058,2019,HOM_COMPLETED,area,1,39.41,0.02537427,,
28058,2019,INJURY,area,22,39.41,0.55823395,,
28058,2019,KIDNAPPING,area,0,39.41,0.00000000,,
28058,2019,OTHER,area,4199,39.41,106.54656179,,
28058,2019,ROBBERY_VIOLENT,area,296,39.41,7.51078406,,
28058,2019,SEXUAL,area,27,39.41,0.68510530,,
28058,2019,THEFT,area,1860,39.41,47.19614311,,
28058,2019,VEHICLE_THEFT,area,199,39.41,5.04947983,,
28058,2020,BURGLARY,area,246,39.41,6.24207054,,
28058,2020,DRUG_TRAFFICKING,area,37,39.41,0.93884801,,
28058,2020,HOM_ATTEMPTED,area,4,39.41,0.10149708,,
28058,2020,HOM_COMPLETED,area,1,39.41,0.02537427,,
28058,2020,INJURY,area,28,39.41,0.71047957,,
28058,2020,KIDNAPPING,area,0,39.41,0.00000000,,
28058,2020,OTHER,area,3103,39.41,78.73636133,,
28058,2020,ROBBERY_VIOLENT,area,186,39.41,4.71961431,,
28058,2020,SEXUAL,area,38,39.41,0.96422228,,
28058,2020,THEFT,area,1413,39.41,35.85384420,,
28058,2020,VEHICLE_THEFT,area,140,39.41,3.55239787,,
28058,2021,BURGLARY,area,265,39.41,6.72418168,,
28058,2021,DRUG_TRAFFICKING,area,39,39.41,0.98959655,,
28058,2021,HOM_ATTEMPTED,area,1,39.41,0.02537427,,
28058,2021,HOM_COMPLETED,area,1,39.41,0.02537427,,
28058,2021,INJURY,area,33,39.41,0.83735093,,
28058,2021,KIDNAPPING,area,0,39.41,0.00000000,,
28058,2021,OTHER,area,4317,39.41,109.54072570,,
28058,2021,ROBBERY_VIOLENT,area,235,39.41,5.96295357,,
28058,2021,SEXUAL,area,45,39.41,1.14184217,,
28058,2021,THEFT,area,1696,39.41,43.03476275,,
28058,2021,VEHICLE_THEFT,area,161,39.41,4.08525755,,
28058,2022,BURGLARY,area,226,39.41,5.73458513,,
28058,2022,DRUG_TRAFFICKING,area,49,39.41,1.24333925,,
28058,2022,HOM_ATTEMPTED,area,0,39.41,0.00000000,,
28058,2022,HOM_COMPLETED,area,1,39.41,0.02537427,,
28058,2022,INJURY,area,30,39.41,0.76122811,,
28058,2022,KIDNAPPING,area,0,39.41,0.00000000,,
28058,2022,OTHER,area,3784,39.41,96.01623953,,
28058,2022,ROBBERY_VIOLENT,area,203,39.41,5.15097691,,
28058,2022,SEXUAL,area,29,39.41,0.73585384,,
28058,2022,THEFT,area,1653,39.41,41.94366912,,
28058,2022,VEHICLE_THEFT,area,229,39.41,5.81070794,,
28058,2023,BURGLARY,area,213,39.41,5.40471961,,
28058,2023,DRUG_TRAFFICKING,area,51,39.41,1.29408779,,
28058,2023,HOM_ATTEMPTED,area,2,39.41,0.05074854,,
28058,2023,HOM_COMPLETED,area,1,39.41,0.02537427,,
28058,2023,INJURY,area,24,39.41,0.60898249,,
28058,2023,KIDNAPPING,area,0,39.41,0.00000000,,
28058,2023,OTHER,area,3777,39.41,95.83861964,,
28058,2023,ROBBERY_VIOLENT,area,186,39.41,4.71961431,,
28058,2023,SEXUAL,area,42,39.41,1.06571936,,
28058,2023,THEFT,area,1508,39.41,38.26439990,,
28058,2023,VEHICLE_THEFT,area,249,39.41,6.31819335,,
28058,2024,BURGLARY,area,304,39.41,7.71377823,,
28058,2024,DRUG_TRAFFICKING,area,50,39.41,1.26871352,,
28058,2024,HOM_ATTEMPTED,area,0,39.41,0.00000000,,
28058,2024,HOM_COMPLETED,area,0,39.41,0.00000000,,
28058,2024,INJURY,area,36,39.41,0.91347374,,
28058,2024,KIDNAPPING,area,0,39.41,0.00000000,,
28058,2024,OTHER,area,3792,39.41,96.21923370,,
28058,2024,ROBBERY_VIOLENT,area,188,39.41,4.77036285,,
28058,2024,SEXUAL,area,45,39.41,1.14184217,,
28058,2024,THEFT,area,1344,39.41,34.10301954,,
28058,2024,VEHICLE_THEFT,area,193,39.41,4.89723420,,
28058,2025,BURGLARY,area,227,39.41,5.75995940,,
28058,2025,DRUG_TRAFFICKING,area,51,39.41,1.29408779,,
28058,2025,HOM_ATTEMPTED,area,2,39.41,0.05074854,,
28058,2025,HOM_COMPLETED,area,0,39.41,0.00000000,,
28058,2025,INJURY,area,29,39.41,0.73585384,,
28058,2025,KIDNAPPING,area,0,39.41,0.00000000,,
28058,2025,OTHER,area,3772,39.41,95.71174829,,
28058,2025,ROBBERY_VIOLENT,area,180,39.41,4.56736869,,
28058,2025,SEXUAL,area,53,39.41,1.34483634,,
28058,2025,THEFT,area,1393,39.41,35.34635879,,
28058,2025,VEHICLE_THEFT,area,182,39.41,4.61811723,,
28061,2019,BURGLARY,area,234,64.99,3.60055393,,
28061,2019,DRUG_TRAFFICKING,area,7,64.99,0.10770888,,
28061,2019,HOM_ATTEMPTED,area,0,64.99,0.00000000,,
28061,2019,HOM_COMPLETED,area,0,64.99,0.00000000,,
28061,2019,INJURY,area,9,64.99,0.13848284,,
28061,2019,KIDNAPPING,area,0,64.99,0.00000000,,
28061,2019,OTHER,area,1473,64.99,22.66502539,,
28061,2019,ROBBERY_VIOLENT,area,28,64.99,0.43083551,,
28061,2019,SEXUAL,area,21,64.99,0.32312663,,
28061,2019,THEFT,area,231,64.99,3.55439298,,
28061,2019,VEHICLE_THEFT,area,5,64.99,0.07693491,,
28061,2020,BURGLARY,area,162,64.99,2.49269118,,
28061,2020,DRUG_TRAFFICKING,area,3,64.99,0.04616095,,
28061,2020,HOM_ATTEMPTED,area,0,64.99,0.00000000,,
28061,2020,HOM_COMPLETED,area,0,64.99,0.00000000,,
28061,2020,INJURY,area,21,64.99,0.32312663,,
28061,2020,KIDNAPPING,area,0,64.99,0.00000000,,
28061,2020,OTHER,area,1290,64.99,19.84920757,,
28061,2020,ROBBERY_VIOLENT,area,26,64.99,0.40006155,,
28061,2020,SEXUAL,area,16,64.99,0.24619172,,
28061,2020,THEFT,area,184,64.99,2.83120480,,
28061,2020,VEHICLE_THEFT,area,3,64.99,0.04616095,,
28061,2021,BURGLARY,area,106,64.99,1.63102016,,
28061,2021,DRUG_TRAFFICKING,area,5,64.99,0.07693491,,
28061,2021,HOM_ATTEMPTED,area,2,64.99,0.03077397,,
28061,2021,HOM_COMPLETED,area,0,64.99,0.00000000,,
28061,2021,INJURY,area,26,64.99,0.40006155,,
28061,2021,KIDNAPPING,area,0,64.99,0.00000000,,
28061,2021,OTHER,area,1227,64.99,18.87982767,,
28061,2021,ROBBERY_VIOLENT,area,25,64.99,0.38467457,,
28061,2021,SEXUAL,area,15,64.99,0.23080474,,
28061,2021,THEFT,area,217,64.99,3.33897523,,
28061,2021,VEHICLE_THEFT,area,8,64.99,0.12309586,,
28061,2022,BURGLARY,area,90,64.99,1.38482844,,
28061,2022,DRUG_TRAFFICKING,area,6,64.99,0.09232190,,
28061,2022,HOM_ATTEMPTED,area,0,64.99,0.00000000,,
28061,2022,HOM_COMPLETED,area,0,64.99,0.00000000,,
28061,2022,INJURY,area,35,64.99,0.53854439,,
28061,2022,KIDNAPPING,area,0,64.99,0.00000000,,
28061,2022,OTHER,area,1272,64.99,19.57224188,,
28061,2022,ROBBERY_VIOLENT,area,18,64.99,0.27696569,,
28061,2022,SEXUAL,area,19,64.99,0.29235267,,
28061,2022,THEFT,area,195,64.99,3.00046161,,
28061,2022,VEHICLE_THEFT,area,4,64.99,0.06154793,,
28061,2023,BURGLARY,area,132,64.99,2.03108170,,
28061,2023,DRUG_TRAFFICKING,area,9,64.99,0.13848284,,
28061,2023,HOM_ATTEMPTED,area,0,64.99,0.00000000,,
28061,2023,HOM_COMPLETED,area,0,64.99,0.00000000,,
28061,2023,INJURY,area,46,64.99,0.70780120,,
28061,2023,KIDNAPPING,area,0,64.99,0.00000000,,
28061,2023,OTHER,area,1472,64.99,22.64963841,,
28061,2023,ROBBERY_VIOLENT,area,27,64.99,0.41544853,,
28061,2023,SEXUAL,area,20,64.99,0.30773965,,
28061,2023,THEFT,area,208,64.99,3.20049238,,
28061,2023,VEHICLE_THEFT,area,8,64.99,0.12309586,,
28061,2024,BURGLARY,area,87,64.99,1.33866749,,
28061,2024,DRUG_TRAFFICKING,area,3,64.99,0.04616095,,
28061,2024,HOM_ATTEMPTED,area,0,64.99,0.00000000,,
28061,2024,HOM_COMPLETED,area,0,64.99,0.00000000,,
28061,2024,INJURY,area,35,64.99,0.53854439,,
28061,2024,KIDNAPPING,area,0,64.99,0.00000000,,
28061,2024,OTHER,area,1419,64.99,21.83412833,,
28061,2024,ROBBERY_VIOLENT,area,36,64.99,0.55393137,,
28061,2024,SEXUAL,area,14,64.99,0.21541776,,
28061,2024,THEFT,area,218,64.99,3.35436221,,
28061,2024,VEHICLE_THEFT,area,9,64.99,0.13848284,,
28061,2025,BURGLARY,area,136,64.99,2.09262964,,
28061,2025,DRUG_TRAFFICKING,area,7,64.99,0.10770888,,
28061,2025,HOM_ATTEMPTED,area,0,64.99,0.00000000,,
28061,2025,HOM_COMPLETED,area,0,64.99,0.00000000,,
28061,2025,INJURY,area,27,64.99,0.41544853,,
28061,2025,KIDNAPPING,area,0,64.99,0.00000000,,
28061,2025,OTHER,area,1448,64.99,22.28035082,,
28061,2025,ROBBERY_VIOLENT,area,25,64.99,0.38467457,,
28061,2025,SEXUAL,area,12,64.99,0.18464379,,
28061,2025,THEFT,area,180,64.99,2.76965687,,
28061,2025,VEHICLE_THEFT,area,4,64.99,0.06154793,,
28065,2019,BURGLARY,area,389,78.38,4.96300077,,
28065,2019,DRUG_TRAFFICKING,area,13,78.38,0.16585864,,
28065,2019,HOM_ATTEMPTED,area,0,78.38,0.00000000,,
28065,2019,HOM_COMPLETED,area,0,78.38,0.00000000,,
28065,2019,INJURY,area,47,78.38,0.59964277,,
28065,2019,KIDNAPPING,area,2,78.38,0.02551671,,
28065,2019,OTHER,area,4840,78.38,61.75044654,,
28065,2019,ROBBERY_VIOLENT,area,384,78.38,4.89920898,,
28065,2019,SEXUAL,area,51,78.38,0.65067619,,
28065,2019,THEFT,area,2437,78.38,31.09211534,,
28065,2019,VEHICLE_THEFT,area,308,78.38,3.92957387,,
28065,2020,BURGLARY,area,273,78.38,3.48303139,,
28065,2020,DRUG_TRAFFICKING,area,31,78.38,0.39550906,,
28065,2020,HOM_ATTEMPTED,area,2,78.38,0.02551671,,
28065,2020,HOM_COMPLETED,area,3,78.38,0.03827507,,
28065,2020,INJURY,area,34,78.38,0.43378413,,
28065,2020,KIDNAPPING,area,1,78.38,0.01275836,,
28065,2020,OTHER,area,4206,78.38,53.66164838,,
28065,2020,ROBBERY_VIOLENT,area,287,78.38,3.66164838,,
28065,2020,SEXUAL,area,53,78.38,0.67619291,,
28065,2020,THEFT,area,1854,78.38,23.65399337,,
28065,2020,VEHICLE_THEFT,area,202,78.38,2.57718806,,
28065,2021,BURGLARY,area,226,78.38,2.88338862,,
28065,2021,DRUG_TRAFFICKING,area,21,78.38,0.26792549,,
28065,2021,HOM_ATTEMPTED,area,0,78.38,0.00000000,,
28065,2021,HOM_COMPLETED,area,1,78.38,0.01275836,,
28065,2021,INJURY,area,26,78.38,0.33171727,,
28065,2021,KIDNAPPING,area,1,78.38,0.01275836,,
28065,2021,OTHER,area,4962,78.38,63.30696606,,
28065,2021,ROBBERY_VIOLENT,area,360,78.38,4.59300842,,
28065,2021,SEXUAL,area,63,78.38,0.80377647,,
28065,2021,THEFT,area,2413,78.38,30.78591477,,
28065,2021,VEHICLE_THEFT,area,204,78.38,2.60270477,,
28065,2022,BURGLARY,area,231,78.38,2.94718040,,
28065,2022,DRUG_TRAFFICKING,area,29,78.38,0.36999234,,
28065,2022,HOM_ATTEMPTED,area,1,78.38,0.01275836,,
28065,2022,HOM_COMPLETED,area,0,78.38,0.00000000,,
28065,2022,INJURY,area,27,78.38,0.34447563,,
28065,2022,KIDNAPPING,area,0,78.38,0.00000000,,
28065,2022,OTHER,area,5182,78.38,66.11380454,,
28065,2022,ROBBERY_VIOLENT,area,282,78.38,3.59785660,,
28065,2022,SEXUAL,area,51,78.38,0.65067619,,
28065,2022,THEFT,area,2502,78.38,31.92140852,,
28065,2022,VEHICLE_THEFT,area,255,78.38,3.25338096,,
28065,2023,BURGLARY,area,275,78.38,3.50854810,,
28065,2023,DRUG_TRAFFICKING,area,32,78.38,0.40826742,,
28065,2023,HOM_ATTEMPTED,area,0,78.38,0.00000000,,
28065,2023,HOM_COMPLETED,area,1,78.38,0.01275836,,
28065,2023,INJURY,area,36,78.38,0.45930084,,
28065,2023,KIDNAPPING,area,0,78.38,0.00000000,,
28065,2023,OTHER,area,5757,78.38,73.44985966,,
28065,2023,ROBBERY_VIOLENT,area,259,78.38,3.30441439,,
28065,2023,SEXUAL,area,66,78.38,0.84205154,,
28065,2023,THEFT,area,2420,78.38,30.87522327,,
28065,2023,VEHICLE_THEFT,area,266,78.38,3.39372289,,
28065,2024,BURGLARY,area,181,78.38,2.30926257,,
28065,2024,DRUG_TRAFFICKING,area,22,78.38,0.28068385,,
28065,2024,HOM_ATTEMPTED,area,4,78.38,0.05103343,,
28065,2024,HOM_COMPLETED,area,0,78.38,0.00000000,,
28065,2024,INJURY,area,53,78.38,0.67619291,,
28065,2024,KIDNAPPING,area,3,78.38,0.03827507,,
28065,2024,OTHER,area,5821,78.38,74.26639449,,
28065,2024,ROBBERY_VIOLENT,area,233,78.38,2.97269712,,
28065,2024,SEXUAL,area,62,78.38,0.79101812,,
28065,2024,THEFT,area,2356,78.38,30.05868844,,
28065,2024,VEHICLE_THEFT,area,253,78.38,3.22786425,,
28065,2025,BURGLARY,area,194,78.38,2.47512120,,
28065,2025,DRUG_TRAFFICKING,area,34,78.38,0.43378413,,
28065,2025,HOM_ATTEMPTED,area,2,78.38,0.02551671,,
28065,2025,HOM_COMPLETED,area,2,78.38,0.02551671,,
28065,2025,INJURY,area,51,78.38,0.65067619,,
28065,2025,KIDNAPPING,area,0,78.38,0.00000000,,
28065,2025,OTHER,area,5864,78.38,74.81500383,,
28065,2025,ROBBERY_VIOLENT,area,197,78.38,2.51339627,,
28065,2025,SEXUAL,area,60,78.38,0.76550140,,
28065,2025,THEFT,area,2671,78.38,34.07757081,,
28065,2025,VEHICLE_THEFT,area,202,78.38,2.57718806,,
28073,2025,BURGLARY,area,50,19.46,2.56937307,,
28073,2025,DRUG_TRAFFICKING,area,19,19.46,0.97636177,,
28073,2025,HOM_ATTEMPTED,area,0,19.46,0.00000000,,
28073,2025,HOM_COMPLETED,area,0,19.46,0.00000000,,
28073,2025,INJURY,area,12,19.46,0.61664954,,
28073,2025,KIDNAPPING,area,0,19.46,0.00000000,,
28073,2025,OTHER,area,908,19.46,46.65981501,,
28073,2025,ROBBERY_VIOLENT,area,58,19.46,2.98047276,,
28073,2025,SEXUAL,area,20,19.46,1.02774923,,
28073,2025,THEFT,area,980,19.46,50.35971223,,
28073,2025,VEHICLE_THEFT,area,62,19.46,3.18602261,,
28074,2019,BURGLARY,area,400,43.09,9.28289626,,
28074,2019,DRUG_TRAFFICKING,area,30,43.09,0.69621722,,
28074,2019,HOM_ATTEMPTED,area,0,43.09,0.00000000,,
28074,2019,HOM_COMPLETED,area,2,43.09,0.04641448,,
28074,2019,INJURY,area,56,43.09,1.29960548,,
28074,2019,KIDNAPPING,area,1,43.09,0.02320724,,
28074,2019,OTHER,area,4751,43.09,110.25760037,,
28074,2019,ROBBERY_VIOLENT,area,355,43.09,8.23857043,,
28074,2019,SEXUAL,area,54,43.09,1.25319100,,
28074,2019,THEFT,area,3672,43.09,85.21698770,,
28074,2019,VEHICLE_THEFT,area,222,43.09,5.15200743,,
28074,2020,BURGLARY,area,307,43.09,7.12462288,,
28074,2020,DRUG_TRAFFICKING,area,24,43.09,0.55697378,,
28074,2020,HOM_ATTEMPTED,area,1,43.09,0.02320724,,
28074,2020,HOM_COMPLETED,area,0,43.09,0.00000000,,
28074,2020,INJURY,area,37,43.09,0.85866790,,
28074,2020,KIDNAPPING,area,0,43.09,0.00000000,,
28074,2020,OTHER,area,4213,43.09,97.77210490,,
28074,2020,ROBBERY_VIOLENT,area,283,43.09,6.56764911,,
28074,2020,SEXUAL,area,40,43.09,0.92828963,,
28074,2020,THEFT,area,2767,43.09,64.21443490,,
28074,2020,VEHICLE_THEFT,area,185,43.09,4.29333952,,
28074,2021,BURGLARY,area,298,43.09,6.91575772,,
28074,2021,DRUG_TRAFFICKING,area,28,43.09,0.64980274,,
28074,2021,HOM_ATTEMPTED,area,2,43.09,0.04641448,,
28074,2021,HOM_COMPLETED,area,0,43.09,0.00000000,,
28074,2021,INJURY,area,72,43.09,1.67092133,,
28074,2021,KIDNAPPING,area,0,43.09,0.00000000,,
28074,2021,OTHER,area,4440,43.09,103.04014853,,
28074,2021,ROBBERY_VIOLENT,area,256,43.09,5.94105361,,
28074,2021,SEXUAL,area,47,43.09,1.09074031,,
28074,2021,THEFT,area,2780,43.09,64.51612903,,
28074,2021,VEHICLE_THEFT,area,197,43.09,4.57182641,,
28074,2022,BURGLARY,area,308,43.09,7.14783012,,
28074,2022,DRUG_TRAFFICKING,area,57,43.09,1.32281272,,
28074,2022,HOM_ATTEMPTED,area,0,43.09,0.00000000,,
28074,2022,HOM_COMPLETED,area,0,43.09,0.00000000,,
28074,2022,INJURY,area,66,43.09,1.53167788,,
28074,2022,KIDNAPPING,area,0,43.09,0.00000000,,
28074,2022,OTHER,area,4917,43.09,114.11000232,,
28074,2022,ROBBERY_VIOLENT,area,199,43.09,4.61824089,,
28074,2022,SEXUAL,area,52,43.09,1.20677651,,
28074,2022,THEFT,area,3268,43.09,75.84126247,,
28074,2022,VEHICLE_THEFT,area,221,43.09,5.12880019,,
28074,2023,BURGLARY,area,325,43.09,7.54235321,,
28074,2023,DRUG_TRAFFICKING,area,49,43.09,1.13715479,,
28074,2023,HOM_ATTEMPTED,area,2,43.09,0.04641448,,
28074,2023,HOM_COMPLETED,area,0,43.09,0.00000000,,
28074,2023,INJURY,area,55,43.09,1.27639824,,
28074,2023,KIDNAPPING,area,2,43.09,0.04641448,,
28074,2023,OTHER,area,4710,43.09,109.30610350,,
28074,2023,ROBBERY_VIOLENT,area,249,43.09,5.77860292,,
28074,2023,SEXUAL,area,83,43.09,1.92620097,,
28074,2023,THEFT,area,3195,43.09,74.14713391,,
28074,2023,VEHICLE_THEFT,area,287,43.09,6.66047807,,
28074,2024,BURGLARY,area,317,43.09,7.35669529,,
28074,2024,DRUG_TRAFFICKING,area,72,43.09,1.67092133,,
28074,2024,HOM_ATTEMPTED,area,1,43.09,0.02320724,,
28074,2024,HOM_COMPLETED,area,0,43.09,0.00000000,,
28074,2024,INJURY,area,70,43.09,1.62450685,,
28074,2024,KIDNAPPING,area,0,43.09,0.00000000,,
28074,2024,OTHER,area,5109,43.09,118.56579253,,
28074,2024,ROBBERY_VIOLENT,area,186,43.09,4.31654676,,
28074,2024,SEXUAL,area,63,43.09,1.46205616,,
28074,2024,THEFT,area,2911,43.09,67.55627756,,
28074,2024,VEHICLE_THEFT,area,308,43.09,7.14783012,,
28074,2025,BURGLARY,area,232,43.09,5.38407983,,
28074,2025,DRUG_TRAFFICKING,area,67,43.09,1.55488512,,
28074,2025,HOM_ATTEMPTED,area,2,43.09,0.04641448,,
28074,2025,HOM_COMPLETED,area,1,43.09,0.02320724,,
28074,2025,INJURY,area,72,43.09,1.67092133,,
28074,2025,KIDNAPPING,area,0,43.09,0.00000000,,
28074,2025,OTHER,area,4778,43.09,110.88419587,,
28074,2025,ROBBERY_VIOLENT,area,164,43.09,3.80598747,,
28074,2025,SEXUAL,area,61,43.09,1.41564168,,
28074,2025,THEFT,area,3241,43.09,75.21466698,,
28074,2025,VEHICLE_THEFT,area,336,43.09,7.79763286,,
28079,2019,BURGLARY,area,8784,604.45,14.53221937,,
28079,2019,DRUG_TRAFFICKING,area,1947,604.45,3.22111010,,
28079,2019,HOM_ATTEMPTED,area,42,604.45,0.06948466,,
28079,2019,HOM_COMPLETED,area,16,604.45,0.02647034,,
28079,2019,INJURY,area,1447,604.45,2.39391182,,
28079,2019,KIDNAPPING,area,9,604.45,0.01488957,,
28079,2019,OTHER,area,111510,604.45,184.48176028,,
28079,2019,ROBBERY_VIOLENT,area,10813,604.45,17.88898999,,
28079,2019,SEXUAL,area,1105,604.45,1.82810820,,
28079,2019,THEFT,area,111709,604.45,184.81098519,,
28079,2019,VEHICLE_THEFT,area,4981,604.45,8.24054926,,
28079,2020,BURGLARY,area,5832,604.45,9.64844073,,
28079,2020,DRUG_TRAFFICKING,area,1825,604.45,3.01927372,,
28079,2020,HOM_ATTEMPTED,area,46,604.45,0.07610224,,
28079,2020,HOM_COMPLETED,area,16,604.45,0.02647034,,
28079,2020,INJURY,area,1304,604.45,2.15733311,,
28079,2020,KIDNAPPING,area,4,604.45,0.00661759,,
28079,2020,OTHER,area,97681,604.45,161.60311027,,
28079,2020,ROBBERY_VIOLENT,area,7575,604.45,12.53205393,,
28079,2020,SEXUAL,area,1124,604.45,1.85954173,,
28079,2020,THEFT,area,63107,604.45,104.40400364,,
28079,2020,VEHICLE_THEFT,area,3727,604.45,6.16593597,,
28079,2021,BURGLARY,area,5904,604.45,9.76755728,,
28079,2021,DRUG_TRAFFICKING,area,1824,604.45,3.01761932,,
28079,2021,HOM_ATTEMPTED,area,50,604.45,0.08271983,,
28079,2021,HOM_COMPLETED,area,18,604.45,0.02977914,,
28079,2021,INJURY,area,1507,604.45,2.49317561,,
28079,2021,KIDNAPPING,area,9,604.45,0.01488957,,
28079,2021,OTHER,area,106110,604.45,175.54801886,,
28079,2021,ROBBERY_VIOLENT,area,8609,604.45,14.24269998,,
28079,2021,SEXUAL,area,1235,604.45,2.04317975,,
28079,2021,THEFT,area,73259,604.45,121.19943751,,
28079,2021,VEHICLE_THEFT,area,4302,604.45,7.11721400,,
28079,2022,BURGLARY,area,7066,604.45,11.68996608,,
28079,2022,DRUG_TRAFFICKING,area,2208,604.45,3.65290760,,
28079,2022,HOM_ATTEMPTED,area,83,604.45,0.13731491,,
28079,2022,HOM_COMPLETED,area,27,604.45,0.04466871,,
28079,2022,INJURY,area,1753,604.45,2.90015717,,
28079,2022,KIDNAPPING,area,5,604.45,0.00827198,,
28079,2022,OTHER,area,125605,604.45,207.80047978,,
28079,2022,ROBBERY_VIOLENT,area,9118,604.45,15.08478782,,
28079,2022,SEXUAL,area,1443,604.45,2.38729423,,
28079,2022,THEFT,area,91604,604.45,151.54934238,,
28079,2022,VEHICLE_THEFT,area,4489,604.45,7.42658615,,
28079,2023,BURGLARY,area,7380,604.45,12.20944660,,
28079,2023,DRUG_TRAFFICKING,area,2478,604.45,4.09959467,,
28079,2023,HOM_ATTEMPTED,area,119,604.45,0.19687319,,
28079,2023,HOM_COMPLETED,area,23,604.45,0.03805112,,
28079,2023,INJURY,area,1838,604.45,3.04078088,,
28079,2023,KIDNAPPING,area,10,604.45,0.01654397,,
28079,2023,OTHER,area,133541,604.45,220.92977087,,
28079,2023,ROBBERY_VIOLENT,area,8883,604.45,14.69600463,,
28079,2023,SEXUAL,area,1676,604.45,2.77276863,,
28079,2023,THEFT,area,88516,604.45,146.44056580,,
28079,2023,VEHICLE_THEFT,area,4039,604.45,6.68210770,,
28079,2024,BURGLARY,area,6914,604.45,11.43849781,,
28079,2024,DRUG_TRAFFICKING,area,2964,604.45,4.90363140,,
28079,2024,HOM_ATTEMPTED,area,83,604.45,0.13731491,,
28079,2024,HOM_COMPLETED,area,12,604.45,0.01985276,,
28079,2024,INJURY,area,1929,604.45,3.19133096,,
28079,2024,KIDNAPPING,area,7,604.45,0.01158078,,
28079,2024,OTHER,area,131980,604.45,218.34725784,,
28079,2024,ROBBERY_VIOLENT,area,8175,604.45,13.52469187,,
28079,2024,SEXUAL,area,1753,604.45,2.90015717,,
28079,2024,THEFT,area,79774,604.45,131.97783109,,
28079,2024,VEHICLE_THEFT,area,3982,604.45,6.58780710,,
28079,2025,BURGLARY,area,6569,604.45,10.86773100,,
28079,2025,DRUG_TRAFFICKING,area,3739,604.45,6.18578873,,
28079,2025,HOM_ATTEMPTED,area,90,604.45,0.14889569,,
28079,2025,HOM_COMPLETED,area,17,604.45,0.02812474,,
28079,2025,INJURY,area,2167,604.45,3.58507734,,
28079,2025,KIDNAPPING,area,11,604.45,0.01819836,,
28079,2025,OTHER,area,131445,604.45,217.46215568,,
28079,2025,ROBBERY_VIOLENT,area,7376,604.45,12.20282902,,
28079,2025,SEXUAL,area,1850,604.45,3.06063363,,
28079,2025,THEFT,area,72548,604.45,120.02316155,,
28079,2025,VEHICLE_THEFT,area,3850,604.45,6.36942675,,
28080,2019,BURGLARY,area,389,38.47,10.11177541,,
28080,2019,DRUG_TRAFFICKING,area,17,38.47,0.44190278,,
28080,2019,HOM_ATTEMPTED,area,3,38.47,0.07798284,,
28080,2019,HOM_COMPLETED,area,0,38.47,0.00000000,,
28080,2019,INJURY,area,24,38.47,0.62386275,,
28080,2019,KIDNAPPING,area,0,38.47,0.00000000,,
28080,2019,OTHER,area,2047,38.47,53.21029374,,
28080,2019,ROBBERY_VIOLENT,area,83,38.47,2.15752534,,
28080,2019,SEXUAL,area,20,38.47,0.51988563,,
28080,2019,THEFT,area,1427,38.47,37.09383936,,
28080,2019,VEHICLE_THEFT,area,74,38.47,1.92357681,,
28080,2020,BURGLARY,area,169,38.47,4.39303353,,
28080,2020,DRUG_TRAFFICKING,area,13,38.47,0.33792566,,
28080,2020,HOM_ATTEMPTED,area,1,38.47,0.02599428,,
28080,2020,HOM_COMPLETED,area,0,38.47,0.00000000,,
28080,2020,INJURY,area,19,38.47,0.49389134,,
28080,2020,KIDNAPPING,area,0,38.47,0.00000000,,
28080,2020,OTHER,area,1830,38.47,47.56953470,,
28080,2020,ROBBERY_VIOLENT,area,61,38.47,1.58565116,,
28080,2020,SEXUAL,area,12,38.47,0.31193138,,
28080,2020,THEFT,area,1141,38.47,29.65947492,,
28080,2020,VEHICLE_THEFT,area,153,38.47,3.97712503,,
28080,2021,BURGLARY,area,174,38.47,4.52300494,,
28080,2021,DRUG_TRAFFICKING,area,8,38.47,0.20795425,,
28080,2021,HOM_ATTEMPTED,area,0,38.47,0.00000000,,
28080,2021,HOM_COMPLETED,area,1,38.47,0.02599428,,
28080,2021,INJURY,area,29,38.47,0.75383416,,
28080,2021,KIDNAPPING,area,0,38.47,0.00000000,,
28080,2021,OTHER,area,1984,38.47,51.57265402,,
28080,2021,ROBBERY_VIOLENT,area,72,38.47,1.87158825,,
28080,2021,SEXUAL,area,24,38.47,0.62386275,,
28080,2021,THEFT,area,1507,38.47,39.17338186,,
28080,2021,VEHICLE_THEFT,area,114,38.47,2.96334806,,
28080,2022,BURGLARY,area,223,38.47,5.79672472,,
28080,2022,DRUG_TRAFFICKING,area,7,38.47,0.18195997,,
28080,2022,HOM_ATTEMPTED,area,1,38.47,0.02599428,,
28080,2022,HOM_COMPLETED,area,0,38.47,0.00000000,,
28080,2022,INJURY,area,47,38.47,1.22173122,,
28080,2022,KIDNAPPING,area,0,38.47,0.00000000,,
28080,2022,OTHER,area,2611,38.47,67.87106836,,
28080,2022,ROBBERY_VIOLENT,area,52,38.47,1.35170263,,
28080,2022,SEXUAL,area,31,38.47,0.80582272,,
28080,2022,THEFT,area,1464,38.47,38.05562776,,
28080,2022,VEHICLE_THEFT,area,148,38.47,3.84715363,,
28080,2023,BURGLARY,area,184,38.47,4.78294775,,
28080,2023,DRUG_TRAFFICKING,area,15,38.47,0.38991422,,
28080,2023,HOM_ATTEMPTED,area,0,38.47,0.00000000,,
28080,2023,HOM_COMPLETED,area,0,38.47,0.00000000,,
28080,2023,INJURY,area,55,38.47,1.42968547,,
28080,2023,KIDNAPPING,area,0,38.47,0.00000000,,
28080,2023,OTHER,area,3026,38.47,78.65869509,,
28080,2023,ROBBERY_VIOLENT,area,53,38.47,1.37769691,,
28080,2023,SEXUAL,area,31,38.47,0.80582272,,
28080,2023,THEFT,area,1214,38.47,31.55705745,,
28080,2023,VEHICLE_THEFT,area,69,38.47,1.79360541,,
28080,2024,BURGLARY,area,156,38.47,4.05510788,,
28080,2024,DRUG_TRAFFICKING,area,10,38.47,0.25994281,,
28080,2024,HOM_ATTEMPTED,area,0,38.47,0.00000000,,
28080,2024,HOM_COMPLETED,area,0,38.47,0.00000000,,
28080,2024,INJURY,area,41,38.47,1.06576553,,
28080,2024,KIDNAPPING,area,0,38.47,0.00000000,,
28080,2024,OTHER,area,2965,38.47,77.07304393,,
28080,2024,ROBBERY_VIOLENT,area,63,38.47,1.63763972,,
28080,2024,SEXUAL,area,37,38.47,0.96178841,,
28080,2024,THEFT,area,1382,38.47,35.92409670,,
28080,2024,VEHICLE_THEFT,area,77,38.47,2.00155966,,
28080,2025,BURGLARY,area,113,38.47,2.93735378,,
28080,2025,DRUG_TRAFFICKING,area,10,38.47,0.25994281,,
28080,2025,HOM_ATTEMPTED,area,1,38.47,0.02599428,,
28080,2025,HOM_COMPLETED,area,0,38.47,0.00000000,,
28080,2025,INJURY,area,31,38.47,0.80582272,,
28080,2025,KIDNAPPING,area,0,38.47,0.00000000,,
28080,2025,OTHER,area,2942,38.47,76.47517546,,
28080,2025,ROBBERY_VIOLENT,area,46,38.47,1.19573694,,
28080,2025,SEXUAL,area,21,38.47,0.54587991,,
28080,2025,THEFT,area,1271,38.47,33.03873148,,
28080,2025,VEHICLE_THEFT,area,65,38.47,1.68962828,,
28084,2019,BURGLARY,area,80,17.21,4.64846020,,
28084,2019,DRUG_TRAFFICKING,area,3,17.21,0.17431726,,
28084,2019,HOM_ATTEMPTED,area,0,17.21,0.00000000,,
28084,2019,HOM_COMPLETED,area,0,17.21,0.00000000,,
28084,2019,INJURY,area,18,17.21,1.04590354,,
28084,2019,KIDNAPPING,area,0,17.21,0.00000000,,
28084,2019,OTHER,area,973,17.21,56.53689715,,
28084,2019,ROBBERY_VIOLENT,area,19,17.21,1.10400930,,
28084,2019,SEXUAL,area,1,17.21,0.05810575,,
28084,2019,THEFT,area,245,17.21,14.23590936,,
28084,2019,VEHICLE_THEFT,area,29,17.21,1.68506682,,
28084,2020,BURGLARY,area,54,17.21,3.13771063,,
28084,2020,DRUG_TRAFFICKING,area,6,17.21,0.34863451,,
28084,2020,HOM_ATTEMPTED,area,0,17.21,0.00000000,,
28084,2020,HOM_COMPLETED,area,0,17.21,0.00000000,,
28084,2020,INJURY,area,24,17.21,1.39453806,,
28084,2020,KIDNAPPING,area,0,17.21,0.00000000,,
28084,2020,OTHER,area,886,17.21,51.48169669,,
28084,2020,ROBBERY_VIOLENT,area,13,17.21,0.75537478,,
28084,2020,SEXUAL,area,7,17.21,0.40674027,,
28084,2020,THEFT,area,181,17.21,10.51714120,,
28084,2020,VEHICLE_THEFT,area,19,17.21,1.10400930,,
28084,2021,BURGLARY,area,39,17.21,2.26612435,,
28084,2021,DRUG_TRAFFICKING,area,9,17.21,0.52295177,,
28084,2021,HOM_ATTEMPTED,area,0,17.21,0.00000000,,
28084,2021,HOM_COMPLETED,area,0,17.21,0.00000000,,
28084,2021,INJURY,area,20,17.21,1.16211505,,
28084,2021,KIDNAPPING,area,0,17.21,0.00000000,,
28084,2021,OTHER,area,975,17.21,56.65310866,,
28084,2021,ROBBERY_VIOLENT,area,14,17.21,0.81348053,,
28084,2021,SEXUAL,area,6,17.21,0.34863451,,
28084,2021,THEFT,area,240,17.21,13.94538059,,
28084,2021,VEHICLE_THEFT,area,35,17.21,2.03370134,,
28084,2022,BURGLARY,area,45,17.21,2.61475886,,
28084,2022,DRUG_TRAFFICKING,area,4,17.21,0.23242301,,
28084,2022,HOM_ATTEMPTED,area,0,17.21,0.00000000,,
28084,2022,HOM_COMPLETED,area,0,17.21,0.00000000,,
28084,2022,INJURY,area,16,17.21,0.92969204,,
28084,2022,KIDNAPPING,area,0,17.21,0.00000000,,
28084,2022,OTHER,area,1047,17.21,60.83672284,,
28084,2022,ROBBERY_VIOLENT,area,15,17.21,0.87158629,,
28084,2022,SEXUAL,area,10,17.21,0.58105752,,
28084,2022,THEFT,area,200,17.21,11.62115049,,
28084,2022,VEHICLE_THEFT,area,29,17.21,1.68506682,,
28084,2023,BURGLARY,area,56,17.21,3.25392214,,
28084,2023,DRUG_TRAFFICKING,area,11,17.21,0.63916328,,
28084,2023,HOM_ATTEMPTED,area,1,17.21,0.05810575,,
28084,2023,HOM_COMPLETED,area,1,17.21,0.05810575,,
28084,2023,INJURY,area,17,17.21,0.98779779,,
28084,2023,KIDNAPPING,area,1,17.21,0.05810575,,
28084,2023,OTHER,area,1095,17.21,63.62579895,,
28084,2023,ROBBERY_VIOLENT,area,17,17.21,0.98779779,,
28084,2023,SEXUAL,area,9,17.21,0.52295177,,
28084,2023,THEFT,area,205,17.21,11.91167926,,
28084,2023,VEHICLE_THEFT,area,25,17.21,1.45264381,,
28084,2024,BURGLARY,area,30,17.21,1.74317257,,
28084,2024,DRUG_TRAFFICKING,area,6,17.21,0.34863451,,
28084,2024,HOM_ATTEMPTED,area,2,17.21,0.11621150,,
28084,2024,HOM_COMPLETED,area,0,17.21,0.00000000,,
28084,2024,INJURY,area,17,17.21,0.98779779,,
28084,2024,KIDNAPPING,area,0,17.21,0.00000000,,
28084,2024,OTHER,area,955,17.21,55.49099361,,
28084,2024,ROBBERY_VIOLENT,area,14,17.21,0.81348053,,
28084,2024,SEXUAL,area,20,17.21,1.16211505,,
28084,2024,THEFT,area,154,17.21,8.94828588,,
28084,2024,VEHICLE_THEFT,area,23,17.21,1.33643231,,
28084,2025,BURGLARY,area,35,17.21,2.03370134,,
28084,2025,DRUG_TRAFFICKING,area,9,17.21,0.52295177,,
28084,2025,HOM_ATTEMPTED,area,2,17.21,0.11621150,,
28084,2025,HOM_COMPLETED,area,0,17.21,0.00000000,,
28084,2025,INJURY,area,18,17.21,1.04590354,,
28084,2025,KIDNAPPING,area,0,17.21,0.00000000,,
28084,2025,OTHER,area,1027,17.21,59.67460779,,
28084,2025,ROBBERY_VIOLENT,area,8,17.21,0.46484602,,
28084,2025,SEXUAL,area,8,17.21,0.46484602,,
28084,2025,THEFT,area,222,17.21,12.89947705,,
28084,2025,VEHICLE_THEFT,area,23,17.21,1.33643231,,
28092,2019,BURGLARY,area,376,45.36,8.28924162,,
28092,2019,DRUG_TRAFFICKING,area,45,45.36,0.99206349,,
28092,2019,HOM_ATTEMPTED,area,3,45.36,0.06613757,,
28092,2019,HOM_COMPLETED,area,1,45.36,0.02204586,,
28092,2019,INJURY,area,61,45.36,1.34479718,,
28092,2019,KIDNAPPING,area,1,45.36,0.02204586,,
28092,2019,OTHER,area,5320,45.36,117.28395062,,
28092,2019,ROBBERY_VIOLENT,area,369,45.36,8.13492063,,
28092,2019,SEXUAL,area,44,45.36,0.97001764,,
28092,2019,THEFT,area,2097,45.36,46.23015873,,
28092,2019,VEHICLE_THEFT,area,221,45.36,4.87213404,,
28092,2020,BURGLARY,area,314,45.36,6.92239859,,
28092,2020,DRUG_TRAFFICKING,area,47,45.36,1.03615520,,
28092,2020,HOM_ATTEMPTED,area,8,45.36,0.17636684,,
28092,2020,HOM_COMPLETED,area,0,45.36,0.00000000,,
28092,2020,INJURY,area,42,45.36,0.92592593,,
28092,2020,KIDNAPPING,area,0,45.36,0.00000000,,
28092,2020,OTHER,area,5050,45.36,111.33156966,,
28092,2020,ROBBERY_VIOLENT,area,214,45.36,4.71781305,,
28092,2020,SEXUAL,area,46,45.36,1.01410935,,
28092,2020,THEFT,area,1301,45.36,28.68165785,,
28092,2020,VEHICLE_THEFT,area,186,45.36,4.10052910,,
28092,2021,BURGLARY,area,352,45.36,7.76014109,,
28092,2021,DRUG_TRAFFICKING,area,47,45.36,1.03615520,,
28092,2021,HOM_ATTEMPTED,area,3,45.36,0.06613757,,
28092,2021,HOM_COMPLETED,area,0,45.36,0.00000000,,
28092,2021,INJURY,area,46,45.36,1.01410935,,
28092,2021,KIDNAPPING,area,0,45.36,0.00000000,,
28092,2021,OTHER,area,5437,45.36,119.86331570,,
28092,2021,ROBBERY_VIOLENT,area,227,45.36,5.00440917,,
28092,2021,SEXUAL,area,40,45.36,0.88183422,,
28092,2021,THEFT,area,1514,45.36,33.37742504,,
28092,2021,VEHICLE_THEFT,area,145,45.36,3.19664903,,
28092,2022,BURGLARY,area,350,45.36,7.71604938,,
28092,2022,DRUG_TRAFFICKING,area,46,45.36,1.01410935,,
28092,2022,HOM_ATTEMPTED,area,3,45.36,0.06613757,,
28092,2022,HOM_COMPLETED,area,2,45.36,0.04409171,,
28092,2022,INJURY,area,49,45.36,1.08024691,,
28092,2022,KIDNAPPING,area,1,45.36,0.02204586,,
28092,2022,OTHER,area,5728,45.36,126.27865961,,
28092,2022,ROBBERY_VIOLENT,area,256,45.36,5.64373898,,
28092,2022,SEXUAL,area,64,45.36,1.41093474,,
28092,2022,THEFT,area,1739,45.36,38.33774250,,
28092,2022,VEHICLE_THEFT,area,190,45.36,4.18871252,,
28092,2023,BURGLARY,area,329,45.36,7.25308642,,
28092,2023,DRUG_TRAFFICKING,area,57,45.36,1.25661376,,
28092,2023,HOM_ATTEMPTED,area,5,45.36,0.11022928,,
28092,2023,HOM_COMPLETED,area,2,45.36,0.04409171,,
28092,2023,INJURY,area,55,45.36,1.21252205,,
28092,2023,KIDNAPPING,area,0,45.36,0.00000000,,
28092,2023,OTHER,area,5978,45.36,131.79012346,,
28092,2023,ROBBERY_VIOLENT,area,217,45.36,4.78395062,,
28092,2023,SEXUAL,area,54,45.36,1.19047619,,
28092,2023,THEFT,area,1779,45.36,39.21957672,,
28092,2023,VEHICLE_THEFT,area,207,45.36,4.56349206,,
28092,2024,BURGLARY,area,336,45.36,7.40740741,,
28092,2024,DRUG_TRAFFICKING,area,66,45.36,1.45502646,,
28092,2024,HOM_ATTEMPTED,area,5,45.36,0.11022928,,
28092,2024,HOM_COMPLETED,area,0,45.36,0.00000000,,
28092,2024,INJURY,area,74,45.36,1.63139330,,
28092,2024,KIDNAPPING,area,0,45.36,0.00000000,,
28092,2024,OTHER,area,5971,45.36,131.63580247,,
28092,2024,ROBBERY_VIOLENT,area,201,45.36,4.43121693,,
28092,2024,SEXUAL,area,57,45.36,1.25661376,,
28092,2024,THEFT,area,1732,45.36,38.18342152,,
28092,2024,VEHICLE_THEFT,area,166,45.36,3.65961199,,
28092,2025,BURGLARY,area,271,45.36,5.97442681,,
28092,2025,DRUG_TRAFFICKING,area,83,45.36,1.82980600,,
28092,2025,HOM_ATTEMPTED,area,0,45.36,0.00000000,,
28092,2025,HOM_COMPLETED,area,0,45.36,0.00000000,,
28092,2025,INJURY,area,62,45.36,1.36684303,,
28092,2025,KIDNAPPING,area,0,45.36,0.00000000,,
28092,2025,OTHER,area,5627,45.36,124.05202822,,
28092,2025,ROBBERY_VIOLENT,area,138,45.36,3.04232804,,
28092,2025,SEXUAL,area,71,45.36,1.56525573,,
28092,2025,THEFT,area,1728,45.36,38.09523810,,
28092,2025,VEHICLE_THEFT,area,171,45.36,3.76984127,,
28096,2019,BURGLARY,area,87,100.22,0.86809020,,
28096,2019,DRUG_TRAFFICKING,area,14,100.22,0.13969268,,
28096,2019,HOM_ATTEMPTED,area,0,100.22,0.00000000,,
28096,2019,HOM_COMPLETED,area,0,100.22,0.00000000,,
28096,2019,INJURY,area,5,100.22,0.04989024,,
28096,2019,KIDNAPPING,area,0,100.22,0.00000000,,
28096,2019,OTHER,area,812,100.22,8.10217521,,
28096,2019,ROBBERY_VIOLENT,area,9,100.22,0.08980243,,
28096,2019,SEXUAL,area,13,100.22,0.12971463,,
28096,2019,THEFT,area,190,100.22,1.89582918,,
28096,2019,VEHICLE_THEFT,area,25,100.22,0.24945121,,
28096,2020,BURGLARY,area,47,100.22,0.46896827,,
28096,2020,DRUG_TRAFFICKING,area,7,100.22,0.06984634,,
28096,2020,HOM_ATTEMPTED,area,2,100.22,0.01995610,,
28096,2020,HOM_COMPLETED,area,0,100.22,0.00000000,,
28096,2020,INJURY,area,6,100.22,0.05986829,,
28096,2020,KIDNAPPING,area,0,100.22,0.00000000,,
28096,2020,OTHER,area,858,100.22,8.56116544,,
28096,2020,ROBBERY_VIOLENT,area,11,100.22,0.10975853,,
28096,2020,SEXUAL,area,4,100.22,0.03991219,,
28096,2020,THEFT,area,173,100.22,1.72620235,,
28096,2020,VEHICLE_THEFT,area,23,100.22,0.22949511,,
28096,2021,BURGLARY,area,69,100.22,0.68848533,,
28096,2021,DRUG_TRAFFICKING,area,11,100.22,0.10975853,,
28096,2021,HOM_ATTEMPTED,area,0,100.22,0.00000000,,
28096,2021,HOM_COMPLETED,area,0,100.22,0.00000000,,
28096,2021,INJURY,area,5,100.22,0.04989024,,
28096,2021,KIDNAPPING,area,0,100.22,0.00000000,,
28096,2021,OTHER,area,877,100.22,8.75074835,,
28096,2021,ROBBERY_VIOLENT,area,18,100.22,0.17960487,,
28096,2021,SEXUAL,area,7,100.22,0.06984634,,
28096,2021,THEFT,area,188,100.22,1.87587308,,
28096,2021,VEHICLE_THEFT,area,25,100.22,0.24945121,,
28096,2022,BURGLARY,area,82,100.22,0.81819996,,
28096,2022,DRUG_TRAFFICKING,area,14,100.22,0.13969268,,
28096,2022,HOM_ATTEMPTED,area,2,100.22,0.01995610,,
28096,2022,HOM_COMPLETED,area,0,100.22,0.00000000,,
28096,2022,INJURY,area,10,100.22,0.09978048,,
28096,2022,KIDNAPPING,area,0,100.22,0.00000000,,
28096,2022,OTHER,area,1076,100.22,10.73637996,,
28096,2022,ROBBERY_VIOLENT,area,27,100.22,0.26940730,,
28096,2022,SEXUAL,area,8,100.22,0.07982439,,
28096,2022,THEFT,area,240,100.22,2.39473159,,
28096,2022,VEHICLE_THEFT,area,40,100.22,0.39912193,,
28096,2023,BURGLARY,area,55,100.22,0.54879266,,
28096,2023,DRUG_TRAFFICKING,area,13,100.22,0.12971463,,
28096,2023,HOM_ATTEMPTED,area,1,100.22,0.00997805,,
28096,2023,HOM_COMPLETED,area,0,100.22,0.00000000,,
28096,2023,INJURY,area,13,100.22,0.12971463,,
28096,2023,KIDNAPPING,area,0,100.22,0.00000000,,
28096,2023,OTHER,area,1171,100.22,11.68429455,,
28096,2023,ROBBERY_VIOLENT,area,14,100.22,0.13969268,,
28096,2023,SEXUAL,area,17,100.22,0.16962682,,
28096,2023,THEFT,area,237,100.22,2.36479745,,
28096,2023,VEHICLE_THEFT,area,37,100.22,0.36918779,,
28096,2024,BURGLARY,area,50,100.22,0.49890241,,
28096,2024,DRUG_TRAFFICKING,area,13,100.22,0.12971463,,
28096,2024,HOM_ATTEMPTED,area,0,100.22,0.00000000,,
28096,2024,HOM_COMPLETED,area,1,100.22,0.00997805,,
28096,2024,INJURY,area,5,100.22,0.04989024,,
28096,2024,KIDNAPPING,area,0,100.22,0.00000000,,
28096,2024,OTHER,area,1090,100.22,10.87607264,,
28096,2024,ROBBERY_VIOLENT,area,15,100.22,0.14967072,,
28096,2024,SEXUAL,area,11,100.22,0.10975853,,
28096,2024,THEFT,area,283,100.22,2.82378767,,
28096,2024,VEHICLE_THEFT,area,37,100.22,0.36918779,,
28096,2025,BURGLARY,area,62,100.22,0.61863899,,
28096,2025,DRUG_TRAFFICKING,area,12,100.22,0.11973658,,
28096,2025,HOM_ATTEMPTED,area,0,100.22,0.00000000,,
28096,2025,HOM_COMPLETED,area,0,100.22,0.00000000,,
28096,2025,INJURY,area,10,100.22,0.09978048,,
28096,2025,KIDNAPPING,area,0,100.22,0.00000000,,
28096,2025,OTHER,area,1057,100.22,10.54679705,,
28096,2025,ROBBERY_VIOLENT,area,13,100.22,0.12971463,,
28096,2025,SEXUAL,area,15,100.22,0.14967072,,
28096,2025,THEFT,area,283,100.22,2.82378767,,
28096,2025,VEHICLE_THEFT,area,48,100.22,0.47894632,,
28104,2019,BURGLARY,area,89,43.92,2.02641166,,
28104,2019,DRUG_TRAFFICKING,area,2,43.92,0.04553734,,
28104,2019,HOM_ATTEMPTED,area,0,43.92,0.00000000,,
28104,2019,HOM_COMPLETED,area,0,43.92,0.00000000,,
28104,2019,INJURY,area,4,43.92,0.09107468,,
28104,2019,KIDNAPPING,area,1,43.92,0.02276867,,
28104,2019,OTHER,area,688,43.92,15.66484517,,
28104,2019,ROBBERY_VIOLENT,area,13,43.92,0.29599271,,
28104,2019,SEXUAL,area,2,43.92,0.04553734,,
28104,2019,THEFT,area,133,43.92,3.02823315,,
28104,2019,VEHICLE_THEFT,area,39,43.92,0.88797814,,
28104,2020,BURGLARY,area,51,43.92,1.16120219,,
28104,2020,DRUG_TRAFFICKING,area,3,43.92,0.06830601,,
28104,2020,HOM_ATTEMPTED,area,0,43.92,0.00000000,,
28104,2020,HOM_COMPLETED,area,0,43.92,0.00000000,,
28104,2020,INJURY,area,5,43.92,0.11384335,,
28104,2020,KIDNAPPING,area,0,43.92,0.00000000,,
28104,2020,OTHER,area,580,43.92,13.20582878,,
28104,2020,ROBBERY_VIOLENT,area,14,43.92,0.31876138,,
28104,2020,SEXUAL,area,5,43.92,0.11384335,,
28104,2020,THEFT,area,80,43.92,1.82149362,,
28104,2020,VEHICLE_THEFT,area,20,43.92,0.45537341,,
28104,2021,BURGLARY,area,39,43.92,0.88797814,,
28104,2021,DRUG_TRAFFICKING,area,5,43.92,0.11384335,,
28104,2021,HOM_ATTEMPTED,area,0,43.92,0.00000000,,
28104,2021,HOM_COMPLETED,area,0,43.92,0.00000000,,
28104,2021,INJURY,area,7,43.92,0.15938069,,
28104,2021,KIDNAPPING,area,0,43.92,0.00000000,,
28104,2021,OTHER,area,676,43.92,15.39162113,,
28104,2021,ROBBERY_VIOLENT,area,14,43.92,0.31876138,,
28104,2021,SEXUAL,area,6,43.92,0.13661202,,
28104,2021,THEFT,area,122,43.92,2.77777778,,
28104,2021,VEHICLE_THEFT,area,19,43.92,0.43260474,,
28104,2022,BURGLARY,area,46,43.92,1.04735883,,
28104,2022,DRUG_TRAFFICKING,area,3,43.92,0.06830601,,
28104,2022,HOM_ATTEMPTED,area,0,43.92,0.00000000,,
28104,2022,HOM_COMPLETED,area,0,43.92,0.00000000,,
28104,2022,INJURY,area,8,43.92,0.18214936,,
28104,2022,KIDNAPPING,area,0,43.92,0.00000000,,
28104,2022,OTHER,area,677,43.92,15.41438980,,
28104,2022,ROBBERY_VIOLENT,area,15,43.92,0.34153005,,
28104,2022,SEXUAL,area,10,43.92,0.22768670,,
28104,2022,THEFT,area,177,43.92,4.03005464,,
28104,2022,VEHICLE_THEFT,area,24,43.92,0.54644809,,
28104,2023,BURGLARY,area,67,43.92,1.52550091,,
28104,2023,DRUG_TRAFFICKING,area,4,43.92,0.09107468,,
28104,2023,HOM_ATTEMPTED,area,0,43.92,0.00000000,,
28104,2023,HOM_COMPLETED,area,0,43.92,0.00000000,,
28104,2023,INJURY,area,7,43.92,0.15938069,,
28104,2023,KIDNAPPING,area,0,43.92,0.00000000,,
28104,2023,OTHER,area,841,43.92,19.14845173,,
28104,2023,ROBBERY_VIOLENT,area,14,43.92,0.31876138,,
28104,2023,SEXUAL,area,16,43.92,0.36429872,,
28104,2023,THEFT,area,119,43.92,2.70947177,,
28104,2023,VEHICLE_THEFT,area,27,43.92,0.61475410,,
28104,2024,BURGLARY,area,48,43.92,1.09289617,,
28104,2024,DRUG_TRAFFICKING,area,9,43.92,0.20491803,,
28104,2024,HOM_ATTEMPTED,area,1,43.92,0.02276867,,
28104,2024,HOM_COMPLETED,area,0,43.92,0.00000000,,
28104,2024,INJURY,area,4,43.92,0.09107468,,
28104,2024,KIDNAPPING,area,0,43.92,0.00000000,,
28104,2024,OTHER,area,825,43.92,18.78415301,,
28104,2024,ROBBERY_VIOLENT,area,6,43.92,0.13661202,,
28104,2024,SEXUAL,area,7,43.92,0.15938069,,
28104,2024,THEFT,area,109,43.92,2.48178506,,
28104,2024,VEHICLE_THEFT,area,38,43.92,0.86520947,,
28104,2025,BURGLARY,area,56,43.92,1.27504554,,
28104,2025,DRUG_TRAFFICKING,area,0,43.92,0.00000000,,
28104,2025,HOM_ATTEMPTED,area,1,43.92,0.02276867,,
28104,2025,HOM_COMPLETED,area,0,43.92,0.00000000,,
28104,2025,INJURY,area,3,43.92,0.06830601,,
28104,2025,KIDNAPPING,area,0,43.92,0.00000000,,
28104,2025,OTHER,area,810,43.92,18.44262295,,
28104,2025,ROBBERY_VIOLENT,area,8,43.92,0.18214936,,
28104,2025,SEXUAL,area,16,43.92,0.36429872,,
28104,2025,THEFT,area,125,43.92,2.84608379,,
28104,2025,VEHICLE_THEFT,area,24,43.92,0.54644809,,
28106,2019,BURGLARY,area,190,24.51,7.75193798,,
28106,2019,DRUG_TRAFFICKING,area,20,24.51,0.81599347,,
28106,2019,HOM_ATTEMPTED,area,1,24.51,0.04079967,,
28106,2019,HOM_COMPLETED,area,1,24.51,0.04079967,,
28106,2019,INJURY,area,21,24.51,0.85679315,,
28106,2019,KIDNAPPING,area,0,24.51,0.00000000,,
28106,2019,OTHER,area,3744,24.51,152.75397797,,
28106,2019,ROBBERY_VIOLENT,area,414,24.51,16.89106487,,
28106,2019,SEXUAL,area,38,24.51,1.55038760,,
28106,2019,THEFT,area,1597,24.51,65.15707874,,
28106,2019,VEHICLE_THEFT,area,139,24.51,5.67115463,,
28106,2020,BURGLARY,area,155,24.51,6.32394941,,
28106,2020,DRUG_TRAFFICKING,area,19,24.51,0.77519380,,
28106,2020,HOM_ATTEMPTED,area,1,24.51,0.04079967,,
28106,2020,HOM_COMPLETED,area,1,24.51,0.04079967,,
28106,2020,INJURY,area,32,24.51,1.30558956,,
28106,2020,KIDNAPPING,area,1,24.51,0.04079967,,
28106,2020,OTHER,area,3447,24.51,140.63647491,,
28106,2020,ROBBERY_VIOLENT,area,281,24.51,11.46470828,,
28106,2020,SEXUAL,area,36,24.51,1.46878825,,
28106,2020,THEFT,area,1239,24.51,50.55079559,,
28106,2020,VEHICLE_THEFT,area,109,24.51,4.44716442,,
28106,2021,BURGLARY,area,144,24.51,5.87515300,,
28106,2021,DRUG_TRAFFICKING,area,31,24.51,1.26478988,,
28106,2021,HOM_ATTEMPTED,area,0,24.51,0.00000000,,
28106,2021,HOM_COMPLETED,area,3,24.51,0.12239902,,
28106,2021,INJURY,area,42,24.51,1.71358629,,
28106,2021,KIDNAPPING,area,0,24.51,0.00000000,,
28106,2021,OTHER,area,3440,24.51,140.35087719,,
28106,2021,ROBBERY_VIOLENT,area,316,24.51,12.89269686,,
28106,2021,SEXUAL,area,56,24.51,2.28478172,,
28106,2021,THEFT,area,1316,24.51,53.69237046,,
28106,2021,VEHICLE_THEFT,area,75,24.51,3.05997552,,
28106,2022,BURGLARY,area,190,24.51,7.75193798,,
28106,2022,DRUG_TRAFFICKING,area,17,24.51,0.69359445,,
28106,2022,HOM_ATTEMPTED,area,2,24.51,0.08159935,,
28106,2022,HOM_COMPLETED,area,1,24.51,0.04079967,,
28106,2022,INJURY,area,42,24.51,1.71358629,,
28106,2022,KIDNAPPING,area,1,24.51,0.04079967,,
28106,2022,OTHER,area,3951,24.51,161.19951040,,
28106,2022,ROBBERY_VIOLENT,area,382,24.51,15.58547532,,
28106,2022,SEXUAL,area,47,24.51,1.91758466,,
28106,2022,THEFT,area,1558,24.51,63.56589147,,
28106,2022,VEHICLE_THEFT,area,91,24.51,3.71277030,,
28106,2023,BURGLARY,area,173,24.51,7.05834353,,
28106,2023,DRUG_TRAFFICKING,area,25,24.51,1.01999184,,
28106,2023,HOM_ATTEMPTED,area,3,24.51,0.12239902,,
28106,2023,HOM_COMPLETED,area,0,24.51,0.00000000,,
28106,2023,INJURY,area,42,24.51,1.71358629,,
28106,2023,KIDNAPPING,area,0,24.51,0.00000000,,
28106,2023,OTHER,area,4252,24.51,173.48021216,,
28106,2023,ROBBERY_VIOLENT,area,273,24.51,11.13831089,,
28106,2023,SEXUAL,area,40,24.51,1.63198694,,
28106,2023,THEFT,area,1634,24.51,66.66666667,,
28106,2023,VEHICLE_THEFT,area,85,24.51,3.46797226,,
28106,2024,BURGLARY,area,339,24.51,13.83108935,,
28106,2024,DRUG_TRAFFICKING,area,25,24.51,1.01999184,,
28106,2024,HOM_ATTEMPTED,area,9,24.51,0.36719706,,
28106,2024,HOM_COMPLETED,area,1,24.51,0.04079967,,
28106,2024,INJURY,area,69,24.51,2.81517748,,
28106,2024,KIDNAPPING,area,0,24.51,0.00000000,,
28106,2024,OTHER,area,4944,24.51,201.71358629,,
28106,2024,ROBBERY_VIOLENT,area,415,24.51,16.93186455,,
28106,2024,SEXUAL,area,64,24.51,2.61117911,,
28106,2024,THEFT,area,1738,24.51,70.90983272,,
28106,2024,VEHICLE_THEFT,area,97,24.51,3.95756834,,
28106,2025,BURGLARY,area,264,24.51,10.77111383,,
28106,2025,DRUG_TRAFFICKING,area,37,24.51,1.50958792,,
28106,2025,HOM_ATTEMPTED,area,6,24.51,0.24479804,,
28106,2025,HOM_COMPLETED,area,2,24.51,0.08159935,,
28106,2025,INJURY,area,53,24.51,2.16238270,,
28106,2025,KIDNAPPING,area,0,24.51,0.00000000,,
28106,2025,OTHER,area,4247,24.51,173.27621379,,
28106,2025,ROBBERY_VIOLENT,area,370,24.51,15.09587923,,
28106,2025,SEXUAL,area,54,24.51,2.20318237,,
28106,2025,THEFT,area,1734,24.51,70.74663403,,
28106,2025,VEHICLE_THEFT,area,96,24.51,3.91676867,,
28113,2019,BURGLARY,area,157,62.04,2.53062540,,
28113,2019,DRUG_TRAFFICKING,area,10,62.04,0.16118633,,
28113,2019,HOM_ATTEMPTED,area,0,62.04,0.00000000,,
28113,2019,HOM_COMPLETED,area,0,62.04,0.00000000,,
28113,2019,INJURY,area,18,62.04,0.29013540,,
28113,2019,KIDNAPPING,area,0,62.04,0.00000000,,
28113,2019,OTHER,area,1654,62.04,26.66021921,,
28113,2019,ROBBERY_VIOLENT,area,97,62.04,1.56350741,,
28113,2019,SEXUAL,area,8,62.04,0.12894907,,
28113,2019,THEFT,area,731,62.04,11.78272083,,
28113,2019,VEHICLE_THEFT,area,24,62.04,0.38684720,,
28113,2020,BURGLARY,area,79,62.04,1.27337202,,
28113,2020,DRUG_TRAFFICKING,area,9,62.04,0.14506770,,
28113,2020,HOM_ATTEMPTED,area,0,62.04,0.00000000,,
28113,2020,HOM_COMPLETED,area,0,62.04,0.00000000,,
28113,2020,INJURY,area,13,62.04,0.20954223,,
28113,2020,KIDNAPPING,area,0,62.04,0.00000000,,
28113,2020,OTHER,area,1412,62.04,22.75950999,,
28113,2020,ROBBERY_VIOLENT,area,64,62.04,1.03159252,,
28113,2020,SEXUAL,area,10,62.04,0.16118633,,
28113,2020,THEFT,area,479,62.04,7.72082527,,
28113,2020,VEHICLE_THEFT,area,23,62.04,0.37072856,,
28113,2021,BURGLARY,area,66,62.04,1.06382979,,
28113,2021,DRUG_TRAFFICKING,area,24,62.04,0.38684720,,
28113,2021,HOM_ATTEMPTED,area,0,62.04,0.00000000,,
28113,2021,HOM_COMPLETED,area,0,62.04,0.00000000,,
28113,2021,INJURY,area,13,62.04,0.20954223,,
28113,2021,KIDNAPPING,area,0,62.04,0.00000000,,
28113,2021,OTHER,area,1481,62.04,23.87169568,,
28113,2021,ROBBERY_VIOLENT,area,99,62.04,1.59574468,,
28113,2021,SEXUAL,area,18,62.04,0.29013540,,
28113,2021,THEFT,area,618,62.04,9.96131528,,
28113,2021,VEHICLE_THEFT,area,38,62.04,0.61250806,,
28113,2022,BURGLARY,area,128,62.04,2.06318504,,
28113,2022,DRUG_TRAFFICKING,area,20,62.04,0.32237266,,
28113,2022,HOM_ATTEMPTED,area,1,62.04,0.01611863,,
28113,2022,HOM_COMPLETED,area,0,62.04,0.00000000,,
28113,2022,INJURY,area,24,62.04,0.38684720,,
28113,2022,KIDNAPPING,area,0,62.04,0.00000000,,
28113,2022,OTHER,area,1742,62.04,28.07865893,,
28113,2022,ROBBERY_VIOLENT,area,64,62.04,1.03159252,,
28113,2022,SEXUAL,area,25,62.04,0.40296583,,
28113,2022,THEFT,area,871,62.04,14.03932946,,
28113,2022,VEHICLE_THEFT,area,23,62.04,0.37072856,,
28113,2023,BURGLARY,area,123,62.04,1.98259188,,
28113,2023,DRUG_TRAFFICKING,area,20,62.04,0.32237266,,
28113,2023,HOM_ATTEMPTED,area,3,62.04,0.04835590,,
28113,2023,HOM_COMPLETED,area,0,62.04,0.00000000,,
28113,2023,INJURY,area,33,62.04,0.53191489,,
28113,2023,KIDNAPPING,area,0,62.04,0.00000000,,
28113,2023,OTHER,area,2053,62.04,33.09155384,,
28113,2023,ROBBERY_VIOLENT,area,46,62.04,0.74145712,,
28113,2023,SEXUAL,area,21,62.04,0.33849130,,
28113,2023,THEFT,area,786,62.04,12.66924565,,
28113,2023,VEHICLE_THEFT,area,17,62.04,0.27401676,,
28113,2024,BURGLARY,area,118,62.04,1.90199871,,
28113,2024,DRUG_TRAFFICKING,area,26,62.04,0.41908446,,
28113,2024,HOM_ATTEMPTED,area,2,62.04,0.03223727,,
28113,2024,HOM_COMPLETED,area,0,62.04,0.00000000,,
28113,2024,INJURY,area,24,62.04,0.38684720,,
28113,2024,KIDNAPPING,area,1,62.04,0.01611863,,
28113,2024,OTHER,area,2087,62.04,33.63958736,,
28113,2024,ROBBERY_VIOLENT,area,57,62.04,0.91876209,,
28113,2024,SEXUAL,area,22,62.04,0.35460993,,
28113,2024,THEFT,area,646,62.04,10.41263701,,
28113,2024,VEHICLE_THEFT,area,26,62.04,0.41908446,,
28113,2025,BURGLARY,area,64,62.04,1.03159252,,
28113,2025,DRUG_TRAFFICKING,area,23,62.04,0.37072856,,
28113,2025,HOM_ATTEMPTED,area,1,62.04,0.01611863,,
28113,2025,HOM_COMPLETED,area,0,62.04,0.00000000,,
28113,2025,INJURY,area,26,62.04,0.41908446,,
28113,2025,KIDNAPPING,area,0,62.04,0.00000000,,
28113,2025,OTHER,area,1998,62.04,32.20502901,,
28113,2025,ROBBERY_VIOLENT,area,37,62.04,0.59638943,,
28113,2025,SEXUAL,area,21,62.04,0.33849130,,
28113,2025,THEFT,area,628,62.04,10.12250161,,
28113,2025,VEHICLE_THEFT,area,29,62.04,0.46744036,,
28115,2019,BURGLARY,area,184,43.20,4.25925926,,
28115,2019,DRUG_TRAFFICKING,area,12,43.20,0.27777778,,
28115,2019,HOM_ATTEMPTED,area,1,43.20,0.02314815,,
28115,2019,HOM_COMPLETED,area,0,43.20,0.00000000,,
28115,2019,INJURY,area,13,43.20,0.30092593,,
28115,2019,KIDNAPPING,area,0,43.20,0.00000000,,
28115,2019,OTHER,area,2224,43.20,51.48148148,,
28115,2019,ROBBERY_VIOLENT,area,76,43.20,1.75925926,,
28115,2019,SEXUAL,area,14,43.20,0.32407407,,
28115,2019,THEFT,area,1049,43.20,24.28240741,,
28115,2019,VEHICLE_THEFT,area,91,43.20,2.10648148,,
28115,2020,BURGLARY,area,96,43.20,2.22222222,,
28115,2020,DRUG_TRAFFICKING,area,17,43.20,0.39351852,,
28115,2020,HOM_ATTEMPTED,area,0,43.20,0.00000000,,
28115,2020,HOM_COMPLETED,area,0,43.20,0.00000000,,
28115,2020,INJURY,area,21,43.20,0.48611111,,
28115,2020,KIDNAPPING,area,0,43.20,0.00000000,,
28115,2020,OTHER,area,1597,43.20,36.96759259,,
28115,2020,ROBBERY_VIOLENT,area,70,43.20,1.62037037,,
28115,2020,SEXUAL,area,20,43.20,0.46296296,,
28115,2020,THEFT,area,757,43.20,17.52314815,,
28115,2020,VEHICLE_THEFT,area,86,43.20,1.99074074,,
28115,2021,BURGLARY,area,90,43.20,2.08333333,,
28115,2021,DRUG_TRAFFICKING,area,16,43.20,0.37037037,,
28115,2021,HOM_ATTEMPTED,area,0,43.20,0.00000000,,
28115,2021,HOM_COMPLETED,area,2,43.20,0.04629630,,
28115,2021,INJURY,area,14,43.20,0.32407407,,
28115,2021,KIDNAPPING,area,0,43.20,0.00000000,,
28115,2021,OTHER,area,1336,43.20,30.92592593,,
28115,2021,ROBBERY_VIOLENT,area,63,43.20,1.45833333,,
28115,2021,SEXUAL,area,10,43.20,0.23148148,,
28115,2021,THEFT,area,861,43.20,19.93055556,,
28115,2021,VEHICLE_THEFT,area,77,43.20,1.78240741,,
28115,2022,BURGLARY,area,81,43.20,1.87500000,,
28115,2022,DRUG_TRAFFICKING,area,9,43.20,0.20833333,,
28115,2022,HOM_ATTEMPTED,area,1,43.20,0.02314815,,
28115,2022,HOM_COMPLETED,area,1,43.20,0.02314815,,
28115,2022,INJURY,area,21,43.20,0.48611111,,
28115,2022,KIDNAPPING,area,1,43.20,0.02314815,,
28115,2022,OTHER,area,1486,43.20,34.39814815,,
28115,2022,ROBBERY_VIOLENT,area,57,43.20,1.31944444,,
28115,2022,SEXUAL,area,12,43.20,0.27777778,,
28115,2022,THEFT,area,920,43.20,21.29629630,,
28115,2022,VEHICLE_THEFT,area,79,43.20,1.82870370,,
28115,2023,BURGLARY,area,106,43.20,2.45370370,,
28115,2023,DRUG_TRAFFICKING,area,21,43.20,0.48611111,,
28115,2023,HOM_ATTEMPTED,area,0,43.20,0.00000000,,
28115,2023,HOM_COMPLETED,area,0,43.20,0.00000000,,
28115,2023,INJURY,area,23,43.20,0.53240741,,
28115,2023,KIDNAPPING,area,0,43.20,0.00000000,,
28115,2023,OTHER,area,1435,43.20,33.21759259,,
28115,2023,ROBBERY_VIOLENT,area,33,43.20,0.76388889,,
28115,2023,SEXUAL,area,13,43.20,0.30092593,,
28115,2023,THEFT,area,711,43.20,16.45833333,,
28115,2023,VEHICLE_THEFT,area,70,43.20,1.62037037,,
28115,2024,BURGLARY,area,110,43.20,2.54629630,,
28115,2024,DRUG_TRAFFICKING,area,7,43.20,0.16203704,,
28115,2024,HOM_ATTEMPTED,area,0,43.20,0.00000000,,
28115,2024,HOM_COMPLETED,area,0,43.20,0.00000000,,
28115,2024,INJURY,area,29,43.20,0.67129630,,
28115,2024,KIDNAPPING,area,0,43.20,0.00000000,,
28115,2024,OTHER,area,1520,43.20,35.18518519,,
28115,2024,ROBBERY_VIOLENT,area,20,43.20,0.46296296,,
28115,2024,SEXUAL,area,10,43.20,0.23148148,,
28115,2024,THEFT,area,652,43.20,15.09259259,,
28115,2024,VEHICLE_THEFT,area,64,43.20,1.48148148,,
28115,2025,BURGLARY,area,82,43.20,1.89814815,,
28115,2025,DRUG_TRAFFICKING,area,1,43.20,0.02314815,,
28115,2025,HOM_ATTEMPTED,area,0,43.20,0.00000000,,
28115,2025,HOM_COMPLETED,area,1,43.20,0.02314815,,
28115,2025,INJURY,area,12,43.20,0.27777778,,
28115,2025,KIDNAPPING,area,0,43.20,0.00000000,,
28115,2025,OTHER,area,1603,43.20,37.10648148,,
28115,2025,ROBBERY_VIOLENT,area,19,43.20,0.43981481,,
28115,2025,SEXUAL,area,17,43.20,0.39351852,,
28115,2025,THEFT,area,702,43.20,16.25000000,,
28115,2025,VEHICLE_THEFT,area,62,43.20,1.43518519,,
28123,2019,BURGLARY,area,353,67.93,5.19652584,,
28123,2019,DRUG_TRAFFICKING,area,14,67.93,0.20609451,,
28123,2019,HOM_ATTEMPTED,area,1,67.93,0.01472104,,
28123,2019,HOM_COMPLETED,area,0,67.93,0.00000000,,
28123,2019,INJURY,area,22,67.93,0.32386280,,
28123,2019,KIDNAPPING,area,0,67.93,0.00000000,,
28123,2019,OTHER,area,3099,67.93,45.62049168,,
28123,2019,ROBBERY_VIOLENT,area,133,67.93,1.95789784,,
28123,2019,SEXUAL,area,22,67.93,0.32386280,,
28123,2019,THEFT,area,1814,67.93,26.70395996,,
28123,2019,VEHICLE_THEFT,area,49,67.93,0.72133078,,
28123,2020,BURGLARY,area,201,67.93,2.95892831,,
28123,2020,DRUG_TRAFFICKING,area,13,67.93,0.19137347,,
28123,2020,HOM_ATTEMPTED,area,1,67.93,0.01472104,,
28123,2020,HOM_COMPLETED,area,0,67.93,0.00000000,,
28123,2020,INJURY,area,35,67.93,0.51523627,,
28123,2020,KIDNAPPING,area,0,67.93,0.00000000,,
28123,2020,OTHER,area,3022,67.93,44.48697188,,
28123,2020,ROBBERY_VIOLENT,area,73,67.93,1.07463565,,
28123,2020,SEXUAL,area,14,67.93,0.20609451,,
28123,2020,THEFT,area,1279,67.93,18.82820551,,
28123,2020,VEHICLE_THEFT,area,24,67.93,0.35330487,,
28123,2021,BURGLARY,area,262,67.93,3.85691153,,
28123,2021,DRUG_TRAFFICKING,area,8,67.93,0.11776829,,
28123,2021,HOM_ATTEMPTED,area,2,67.93,0.02944207,,
28123,2021,HOM_COMPLETED,area,0,67.93,0.00000000,,
28123,2021,INJURY,area,44,67.93,0.64772560,,
28123,2021,KIDNAPPING,area,0,67.93,0.00000000,,
28123,2021,OTHER,area,3156,67.93,46.45959076,,
28123,2021,ROBBERY_VIOLENT,area,141,67.93,2.07566613,,
28123,2021,SEXUAL,area,25,67.93,0.36802591,,
28123,2021,THEFT,area,1528,67.93,22.49374356,,
28123,2021,VEHICLE_THEFT,area,29,67.93,0.42691005,,
28123,2022,BURGLARY,area,236,67.93,3.47416458,,
28123,2022,DRUG_TRAFFICKING,area,21,67.93,0.30914176,,
28123,2022,HOM_ATTEMPTED,area,1,67.93,0.01472104,,
28123,2022,HOM_COMPLETED,area,1,67.93,0.01472104,,
28123,2022,INJURY,area,68,67.93,1.00103047,,
28123,2022,KIDNAPPING,area,0,67.93,0.00000000,,
28123,2022,OTHER,area,3210,67.93,47.25452672,,
28123,2022,ROBBERY_VIOLENT,area,154,67.93,2.26703960,,
28123,2022,SEXUAL,area,20,67.93,0.29442073,,
28123,2022,THEFT,area,1673,67.93,24.62829383,,
28123,2022,VEHICLE_THEFT,area,42,67.93,0.61828353,,
28123,2023,BURGLARY,area,381,67.93,5.60871485,,
28123,2023,DRUG_TRAFFICKING,area,17,67.93,0.25025762,,
28123,2023,HOM_ATTEMPTED,area,1,67.93,0.01472104,,
28123,2023,HOM_COMPLETED,area,0,67.93,0.00000000,,
28123,2023,INJURY,area,62,67.93,0.91270425,,
28123,2023,KIDNAPPING,area,0,67.93,0.00000000,,
28123,2023,OTHER,area,3271,67.93,48.15250994,,
28123,2023,ROBBERY_VIOLENT,area,136,67.93,2.00206095,,
28123,2023,SEXUAL,area,28,67.93,0.41218902,,
28123,2023,THEFT,area,1830,67.93,26.93949654,,
28123,2023,VEHICLE_THEFT,area,54,67.93,0.79493596,,
28123,2024,BURGLARY,area,263,67.93,3.87163256,,
28123,2024,DRUG_TRAFFICKING,area,22,67.93,0.32386280,,
28123,2024,HOM_ATTEMPTED,area,0,67.93,0.00000000,,
28123,2024,HOM_COMPLETED,area,0,67.93,0.00000000,,
28123,2024,INJURY,area,60,67.93,0.88326218,,
28123,2024,KIDNAPPING,area,0,67.93,0.00000000,,
28123,2024,OTHER,area,3239,67.93,47.68143677,,
28123,2024,ROBBERY_VIOLENT,area,100,67.93,1.47210364,,
28123,2024,SEXUAL,area,29,67.93,0.42691005,,
28123,2024,THEFT,area,1530,67.93,22.52318563,,
28123,2024,VEHICLE_THEFT,area,51,67.93,0.75077285,,
28123,2025,BURGLARY,area,310,67.93,4.56352127,,
28123,2025,DRUG_TRAFFICKING,area,17,67.93,0.25025762,,
28123,2025,HOM_ATTEMPTED,area,1,67.93,0.01472104,,
28123,2025,HOM_COMPLETED,area,0,67.93,0.00000000,,
28123,2025,INJURY,area,51,67.93,0.75077285,,
28123,2025,KIDNAPPING,area,0,67.93,0.00000000,,
28123,2025,OTHER,area,3759,67.93,55.33637568,,
28123,2025,ROBBERY_VIOLENT,area,87,67.93,1.28073016,,
28123,2025,SEXUAL,area,24,67.93,0.35330487,,
28123,2025,THEFT,area,1844,67.93,27.14559105,,
28123,2025,VEHICLE_THEFT,area,71,67.93,1.04519358,,
28127,2019,BURGLARY,area,380,58.31,6.51689247,,
28127,2019,DRUG_TRAFFICKING,area,4,58.31,0.06859887,,
28127,2019,HOM_ATTEMPTED,area,0,58.31,0.00000000,,
28127,2019,HOM_COMPLETED,area,0,58.31,0.00000000,,
28127,2019,INJURY,area,29,58.31,0.49734179,,
28127,2019,KIDNAPPING,area,0,58.31,0.00000000,,
28127,2019,OTHER,area,2562,58.31,43.93757503,,
28127,2019,ROBBERY_VIOLENT,area,118,58.31,2.02366661,,
28127,2019,SEXUAL,area,24,58.31,0.41159321,,
28127,2019,THEFT,area,1529,58.31,26.22191734,,
28127,2019,VEHICLE_THEFT,area,52,58.31,0.89178529,,
28127,2020,BURGLARY,area,248,58.31,4.25312982,,
28127,2020,DRUG_TRAFFICKING,area,10,58.31,0.17149717,,
28127,2020,HOM_ATTEMPTED,area,0,58.31,0.00000000,,
28127,2020,HOM_COMPLETED,area,0,58.31,0.00000000,,
28127,2020,INJURY,area,31,58.31,0.53164123,,
28127,2020,KIDNAPPING,area,0,58.31,0.00000000,,
28127,2020,OTHER,area,2096,58.31,35.94580689,,
28127,2020,ROBBERY_VIOLENT,area,82,58.31,1.40627680,,
28127,2020,SEXUAL,area,29,58.31,0.49734179,,
28127,2020,THEFT,area,1062,58.31,18.21299949,,
28127,2020,VEHICLE_THEFT,area,64,58.31,1.09758189,,
28127,2021,BURGLARY,area,212,58.31,3.63574001,,
28127,2021,DRUG_TRAFFICKING,area,9,58.31,0.15434745,,
28127,2021,HOM_ATTEMPTED,area,0,58.31,0.00000000,,
28127,2021,HOM_COMPLETED,area,0,58.31,0.00000000,,
28127,2021,INJURY,area,35,58.31,0.60024010,,
28127,2021,KIDNAPPING,area,0,58.31,0.00000000,,
28127,2021,OTHER,area,2402,58.31,41.19362031,,
28127,2021,ROBBERY_VIOLENT,area,54,58.31,0.92608472,,
28127,2021,SEXUAL,area,17,58.31,0.29154519,,
28127,2021,THEFT,area,1144,58.31,19.61927628,,
28127,2021,VEHICLE_THEFT,area,66,58.31,1.13188132,,
28127,2022,BURGLARY,area,163,58.31,2.79540388,,
28127,2022,DRUG_TRAFFICKING,area,14,58.31,0.24009604,,
28127,2022,HOM_ATTEMPTED,area,2,58.31,0.03429943,,
28127,2022,HOM_COMPLETED,area,1,58.31,0.01714972,,
28127,2022,INJURY,area,54,58.31,0.92608472,,
28127,2022,KIDNAPPING,area,0,58.31,0.00000000,,
28127,2022,OTHER,area,2762,58.31,47.36751844,,
28127,2022,ROBBERY_VIOLENT,area,84,58.31,1.44057623,,
28127,2022,SEXUAL,area,32,58.31,0.54879094,,
28127,2022,THEFT,area,1256,58.31,21.54004459,,
28127,2022,VEHICLE_THEFT,area,43,58.31,0.73743783,,
28127,2023,BURGLARY,area,216,58.31,3.70433888,,
28127,2023,DRUG_TRAFFICKING,area,8,58.31,0.13719774,,
28127,2023,HOM_ATTEMPTED,area,2,58.31,0.03429943,,
28127,2023,HOM_COMPLETED,area,0,58.31,0.00000000,,
28127,2023,INJURY,area,58,58.31,0.99468359,,
28127,2023,KIDNAPPING,area,0,58.31,0.00000000,,
28127,2023,OTHER,area,3004,58.31,51.51774996,,
28127,2023,ROBBERY_VIOLENT,area,93,58.31,1.59492368,,
28127,2023,SEXUAL,area,28,58.31,0.48019208,,
28127,2023,THEFT,area,1321,58.31,22.65477620,,
28127,2023,VEHICLE_THEFT,area,34,58.31,0.58309038,,
28127,2024,BURGLARY,area,165,58.31,2.82970331,,
28127,2024,DRUG_TRAFFICKING,area,17,58.31,0.29154519,,
28127,2024,HOM_ATTEMPTED,area,1,58.31,0.01714972,,
28127,2024,HOM_COMPLETED,area,0,58.31,0.00000000,,
28127,2024,INJURY,area,55,58.31,0.94323444,,
28127,2024,KIDNAPPING,area,0,58.31,0.00000000,,
28127,2024,OTHER,area,2989,58.31,51.26050420,,
28127,2024,ROBBERY_VIOLENT,area,43,58.31,0.73743783,,
28127,2024,SEXUAL,area,40,58.31,0.68598868,,
28127,2024,THEFT,area,1268,58.31,21.74584119,,
28127,2024,VEHICLE_THEFT,area,50,58.31,0.85748585,,
28127,2025,BURGLARY,area,158,58.31,2.70965529,,
28127,2025,DRUG_TRAFFICKING,area,13,58.31,0.22294632,,
28127,2025,HOM_ATTEMPTED,area,0,58.31,0.00000000,,
28127,2025,HOM_COMPLETED,area,0,58.31,0.00000000,,
28127,2025,INJURY,area,49,58.31,0.84033613,,
28127,2025,KIDNAPPING,area,0,58.31,0.00000000,,
28127,2025,OTHER,area,3098,58.31,53.12982336,,
28127,2025,ROBBERY_VIOLENT,area,33,58.31,0.56594066,,
28127,2025,SEXUAL,area,31,58.31,0.53164123,,
28127,2025,THEFT,area,1133,58.31,19.43062939,,
28127,2025,VEHICLE_THEFT,area,37,58.31,0.63453953,,
28130,2019,BURGLARY,area,82,39.86,2.05720020,,
28130,2019,DRUG_TRAFFICKING,area,15,39.86,0.37631711,,
28130,2019,HOM_ATTEMPTED,area,0,39.86,0.00000000,,
28130,2019,HOM_COMPLETED,area,0,39.86,0.00000000,,
28130,2019,INJURY,area,7,39.86,0.17561465,,
28130,2019,KIDNAPPING,area,0,39.86,0.00000000,,
28130,2019,OTHER,area,1054,39.86,26.44254892,,
28130,2019,ROBBERY_VIOLENT,area,38,39.86,0.95333668,,
28130,2019,SEXUAL,area,7,39.86,0.17561465,,
28130,2019,THEFT,area,583,39.86,14.62619167,,
28130,2019,VEHICLE_THEFT,area,69,39.86,1.73105871,,
28130,2020,BURGLARY,area,69,39.86,1.73105871,,
28130,2020,DRUG_TRAFFICKING,area,24,39.86,0.60210738,,
28130,2020,HOM_ATTEMPTED,area,0,39.86,0.00000000,,
28130,2020,HOM_COMPLETED,area,0,39.86,0.00000000,,
28130,2020,INJURY,area,5,39.86,0.12543904,,
28130,2020,KIDNAPPING,area,0,39.86,0.00000000,,
28130,2020,OTHER,area,1035,39.86,25.96588058,,
28130,2020,ROBBERY_VIOLENT,area,31,39.86,0.77772203,,
28130,2020,SEXUAL,area,10,39.86,0.25087807,,
28130,2020,THEFT,area,384,39.86,9.63371801,,
28130,2020,VEHICLE_THEFT,area,51,39.86,1.27947817,,
28130,2021,BURGLARY,area,57,39.86,1.43000502,,
28130,2021,DRUG_TRAFFICKING,area,24,39.86,0.60210738,,
28130,2021,HOM_ATTEMPTED,area,0,39.86,0.00000000,,
28130,2021,HOM_COMPLETED,area,0,39.86,0.00000000,,
28130,2021,INJURY,area,16,39.86,0.40140492,,
28130,2021,KIDNAPPING,area,0,39.86,0.00000000,,
28130,2021,OTHER,area,1172,39.86,29.40291019,,
28130,2021,ROBBERY_VIOLENT,area,34,39.86,0.85298545,,
28130,2021,SEXUAL,area,8,39.86,0.20070246,,
28130,2021,THEFT,area,433,39.86,10.86302057,,
28130,2021,VEHICLE_THEFT,area,64,39.86,1.60561967,,
28130,2022,BURGLARY,area,61,39.86,1.53035625,,
28130,2022,DRUG_TRAFFICKING,area,20,39.86,0.50175615,,
28130,2022,HOM_ATTEMPTED,area,0,39.86,0.00000000,,
28130,2022,HOM_COMPLETED,area,0,39.86,0.00000000,,
28130,2022,INJURY,area,9,39.86,0.22579027,,
28130,2022,KIDNAPPING,area,0,39.86,0.00000000,,
28130,2022,OTHER,area,1235,39.86,30.98344205,,
28130,2022,ROBBERY_VIOLENT,area,53,39.86,1.32965379,,
28130,2022,SEXUAL,area,6,39.86,0.15052684,,
28130,2022,THEFT,area,476,39.86,11.94179629,,
28130,2022,VEHICLE_THEFT,area,57,39.86,1.43000502,,
28130,2023,BURGLARY,area,31,39.86,0.77772203,,
28130,2023,DRUG_TRAFFICKING,area,7,39.86,0.17561465,,
28130,2023,HOM_ATTEMPTED,area,0,39.86,0.00000000,,
28130,2023,HOM_COMPLETED,area,0,39.86,0.00000000,,
28130,2023,INJURY,area,9,39.86,0.22579027,,
28130,2023,KIDNAPPING,area,0,39.86,0.00000000,,
28130,2023,OTHER,area,1148,39.86,28.80080281,,
28130,2023,ROBBERY_VIOLENT,area,49,39.86,1.22930256,,
28130,2023,SEXUAL,area,7,39.86,0.17561465,,
28130,2023,THEFT,area,515,39.86,12.92022077,,
28130,2023,VEHICLE_THEFT,area,67,39.86,1.68088309,,
28130,2024,BURGLARY,area,59,39.86,1.48018063,,
28130,2024,DRUG_TRAFFICKING,area,10,39.86,0.25087807,,
28130,2024,HOM_ATTEMPTED,area,1,39.86,0.02508781,,
28130,2024,HOM_COMPLETED,area,0,39.86,0.00000000,,
28130,2024,INJURY,area,10,39.86,0.25087807,,
28130,2024,KIDNAPPING,area,0,39.86,0.00000000,,
28130,2024,OTHER,area,1093,39.86,27.42097341,,
28130,2024,ROBBERY_VIOLENT,area,27,39.86,0.67737080,,
28130,2024,SEXUAL,area,8,39.86,0.20070246,,
28130,2024,THEFT,area,463,39.86,11.61565479,,
28130,2024,VEHICLE_THEFT,area,65,39.86,1.63070748,,
28130,2025,BURGLARY,area,52,39.86,1.30456598,,
28130,2025,DRUG_TRAFFICKING,area,6,39.86,0.15052684,,
28130,2025,HOM_ATTEMPTED,area,0,39.86,0.00000000,,
28130,2025,HOM_COMPLETED,area,0,39.86,0.00000000,,
28130,2025,INJURY,area,16,39.86,0.40140492,,
28130,2025,KIDNAPPING,area,0,39.86,0.00000000,,
28130,2025,OTHER,area,1114,39.86,27.94781736,,
28130,2025,ROBBERY_VIOLENT,area,29,39.86,0.72754641,,
28130,2025,SEXUAL,area,10,39.86,0.25087807,,
28130,2025,THEFT,area,437,39.86,10.96337180,,
28130,2025,VEHICLE_THEFT,area,60,39.86,1.50526844,,
28132,2023,BURGLARY,area,26,105.93,0.24544511,,
28132,2023,DRUG_TRAFFICKING,area,5,105.93,0.04720098,,
28132,2023,HOM_ATTEMPTED,area,0,105.93,0.00000000,,
28132,2023,HOM_COMPLETED,area,0,105.93,0.00000000,,
28132,2023,INJURY,area,9,105.93,0.08496177,,
28132,2023,KIDNAPPING,area,0,105.93,0.00000000,,
28132,2023,OTHER,area,648,105.93,6.11724724,,
28132,2023,ROBBERY_VIOLENT,area,9,105.93,0.08496177,,
28132,2023,SEXUAL,area,6,105.93,0.05664118,,
28132,2023,THEFT,area,185,105.93,1.74643633,,
28132,2023,VEHICLE_THEFT,area,7,105.93,0.06608137,,
28132,2024,BURGLARY,area,50,105.93,0.47200982,,
28132,2024,DRUG_TRAFFICKING,area,6,105.93,0.05664118,,
28132,2024,HOM_ATTEMPTED,area,0,105.93,0.00000000,,
28132,2024,HOM_COMPLETED,area,0,105.93,0.00000000,,
28132,2024,INJURY,area,21,105.93,0.19824412,,
28132,2024,KIDNAPPING,area,0,105.93,0.00000000,,
28132,2024,OTHER,area,737,105.93,6.95742471,,
28132,2024,ROBBERY_VIOLENT,area,6,105.93,0.05664118,,
28132,2024,SEXUAL,area,11,105.93,0.10384216,,
28132,2024,THEFT,area,202,105.93,1.90691966,,
28132,2024,VEHICLE_THEFT,area,11,105.93,0.10384216,,
28132,2025,BURGLARY,area,33,105.93,0.31152648,,
28132,2025,DRUG_TRAFFICKING,area,2,105.93,0.01888039,,
28132,2025,HOM_ATTEMPTED,area,0,105.93,0.00000000,,
28132,2025,HOM_COMPLETED,area,0,105.93,0.00000000,,
28132,2025,INJURY,area,10,105.93,0.09440196,,
28132,2025,KIDNAPPING,area,0,105.93,0.00000000,,
28132,2025,OTHER,area,555,105.93,5.23930898,,
28132,2025,ROBBERY_VIOLENT,area,3,105.93,0.02832059,,
28132,2025,SEXUAL,area,11,105.93,0.10384216,,
28132,2025,THEFT,area,168,105.93,1.58595299,,
28132,2025,VEHICLE_THEFT,area,13,105.93,0.12272255,,
28134,2019,BURGLARY,area,276,58.66,4.70508012,,
28134,2019,DRUG_TRAFFICKING,area,9,58.66,0.15342653,,
28134,2019,HOM_ATTEMPTED,area,0,58.66,0.00000000,,
28134,2019,HOM_COMPLETED,area,0,58.66,0.00000000,,
28134,2019,INJURY,area,14,58.66,0.23866348,,
28134,2019,KIDNAPPING,area,0,58.66,0.00000000,,
28134,2019,OTHER,area,2388,58.66,40.70917150,,
28134,2019,ROBBERY_VIOLENT,area,105,58.66,1.78997613,,
28134,2019,SEXUAL,area,22,58.66,0.37504262,,
28134,2019,THEFT,area,1910,58.66,32.56051824,,
28134,2019,VEHICLE_THEFT,area,89,58.66,1.51721787,,
28134,2020,BURGLARY,area,151,58.66,2.57415615,,
28134,2020,DRUG_TRAFFICKING,area,16,58.66,0.27275827,,
28134,2020,HOM_ATTEMPTED,area,3,58.66,0.05114218,,
28134,2020,HOM_COMPLETED,area,1,58.66,0.01704739,,
28134,2020,INJURY,area,12,58.66,0.20456870,,
28134,2020,KIDNAPPING,area,0,58.66,0.00000000,,
28134,2020,OTHER,area,2190,58.66,37.33378793,,
28134,2020,ROBBERY_VIOLENT,area,69,58.66,1.17627003,,
28134,2020,SEXUAL,area,31,58.66,0.52846914,,
28134,2020,THEFT,area,1169,58.66,19.92840095,,
28134,2020,VEHICLE_THEFT,area,57,58.66,0.97170133,,
28134,2021,BURGLARY,area,127,58.66,2.16501875,,
28134,2021,DRUG_TRAFFICKING,area,23,58.66,0.39209001,,
28134,2021,HOM_ATTEMPTED,area,2,58.66,0.03409478,,
28134,2021,HOM_COMPLETED,area,0,58.66,0.00000000,,
28134,2021,INJURY,area,22,58.66,0.37504262,,
28134,2021,KIDNAPPING,area,0,58.66,0.00000000,,
28134,2021,OTHER,area,2136,58.66,36.41322878,,
28134,2021,ROBBERY_VIOLENT,area,74,58.66,1.26150699,,
28134,2021,SEXUAL,area,20,58.66,0.34094783,,
28134,2021,THEFT,area,1349,58.66,22.99693147,,
28134,2021,VEHICLE_THEFT,area,62,58.66,1.05693829,,
28134,2022,BURGLARY,area,151,58.66,2.57415615,,
28134,2022,DRUG_TRAFFICKING,area,34,58.66,0.57961132,,
28134,2022,HOM_ATTEMPTED,area,0,58.66,0.00000000,,
28134,2022,HOM_COMPLETED,area,0,58.66,0.00000000,,
28134,2022,INJURY,area,22,58.66,0.37504262,,
28134,2022,KIDNAPPING,area,0,58.66,0.00000000,,
28134,2022,OTHER,area,2309,58.66,39.36242755,,
28134,2022,ROBBERY_VIOLENT,area,80,58.66,1.36379134,,
28134,2022,SEXUAL,area,31,58.66,0.52846914,,
28134,2022,THEFT,area,1537,58.66,26.20184112,,
28134,2022,VEHICLE_THEFT,area,89,58.66,1.51721787,,
28134,2023,BURGLARY,area,162,58.66,2.76167746,,
28134,2023,DRUG_TRAFFICKING,area,25,58.66,0.42618479,,
28134,2023,HOM_ATTEMPTED,area,2,58.66,0.03409478,,
28134,2023,HOM_COMPLETED,area,0,58.66,0.00000000,,
28134,2023,INJURY,area,33,58.66,0.56256393,,
28134,2023,KIDNAPPING,area,0,58.66,0.00000000,,
28134,2023,OTHER,area,2562,58.66,43.67541766,,
28134,2023,ROBBERY_VIOLENT,area,73,58.66,1.24445960,,
28134,2023,SEXUAL,area,21,58.66,0.35799523,,
28134,2023,THEFT,area,1509,58.66,25.72451415,,
28134,2023,VEHICLE_THEFT,area,77,58.66,1.31264916,,
28134,2024,BURGLARY,area,104,58.66,1.77292874,,
28134,2024,DRUG_TRAFFICKING,area,28,58.66,0.47732697,,
28134,2024,HOM_ATTEMPTED,area,5,58.66,0.08523696,,
28134,2024,HOM_COMPLETED,area,1,58.66,0.01704739,,
28134,2024,INJURY,area,31,58.66,0.52846914,,
28134,2024,KIDNAPPING,area,0,58.66,0.00000000,,
28134,2024,OTHER,area,2455,58.66,41.85134674,,
28134,2024,ROBBERY_VIOLENT,area,71,58.66,1.21036481,,
28134,2024,SEXUAL,area,27,58.66,0.46027958,,
28134,2024,THEFT,area,1571,58.66,26.78145244,,
28134,2024,VEHICLE_THEFT,area,87,58.66,1.48312308,,
28134,2025,BURGLARY,area,89,58.66,1.51721787,,
28134,2025,DRUG_TRAFFICKING,area,26,58.66,0.44323219,,
28134,2025,HOM_ATTEMPTED,area,2,58.66,0.03409478,,
28134,2025,HOM_COMPLETED,area,0,58.66,0.00000000,,
28134,2025,INJURY,area,34,58.66,0.57961132,,
28134,2025,KIDNAPPING,area,0,58.66,0.00000000,,
28134,2025,OTHER,area,2667,58.66,45.46539379,,
28134,2025,ROBBERY_VIOLENT,area,71,58.66,1.21036481,,
28134,2025,SEXUAL,area,23,58.66,0.39209001,,
28134,2025,THEFT,area,1696,58.66,28.91237641,,
28134,2025,VEHICLE_THEFT,area,162,58.66,2.76167746,,
28148,2019,BURGLARY,area,232,32.62,7.11220110,,
28148,2019,DRUG_TRAFFICKING,area,20,32.62,0.61312078,,
28148,2019,HOM_ATTEMPTED,area,4,32.62,0.12262416,,
28148,2019,HOM_COMPLETED,area,0,32.62,0.00000000,,
28148,2019,INJURY,area,46,32.62,1.41017781,,
28148,2019,KIDNAPPING,area,0,32.62,0.00000000,,
28148,2019,OTHER,area,2923,32.62,89.60760270,,
28148,2019,ROBBERY_VIOLENT,area,95,32.62,2.91232373,,
28148,2019,SEXUAL,area,31,32.62,0.95033722,,
28148,2019,THEFT,area,1247,32.62,38.22808093,,
28148,2019,VEHICLE_THEFT,area,93,32.62,2.85101165,,
28148,2020,BURGLARY,area,128,32.62,3.92397302,,
28148,2020,DRUG_TRAFFICKING,area,26,32.62,0.79705702,,
28148,2020,HOM_ATTEMPTED,area,3,32.62,0.09196812,,
28148,2020,HOM_COMPLETED,area,2,32.62,0.06131208,,
28148,2020,INJURY,area,37,32.62,1.13427345,,
28148,2020,KIDNAPPING,area,0,32.62,0.00000000,,
28148,2020,OTHER,area,2720,32.62,83.38442673,,
28148,2020,ROBBERY_VIOLENT,area,94,32.62,2.88166769,,
28148,2020,SEXUAL,area,48,32.62,1.47148988,,
28148,2020,THEFT,area,931,32.62,28.54077253,,
28148,2020,VEHICLE_THEFT,area,63,32.62,1.93133047,,
28148,2021,BURGLARY,area,105,32.62,3.21888412,,
28148,2021,DRUG_TRAFFICKING,area,48,32.62,1.47148988,,
28148,2021,HOM_ATTEMPTED,area,5,32.62,0.15328020,,
28148,2021,HOM_COMPLETED,area,1,32.62,0.03065604,,
28148,2021,INJURY,area,45,32.62,1.37952177,,
28148,2021,KIDNAPPING,area,0,32.62,0.00000000,,
28148,2021,OTHER,area,3396,32.62,104.10790926,,
28148,2021,ROBBERY_VIOLENT,area,95,32.62,2.91232373,,
28148,2021,SEXUAL,area,41,32.62,1.25689761,,
28148,2021,THEFT,area,1305,32.62,40.00613121,,
28148,2021,VEHICLE_THEFT,area,56,32.62,1.71673820,,
28148,2022,BURGLARY,area,121,32.62,3.70938075,,
28148,2022,DRUG_TRAFFICKING,area,64,32.62,1.96198651,,
28148,2022,HOM_ATTEMPTED,area,9,32.62,0.27590435,,
28148,2022,HOM_COMPLETED,area,7,32.62,0.21459227,,
28148,2022,INJURY,area,55,32.62,1.68608216,,
28148,2022,KIDNAPPING,area,0,32.62,0.00000000,,
28148,2022,OTHER,area,3524,32.62,108.03188228,,
28148,2022,ROBBERY_VIOLENT,area,118,32.62,3.61741263,,
28148,2022,SEXUAL,area,46,32.62,1.41017781,,
28148,2022,THEFT,area,1667,32.62,51.10361741,,
28148,2022,VEHICLE_THEFT,area,107,32.62,3.28019620,,
28148,2023,BURGLARY,area,116,32.62,3.55610055,,
28148,2023,DRUG_TRAFFICKING,area,48,32.62,1.47148988,,
28148,2023,HOM_ATTEMPTED,area,3,32.62,0.09196812,,
28148,2023,HOM_COMPLETED,area,0,32.62,0.00000000,,
28148,2023,INJURY,area,49,32.62,1.50214592,,
28148,2023,KIDNAPPING,area,0,32.62,0.00000000,,
28148,2023,OTHER,area,3378,32.62,103.55610055,,
28148,2023,ROBBERY_VIOLENT,area,108,32.62,3.31085224,,
28148,2023,SEXUAL,area,37,32.62,1.13427345,,
28148,2023,THEFT,area,1615,32.62,49.50950337,,
28148,2023,VEHICLE_THEFT,area,95,32.62,2.91232373,,
28148,2024,BURGLARY,area,135,32.62,4.13856530,,
28148,2024,DRUG_TRAFFICKING,area,44,32.62,1.34886573,,
28148,2024,HOM_ATTEMPTED,area,6,32.62,0.18393624,,
28148,2024,HOM_COMPLETED,area,0,32.62,0.00000000,,
28148,2024,INJURY,area,68,32.62,2.08461067,,
28148,2024,KIDNAPPING,area,0,32.62,0.00000000,,
28148,2024,OTHER,area,3293,32.62,100.95033722,,
28148,2024,ROBBERY_VIOLENT,area,90,32.62,2.75904353,,
28148,2024,SEXUAL,area,49,32.62,1.50214592,,
28148,2024,THEFT,area,1529,32.62,46.87308400,,
28148,2024,VEHICLE_THEFT,area,83,32.62,2.54445126,,
28148,2025,BURGLARY,area,121,32.62,3.70938075,,
28148,2025,DRUG_TRAFFICKING,area,68,32.62,2.08461067,,
28148,2025,HOM_ATTEMPTED,area,0,32.62,0.00000000,,
28148,2025,HOM_COMPLETED,area,1,32.62,0.03065604,,
28148,2025,INJURY,area,54,32.62,1.65542612,,
28148,2025,KIDNAPPING,area,0,32.62,0.00000000,,
28148,2025,OTHER,area,3420,32.62,104.84365420,,
28148,2025,ROBBERY_VIOLENT,area,105,32.62,3.21888412,,
28148,2025,SEXUAL,area,68,32.62,2.08461067,,
28148,2025,THEFT,area,1775,32.62,54.41446965,,
28148,2025,VEHICLE_THEFT,area,90,32.62,2.75904353,,
28152,2019,BURGLARY,area,149,21.95,6.78815490,,
28152,2019,DRUG_TRAFFICKING,area,7,21.95,0.31890661,,
28152,2019,HOM_ATTEMPTED,area,0,21.95,0.00000000,,
28152,2019,HOM_COMPLETED,area,0,21.95,0.00000000,,
28152,2019,INJURY,area,13,21.95,0.59225513,,
28152,2019,KIDNAPPING,area,0,21.95,0.00000000,,
28152,2019,OTHER,area,812,21.95,36.99316629,,
28152,2019,ROBBERY_VIOLENT,area,23,21.95,1.04783599,,
28152,2019,SEXUAL,area,5,21.95,0.22779043,,
28152,2019,THEFT,area,305,21.95,13.89521640,,
28152,2019,VEHICLE_THEFT,area,6,21.95,0.27334852,,
28152,2020,BURGLARY,area,78,21.95,3.55353075,,
28152,2020,DRUG_TRAFFICKING,area,0,21.95,0.00000000,,
28152,2020,HOM_ATTEMPTED,area,0,21.95,0.00000000,,
28152,2020,HOM_COMPLETED,area,0,21.95,0.00000000,,
28152,2020,INJURY,area,5,21.95,0.22779043,,
28152,2020,KIDNAPPING,area,0,21.95,0.00000000,,
28152,2020,OTHER,area,699,21.95,31.84510251,,
28152,2020,ROBBERY_VIOLENT,area,17,21.95,0.77448747,,
28152,2020,SEXUAL,area,2,21.95,0.09111617,,
28152,2020,THEFT,area,228,21.95,10.38724374,,
28152,2020,VEHICLE_THEFT,area,8,21.95,0.36446469,,
28152,2021,BURGLARY,area,87,21.95,3.96355353,,
28152,2021,DRUG_TRAFFICKING,area,5,21.95,0.22779043,,
28152,2021,HOM_ATTEMPTED,area,0,21.95,0.00000000,,
28152,2021,HOM_COMPLETED,area,0,21.95,0.00000000,,
28152,2021,INJURY,area,9,21.95,0.41002278,,
28152,2021,KIDNAPPING,area,0,21.95,0.00000000,,
28152,2021,OTHER,area,715,21.95,32.57403189,,
28152,2021,ROBBERY_VIOLENT,area,35,21.95,1.59453303,,
28152,2021,SEXUAL,area,4,21.95,0.18223235,,
28152,2021,THEFT,area,278,21.95,12.66514806,,
28152,2021,VEHICLE_THEFT,area,4,21.95,0.18223235,,
28152,2022,BURGLARY,area,75,21.95,3.41685649,,
28152,2022,DRUG_TRAFFICKING,area,1,21.95,0.04555809,,
28152,2022,HOM_ATTEMPTED,area,1,21.95,0.04555809,,
28152,2022,HOM_COMPLETED,area,0,21.95,0.00000000,,
28152,2022,INJURY,area,13,21.95,0.59225513,,
28152,2022,KIDNAPPING,area,0,21.95,0.00000000,,
28152,2022,OTHER,area,750,21.95,34.16856492,,
28152,2022,ROBBERY_VIOLENT,area,30,21.95,1.36674260,,
28152,2022,SEXUAL,area,4,21.95,0.18223235,,
28152,2022,THEFT,area,286,21.95,13.02961276,,
28152,2022,VEHICLE_THEFT,area,6,21.95,0.27334852,,
28152,2023,BURGLARY,area,91,21.95,4.14578588,,
28152,2023,DRUG_TRAFFICKING,area,5,21.95,0.22779043,,
28152,2023,HOM_ATTEMPTED,area,0,21.95,0.00000000,,
28152,2023,HOM_COMPLETED,area,0,21.95,0.00000000,,
28152,2023,INJURY,area,14,21.95,0.63781321,,
28152,2023,KIDNAPPING,area,0,21.95,0.00000000,,
28152,2023,OTHER,area,871,21.95,39.68109339,,
28152,2023,ROBBERY_VIOLENT,area,15,21.95,0.68337130,,
28152,2023,SEXUAL,area,11,21.95,0.50113895,,
28152,2023,THEFT,area,280,21.95,12.75626424,,
28152,2023,VEHICLE_THEFT,area,6,21.95,0.27334852,,
28152,2024,BURGLARY,area,62,21.95,2.82460137,,
28152,2024,DRUG_TRAFFICKING,area,4,21.95,0.18223235,,
28152,2024,HOM_ATTEMPTED,area,0,21.95,0.00000000,,
28152,2024,HOM_COMPLETED,area,0,21.95,0.00000000,,
28152,2024,INJURY,area,18,21.95,0.82004556,,
28152,2024,KIDNAPPING,area,0,21.95,0.00000000,,
28152,2024,OTHER,area,819,21.95,37.31207289,,
28152,2024,ROBBERY_VIOLENT,area,13,21.95,0.59225513,,
28152,2024,SEXUAL,area,9,21.95,0.41002278,,
28152,2024,THEFT,area,246,21.95,11.20728929,,
28152,2024,VEHICLE_THEFT,area,6,21.95,0.27334852,,
28152,2025,BURGLARY,area,98,21.95,4.46469248,,
28152,2025,DRUG_TRAFFICKING,area,5,21.95,0.22779043,,
28152,2025,HOM_ATTEMPTED,area,0,21.95,0.00000000,,
28152,2025,HOM_COMPLETED,area,0,21.95,0.00000000,,
28152,2025,INJURY,area,18,21.95,0.82004556,,
28152,2025,KIDNAPPING,area,0,21.95,0.00000000,,
28152,2025,OTHER,area,823,21.95,37.49430524,,
28152,2025,ROBBERY_VIOLENT,area,5,21.95,0.22779043,,
28152,2025,SEXUAL,area,8,21.95,0.36446469,,
28152,2025,THEFT,area,215,21.95,9.79498861,,
28152,2025,VEHICLE_THEFT,area,4,21.95,0.18223235,,
28161,2019,BURGLARY,area,181,64.17,2.82063269,,
28161,2019,DRUG_TRAFFICKING,area,8,64.17,0.12466885,,
28161,2019,HOM_ATTEMPTED,area,1,64.17,0.01558361,,
28161,2019,HOM_COMPLETED,area,1,64.17,0.01558361,,
28161,2019,INJURY,area,39,64.17,0.60776064,,
28161,2019,KIDNAPPING,area,1,64.17,0.01558361,,
28161,2019,OTHER,area,2456,64.17,38.27333645,,
28161,2019,ROBBERY_VIOLENT,area,95,64.17,1.48044257,,
28161,2019,SEXUAL,area,26,64.17,0.40517376,,
28161,2019,THEFT,area,652,64.17,10.16051114,,
28161,2019,VEHICLE_THEFT,area,66,64.17,1.02851800,,
28161,2020,BURGLARY,area,99,64.17,1.54277700,,
28161,2020,DRUG_TRAFFICKING,area,15,64.17,0.23375409,,
28161,2020,HOM_ATTEMPTED,area,1,64.17,0.01558361,,
28161,2020,HOM_COMPLETED,area,0,64.17,0.00000000,,
28161,2020,INJURY,area,56,64.17,0.87268194,,
28161,2020,KIDNAPPING,area,0,64.17,0.00000000,,
28161,2020,OTHER,area,2185,64.17,34.05017921,,
28161,2020,ROBBERY_VIOLENT,area,85,64.17,1.32460651,,
28161,2020,SEXUAL,area,38,64.17,0.59217703,,
28161,2020,THEFT,area,489,64.17,7.62038336,,
28161,2020,VEHICLE_THEFT,area,51,64.17,0.79476391,,
28161,2021,BURGLARY,area,115,64.17,1.79211470,,
28161,2021,DRUG_TRAFFICKING,area,13,64.17,0.20258688,,
28161,2021,HOM_ATTEMPTED,area,0,64.17,0.00000000,,
28161,2021,HOM_COMPLETED,area,0,64.17,0.00000000,,
28161,2021,INJURY,area,58,64.17,0.90384915,,
28161,2021,KIDNAPPING,area,0,64.17,0.00000000,,
28161,2021,OTHER,area,2467,64.17,38.44475612,,
28161,2021,ROBBERY_VIOLENT,area,53,64.17,0.82593112,,
28161,2021,SEXUAL,area,41,64.17,0.63892785,,
28161,2021,THEFT,area,656,64.17,10.22284557,,
28161,2021,VEHICLE_THEFT,area,40,64.17,0.62334424,,
28161,2022,BURGLARY,area,119,64.17,1.85444912,,
28161,2022,DRUG_TRAFFICKING,area,18,64.17,0.28050491,,
28161,2022,HOM_ATTEMPTED,area,1,64.17,0.01558361,,
28161,2022,HOM_COMPLETED,area,0,64.17,0.00000000,,
28161,2022,INJURY,area,65,64.17,1.01293439,,
28161,2022,KIDNAPPING,area,0,64.17,0.00000000,,
28161,2022,OTHER,area,2565,64.17,39.97194951,,
28161,2022,ROBBERY_VIOLENT,area,77,64.17,1.19993767,,
28161,2022,SEXUAL,area,27,64.17,0.42075736,,
28161,2022,THEFT,area,830,64.17,12.93439302,,
28161,2022,VEHICLE_THEFT,area,46,64.17,0.71684588,,
28161,2023,BURGLARY,area,103,64.17,1.60511142,,
28161,2023,DRUG_TRAFFICKING,area,14,64.17,0.21817048,,
28161,2023,HOM_ATTEMPTED,area,1,64.17,0.01558361,,
28161,2023,HOM_COMPLETED,area,0,64.17,0.00000000,,
28161,2023,INJURY,area,74,64.17,1.15318685,,
28161,2023,KIDNAPPING,area,0,64.17,0.00000000,,
28161,2023,OTHER,area,2968,64.17,46.25214275,,
28161,2023,ROBBERY_VIOLENT,area,60,64.17,0.93501636,,
28161,2023,SEXUAL,area,29,64.17,0.45192458,,
28161,2023,THEFT,area,785,64.17,12.23313075,,
28161,2023,VEHICLE_THEFT,area,45,64.17,0.70126227,,
28161,2024,BURGLARY,area,183,64.17,2.85179991,,
28161,2024,DRUG_TRAFFICKING,area,10,64.17,0.15583606,,
28161,2024,HOM_ATTEMPTED,area,0,64.17,0.00000000,,
28161,2024,HOM_COMPLETED,area,0,64.17,0.00000000,,
28161,2024,INJURY,area,79,64.17,1.23110488,,
28161,2024,KIDNAPPING,area,0,64.17,0.00000000,,
28161,2024,OTHER,area,3125,64.17,48.69876890,,
28161,2024,ROBBERY_VIOLENT,area,62,64.17,0.96618357,,
28161,2024,SEXUAL,area,33,64.17,0.51425900,,
28161,2024,THEFT,area,734,64.17,11.43836684,,
28161,2024,VEHICLE_THEFT,area,56,64.17,0.87268194,,
28161,2025,BURGLARY,area,110,64.17,1.71419667,,
28161,2025,DRUG_TRAFFICKING,area,19,64.17,0.29608851,,
28161,2025,HOM_ATTEMPTED,area,0,64.17,0.00000000,,
28161,2025,HOM_COMPLETED,area,1,64.17,0.01558361,,
28161,2025,INJURY,area,107,64.17,1.66744585,,
28161,2025,KIDNAPPING,area,0,64.17,0.00000000,,
28161,2025,OTHER,area,2628,64.17,40.95371669,,
28161,2025,ROBBERY_VIOLENT,area,46,64.17,0.71684588,,
28161,2025,SEXUAL,area,33,64.17,0.51425900,,
28161,2025,THEFT,area,730,64.17,11.37603241,,
28161,2025,VEHICLE_THEFT,area,43,64.17,0.67009506,,
28176,2019,BURGLARY,area,67,34.92,1.91867125,,
28176,2019,DRUG_TRAFFICKING,area,1,34.92,0.02863688,,
28176,2019,HOM_ATTEMPTED,area,0,34.92,0.00000000,,
28176,2019,HOM_COMPLETED,area,0,34.92,0.00000000,,
28176,2019,INJURY,area,5,34.92,0.14318442,,
28176,2019,KIDNAPPING,area,0,34.92,0.00000000,,
28176,2019,OTHER,area,639,34.92,18.29896907,,
28176,2019,ROBBERY_VIOLENT,area,20,34.92,0.57273769,,
28176,2019,SEXUAL,area,8,34.92,0.22909507,,
28176,2019,THEFT,area,247,34.92,7.07331042,,
28176,2019,VEHICLE_THEFT,area,6,34.92,0.17182131,,
28176,2020,BURGLARY,area,57,34.92,1.63230241,,
28176,2020,DRUG_TRAFFICKING,area,4,34.92,0.11454754,,
28176,2020,HOM_ATTEMPTED,area,1,34.92,0.02863688,,
28176,2020,HOM_COMPLETED,area,0,34.92,0.00000000,,
28176,2020,INJURY,area,4,34.92,0.11454754,,
28176,2020,KIDNAPPING,area,0,34.92,0.00000000,,
28176,2020,OTHER,area,608,34.92,17.41122566,,
28176,2020,ROBBERY_VIOLENT,area,8,34.92,0.22909507,,
28176,2020,SEXUAL,area,6,34.92,0.17182131,,
28176,2020,THEFT,area,155,34.92,4.43871707,,
28176,2020,VEHICLE_THEFT,area,5,34.92,0.14318442,,
28176,2021,BURGLARY,area,57,34.92,1.63230241,,
28176,2021,DRUG_TRAFFICKING,area,0,34.92,0.00000000,,
28176,2021,HOM_ATTEMPTED,area,0,34.92,0.00000000,,
28176,2021,HOM_COMPLETED,area,0,34.92,0.00000000,,
28176,2021,INJURY,area,11,34.92,0.31500573,,
28176,2021,KIDNAPPING,area,0,34.92,0.00000000,,
28176,2021,OTHER,area,591,34.92,16.92439863,,
28176,2021,ROBBERY_VIOLENT,area,20,34.92,0.57273769,,
28176,2021,SEXUAL,area,8,34.92,0.22909507,,
28176,2021,THEFT,area,240,34.92,6.87285223,,
28176,2021,VEHICLE_THEFT,area,6,34.92,0.17182131,,
28176,2022,BURGLARY,area,68,34.92,1.94730813,,
28176,2022,DRUG_TRAFFICKING,area,3,34.92,0.08591065,,
28176,2022,HOM_ATTEMPTED,area,1,34.92,0.02863688,,
28176,2022,HOM_COMPLETED,area,0,34.92,0.00000000,,
28176,2022,INJURY,area,4,34.92,0.11454754,,
28176,2022,KIDNAPPING,area,0,34.92,0.00000000,,
28176,2022,OTHER,area,709,34.92,20.30355097,,
28176,2022,ROBBERY_VIOLENT,area,15,34.92,0.42955326,,
28176,2022,SEXUAL,area,11,34.92,0.31500573,,
28176,2022,THEFT,area,320,34.92,9.16380298,,
28176,2022,VEHICLE_THEFT,area,6,34.92,0.17182131,,
28176,2023,BURGLARY,area,69,34.92,1.97594502,,
28176,2023,DRUG_TRAFFICKING,area,10,34.92,0.28636884,,
28176,2023,HOM_ATTEMPTED,area,0,34.92,0.00000000,,
28176,2023,HOM_COMPLETED,area,0,34.92,0.00000000,,
28176,2023,INJURY,area,9,34.92,0.25773196,,
28176,2023,KIDNAPPING,area,0,34.92,0.00000000,,
28176,2023,OTHER,area,678,34.92,19.41580756,,
28176,2023,ROBBERY_VIOLENT,area,18,34.92,0.51546392,,
28176,2023,SEXUAL,area,16,34.92,0.45819015,,
28176,2023,THEFT,area,299,34.92,8.56242841,,
28176,2023,VEHICLE_THEFT,area,3,34.92,0.08591065,,
28176,2024,BURGLARY,area,51,34.92,1.46048110,,
28176,2024,DRUG_TRAFFICKING,area,2,34.92,0.05727377,,
28176,2024,HOM_ATTEMPTED,area,0,34.92,0.00000000,,
28176,2024,HOM_COMPLETED,area,0,34.92,0.00000000,,
28176,2024,INJURY,area,15,34.92,0.42955326,,
28176,2024,KIDNAPPING,area,0,34.92,0.00000000,,
28176,2024,OTHER,area,616,34.92,17.64032073,,
28176,2024,ROBBERY_VIOLENT,area,15,34.92,0.42955326,,
28176,2024,SEXUAL,area,11,34.92,0.31500573,,
28176,2024,THEFT,area,231,34.92,6.61512027,,
28176,2024,VEHICLE_THEFT,area,2,34.92,0.05727377,,
28176,2025,BURGLARY,area,63,34.92,1.80412371,,
28176,2025,DRUG_TRAFFICKING,area,0,34.92,0.00000000,,
28176,2025,HOM_ATTEMPTED,area,0,34.92,0.00000000,,
28176,2025,HOM_COMPLETED,area,0,34.92,0.00000000,,
28176,2025,INJURY,area,8,34.92,0.22909507,,
28176,2025,KIDNAPPING,area,0,34.92,0.00000000,,
28176,2025,OTHER,area,554,34.92,15.86483391,,
28176,2025,ROBBERY_VIOLENT,area,7,34.92,0.20045819,,
28176,2025,SEXUAL,area,8,34.92,0.22909507,,
28176,2025,THEFT,area,278,34.92,7.96105384,,
28176,2025,VEHICLE_THEFT,area,9,34.92,0.25773196,,
28181,2019,BURGLARY,area,141,68.05,2.07200588,,
28181,2019,DRUG_TRAFFICKING,area,8,68.05,0.11756062,,
28181,2019,HOM_ATTEMPTED,area,0,68.05,0.00000000,,
28181,2019,HOM_COMPLETED,area,0,68.05,0.00000000,,
28181,2019,INJURY,area,12,68.05,0.17634093,,
28181,2019,KIDNAPPING,area,0,68.05,0.00000000,,
28181,2019,OTHER,area,662,68.05,9.72814107,,
28181,2019,ROBBERY_VIOLENT,area,36,68.05,0.52902278,,
28181,2019,SEXUAL,area,15,68.05,0.22042616,,
28181,2019,THEFT,area,294,68.05,4.32035268,,
28181,2019,VEHICLE_THEFT,area,11,68.05,0.16164585,,
28181,2020,BURGLARY,area,73,68.05,1.07274063,,
28181,2020,DRUG_TRAFFICKING,area,3,68.05,0.04408523,,
28181,2020,HOM_ATTEMPTED,area,1,68.05,0.01469508,,
28181,2020,HOM_COMPLETED,area,0,68.05,0.00000000,,
28181,2020,INJURY,area,7,68.05,0.10286554,,
28181,2020,KIDNAPPING,area,0,68.05,0.00000000,,
28181,2020,OTHER,area,682,68.05,10.02204262,,
28181,2020,ROBBERY_VIOLENT,area,40,68.05,0.58780309,,
28181,2020,SEXUAL,area,3,68.05,0.04408523,,
28181,2020,THEFT,area,176,68.05,2.58633358,,
28181,2020,VEHICLE_THEFT,area,20,68.05,0.29390154,,
28181,2021,BURGLARY,area,100,68.05,1.46950771,,
28181,2021,DRUG_TRAFFICKING,area,3,68.05,0.04408523,,
28181,2021,HOM_ATTEMPTED,area,0,68.05,0.00000000,,
28181,2021,HOM_COMPLETED,area,0,68.05,0.00000000,,
28181,2021,INJURY,area,13,68.05,0.19103600,,
28181,2021,KIDNAPPING,area,0,68.05,0.00000000,,
28181,2021,OTHER,area,800,68.05,11.75606172,,
28181,2021,ROBBERY_VIOLENT,area,53,68.05,0.77883909,,
28181,2021,SEXUAL,area,12,68.05,0.17634093,,
28181,2021,THEFT,area,274,68.05,4.02645114,,
28181,2021,VEHICLE_THEFT,area,6,68.05,0.08817046,,
28181,2022,BURGLARY,area,100,68.05,1.46950771,,
28181,2022,DRUG_TRAFFICKING,area,4,68.05,0.05878031,,
28181,2022,HOM_ATTEMPTED,area,0,68.05,0.00000000,,
28181,2022,HOM_COMPLETED,area,0,68.05,0.00000000,,
28181,2022,INJURY,area,8,68.05,0.11756062,,
28181,2022,KIDNAPPING,area,0,68.05,0.00000000,,
28181,2022,OTHER,area,902,68.05,13.25495959,,
28181,2022,ROBBERY_VIOLENT,area,49,68.05,0.72005878,,
28181,2022,SEXUAL,area,13,68.05,0.19103600,,
28181,2022,THEFT,area,320,68.05,4.70242469,,
28181,2022,VEHICLE_THEFT,area,8,68.05,0.11756062,,
28181,2023,BURGLARY,area,124,68.05,1.82218957,,
28181,2023,DRUG_TRAFFICKING,area,6,68.05,0.08817046,,
28181,2023,HOM_ATTEMPTED,area,0,68.05,0.00000000,,
28181,2023,HOM_COMPLETED,area,0,68.05,0.00000000,,
28181,2023,INJURY,area,17,68.05,0.24981631,,
28181,2023,KIDNAPPING,area,0,68.05,0.00000000,,
28181,2023,OTHER,area,913,68.05,13.41660544,,
28181,2023,ROBBERY_VIOLENT,area,37,68.05,0.54371785,,
28181,2023,SEXUAL,area,9,68.05,0.13225569,,
28181,2023,THEFT,area,301,68.05,4.42321822,,
28181,2023,VEHICLE_THEFT,area,7,68.05,0.10286554,,
28181,2024,BURGLARY,area,93,68.05,1.36664217,,
28181,2024,DRUG_TRAFFICKING,area,4,68.05,0.05878031,,
28181,2024,HOM_ATTEMPTED,area,0,68.05,0.00000000,,
28181,2024,HOM_COMPLETED,area,0,68.05,0.00000000,,
28181,2024,INJURY,area,20,68.05,0.29390154,,
28181,2024,KIDNAPPING,area,0,68.05,0.00000000,,
28181,2024,OTHER,area,888,68.05,13.04922851,,
28181,2024,ROBBERY_VIOLENT,area,22,68.05,0.32329170,,
28181,2024,SEXUAL,area,9,68.05,0.13225569,,
28181,2024,THEFT,area,267,68.05,3.92358560,,
28181,2024,VEHICLE_THEFT,area,8,68.05,0.11756062,,
28181,2025,BURGLARY,area,93,68.05,1.36664217,,
28181,2025,DRUG_TRAFFICKING,area,6,68.05,0.08817046,,
28181,2025,HOM_ATTEMPTED,area,1,68.05,0.01469508,,
28181,2025,HOM_COMPLETED,area,0,68.05,0.00000000,,
28181,2025,INJURY,area,13,68.05,0.19103600,,
28181,2025,KIDNAPPING,area,0,68.05,0.00000000,,
28181,2025,OTHER,area,926,68.05,13.60764144,,
28181,2025,ROBBERY_VIOLENT,area,18,68.05,0.26451139,,
28181,2025,SEXUAL,area,20,68.05,0.29390154,,
28181,2025,THEFT,area,254,68.05,3.73254960,,
28181,2025,VEHICLE_THEFT,area,6,68.05,0.08817046,,
28903,2019,BURGLARY,area,69,37.93,1.81914052,,
28903,2019,DRUG_TRAFFICKING,area,8,37.93,0.21091484,,
28903,2019,HOM_ATTEMPTED,area,0,37.93,0.00000000,,
28903,2019,HOM_COMPLETED,area,0,37.93,0.00000000,,
28903,2019,INJURY,area,8,37.93,0.21091484,,
28903,2019,KIDNAPPING,area,0,37.93,0.00000000,,
28903,2019,OTHER,area,791,37.93,20.85420511,,
28903,2019,ROBBERY_VIOLENT,area,26,37.93,0.68547324,,
28903,2019,SEXUAL,area,8,37.93,0.21091484,,
28903,2019,THEFT,area,352,37.93,9.28025310,,
28903,2019,VEHICLE_THEFT,area,8,37.93,0.21091484,,
28903,2020,BURGLARY,area,53,37.93,1.39731084,,
28903,2020,DRUG_TRAFFICKING,area,6,37.93,0.15818613,,
28903,2020,HOM_ATTEMPTED,area,0,37.93,0.00000000,,
28903,2020,HOM_COMPLETED,area,0,37.93,0.00000000,,
28903,2020,INJURY,area,10,37.93,0.26364355,,
28903,2020,KIDNAPPING,area,0,37.93,0.00000000,,
28903,2020,OTHER,area,828,37.93,21.82968626,,
28903,2020,ROBBERY_VIOLENT,area,12,37.93,0.31637226,,
28903,2020,SEXUAL,area,7,37.93,0.18455049,,
28903,2020,THEFT,area,240,37.93,6.32744529,,
28903,2020,VEHICLE_THEFT,area,3,37.93,0.07909307,,
28903,2021,BURGLARY,area,47,37.93,1.23912470,,
28903,2021,DRUG_TRAFFICKING,area,6,37.93,0.15818613,,
28903,2021,HOM_ATTEMPTED,area,0,37.93,0.00000000,,
28903,2021,HOM_COMPLETED,area,0,37.93,0.00000000,,
28903,2021,INJURY,area,12,37.93,0.31637226,,
28903,2021,KIDNAPPING,area,0,37.93,0.00000000,,
28903,2021,OTHER,area,1028,37.93,27.10255734,,
28903,2021,ROBBERY_VIOLENT,area,25,37.93,0.65910888,,
28903,2021,SEXUAL,area,11,37.93,0.29000791,,
28903,2021,THEFT,area,374,37.93,9.86026892,,
28903,2021,VEHICLE_THEFT,area,5,37.93,0.13182178,,
28903,2022,BURGLARY,area,65,37.93,1.71368310,,
28903,2022,DRUG_TRAFFICKING,area,1,37.93,0.02636436,,
28903,2022,HOM_ATTEMPTED,area,0,37.93,0.00000000,,
28903,2022,HOM_COMPLETED,area,0,37.93,0.00000000,,
28903,2022,INJURY,area,22,37.93,0.58001582,,
28903,2022,KIDNAPPING,area,0,37.93,0.00000000,,
28903,2022,OTHER,area,911,37.93,24.01792776,,
28903,2022,ROBBERY_VIOLENT,area,35,37.93,0.92275244,,
28903,2022,SEXUAL,area,8,37.93,0.21091484,,
28903,2022,THEFT,area,426,37.93,11.23121540,,
28903,2022,VEHICLE_THEFT,area,8,37.93,0.21091484,,
28903,2023,BURGLARY,area,80,37.93,2.10914843,,
28903,2023,DRUG_TRAFFICKING,area,2,37.93,0.05272871,,
28903,2023,HOM_ATTEMPTED,area,0,37.93,0.00000000,,
28903,2023,HOM_COMPLETED,area,0,37.93,0.00000000,,
28903,2023,INJURY,area,17,37.93,0.44819404,,
28903,2023,KIDNAPPING,area,0,37.93,0.00000000,,
28903,2023,OTHER,area,1067,37.93,28.13076720,,
28903,2023,ROBBERY_VIOLENT,area,16,37.93,0.42182969,,
28903,2023,SEXUAL,area,10,37.93,0.26364355,,
28903,2023,THEFT,area,411,37.93,10.83575007,,
28903,2023,VEHICLE_THEFT,area,2,37.93,0.05272871,,
28903,2024,BURGLARY,area,92,37.93,2.42552070,,
28903,2024,DRUG_TRAFFICKING,area,4,37.93,0.10545742,,
28903,2024,HOM_ATTEMPTED,area,0,37.93,0.00000000,,
28903,2024,HOM_COMPLETED,area,0,37.93,0.00000000,,
28903,2024,INJURY,area,10,37.93,0.26364355,,
28903,2024,KIDNAPPING,area,0,37.93,0.00000000,,
28903,2024,OTHER,area,1130,37.93,29.79172159,,
28903,2024,ROBBERY_VIOLENT,area,24,37.93,0.63274453,,
28903,2024,SEXUAL,area,12,37.93,0.31637226,,
28903,2024,THEFT,area,329,37.93,8.67387292,,
28903,2024,VEHICLE_THEFT,area,10,37.93,0.26364355,,
28903,2025,BURGLARY,area,60,37.93,1.58186132,,
28903,2025,DRUG_TRAFFICKING,area,4,37.93,0.10545742,,
28903,2025,HOM_ATTEMPTED,area,0,37.93,0.00000000,,
28903,2025,HOM_COMPLETED,area,0,37.93,0.00000000,,
28903,2025,INJURY,area,16,37.93,0.42182969,,
28903,2025,KIDNAPPING,area,0,37.93,0.00000000,,
28903,2025,OTHER,area,1427,37.93,37.62193514,,
28903,2025,ROBBERY_VIOLENT,area,12,37.93,0.31637226,,
28903,2025,SEXUAL,area,6,37.93,0.15818613,,
28903,2025,THEFT,area,435,37.93,11.46849460,,
28903,2025,VEHICLE_THEFT,area,10,37.93,0.26364355,,
28005,2019,ALL_COMPARABLE,area,9844,87.72,112.22070223,,
28005,2020,ALL_COMPARABLE,area,8023,87.72,91.46146831,,
28005,2021,ALL_COMPARABLE,area,9638,87.72,109.87232102,,
28005,2022,ALL_COMPARABLE,area,10329,87.72,117.74965800,,
28005,2023,ALL_COMPARABLE,area,9785,87.72,111.54810762,,
28005,2024,ALL_COMPARABLE,area,9765,87.72,111.32010944,,
28005,2025,ALL_COMPARABLE,area,9888,87.72,112.72229822,,
28006,2019,ALL_COMPARABLE,area,5492,44.98,122.09871054,,
28006,2020,ALL_COMPARABLE,area,4292,44.98,95.42018675,,
28006,2021,ALL_COMPARABLE,area,4496,44.98,99.95553579,,
28006,2022,ALL_COMPARABLE,area,5258,44.98,116.89639840,,
28006,2023,ALL_COMPARABLE,area,5216,44.98,115.96265007,,
28006,2024,ALL_COMPARABLE,area,5490,44.98,122.05424633,,
28006,2025,ALL_COMPARABLE,area,5557,44.98,123.54379724,,
28007,2019,ALL_COMPARABLE,area,6821,33.73,202.22353988,,
28007,2020,ALL_COMPARABLE,area,5871,33.73,174.05870145,,
28007,2021,ALL_COMPARABLE,area,6981,33.73,206.96709161,,
28007,2022,ALL_COMPARABLE,area,7750,33.73,229.76578713,,
28007,2023,ALL_COMPARABLE,area,7579,33.73,224.69611622,,
28007,2024,ALL_COMPARABLE,area,6983,33.73,207.02638601,,
28007,2025,ALL_COMPARABLE,area,7234,33.73,214.46783279,,
28009,2019,ALL_COMPARABLE,area,771,37.88,20.35374868,,
28009,2020,ALL_COMPARABLE,area,549,37.88,14.49313622,,
28009,2021,ALL_COMPARABLE,area,705,37.88,18.61140444,,
28009,2022,ALL_COMPARABLE,area,881,37.88,23.25765576,,
28009,2023,ALL_COMPARABLE,area,919,37.88,24.26082365,,
28009,2024,ALL_COMPARABLE,area,870,37.88,22.96726505,,
28009,2025,ALL_COMPARABLE,area,910,37.88,24.02323126,,
28013,2019,ALL_COMPARABLE,area,2303,201.11,11.45144448,,
28013,2020,ALL_COMPARABLE,area,2107,201.11,10.47685346,,
28013,2021,ALL_COMPARABLE,area,2208,201.11,10.97906618,,
28013,2022,ALL_COMPARABLE,area,2865,201.11,14.24593506,,
28013,2023,ALL_COMPARABLE,area,2858,201.11,14.21112824,,
28013,2024,ALL_COMPARABLE,area,2816,201.11,14.00228731,,
28013,2025,ALL_COMPARABLE,area,3246,201.11,16.14042067,,
28014,2019,ALL_COMPARABLE,area,3293,79.65,41.34337728,,
28014,2020,ALL_COMPARABLE,area,2246,79.65,28.19836786,,
28014,2021,ALL_COMPARABLE,area,2422,79.65,30.40803515,,
28014,2022,ALL_COMPARABLE,area,2964,79.65,37.21280603,,
28014,2023,ALL_COMPARABLE,area,3700,79.65,46.45323289,,
28014,2024,ALL_COMPARABLE,area,3423,79.65,42.97551789,,
28014,2025,ALL_COMPARABLE,area,3171,79.65,39.81167608,,
28015,2019,ALL_COMPARABLE,area,2886,20.66,139.69022265,,
28015,2020,ALL_COMPARABLE,area,2342,20.66,113.35914811,,
28015,2021,ALL_COMPARABLE,area,2640,20.66,127.78315586,,
28015,2022,ALL_COMPARABLE,area,2790,20.66,135.04356244,,
28015,2023,ALL_COMPARABLE,area,2922,20.66,141.43272023,,
28015,2024,ALL_COMPARABLE,area,2446,20.66,118.39303001,,
28015,2025,ALL_COMPARABLE,area,2464,20.66,119.26427880,,
28022,2019,ALL_COMPARABLE,area,1324,47.20,28.05084746,,
28022,2020,ALL_COMPARABLE,area,1228,47.20,26.01694915,,
28022,2021,ALL_COMPARABLE,area,1742,47.20,36.90677966,,
28022,2022,ALL_COMPARABLE,area,2265,47.20,47.98728814,,
28022,2023,ALL_COMPARABLE,area,2459,47.20,52.09745763,,
28022,2024,ALL_COMPARABLE,area,2316,47.20,49.06779661,,
28022,2025,ALL_COMPARABLE,area,2496,47.20,52.88135593,,
28040,2019,ALL_COMPARABLE,area,1471,49.64,29.63336019,,
28040,2020,ALL_COMPARABLE,area,1173,49.64,23.63013699,,
28040,2021,ALL_COMPARABLE,area,1355,49.64,27.29653505,,
28040,2022,ALL_COMPARABLE,area,1379,49.64,27.78001612,,
28040,2023,ALL_COMPARABLE,area,1474,49.64,29.69379533,,
28040,2024,ALL_COMPARABLE,area,1457,49.64,29.35132957,,
28040,2025,ALL_COMPARABLE,area,1269,49.64,25.56406124,,
28045,2019,ALL_COMPARABLE,area,1978,182.56,10.83479404,,
28045,2020,ALL_COMPARABLE,area,1497,182.56,8.20004382,,
28045,2021,ALL_COMPARABLE,area,1557,182.56,8.52870289,,
28045,2022,ALL_COMPARABLE,area,1924,182.56,10.53900088,,
28045,2023,ALL_COMPARABLE,area,2470,182.56,13.52979842,,
28045,2024,ALL_COMPARABLE,area,2477,182.56,13.56814198,,
28045,2025,ALL_COMPARABLE,area,2623,182.56,14.36787905,,
28047,2019,ALL_COMPARABLE,area,3252,26.52,122.62443439,,
28047,2020,ALL_COMPARABLE,area,2353,26.52,88.72549020,,
28047,2021,ALL_COMPARABLE,area,2531,26.52,95.43740573,,
28047,2022,ALL_COMPARABLE,area,3086,26.52,116.36500754,,
28047,2023,ALL_COMPARABLE,area,3114,26.52,117.42081448,,
28047,2024,ALL_COMPARABLE,area,3333,26.52,125.67873303,,
28047,2025,ALL_COMPARABLE,area,3216,26.52,121.26696833,,
28049,2019,ALL_COMPARABLE,area,3517,12.01,292.83930058,,
28049,2020,ALL_COMPARABLE,area,2913,12.01,242.54787677,,
28049,2021,ALL_COMPARABLE,area,3255,12.01,271.02414654,,
28049,2022,ALL_COMPARABLE,area,3643,12.01,303.33055787,,
28049,2023,ALL_COMPARABLE,area,3388,12.01,282.09825146,,
28049,2024,ALL_COMPARABLE,area,3585,12.01,298.50124896,,
28049,2025,ALL_COMPARABLE,area,3537,12.01,294.50457952,,
28058,2019,ALL_COMPARABLE,area,6890,39.41,174.82872367,,
28058,2020,ALL_COMPARABLE,area,5196,39.41,131.84470946,,
28058,2021,ALL_COMPARABLE,area,6793,39.41,172.36741944,,
28058,2022,ALL_COMPARABLE,area,6204,39.41,157.42197412,,
28058,2023,ALL_COMPARABLE,area,6053,39.41,153.59045927,,
28058,2024,ALL_COMPARABLE,area,5952,39.41,151.02765795,,
28058,2025,ALL_COMPARABLE,area,5889,39.41,149.42907891,,
28061,2019,ALL_COMPARABLE,area,2008,64.99,30.89706109,,
28061,2020,ALL_COMPARABLE,area,1705,64.99,26.23480535,,
28061,2021,ALL_COMPARABLE,area,1631,64.99,25.09616864,,
28061,2022,ALL_COMPARABLE,area,1639,64.99,25.21926450,,
28061,2023,ALL_COMPARABLE,area,1922,64.99,29.57378058,,
28061,2024,ALL_COMPARABLE,area,1821,64.99,28.01969534,,
28061,2025,ALL_COMPARABLE,area,1839,64.99,28.29666102,,
28065,2019,ALL_COMPARABLE,area,8471,78.38,108.07603981,,
28065,2020,ALL_COMPARABLE,area,6946,78.38,88.61954580,,
28065,2021,ALL_COMPARABLE,area,8277,78.38,105.60091860,,
28065,2022,ALL_COMPARABLE,area,8560,78.38,109.21153355,,
28065,2023,ALL_COMPARABLE,area,9112,78.38,116.25414647,,
28065,2024,ALL_COMPARABLE,area,8988,78.38,114.67211023,,
28065,2025,ALL_COMPARABLE,area,9277,78.38,118.35927533,,
28073,2025,ALL_COMPARABLE,area,2109,19.46,108.37615622,,
28074,2019,ALL_COMPARABLE,area,9543,43.09,221.46669761,,
28074,2020,ALL_COMPARABLE,area,7857,43.09,182.33928986,,
28074,2021,ALL_COMPARABLE,area,8120,43.09,188.44279415,,
28074,2022,ALL_COMPARABLE,area,9088,43.09,210.90740311,,
28074,2023,ALL_COMPARABLE,area,8957,43.09,207.86725458,,
28074,2024,ALL_COMPARABLE,area,9037,43.09,209.72383384,,
28074,2025,ALL_COMPARABLE,area,8954,43.09,207.79763286,,
28079,2019,ALL_COMPARABLE,area,252363,604.45,417.50847878,,
28079,2020,ALL_COMPARABLE,area,182241,604.45,301.49888328,,
28079,2021,ALL_COMPARABLE,area,202827,604.45,335.55629084,,
28079,2022,ALL_COMPARABLE,area,243401,604.45,402.68177682,,
28079,2023,ALL_COMPARABLE,area,248503,604.45,411.12250807,,
28079,2024,ALL_COMPARABLE,area,237573,604.45,393.03995368,,
28079,2025,ALL_COMPARABLE,area,229662,604.45,379.95202250,,
28080,2019,ALL_COMPARABLE,area,4084,38.47,106.16064466,,
28080,2020,ALL_COMPARABLE,area,3399,38.47,88.35456200,,
28080,2021,ALL_COMPARABLE,area,3913,38.47,101.71562256,,
28080,2022,ALL_COMPARABLE,area,4584,38.47,119.15778529,,
28080,2023,ALL_COMPARABLE,area,4647,38.47,120.79542501,,
28080,2024,ALL_COMPARABLE,area,4731,38.47,122.97894463,,
28080,2025,ALL_COMPARABLE,area,4500,38.47,116.97426566,,
28084,2019,ALL_COMPARABLE,area,1368,17.21,79.48866938,,
28084,2020,ALL_COMPARABLE,area,1190,17.21,69.14584544,,
28084,2021,ALL_COMPARABLE,area,1338,17.21,77.74549680,,
28084,2022,ALL_COMPARABLE,area,1366,17.21,79.37245787,,
28084,2023,ALL_COMPARABLE,area,1438,17.21,83.55607205,,
28084,2024,ALL_COMPARABLE,area,1221,17.21,70.94712377,,
28084,2025,ALL_COMPARABLE,area,1352,17.21,78.55897734,,
28092,2019,ALL_COMPARABLE,area,8538,45.36,188.22751323,,
28092,2020,ALL_COMPARABLE,area,7208,45.36,158.90652557,,
28092,2021,ALL_COMPARABLE,area,7811,45.36,172.20017637,,
28092,2022,ALL_COMPARABLE,area,8428,45.36,185.80246914,,
28092,2023,ALL_COMPARABLE,area,8683,45.36,191.42416226,,
28092,2024,ALL_COMPARABLE,area,8608,45.36,189.77072310,,
28092,2025,ALL_COMPARABLE,area,8151,45.36,179.69576720,,
28096,2019,ALL_COMPARABLE,area,1155,100.22,11.52464578,,
28096,2020,ALL_COMPARABLE,area,1131,100.22,11.28517262,,
28096,2021,ALL_COMPARABLE,area,1200,100.22,11.97365795,,
28096,2022,ALL_COMPARABLE,area,1499,100.22,14.95709439,,
28096,2023,ALL_COMPARABLE,area,1558,100.22,15.54579924,,
28096,2024,ALL_COMPARABLE,area,1505,100.22,15.01696268,,
28096,2025,ALL_COMPARABLE,area,1500,100.22,14.96707244,,
28104,2019,ALL_COMPARABLE,area,971,43.92,22.10837887,,
28104,2020,ALL_COMPARABLE,area,758,43.92,17.25865209,,
28104,2021,ALL_COMPARABLE,area,888,43.92,20.21857923,,
28104,2022,ALL_COMPARABLE,area,960,43.92,21.85792350,,
28104,2023,ALL_COMPARABLE,area,1095,43.92,24.93169399,,
28104,2024,ALL_COMPARABLE,area,1047,43.92,23.83879781,,
28104,2025,ALL_COMPARABLE,area,1043,43.92,23.74772313,,
28106,2019,ALL_COMPARABLE,area,6165,24.51,251.52998776,,
28106,2020,ALL_COMPARABLE,area,5321,24.51,217.09506324,,
28106,2021,ALL_COMPARABLE,area,5423,24.51,221.25662995,,
28106,2022,ALL_COMPARABLE,area,6282,24.51,256.30354957,,
28106,2023,ALL_COMPARABLE,area,6527,24.51,266.29946960,,
28106,2024,ALL_COMPARABLE,area,7701,24.51,314.19828641,,
28106,2025,ALL_COMPARABLE,area,6863,24.51,280.00815993,,
28113,2019,ALL_COMPARABLE,area,2699,62.04,43.50419084,,
28113,2020,ALL_COMPARABLE,area,2089,62.04,33.67182463,,
28113,2021,ALL_COMPARABLE,area,2357,62.04,37.99161831,,
28113,2022,ALL_COMPARABLE,area,2898,62.04,46.71179884,,
28113,2023,ALL_COMPARABLE,area,3102,62.04,50.00000000,,
28113,2024,ALL_COMPARABLE,area,3009,62.04,48.50096712,,
28113,2025,ALL_COMPARABLE,area,2827,62.04,45.56737589,,
28115,2019,ALL_COMPARABLE,area,3664,43.20,84.81481481,,
28115,2020,ALL_COMPARABLE,area,2664,43.20,61.66666667,,
28115,2021,ALL_COMPARABLE,area,2469,43.20,57.15277778,,
28115,2022,ALL_COMPARABLE,area,2668,43.20,61.75925926,,
28115,2023,ALL_COMPARABLE,area,2412,43.20,55.83333333,,
28115,2024,ALL_COMPARABLE,area,2412,43.20,55.83333333,,
28115,2025,ALL_COMPARABLE,area,2499,43.20,57.84722222,,
28123,2019,ALL_COMPARABLE,area,5507,67.93,81.06874724,,
28123,2020,ALL_COMPARABLE,area,4662,67.93,68.62947151,,
28123,2021,ALL_COMPARABLE,area,5195,67.93,76.47578390,,
28123,2022,ALL_COMPARABLE,area,5426,67.93,79.87634329,,
28123,2023,ALL_COMPARABLE,area,5780,67.93,85.08759017,,
28123,2024,ALL_COMPARABLE,area,5294,67.93,77.93316649,,
28123,2025,ALL_COMPARABLE,area,6164,67.93,90.74046813,,
28127,2019,ALL_COMPARABLE,area,4698,58.31,80.56937061,,
28127,2020,ALL_COMPARABLE,area,3622,58.31,62.11627508,,
28127,2021,ALL_COMPARABLE,area,3939,58.31,67.55273538,,
28127,2022,ALL_COMPARABLE,area,4411,58.31,75.64740182,,
28127,2023,ALL_COMPARABLE,area,4764,58.31,81.70125193,,
28127,2024,ALL_COMPARABLE,area,4628,58.31,79.36889041,,
28127,2025,ALL_COMPARABLE,area,4552,58.31,78.06551192,,
28130,2019,ALL_COMPARABLE,area,1855,39.86,46.53788259,,
28130,2020,ALL_COMPARABLE,area,1609,39.86,40.36628199,,
28130,2021,ALL_COMPARABLE,area,1808,39.86,45.35875564,,
28130,2022,ALL_COMPARABLE,area,1917,39.86,48.09332664,,
28130,2023,ALL_COMPARABLE,area,1833,39.86,45.98595083,,
28130,2024,ALL_COMPARABLE,area,1736,39.86,43.55243352,,
28130,2025,ALL_COMPARABLE,area,1724,39.86,43.25137983,,
28132,2023,ALL_COMPARABLE,area,895,105.93,8.44897574,,
28132,2024,ALL_COMPARABLE,area,1044,105.93,9.85556500,,
28132,2025,ALL_COMPARABLE,area,795,105.93,7.50495610,,
28134,2019,ALL_COMPARABLE,area,4813,58.66,82.04909649,,
28134,2020,ALL_COMPARABLE,area,3699,58.66,63.05830208,,
28134,2021,ALL_COMPARABLE,area,3815,58.66,65.03579952,,
28134,2022,ALL_COMPARABLE,area,4253,58.66,72.50255711,,
28134,2023,ALL_COMPARABLE,area,4464,58.66,76.09955677,,
28134,2024,ALL_COMPARABLE,area,4380,58.66,74.66757586,,
28134,2025,ALL_COMPARABLE,area,4770,58.66,81.31605864,,
28148,2019,ALL_COMPARABLE,area,4691,32.62,143.80748007,,
28148,2020,ALL_COMPARABLE,area,4052,32.62,124.21827100,,
28148,2021,ALL_COMPARABLE,area,5097,32.62,156.25383200,,
28148,2022,ALL_COMPARABLE,area,5718,32.62,175.29123237,,
28148,2023,ALL_COMPARABLE,area,5449,32.62,167.04475782,,
28148,2024,ALL_COMPARABLE,area,5297,32.62,162.38503985,,
28148,2025,ALL_COMPARABLE,area,5702,32.62,174.80073574,,
28152,2019,ALL_COMPARABLE,area,1320,21.95,60.13667426,,
28152,2020,ALL_COMPARABLE,area,1037,21.95,47.24373576,,
28152,2021,ALL_COMPARABLE,area,1137,21.95,51.79954442,,
28152,2022,ALL_COMPARABLE,area,1166,21.95,53.12072893,,
28152,2023,ALL_COMPARABLE,area,1293,21.95,58.90660592,,
28152,2024,ALL_COMPARABLE,area,1177,21.95,53.62186788,,
28152,2025,ALL_COMPARABLE,area,1176,21.95,53.57630979,,
28161,2019,ALL_COMPARABLE,area,3526,64.17,54.94779492,,
28161,2020,ALL_COMPARABLE,area,3019,64.17,47.04690665,,
28161,2021,ALL_COMPARABLE,area,3443,64.17,53.65435562,,
28161,2022,ALL_COMPARABLE,area,3748,64.17,58.40735546,,
28161,2023,ALL_COMPARABLE,area,4079,64.17,63.56552906,,
28161,2024,ALL_COMPARABLE,area,4282,64.17,66.72900109,,
28161,2025,ALL_COMPARABLE,area,3717,64.17,57.92426367,,
28176,2019,ALL_COMPARABLE,area,993,34.92,28.43642612,,
28176,2020,ALL_COMPARABLE,area,848,34.92,24.28407789,,
28176,2021,ALL_COMPARABLE,area,933,34.92,26.71821306,,
28176,2022,ALL_COMPARABLE,area,1137,34.92,32.56013746,,
28176,2023,ALL_COMPARABLE,area,1102,34.92,31.55784651,,
28176,2024,ALL_COMPARABLE,area,943,34.92,27.00458190,,
28176,2025,ALL_COMPARABLE,area,927,34.92,26.54639175,,
28181,2019,ALL_COMPARABLE,area,1179,68.05,17.32549596,,
28181,2020,ALL_COMPARABLE,area,1005,68.05,14.76855253,,
28181,2021,ALL_COMPARABLE,area,1261,68.05,18.53049229,,
28181,2022,ALL_COMPARABLE,area,1404,68.05,20.63188832,,
28181,2023,ALL_COMPARABLE,area,1414,68.05,20.77883909,,
28181,2024,ALL_COMPARABLE,area,1311,68.05,19.26524614,,
28181,2025,ALL_COMPARABLE,area,1337,68.05,19.64731815,,
28903,2019,ALL_COMPARABLE,area,1270,37.93,33.48273135,,
28903,2020,ALL_COMPARABLE,area,1159,37.93,30.55628790,,
28903,2021,ALL_COMPARABLE,area,1508,37.93,39.75744793,,
28903,2022,ALL_COMPARABLE,area,1476,37.93,38.91378856,,
28903,2023,ALL_COMPARABLE,area,1605,37.93,42.31479040,,
28903,2024,ALL_COMPARABLE,area,1611,37.93,42.47297654,,
28903,2025,ALL_COMPARABLE,area,1970,37.93,51.93778012,,
