measure,year,crime_code,name_en,level,age,sex,cases,is_age_total,comparable_band,share,rate_per_10000
victims,2019,1,Offences against persons,1,0-13,M,534,f,f,0.018055,
victims,2019,1,Offences against persons,1,0-13,F,364,f,f,0.012307,
victims,2019,1,Offences against persons,1,0-13,U,1,f,f,0.000034,
victims,2019,1,Offences against persons,1,14-17,M,696,f,t,0.023532,
victims,2019,1,Offences against persons,1,14-17,F,690,f,t,0.023329,
victims,2019,1,Offences against persons,1,14-17,U,1,f,t,0.000034,
victims,2019,1,Offences against persons,1,18-30,M,3752,f,t,0.126855,
victims,2019,1,Offences against persons,1,18-30,F,5258,f,t,0.177773,
victims,2019,1,Offences against persons,1,18-30,U,8,f,t,0.000270,
victims,2019,1,Offences against persons,1,31-40,M,2813,f,t,0.095108,
victims,2019,1,Offences against persons,1,31-40,F,4621,f,t,0.156236,
victims,2019,1,Offences against persons,1,31-40,U,13,f,t,0.000440,
victims,2019,1,Offences against persons,1,41-64,M,4263,f,t,0.144132,
victims,2019,1,Offences against persons,1,41-64,F,5221,f,t,0.176522,
victims,2019,1,Offences against persons,1,41-64,U,14,f,t,0.000473,
victims,2019,1,Offences against persons,1,65+,M,579,f,t,0.019576,
victims,2019,1,Offences against persons,1,65+,F,676,f,t,0.022856,
victims,2019,1,Offences against persons,1,65+,U,2,f,t,0.000068,
victims,2019,1,Offences against persons,1,U,M,45,f,f,0.001521,
victims,2019,1,Offences against persons,1,U,F,19,f,f,0.000642,
victims,2019,1,Offences against persons,1,U,U,7,f,f,0.000237,
victims,2019,1.1,Intentional homicide and murder,2,0-13,M,1,f,f,0.009091,
victims,2019,1.1,Intentional homicide and murder,2,0-13,F,2,f,f,0.018182,
victims,2019,1.1,Intentional homicide and murder,2,0-13,U,0,f,f,0.000000,
victims,2019,1.1,Intentional homicide and murder,2,14-17,M,0,f,t,0.000000,
victims,2019,1.1,Intentional homicide and murder,2,14-17,F,0,f,t,0.000000,
victims,2019,1.1,Intentional homicide and murder,2,14-17,U,0,f,t,0.000000,
victims,2019,1.1,Intentional homicide and murder,2,18-30,M,30,f,t,0.272727,
victims,2019,1.1,Intentional homicide and murder,2,18-30,F,9,f,t,0.081818,
victims,2019,1.1,Intentional homicide and murder,2,18-30,U,1,f,t,0.009091,
victims,2019,1.1,Intentional homicide and murder,2,31-40,M,17,f,t,0.154545,
victims,2019,1.1,Intentional homicide and murder,2,31-40,F,6,f,t,0.054545,
victims,2019,1.1,Intentional homicide and murder,2,31-40,U,0,f,t,0.000000,
victims,2019,1.1,Intentional homicide and murder,2,41-64,M,17,f,t,0.154545,
victims,2019,1.1,Intentional homicide and murder,2,41-64,F,8,f,t,0.072727,
victims,2019,1.1,Intentional homicide and murder,2,41-64,U,0,f,t,0.000000,
victims,2019,1.1,Intentional homicide and murder,2,65+,M,8,f,t,0.072727,
victims,2019,1.1,Intentional homicide and murder,2,65+,F,5,f,t,0.045455,
victims,2019,1.1,Intentional homicide and murder,2,65+,U,0,f,t,0.000000,
victims,2019,1.1,Intentional homicide and murder,2,U,M,4,f,f,0.036364,
victims,2019,1.1,Intentional homicide and murder,2,U,F,1,f,f,0.009091,
victims,2019,1.1,Intentional homicide and murder,2,U,U,1,f,f,0.009091,
victims,2019,1.1.1,Completed intentional homicide and murder,3,0-13,M,1,f,f,0.031250,
victims,2019,1.1.1,Completed intentional homicide and murder,3,0-13,F,0,f,f,0.000000,
victims,2019,1.1.1,Completed intentional homicide and murder,3,0-13,U,0,f,f,0.000000,
victims,2019,1.1.1,Completed intentional homicide and murder,3,14-17,M,0,f,t,0.000000,
victims,2019,1.1.1,Completed intentional homicide and murder,3,14-17,F,0,f,t,0.000000,
victims,2019,1.1.1,Completed intentional homicide and murder,3,14-17,U,0,f,t,0.000000,
victims,2019,1.1.1,Completed intentional homicide and murder,3,18-30,M,4,f,t,0.125000,
victims,2019,1.1.1,Completed intentional homicide and murder,3,18-30,F,4,f,t,0.125000,
victims,2019,1.1.1,Completed intentional homicide and murder,3,18-30,U,0,f,t,0.000000,
victims,2019,1.1.1,Completed intentional homicide and murder,3,31-40,M,1,f,t,0.031250,
victims,2019,1.1.1,Completed intentional homicide and murder,3,31-40,F,4,f,t,0.125000,
victims,2019,1.1.1,Completed intentional homicide and murder,3,31-40,U,0,f,t,0.000000,
victims,2019,1.1.1,Completed intentional homicide and murder,3,41-64,M,6,f,t,0.187500,
victims,2019,1.1.1,Completed intentional homicide and murder,3,41-64,F,3,f,t,0.093750,
victims,2019,1.1.1,Completed intentional homicide and murder,3,41-64,U,0,f,t,0.000000,
victims,2019,1.1.1,Completed intentional homicide and murder,3,65+,M,5,f,t,0.156250,
victims,2019,1.1.1,Completed intentional homicide and murder,3,65+,F,3,f,t,0.093750,
victims,2019,1.1.1,Completed intentional homicide and murder,3,65+,U,0,f,t,0.000000,
victims,2019,1.1.1,Completed intentional homicide and murder,3,U,M,0,f,f,0.000000,
victims,2019,1.1.1,Completed intentional homicide and murder,3,U,F,1,f,f,0.031250,
victims,2019,1.1.1,Completed intentional homicide and murder,3,U,U,0,f,f,0.000000,
victims,2019,1.2,Bodily injury,2,0-13,M,264,f,f,0.018888,
victims,2019,1.2,Bodily injury,2,0-13,F,137,f,f,0.009802,
victims,2019,1.2,Bodily injury,2,0-13,U,1,f,f,0.000072,
victims,2019,1.2,Bodily injury,2,14-17,M,563,f,t,0.040280,
victims,2019,1.2,Bodily injury,2,14-17,F,295,f,t,0.021106,
victims,2019,1.2,Bodily injury,2,14-17,U,0,f,t,0.000000,
victims,2019,1.2,Bodily injury,2,18-30,M,2969,f,t,0.212420,
victims,2019,1.2,Bodily injury,2,18-30,F,1322,f,t,0.094584,
victims,2019,1.2,Bodily injury,2,18-30,U,0,f,t,0.000000,
victims,2019,1.2,Bodily injury,2,31-40,M,2159,f,t,0.154468,
victims,2019,1.2,Bodily injury,2,31-40,F,989,f,t,0.070759,
victims,2019,1.2,Bodily injury,2,31-40,U,2,f,t,0.000143,
victims,2019,1.2,Bodily injury,2,41-64,M,3149,f,t,0.225299,
victims,2019,1.2,Bodily injury,2,41-64,F,1507,f,t,0.107820,
victims,2019,1.2,Bodily injury,2,41-64,U,8,f,t,0.000572,
victims,2019,1.2,Bodily injury,2,65+,M,362,f,t,0.025900,
victims,2019,1.2,Bodily injury,2,65+,F,208,f,t,0.014882,
victims,2019,1.2,Bodily injury,2,65+,U,2,f,t,0.000143,
victims,2019,1.2,Bodily injury,2,U,M,27,f,f,0.001932,
victims,2019,1.2,Bodily injury,2,U,F,8,f,f,0.000572,
victims,2019,1.2,Bodily injury,2,U,U,5,f,f,0.000358,
victims,2019,1.3,Domestic violence in the family setting,2,0-13,M,254,f,f,0.016988,
victims,2019,1.3,Domestic violence in the family setting,2,0-13,F,211,f,f,0.014112,
victims,2019,1.3,Domestic violence in the family setting,2,0-13,U,0,f,f,0.000000,
victims,2019,1.3,Domestic violence in the family setting,2,14-17,M,121,f,t,0.008093,
victims,2019,1.3,Domestic violence in the family setting,2,14-17,F,384,f,t,0.025682,
victims,2019,1.3,Domestic violence in the family setting,2,14-17,U,1,f,t,0.000067,
victims,2019,1.3,Domestic violence in the family setting,2,18-30,M,688,f,t,0.046014,
victims,2019,1.3,Domestic violence in the family setting,2,18-30,F,3860,f,t,0.258159,
victims,2019,1.3,Domestic violence in the family setting,2,18-30,U,6,f,t,0.000401,
victims,2019,1.3,Domestic violence in the family setting,2,31-40,M,585,f,t,0.039125,
victims,2019,1.3,Domestic violence in the family setting,2,31-40,F,3583,f,t,0.239633,
victims,2019,1.3,Domestic violence in the family setting,2,31-40,U,11,f,t,0.000736,
victims,2019,1.3,Domestic violence in the family setting,2,41-64,M,971,f,t,0.064941,
victims,2019,1.3,Domestic violence in the family setting,2,41-64,F,3615,f,t,0.241774,
victims,2019,1.3,Domestic violence in the family setting,2,41-64,U,6,f,t,0.000401,
victims,2019,1.3,Domestic violence in the family setting,2,65+,M,188,f,t,0.012574,
victims,2019,1.3,Domestic violence in the family setting,2,65+,F,447,f,t,0.029896,
victims,2019,1.3,Domestic violence in the family setting,2,65+,U,0,f,t,0.000000,
victims,2019,1.3,Domestic violence in the family setting,2,U,M,12,f,f,0.000803,
victims,2019,1.3,Domestic violence in the family setting,2,U,F,9,f,f,0.000602,
victims,2019,1.3,Domestic violence in the family setting,2,U,U,0,f,f,0.000000,
victims,2019,1.4,Other offences against persons,2,0-13,M,15,f,f,0.027881,
victims,2019,1.4,Other offences against persons,2,0-13,F,14,f,f,0.026022,
victims,2019,1.4,Other offences against persons,2,0-13,U,0,f,f,0.000000,
victims,2019,1.4,Other offences against persons,2,14-17,M,12,f,t,0.022305,
victims,2019,1.4,Other offences against persons,2,14-17,F,11,f,t,0.020446,
victims,2019,1.4,Other offences against persons,2,14-17,U,0,f,t,0.000000,
victims,2019,1.4,Other offences against persons,2,18-30,M,65,f,t,0.120818,
victims,2019,1.4,Other offences against persons,2,18-30,F,67,f,t,0.124535,
victims,2019,1.4,Other offences against persons,2,18-30,U,1,f,t,0.001859,
victims,2019,1.4,Other offences against persons,2,31-40,M,52,f,t,0.096654,
victims,2019,1.4,Other offences against persons,2,31-40,F,43,f,t,0.079926,
victims,2019,1.4,Other offences against persons,2,31-40,U,0,f,t,0.000000,
victims,2019,1.4,Other offences against persons,2,41-64,M,126,f,t,0.234201,
victims,2019,1.4,Other offences against persons,2,41-64,F,91,f,t,0.169145,
victims,2019,1.4,Other offences against persons,2,41-64,U,0,f,t,0.000000,
victims,2019,1.4,Other offences against persons,2,65+,M,21,f,t,0.039033,
victims,2019,1.4,Other offences against persons,2,65+,F,16,f,t,0.029740,
victims,2019,1.4,Other offences against persons,2,65+,U,0,f,t,0.000000,
victims,2019,1.4,Other offences against persons,2,U,M,2,f,f,0.003717,
victims,2019,1.4,Other offences against persons,2,U,F,1,f,f,0.001859,
victims,2019,1.4,Other offences against persons,2,U,U,1,f,f,0.001859,
victims,2019,2,Offences against personal liberty,1,0-13,M,150,f,f,0.009578,
victims,2019,2,Offences against personal liberty,1,0-13,F,157,f,f,0.010025,
victims,2019,2,Offences against personal liberty,1,0-13,U,0,f,f,0.000000,
victims,2019,2,Offences against personal liberty,1,14-17,M,342,f,t,0.021838,
victims,2019,2,Offences against personal liberty,1,14-17,F,344,f,t,0.021965,
victims,2019,2,Offences against personal liberty,1,14-17,U,0,f,t,0.000000,
victims,2019,2,Offences against personal liberty,1,18-30,M,1649,f,t,0.105293,
victims,2019,2,Offences against personal liberty,1,18-30,F,1942,f,t,0.124002,
victims,2019,2,Offences against personal liberty,1,18-30,U,2,f,t,0.000128,
victims,2019,2,Offences against personal liberty,1,31-40,M,1857,f,t,0.118575,
victims,2019,2,Offences against personal liberty,1,31-40,F,1878,f,t,0.119916,
victims,2019,2,Offences against personal liberty,1,31-40,U,2,f,t,0.000128,
victims,2019,2,Offences against personal liberty,1,41-64,M,3378,f,t,0.215695,
victims,2019,2,Offences against personal liberty,1,41-64,F,2906,f,t,0.185556,
victims,2019,2,Offences against personal liberty,1,41-64,U,17,f,t,0.001085,
victims,2019,2,Offences against personal liberty,1,65+,M,503,f,t,0.032118,
victims,2019,2,Offences against personal liberty,1,65+,F,434,f,t,0.027712,
victims,2019,2,Offences against personal liberty,1,65+,U,6,f,t,0.000383,
victims,2019,2,Offences against personal liberty,1,U,M,61,f,f,0.003895,
victims,2019,2,Offences against personal liberty,1,U,F,27,f,f,0.001724,
victims,2019,2,Offences against personal liberty,1,U,U,6,f,f,0.000383,
victims,2019,2.1,Habitual domestic abuse,2,0-13,M,24,f,f,0.019608,
victims,2019,2.1,Habitual domestic abuse,2,0-13,F,20,f,f,0.016340,
victims,2019,2.1,Habitual domestic abuse,2,0-13,U,0,f,f,0.000000,
victims,2019,2.1,Habitual domestic abuse,2,14-17,M,19,f,t,0.015523,
victims,2019,2.1,Habitual domestic abuse,2,14-17,F,37,f,t,0.030229,
victims,2019,2.1,Habitual domestic abuse,2,14-17,U,0,f,t,0.000000,
victims,2019,2.1,Habitual domestic abuse,2,18-30,M,39,f,t,0.031863,
victims,2019,2.1,Habitual domestic abuse,2,18-30,F,252,f,t,0.205882,
victims,2019,2.1,Habitual domestic abuse,2,18-30,U,1,f,t,0.000817,
victims,2019,2.1,Habitual domestic abuse,2,31-40,M,24,f,t,0.019608,
victims,2019,2.1,Habitual domestic abuse,2,31-40,F,318,f,t,0.259804,
victims,2019,2.1,Habitual domestic abuse,2,31-40,U,1,f,t,0.000817,
victims,2019,2.1,Habitual domestic abuse,2,41-64,M,67,f,t,0.054739,
victims,2019,2.1,Habitual domestic abuse,2,41-64,F,332,f,t,0.271242,
victims,2019,2.1,Habitual domestic abuse,2,41-64,U,0,f,t,0.000000,
victims,2019,2.1,Habitual domestic abuse,2,65+,M,24,f,t,0.019608,
victims,2019,2.1,Habitual domestic abuse,2,65+,F,63,f,t,0.051471,
victims,2019,2.1,Habitual domestic abuse,2,65+,U,0,f,t,0.000000,
victims,2019,2.1,Habitual domestic abuse,2,U,M,1,f,f,0.000817,
victims,2019,2.1,Habitual domestic abuse,2,U,F,2,f,f,0.001634,
victims,2019,2.1,Habitual domestic abuse,2,U,U,0,f,f,0.000000,
victims,2019,2.2,Other offences against personal liberty,2,0-13,M,126,f,f,0.008728,
victims,2019,2.2,Other offences against personal liberty,2,0-13,F,137,f,f,0.009490,
victims,2019,2.2,Other offences against personal liberty,2,0-13,U,0,f,f,0.000000,
victims,2019,2.2,Other offences against personal liberty,2,14-17,M,323,f,t,0.022373,
victims,2019,2.2,Other offences against personal liberty,2,14-17,F,307,f,t,0.021265,
victims,2019,2.2,Other offences against personal liberty,2,14-17,U,0,f,t,0.000000,
victims,2019,2.2,Other offences against personal liberty,2,18-30,M,1610,f,t,0.111519,
victims,2019,2.2,Other offences against personal liberty,2,18-30,F,1690,f,t,0.117060,
victims,2019,2.2,Other offences against personal liberty,2,18-30,U,1,f,t,0.000069,
victims,2019,2.2,Other offences against personal liberty,2,31-40,M,1833,f,t,0.126965,
victims,2019,2.2,Other offences against personal liberty,2,31-40,F,1560,f,t,0.108056,
victims,2019,2.2,Other offences against personal liberty,2,31-40,U,1,f,t,0.000069,
victims,2019,2.2,Other offences against personal liberty,2,41-64,M,3311,f,t,0.229341,
victims,2019,2.2,Other offences against personal liberty,2,41-64,F,2574,f,t,0.178292,
victims,2019,2.2,Other offences against personal liberty,2,41-64,U,17,f,t,0.001178,
victims,2019,2.2,Other offences against personal liberty,2,65+,M,479,f,t,0.033179,
victims,2019,2.2,Other offences against personal liberty,2,65+,F,371,f,t,0.025698,
victims,2019,2.2,Other offences against personal liberty,2,65+,U,6,f,t,0.000416,
victims,2019,2.2,Other offences against personal liberty,2,U,M,60,f,f,0.004156,
victims,2019,2.2,Other offences against personal liberty,2,U,F,25,f,f,0.001732,
victims,2019,2.2,Other offences against personal liberty,2,U,U,6,f,f,0.000416,
victims,2019,3,Offences against sexual freedom,1,0-13,M,134,f,f,0.059662,
victims,2019,3,Offences against sexual freedom,1,0-13,F,356,f,f,0.158504,
victims,2019,3,Offences against sexual freedom,1,0-13,U,2,f,f,0.000890,
victims,2019,3,Offences against sexual freedom,1,14-17,M,102,f,t,0.045414,
victims,2019,3,Offences against sexual freedom,1,14-17,F,453,f,t,0.201692,
victims,2019,3,Offences against sexual freedom,1,14-17,U,0,f,t,0.000000,
victims,2019,3,Offences against sexual freedom,1,18-30,M,71,f,t,0.031612,
victims,2019,3,Offences against sexual freedom,1,18-30,F,663,f,t,0.295191,
victims,2019,3,Offences against sexual freedom,1,18-30,U,0,f,t,0.000000,
victims,2019,3,Offences against sexual freedom,1,31-40,M,26,f,t,0.011576,
victims,2019,3,Offences against sexual freedom,1,31-40,F,224,f,t,0.099733,
victims,2019,3,Offences against sexual freedom,1,31-40,U,1,f,t,0.000445,
victims,2019,3,Offences against sexual freedom,1,41-64,M,21,f,t,0.009350,
victims,2019,3,Offences against sexual freedom,1,41-64,F,170,f,t,0.075690,
victims,2019,3,Offences against sexual freedom,1,41-64,U,0,f,t,0.000000,
victims,2019,3,Offences against sexual freedom,1,65+,M,2,f,t,0.000890,
victims,2019,3,Offences against sexual freedom,1,65+,F,12,f,t,0.005343,
victims,2019,3,Offences against sexual freedom,1,65+,U,0,f,t,0.000000,
victims,2019,3,Offences against sexual freedom,1,U,M,1,f,f,0.000445,
victims,2019,3,Offences against sexual freedom,1,U,F,8,f,f,0.003562,
victims,2019,3,Offences against sexual freedom,1,U,U,0,f,f,0.000000,
victims,2019,3.1,Sexual assault,2,0-13,M,61,f,f,0.044591,
victims,2019,3.1,Sexual assault,2,0-13,F,230,f,f,0.168129,
victims,2019,3.1,Sexual assault,2,0-13,U,0,f,f,0.000000,
victims,2019,3.1,Sexual assault,2,14-17,M,63,f,t,0.046053,
victims,2019,3.1,Sexual assault,2,14-17,F,247,f,t,0.180556,
victims,2019,3.1,Sexual assault,2,14-17,U,0,f,t,0.000000,
victims,2019,3.1,Sexual assault,2,18-30,M,46,f,t,0.033626,
victims,2019,3.1,Sexual assault,2,18-30,F,424,f,t,0.309942,
victims,2019,3.1,Sexual assault,2,18-30,U,0,f,t,0.000000,
victims,2019,3.1,Sexual assault,2,31-40,M,13,f,t,0.009503,
victims,2019,3.1,Sexual assault,2,31-40,F,145,f,t,0.105994,
victims,2019,3.1,Sexual assault,2,31-40,U,0,f,t,0.000000,
victims,2019,3.1,Sexual assault,2,41-64,M,14,f,t,0.010234,
victims,2019,3.1,Sexual assault,2,41-64,F,109,f,t,0.079678,
victims,2019,3.1,Sexual assault,2,41-64,U,0,f,t,0.000000,
victims,2019,3.1,Sexual assault,2,65+,M,0,f,t,0.000000,
victims,2019,3.1,Sexual assault,2,65+,F,12,f,t,0.008772,
victims,2019,3.1,Sexual assault,2,65+,U,0,f,t,0.000000,
victims,2019,3.1,Sexual assault,2,U,M,1,f,f,0.000731,
victims,2019,3.1,Sexual assault,2,U,F,3,f,f,0.002193,
victims,2019,3.1,Sexual assault,2,U,U,0,f,f,0.000000,
victims,2019,3.2,Sexual assault with penetration,2,0-13,M,12,f,f,0.025641,
victims,2019,3.2,Sexual assault with penetration,2,0-13,F,31,f,f,0.066239,
victims,2019,3.2,Sexual assault with penetration,2,0-13,U,0,f,f,0.000000,
victims,2019,3.2,Sexual assault with penetration,2,14-17,M,5,f,t,0.010684,
victims,2019,3.2,Sexual assault with penetration,2,14-17,F,108,f,t,0.230769,
victims,2019,3.2,Sexual assault with penetration,2,14-17,U,0,f,t,0.000000,
victims,2019,3.2,Sexual assault with penetration,2,18-30,M,19,f,t,0.040598,
victims,2019,3.2,Sexual assault with penetration,2,18-30,F,182,f,t,0.388889,
victims,2019,3.2,Sexual assault with penetration,2,18-30,U,0,f,t,0.000000,
victims,2019,3.2,Sexual assault with penetration,2,31-40,M,7,f,t,0.014957,
victims,2019,3.2,Sexual assault with penetration,2,31-40,F,57,f,t,0.121795,
victims,2019,3.2,Sexual assault with penetration,2,31-40,U,1,f,t,0.002137,
victims,2019,3.2,Sexual assault with penetration,2,41-64,M,1,f,t,0.002137,
victims,2019,3.2,Sexual assault with penetration,2,41-64,F,44,f,t,0.094017,
victims,2019,3.2,Sexual assault with penetration,2,41-64,U,0,f,t,0.000000,
victims,2019,3.2,Sexual assault with penetration,2,65+,M,0,f,t,0.000000,
victims,2019,3.2,Sexual assault with penetration,2,65+,F,0,f,t,0.000000,
victims,2019,3.2,Sexual assault with penetration,2,65+,U,0,f,t,0.000000,
victims,2019,3.2,Sexual assault with penetration,2,U,M,0,f,f,0.000000,
victims,2019,3.2,Sexual assault with penetration,2,U,F,1,f,f,0.002137,
victims,2019,3.2,Sexual assault with penetration,2,U,U,0,f,f,0.000000,
victims,2019,3.3,Corruption of minors,2,0-13,M,7,f,f,0.107692,
victims,2019,3.3,Corruption of minors,2,0-13,F,11,f,f,0.169231,
victims,2019,3.3,Corruption of minors,2,0-13,U,0,f,f,0.000000,
victims,2019,3.3,Corruption of minors,2,14-17,M,15,f,t,0.230769,
victims,2019,3.3,Corruption of minors,2,14-17,F,20,f,t,0.307692,
victims,2019,3.3,Corruption of minors,2,14-17,U,0,f,t,0.000000,
victims,2019,3.3,Corruption of minors,2,18-30,M,4,f,t,0.061538,
victims,2019,3.3,Corruption of minors,2,18-30,F,2,f,t,0.030769,
victims,2019,3.3,Corruption of minors,2,18-30,U,0,f,t,0.000000,
victims,2019,3.3,Corruption of minors,2,31-40,M,1,f,t,0.015385,
victims,2019,3.3,Corruption of minors,2,31-40,F,0,f,t,0.000000,
victims,2019,3.3,Corruption of minors,2,31-40,U,0,f,t,0.000000,
victims,2019,3.3,Corruption of minors,2,41-64,M,1,f,t,0.015385,
victims,2019,3.3,Corruption of minors,2,41-64,F,1,f,t,0.015385,
victims,2019,3.3,Corruption of minors,2,41-64,U,0,f,t,0.000000,
victims,2019,3.3,Corruption of minors,2,65+,M,1,f,t,0.015385,
victims,2019,3.3,Corruption of minors,2,65+,F,0,f,t,0.000000,
victims,2019,3.3,Corruption of minors,2,65+,U,0,f,t,0.000000,
victims,2019,3.3,Corruption of minors,2,U,M,0,f,f,0.000000,
victims,2019,3.3,Corruption of minors,2,U,F,2,f,f,0.030769,
victims,2019,3.3,Corruption of minors,2,U,U,0,f,f,0.000000,
victims,2019,3.4,Child pornography,2,0-13,M,5,f,f,0.200000,
victims,2019,3.4,Child pornography,2,0-13,F,7,f,f,0.280000,
victims,2019,3.4,Child pornography,2,0-13,U,0,f,f,0.000000,
victims,2019,3.4,Child pornography,2,14-17,M,5,f,t,0.200000,
victims,2019,3.4,Child pornography,2,14-17,F,1,f,t,0.040000,
victims,2019,3.4,Child pornography,2,14-17,U,0,f,t,0.000000,
victims,2019,3.4,Child pornography,2,18-30,M,1,f,t,0.040000,
victims,2019,3.4,Child pornography,2,18-30,F,0,f,t,0.000000,
victims,2019,3.4,Child pornography,2,18-30,U,0,f,t,0.000000,
victims,2019,3.4,Child pornography,2,31-40,M,1,f,t,0.040000,
victims,2019,3.4,Child pornography,2,31-40,F,0,f,t,0.000000,
victims,2019,3.4,Child pornography,2,31-40,U,0,f,t,0.000000,
victims,2019,3.4,Child pornography,2,41-64,M,1,f,t,0.040000,
victims,2019,3.4,Child pornography,2,41-64,F,4,f,t,0.160000,
victims,2019,3.4,Child pornography,2,41-64,U,0,f,t,0.000000,
victims,2019,3.4,Child pornography,2,65+,M,0,f,t,0.000000,
victims,2019,3.4,Child pornography,2,65+,F,0,f,t,0.000000,
victims,2019,3.4,Child pornography,2,65+,U,0,f,t,0.000000,
victims,2019,3.4,Child pornography,2,U,M,0,f,f,0.000000,
victims,2019,3.4,Child pornography,2,U,F,0,f,f,0.000000,
victims,2019,3.4,Child pornography,2,U,U,0,f,f,0.000000,
victims,2019,3.5,Other offences against sexual freedom,2,0-13,M,49,f,f,0.153125,
victims,2019,3.5,Other offences against sexual freedom,2,0-13,F,77,f,f,0.240625,
victims,2019,3.5,Other offences against sexual freedom,2,0-13,U,2,f,f,0.006250,
victims,2019,3.5,Other offences against sexual freedom,2,14-17,M,14,f,t,0.043750,
victims,2019,3.5,Other offences against sexual freedom,2,14-17,F,77,f,t,0.240625,
victims,2019,3.5,Other offences against sexual freedom,2,14-17,U,0,f,t,0.000000,
victims,2019,3.5,Other offences against sexual freedom,2,18-30,M,1,f,t,0.003125,
victims,2019,3.5,Other offences against sexual freedom,2,18-30,F,55,f,t,0.171875,
victims,2019,3.5,Other offences against sexual freedom,2,18-30,U,0,f,t,0.000000,
victims,2019,3.5,Other offences against sexual freedom,2,31-40,M,4,f,t,0.012500,
victims,2019,3.5,Other offences against sexual freedom,2,31-40,F,22,f,t,0.068750,
victims,2019,3.5,Other offences against sexual freedom,2,31-40,U,0,f,t,0.000000,
victims,2019,3.5,Other offences against sexual freedom,2,41-64,M,4,f,t,0.012500,
victims,2019,3.5,Other offences against sexual freedom,2,41-64,F,12,f,t,0.037500,
victims,2019,3.5,Other offences against sexual freedom,2,41-64,U,0,f,t,0.000000,
victims,2019,3.5,Other offences against sexual freedom,2,65+,M,1,f,t,0.003125,
victims,2019,3.5,Other offences against sexual freedom,2,65+,F,0,f,t,0.000000,
victims,2019,3.5,Other offences against sexual freedom,2,65+,U,0,f,t,0.000000,
victims,2019,3.5,Other offences against sexual freedom,2,U,M,0,f,f,0.000000,
victims,2019,3.5,Other offences against sexual freedom,2,U,F,2,f,f,0.006250,
victims,2019,3.5,Other offences against sexual freedom,2,U,U,0,f,f,0.000000,
victims,2019,4,Offences against family relations,1,0-13,M,108,f,f,0.129032,
victims,2019,4,Offences against family relations,1,0-13,F,66,f,f,0.078853,
victims,2019,4,Offences against family relations,1,0-13,U,1,f,f,0.001195,
victims,2019,4,Offences against family relations,1,14-17,M,14,f,t,0.016726,
victims,2019,4,Offences against family relations,1,14-17,F,25,f,t,0.029869,
victims,2019,4,Offences against family relations,1,14-17,U,0,f,t,0.000000,
victims,2019,4,Offences against family relations,1,18-30,M,19,f,t,0.022700,
victims,2019,4,Offences against family relations,1,18-30,F,63,f,t,0.075269,
victims,2019,4,Offences against family relations,1,18-30,U,0,f,t,0.000000,
victims,2019,4,Offences against family relations,1,31-40,M,34,f,t,0.040621,
victims,2019,4,Offences against family relations,1,31-40,F,196,f,t,0.234170,
victims,2019,4,Offences against family relations,1,31-40,U,0,f,t,0.000000,
victims,2019,4,Offences against family relations,1,41-64,M,54,f,t,0.064516,
victims,2019,4,Offences against family relations,1,41-64,F,239,f,t,0.285544,
victims,2019,4,Offences against family relations,1,41-64,U,0,f,t,0.000000,
victims,2019,4,Offences against family relations,1,65+,M,3,f,t,0.003584,
victims,2019,4,Offences against family relations,1,65+,F,8,f,t,0.009558,
victims,2019,4,Offences against family relations,1,65+,U,0,f,t,0.000000,
victims,2019,4,Offences against family relations,1,U,M,7,f,f,0.008363,
victims,2019,4,Offences against family relations,1,U,F,0,f,f,0.000000,
victims,2019,4,Offences against family relations,1,U,U,0,f,f,0.000000,
victims,2019,5,Property offences,1,0-13,M,315,f,f,0.001235,
victims,2019,5,Property offences,1,0-13,F,138,f,f,0.000541,
victims,2019,5,Property offences,1,0-13,U,1,f,f,0.000004,
victims,2019,5,Property offences,1,14-17,M,1828,f,t,0.007166,
victims,2019,5,Property offences,1,14-17,F,1454,f,t,0.005700,
victims,2019,5,Property offences,1,14-17,U,2,f,t,0.000008,
victims,2019,5,Property offences,1,18-30,M,30741,f,t,0.120510,
victims,2019,5,Property offences,1,18-30,F,33110,f,t,0.129797,
victims,2019,5,Property offences,1,18-30,U,18,f,t,0.000071,
victims,2019,5,Property offences,1,31-40,M,30349,f,t,0.118973,
victims,2019,5,Property offences,1,31-40,F,24037,f,t,0.094229,
victims,2019,5,Property offences,1,31-40,U,12,f,t,0.000047,
victims,2019,5,Property offences,1,41-64,M,60943,f,t,0.238907,
victims,2019,5,Property offences,1,41-64,F,44117,f,t,0.172946,
victims,2019,5,Property offences,1,41-64,U,25,f,t,0.000098,
victims,2019,5,Property offences,1,65+,M,13818,f,t,0.054169,
victims,2019,5,Property offences,1,65+,F,13739,f,t,0.053859,
victims,2019,5,Property offences,1,65+,U,29,f,t,0.000114,
victims,2019,5,Property offences,1,U,M,247,f,f,0.000968,
victims,2019,5,Property offences,1,U,F,102,f,f,0.000400,
victims,2019,5,Property offences,1,U,U,66,f,f,0.000259,
victims,2019,5.1,Theft,2,0-13,M,116,f,f,0.000963,
victims,2019,5.1,Theft,2,0-13,F,98,f,f,0.000814,
victims,2019,5.1,Theft,2,0-13,U,0,f,f,0.000000,
victims,2019,5.1,Theft,2,14-17,M,719,f,t,0.005972,
victims,2019,5.1,Theft,2,14-17,F,1109,f,t,0.009211,
victims,2019,5.1,Theft,2,14-17,U,1,f,t,0.000008,
victims,2019,5.1,Theft,2,18-30,M,15115,f,t,0.125545,
victims,2019,5.1,Theft,2,18-30,F,22265,f,t,0.184933,
victims,2019,5.1,Theft,2,18-30,U,17,f,t,0.000141,
victims,2019,5.1,Theft,2,31-40,M,11240,f,t,0.093359,
victims,2019,5.1,Theft,2,31-40,F,12438,f,t,0.103310,
victims,2019,5.1,Theft,2,31-40,U,8,f,t,0.000066,
victims,2019,5.1,Theft,2,41-64,M,20689,f,t,0.171843,
victims,2019,5.1,Theft,2,41-64,F,21434,f,t,0.178031,
victims,2019,5.1,Theft,2,41-64,U,10,f,t,0.000083,
victims,2019,5.1,Theft,2,65+,M,6091,f,t,0.050592,
victims,2019,5.1,Theft,2,65+,F,8695,f,t,0.072221,
victims,2019,5.1,Theft,2,65+,U,20,f,t,0.000166,
victims,2019,5.1,Theft,2,U,M,199,f,f,0.001653,
victims,2019,5.1,Theft,2,U,F,77,f,f,0.000640,
victims,2019,5.1,Theft,2,U,U,54,f,f,0.000449,
victims,2019,5.2,Burglary involving forced entry,2,0-13,M,10,f,f,0.000319,
victims,2019,5.2,Burglary involving forced entry,2,0-13,F,1,f,f,0.000032,
victims,2019,5.2,Burglary involving forced entry,2,0-13,U,0,f,f,0.000000,
victims,2019,5.2,Burglary involving forced entry,2,14-17,M,27,f,t,0.000861,
victims,2019,5.2,Burglary involving forced entry,2,14-17,F,10,f,t,0.000319,
victims,2019,5.2,Burglary involving forced entry,2,14-17,U,0,f,t,0.000000,
victims,2019,5.2,Burglary involving forced entry,2,18-30,M,3119,f,t,0.099477,
victims,2019,5.2,Burglary involving forced entry,2,18-30,F,1457,f,t,0.046469,
victims,2019,5.2,Burglary involving forced entry,2,18-30,U,0,f,t,0.000000,
victims,2019,5.2,Burglary involving forced entry,2,31-40,M,5601,f,t,0.178637,
victims,2019,5.2,Burglary involving forced entry,2,31-40,F,2288,f,t,0.072973,
victims,2019,5.2,Burglary involving forced entry,2,31-40,U,1,f,t,0.000032,
victims,2019,5.2,Burglary involving forced entry,2,41-64,M,11926,f,t,0.380366,
victims,2019,5.2,Burglary involving forced entry,2,41-64,F,4304,f,t,0.137271,
victims,2019,5.2,Burglary involving forced entry,2,41-64,U,0,f,t,0.000000,
victims,2019,5.2,Burglary involving forced entry,2,65+,M,1705,f,t,0.054379,
victims,2019,5.2,Burglary involving forced entry,2,65+,F,892,f,t,0.028449,
victims,2019,5.2,Burglary involving forced entry,2,65+,U,0,f,t,0.000000,
victims,2019,5.2,Burglary involving forced entry,2,U,M,10,f,f,0.000319,
victims,2019,5.2,Burglary involving forced entry,2,U,F,3,f,f,0.000096,
victims,2019,5.2,Burglary involving forced entry,2,U,U,0,f,f,0.000000,
victims,2019,5.2.1,Theft from vehicles by forced entry,3,0-13,M,4,f,f,0.000224,
victims,2019,5.2.1,Theft from vehicles by forced entry,3,0-13,F,0,f,f,0.000000,
victims,2019,5.2.1,Theft from vehicles by forced entry,3,0-13,U,0,f,f,0.000000,
victims,2019,5.2.1,Theft from vehicles by forced entry,3,14-17,M,1,f,t,0.000056,
victims,2019,5.2.1,Theft from vehicles by forced entry,3,14-17,F,1,f,t,0.000056,
victims,2019,5.2.1,Theft from vehicles by forced entry,3,14-17,U,0,f,t,0.000000,
victims,2019,5.2.1,Theft from vehicles by forced entry,3,18-30,M,2308,f,t,0.129496,
victims,2019,5.2.1,Theft from vehicles by forced entry,3,18-30,F,836,f,t,0.046906,
victims,2019,5.2.1,Theft from vehicles by forced entry,3,18-30,U,0,f,t,0.000000,
victims,2019,5.2.1,Theft from vehicles by forced entry,3,31-40,M,3772,f,t,0.211637,
victims,2019,5.2.1,Theft from vehicles by forced entry,3,31-40,F,1166,f,t,0.065421,
victims,2019,5.2.1,Theft from vehicles by forced entry,3,31-40,U,0,f,t,0.000000,
victims,2019,5.2.1,Theft from vehicles by forced entry,3,41-64,M,7320,f,t,0.410705,
victims,2019,5.2.1,Theft from vehicles by forced entry,3,41-64,F,1709,f,t,0.095887,
victims,2019,5.2.1,Theft from vehicles by forced entry,3,41-64,U,0,f,t,0.000000,
victims,2019,5.2.1,Theft from vehicles by forced entry,3,65+,M,557,f,t,0.031252,
victims,2019,5.2.1,Theft from vehicles by forced entry,3,65+,F,142,f,t,0.007967,
victims,2019,5.2.1,Theft from vehicles by forced entry,3,65+,U,0,f,t,0.000000,
victims,2019,5.2.1,Theft from vehicles by forced entry,3,U,M,7,f,f,0.000393,
victims,2019,5.2.1,Theft from vehicles by forced entry,3,U,F,0,f,f,0.000000,
victims,2019,5.2.1,Theft from vehicles by forced entry,3,U,U,0,f,f,0.000000,
victims,2019,5.2.2,Domestic burglary,3,0-13,M,5,f,f,0.000745,
victims,2019,5.2.2,Domestic burglary,3,0-13,F,1,f,f,0.000149,
victims,2019,5.2.2,Domestic burglary,3,0-13,U,0,f,f,0.000000,
victims,2019,5.2.2,Domestic burglary,3,14-17,M,2,f,t,0.000298,
victims,2019,5.2.2,Domestic burglary,3,14-17,F,3,f,t,0.000447,
victims,2019,5.2.2,Domestic burglary,3,14-17,U,0,f,t,0.000000,
victims,2019,5.2.2,Domestic burglary,3,18-30,M,301,f,t,0.044858,
victims,2019,5.2.2,Domestic burglary,3,18-30,F,337,f,t,0.050224,
victims,2019,5.2.2,Domestic burglary,3,18-30,U,0,f,t,0.000000,
victims,2019,5.2.2,Domestic burglary,3,31-40,M,703,f,t,0.104769,
victims,2019,5.2.2,Domestic burglary,3,31-40,F,527,f,t,0.078539,
victims,2019,5.2.2,Domestic burglary,3,31-40,U,1,f,t,0.000149,
victims,2019,5.2.2,Domestic burglary,3,41-64,M,1827,f,t,0.272280,
victims,2019,5.2.2,Domestic burglary,3,41-64,F,1460,f,t,0.217586,
victims,2019,5.2.2,Domestic burglary,3,41-64,U,0,f,t,0.000000,
victims,2019,5.2.2,Domestic burglary,3,65+,M,892,f,t,0.132936,
victims,2019,5.2.2,Domestic burglary,3,65+,F,647,f,t,0.096423,
victims,2019,5.2.2,Domestic burglary,3,65+,U,0,f,t,0.000000,
victims,2019,5.2.2,Domestic burglary,3,U,M,1,f,f,0.000149,
victims,2019,5.2.2,Domestic burglary,3,U,F,3,f,f,0.000447,
victims,2019,5.2.2,Domestic burglary,3,U,U,0,f,f,0.000000,
victims,2019,5.2.3,Burglary of commercial premises,3,0-13,M,0,f,f,0.000000,
victims,2019,5.2.3,Burglary of commercial premises,3,0-13,F,0,f,f,0.000000,
victims,2019,5.2.3,Burglary of commercial premises,3,0-13,U,0,f,f,0.000000,
victims,2019,5.2.3,Burglary of commercial premises,3,14-17,M,2,f,t,0.000480,
victims,2019,5.2.3,Burglary of commercial premises,3,14-17,F,0,f,t,0.000000,
victims,2019,5.2.3,Burglary of commercial premises,3,14-17,U,0,f,t,0.000000,
victims,2019,5.2.3,Burglary of commercial premises,3,18-30,M,245,f,t,0.058838,
victims,2019,5.2.3,Burglary of commercial premises,3,18-30,F,151,f,t,0.036263,
victims,2019,5.2.3,Burglary of commercial premises,3,18-30,U,0,f,t,0.000000,
victims,2019,5.2.3,Burglary of commercial premises,3,31-40,M,721,f,t,0.173151,
victims,2019,5.2.3,Burglary of commercial premises,3,31-40,F,412,f,t,0.098943,
victims,2019,5.2.3,Burglary of commercial premises,3,31-40,U,0,f,t,0.000000,
victims,2019,5.2.3,Burglary of commercial premises,3,41-64,M,1728,f,t,0.414986,
victims,2019,5.2.3,Burglary of commercial premises,3,41-64,F,732,f,t,0.175793,
victims,2019,5.2.3,Burglary of commercial premises,3,41-64,U,0,f,t,0.000000,
victims,2019,5.2.3,Burglary of commercial premises,3,65+,M,124,f,t,0.029779,
victims,2019,5.2.3,Burglary of commercial premises,3,65+,F,48,f,t,0.011527,
victims,2019,5.2.3,Burglary of commercial premises,3,65+,U,0,f,t,0.000000,
victims,2019,5.2.3,Burglary of commercial premises,3,U,M,1,f,f,0.000240,
victims,2019,5.2.3,Burglary of commercial premises,3,U,F,0,f,f,0.000000,
victims,2019,5.2.3,Burglary of commercial premises,3,U,U,0,f,f,0.000000,
victims,2019,5.3,Robbery with violence or intimidation,2,0-13,M,165,f,f,0.010305,
victims,2019,5.3,Robbery with violence or intimidation,2,0-13,F,21,f,f,0.001312,
victims,2019,5.3,Robbery with violence or intimidation,2,0-13,U,0,f,f,0.000000,
victims,2019,5.3,Robbery with violence or intimidation,2,14-17,M,1014,f,t,0.063328,
victims,2019,5.3,Robbery with violence or intimidation,2,14-17,F,277,f,t,0.017300,
victims,2019,5.3,Robbery with violence or intimidation,2,14-17,U,1,f,t,0.000062,
victims,2019,5.3,Robbery with violence or intimidation,2,18-30,M,3597,f,t,0.224644,
victims,2019,5.3,Robbery with violence or intimidation,2,18-30,F,1971,f,t,0.123095,
victims,2019,5.3,Robbery with violence or intimidation,2,18-30,U,0,f,t,0.000000,
victims,2019,5.3,Robbery with violence or intimidation,2,31-40,M,1658,f,t,0.103547,
victims,2019,5.3,Robbery with violence or intimidation,2,31-40,F,969,f,t,0.060517,
victims,2019,5.3,Robbery with violence or intimidation,2,31-40,U,1,f,t,0.000062,
victims,2019,5.3,Robbery with violence or intimidation,2,41-64,M,2661,f,t,0.166188,
victims,2019,5.3,Robbery with violence or intimidation,2,41-64,F,2030,f,t,0.126780,
victims,2019,5.3,Robbery with violence or intimidation,2,41-64,U,9,f,t,0.000562,
victims,2019,5.3,Robbery with violence or intimidation,2,65+,M,655,f,t,0.040907,
victims,2019,5.3,Robbery with violence or intimidation,2,65+,F,952,f,t,0.059455,
victims,2019,5.3,Robbery with violence or intimidation,2,65+,U,3,f,t,0.000187,
victims,2019,5.3,Robbery with violence or intimidation,2,U,M,19,f,f,0.001187,
victims,2019,5.3,Robbery with violence or intimidation,2,U,F,8,f,f,0.000500,
victims,2019,5.3,Robbery with violence or intimidation,2,U,U,1,f,f,0.000062,
victims,2019,5.3.1,Street robbery,3,0-13,M,114,f,f,0.010078,
victims,2019,5.3.1,Street robbery,3,0-13,F,16,f,f,0.001414,
victims,2019,5.3.1,Street robbery,3,0-13,U,0,f,f,0.000000,
victims,2019,5.3.1,Street robbery,3,14-17,M,759,f,t,0.067097,
victims,2019,5.3.1,Street robbery,3,14-17,F,178,f,t,0.015736,
victims,2019,5.3.1,Street robbery,3,14-17,U,1,f,t,0.000088,
victims,2019,5.3.1,Street robbery,3,18-30,M,2646,f,t,0.233911,
victims,2019,5.3.1,Street robbery,3,18-30,F,1319,f,t,0.116602,
victims,2019,5.3.1,Street robbery,3,18-30,U,0,f,t,0.000000,
victims,2019,5.3.1,Street robbery,3,31-40,M,1232,f,t,0.108911,
victims,2019,5.3.1,Street robbery,3,31-40,F,660,f,t,0.058345,
victims,2019,5.3.1,Street robbery,3,31-40,U,1,f,t,0.000088,
victims,2019,5.3.1,Street robbery,3,41-64,M,1892,f,t,0.167256,
victims,2019,5.3.1,Street robbery,3,41-64,F,1378,f,t,0.121818,
victims,2019,5.3.1,Street robbery,3,41-64,U,5,f,t,0.000442,
victims,2019,5.3.1,Street robbery,3,65+,M,452,f,t,0.039958,
victims,2019,5.3.1,Street robbery,3,65+,F,644,f,t,0.056931,
victims,2019,5.3.1,Street robbery,3,65+,U,2,f,t,0.000177,
victims,2019,5.3.1,Street robbery,3,U,M,10,f,f,0.000884,
victims,2019,5.3.1,Street robbery,3,U,F,2,f,f,0.000177,
victims,2019,5.3.1,Street robbery,3,U,U,1,f,f,0.000088,
victims,2019,5.3.2,Robbery in dwellings,3,0-13,M,8,f,f,0.009019,
victims,2019,5.3.2,Robbery in dwellings,3,0-13,F,2,f,f,0.002255,
victims,2019,5.3.2,Robbery in dwellings,3,0-13,U,0,f,f,0.000000,
victims,2019,5.3.2,Robbery in dwellings,3,14-17,M,15,f,t,0.016911,
victims,2019,5.3.2,Robbery in dwellings,3,14-17,F,7,f,t,0.007892,
victims,2019,5.3.2,Robbery in dwellings,3,14-17,U,0,f,t,0.000000,
victims,2019,5.3.2,Robbery in dwellings,3,18-30,M,80,f,t,0.090192,
victims,2019,5.3.2,Robbery in dwellings,3,18-30,F,57,f,t,0.064262,
victims,2019,5.3.2,Robbery in dwellings,3,18-30,U,0,f,t,0.000000,
victims,2019,5.3.2,Robbery in dwellings,3,31-40,M,59,f,t,0.066516,
victims,2019,5.3.2,Robbery in dwellings,3,31-40,F,36,f,t,0.040586,
victims,2019,5.3.2,Robbery in dwellings,3,31-40,U,0,f,t,0.000000,
victims,2019,5.3.2,Robbery in dwellings,3,41-64,M,167,f,t,0.188275,
victims,2019,5.3.2,Robbery in dwellings,3,41-64,F,119,f,t,0.134160,
victims,2019,5.3.2,Robbery in dwellings,3,41-64,U,0,f,t,0.000000,
victims,2019,5.3.2,Robbery in dwellings,3,65+,M,106,f,t,0.119504,
victims,2019,5.3.2,Robbery in dwellings,3,65+,F,229,f,t,0.258174,
victims,2019,5.3.2,Robbery in dwellings,3,65+,U,0,f,t,0.000000,
victims,2019,5.3.2,Robbery in dwellings,3,U,M,1,f,f,0.001127,
victims,2019,5.3.2,Robbery in dwellings,3,U,F,1,f,f,0.001127,
victims,2019,5.3.2,Robbery in dwellings,3,U,U,0,f,f,0.000000,
victims,2019,5.3.3,Robbery of commercial premises,3,0-13,M,4,f,f,0.002424,
victims,2019,5.3.3,Robbery of commercial premises,3,0-13,F,0,f,f,0.000000,
victims,2019,5.3.3,Robbery of commercial premises,3,0-13,U,0,f,f,0.000000,
victims,2019,5.3.3,Robbery of commercial premises,3,14-17,M,17,f,t,0.010303,
victims,2019,5.3.3,Robbery of commercial premises,3,14-17,F,12,f,t,0.007273,
victims,2019,5.3.3,Robbery of commercial premises,3,14-17,U,0,f,t,0.000000,
victims,2019,5.3.3,Robbery of commercial premises,3,18-30,M,287,f,t,0.173939,
victims,2019,5.3.3,Robbery of commercial premises,3,18-30,F,297,f,t,0.180000,
victims,2019,5.3.3,Robbery of commercial premises,3,18-30,U,0,f,t,0.000000,
victims,2019,5.3.3,Robbery of commercial premises,3,31-40,M,201,f,t,0.121818,
victims,2019,5.3.3,Robbery of commercial premises,3,31-40,F,164,f,t,0.099394,
victims,2019,5.3.3,Robbery of commercial premises,3,31-40,U,0,f,t,0.000000,
victims,2019,5.3.3,Robbery of commercial premises,3,41-64,M,313,f,t,0.189697,
victims,2019,5.3.3,Robbery of commercial premises,3,41-64,F,292,f,t,0.176970,
victims,2019,5.3.3,Robbery of commercial premises,3,41-64,U,0,f,t,0.000000,
victims,2019,5.3.3,Robbery of commercial premises,3,65+,M,34,f,t,0.020606,
victims,2019,5.3.3,Robbery of commercial premises,3,65+,F,23,f,t,0.013939,
victims,2019,5.3.3,Robbery of commercial premises,3,65+,U,0,f,t,0.000000,
victims,2019,5.3.3,Robbery of commercial premises,3,U,M,4,f,f,0.002424,
victims,2019,5.3.3,Robbery of commercial premises,3,U,F,2,f,f,0.001212,
victims,2019,5.3.3,Robbery of commercial premises,3,U,U,0,f,f,0.000000,
victims,2019,5.4,Vehicle theft,2,0-13,M,2,f,f,0.000293,
victims,2019,5.4,Vehicle theft,2,0-13,F,1,f,f,0.000147,
victims,2019,5.4,Vehicle theft,2,0-13,U,0,f,f,0.000000,
victims,2019,5.4,Vehicle theft,2,14-17,M,0,f,t,0.000000,
victims,2019,5.4,Vehicle theft,2,14-17,F,0,f,t,0.000000,
victims,2019,5.4,Vehicle theft,2,14-17,U,0,f,t,0.000000,
victims,2019,5.4,Vehicle theft,2,18-30,M,1051,f,t,0.154060,
victims,2019,5.4,Vehicle theft,2,18-30,F,269,f,t,0.039431,
victims,2019,5.4,Vehicle theft,2,18-30,U,0,f,t,0.000000,
victims,2019,5.4,Vehicle theft,2,31-40,M,1537,f,t,0.225300,
victims,2019,5.4,Vehicle theft,2,31-40,F,463,f,t,0.067869,
victims,2019,5.4,Vehicle theft,2,31-40,U,0,f,t,0.000000,
victims,2019,5.4,Vehicle theft,2,41-64,M,2434,f,t,0.356787,
victims,2019,5.4,Vehicle theft,2,41-64,F,638,f,t,0.093521,
victims,2019,5.4,Vehicle theft,2,41-64,U,0,f,t,0.000000,
victims,2019,5.4,Vehicle theft,2,65+,M,356,f,t,0.052184,
victims,2019,5.4,Vehicle theft,2,65+,F,70,f,t,0.010261,
victims,2019,5.4,Vehicle theft,2,65+,U,0,f,t,0.000000,
victims,2019,5.4,Vehicle theft,2,U,M,0,f,f,0.000000,
victims,2019,5.4,Vehicle theft,2,U,F,1,f,f,0.000147,
victims,2019,5.4,Vehicle theft,2,U,U,0,f,f,0.000000,
victims,2019,5.5,Fraud,2,0-13,M,12,f,f,0.000256,
victims,2019,5.5,Fraud,2,0-13,F,8,f,f,0.000171,
victims,2019,5.5,Fraud,2,0-13,U,0,f,f,0.000000,
victims,2019,5.5,Fraud,2,14-17,M,38,f,t,0.000810,
victims,2019,5.5,Fraud,2,14-17,F,28,f,t,0.000597,
victims,2019,5.5,Fraud,2,14-17,U,0,f,t,0.000000,
victims,2019,5.5,Fraud,2,18-30,M,4991,f,t,0.106404,
victims,2019,5.5,Fraud,2,18-30,F,5363,f,t,0.114335,
victims,2019,5.5,Fraud,2,18-30,U,1,f,t,0.000021,
victims,2019,5.5,Fraud,2,31-40,M,5461,f,t,0.116424,
victims,2019,5.5,Fraud,2,31-40,F,5081,f,t,0.108323,
victims,2019,5.5,Fraud,2,31-40,U,1,f,t,0.000021,
victims,2019,5.5,Fraud,2,41-64,M,11515,f,t,0.245491,
victims,2019,5.5,Fraud,2,41-64,F,9754,f,t,0.207948,
victims,2019,5.5,Fraud,2,41-64,U,3,f,t,0.000064,
victims,2019,5.5,Fraud,2,65+,M,2632,f,t,0.056112,
victims,2019,5.5,Fraud,2,65+,F,2003,f,t,0.042702,
victims,2019,5.5,Fraud,2,65+,U,1,f,t,0.000021,
victims,2019,5.5,Fraud,2,U,M,7,f,f,0.000149,
victims,2019,5.5,Fraud,2,U,F,6,f,f,0.000128,
victims,2019,5.5,Fraud,2,U,U,1,f,f,0.000021,
victims,2019,5.5.1,Computer enabled fraud,3,0-13,M,7,f,f,0.000268,
victims,2019,5.5.1,Computer enabled fraud,3,0-13,F,4,f,f,0.000153,
victims,2019,5.5.1,Computer enabled fraud,3,0-13,U,0,f,f,0.000000,
victims,2019,5.5.1,Computer enabled fraud,3,14-17,M,21,f,t,0.000804,
victims,2019,5.5.1,Computer enabled fraud,3,14-17,F,20,f,t,0.000765,
victims,2019,5.5.1,Computer enabled fraud,3,14-17,U,0,f,t,0.000000,
victims,2019,5.5.1,Computer enabled fraud,3,18-30,M,2830,f,t,0.108296,
victims,2019,5.5.1,Computer enabled fraud,3,18-30,F,3079,f,t,0.117825,
victims,2019,5.5.1,Computer enabled fraud,3,18-30,U,1,f,t,0.000038,
victims,2019,5.5.1,Computer enabled fraud,3,31-40,M,3059,f,t,0.117060,
victims,2019,5.5.1,Computer enabled fraud,3,31-40,F,2946,f,t,0.112735,
victims,2019,5.5.1,Computer enabled fraud,3,31-40,U,0,f,t,0.000000,
victims,2019,5.5.1,Computer enabled fraud,3,41-64,M,6316,f,t,0.241696,
victims,2019,5.5.1,Computer enabled fraud,3,41-64,F,5703,f,t,0.218238,
victims,2019,5.5.1,Computer enabled fraud,3,41-64,U,2,f,t,0.000077,
victims,2019,5.5.1,Computer enabled fraud,3,65+,M,1289,f,t,0.049326,
victims,2019,5.5.1,Computer enabled fraud,3,65+,F,852,f,t,0.032604,
victims,2019,5.5.1,Computer enabled fraud,3,65+,U,0,f,t,0.000000,
victims,2019,5.5.1,Computer enabled fraud,3,U,M,0,f,f,0.000000,
victims,2019,5.5.1,Computer enabled fraud,3,U,F,3,f,f,0.000115,
victims,2019,5.5.1,Computer enabled fraud,3,U,U,0,f,f,0.000000,
victims,2019,5.6,Criminal damage,2,0-13,M,3,f,f,0.000104,
victims,2019,5.6,Criminal damage,2,0-13,F,3,f,f,0.000104,
victims,2019,5.6,Criminal damage,2,0-13,U,0,f,f,0.000000,
victims,2019,5.6,Criminal damage,2,14-17,M,8,f,t,0.000279,
victims,2019,5.6,Criminal damage,2,14-17,F,4,f,t,0.000139,
victims,2019,5.6,Criminal damage,2,14-17,U,0,f,t,0.000000,
victims,2019,5.6,Criminal damage,2,18-30,M,2333,f,t,0.081241,
victims,2019,5.6,Criminal damage,2,18-30,F,1291,f,t,0.044956,
victims,2019,5.6,Criminal damage,2,18-30,U,0,f,t,0.000000,
victims,2019,5.6,Criminal damage,2,31-40,M,4250,f,t,0.147996,
victims,2019,5.6,Criminal damage,2,31-40,F,2416,f,t,0.084131,
victims,2019,5.6,Criminal damage,2,31-40,U,1,f,t,0.000035,
victims,2019,5.6,Criminal damage,2,41-64,M,10368,f,t,0.361040,
victims,2019,5.6,Criminal damage,2,41-64,F,5064,f,t,0.176342,
victims,2019,5.6,Criminal damage,2,41-64,U,2,f,t,0.000070,
victims,2019,5.6,Criminal damage,2,65+,M,2041,f,t,0.071073,
victims,2019,5.6,Criminal damage,2,65+,F,912,f,t,0.031758,
victims,2019,5.6,Criminal damage,2,65+,U,2,f,t,0.000070,
victims,2019,5.6,Criminal damage,2,U,M,8,f,f,0.000279,
victims,2019,5.6,Criminal damage,2,U,F,5,f,f,0.000174,
victims,2019,5.6,Criminal damage,2,U,U,6,f,f,0.000209,
victims,2019,5.7,Offences against intellectual and industrial property,2,0-13,M,0,f,f,0.000000,
victims,2019,5.7,Offences against intellectual and industrial property,2,0-13,F,0,f,f,0.000000,
victims,2019,5.7,Offences against intellectual and industrial property,2,0-13,U,0,f,f,0.000000,
victims,2019,5.7,Offences against intellectual and industrial property,2,14-17,M,0,f,t,0.000000,
victims,2019,5.7,Offences against intellectual and industrial property,2,14-17,F,0,f,t,0.000000,
victims,2019,5.7,Offences against intellectual and industrial property,2,14-17,U,0,f,t,0.000000,
victims,2019,5.7,Offences against intellectual and industrial property,2,18-30,M,3,f,t,0.103448,
victims,2019,5.7,Offences against intellectual and industrial property,2,18-30,F,2,f,t,0.068966,
victims,2019,5.7,Offences against intellectual and industrial property,2,18-30,U,0,f,t,0.000000,
victims,2019,5.7,Offences against intellectual and industrial property,2,31-40,M,3,f,t,0.103448,
victims,2019,5.7,Offences against intellectual and industrial property,2,31-40,F,3,f,t,0.103448,
victims,2019,5.7,Offences against intellectual and industrial property,2,31-40,U,0,f,t,0.000000,
victims,2019,5.7,Offences against intellectual and industrial property,2,41-64,M,11,f,t,0.379310,
victims,2019,5.7,Offences against intellectual and industrial property,2,41-64,F,5,f,t,0.172414,
victims,2019,5.7,Offences against intellectual and industrial property,2,41-64,U,0,f,t,0.000000,
victims,2019,5.7,Offences against intellectual and industrial property,2,65+,M,2,f,t,0.068966,
victims,2019,5.7,Offences against intellectual and industrial property,2,65+,F,0,f,t,0.000000,
victims,2019,5.7,Offences against intellectual and industrial property,2,65+,U,0,f,t,0.000000,
victims,2019,5.7,Offences against intellectual and industrial property,2,U,M,0,f,f,0.000000,
victims,2019,5.7,Offences against intellectual and industrial property,2,U,F,0,f,f,0.000000,
victims,2019,5.7,Offences against intellectual and industrial property,2,U,U,0,f,f,0.000000,
victims,2019,5.8,Money laundering,2,0-13,M,0,f,f,0.000000,
victims,2019,5.8,Money laundering,2,0-13,F,0,f,f,0.000000,
victims,2019,5.8,Money laundering,2,0-13,U,0,f,f,0.000000,
victims,2019,5.8,Money laundering,2,14-17,M,0,f,t,0.000000,
victims,2019,5.8,Money laundering,2,14-17,F,0,f,t,0.000000,
victims,2019,5.8,Money laundering,2,14-17,U,0,f,t,0.000000,
victims,2019,5.8,Money laundering,2,18-30,M,0,f,t,0.000000,
victims,2019,5.8,Money laundering,2,18-30,F,2,f,t,0.222222,
victims,2019,5.8,Money laundering,2,18-30,U,0,f,t,0.000000,
victims,2019,5.8,Money laundering,2,31-40,M,0,f,t,0.000000,
victims,2019,5.8,Money laundering,2,31-40,F,3,f,t,0.333333,
victims,2019,5.8,Money laundering,2,31-40,U,0,f,t,0.000000,
victims,2019,5.8,Money laundering,2,41-64,M,1,f,t,0.111111,
victims,2019,5.8,Money laundering,2,41-64,F,3,f,t,0.333333,
victims,2019,5.8,Money laundering,2,41-64,U,0,f,t,0.000000,
victims,2019,5.8,Money laundering,2,65+,M,0,f,t,0.000000,
victims,2019,5.8,Money laundering,2,65+,F,0,f,t,0.000000,
victims,2019,5.8,Money laundering,2,65+,U,0,f,t,0.000000,
victims,2019,5.8,Money laundering,2,U,M,0,f,f,0.000000,
victims,2019,5.8,Money laundering,2,U,F,0,f,f,0.000000,
victims,2019,5.8,Money laundering,2,U,U,0,f,f,0.000000,
victims,2019,5.9,Other property offences,2,0-13,M,7,f,f,0.001444,
victims,2019,5.9,Other property offences,2,0-13,F,6,f,f,0.001238,
victims,2019,5.9,Other property offences,2,0-13,U,1,f,f,0.000206,
victims,2019,5.9,Other property offences,2,14-17,M,22,f,t,0.004539,
victims,2019,5.9,Other property offences,2,14-17,F,26,f,t,0.005364,
victims,2019,5.9,Other property offences,2,14-17,U,0,f,t,0.000000,
victims,2019,5.9,Other property offences,2,18-30,M,532,f,t,0.109759,
victims,2019,5.9,Other property offences,2,18-30,F,490,f,t,0.101093,
victims,2019,5.9,Other property offences,2,18-30,U,0,f,t,0.000000,
victims,2019,5.9,Other property offences,2,31-40,M,599,f,t,0.123582,
victims,2019,5.9,Other property offences,2,31-40,F,376,f,t,0.077574,
victims,2019,5.9,Other property offences,2,31-40,U,0,f,t,0.000000,
victims,2019,5.9,Other property offences,2,41-64,M,1338,f,t,0.276047,
victims,2019,5.9,Other property offences,2,41-64,F,885,f,t,0.182587,
victims,2019,5.9,Other property offences,2,41-64,U,1,f,t,0.000206,
victims,2019,5.9,Other property offences,2,65+,M,336,f,t,0.069321,
victims,2019,5.9,Other property offences,2,65+,F,215,f,t,0.044357,
victims,2019,5.9,Other property offences,2,65+,U,3,f,t,0.000619,
victims,2019,5.9,Other property offences,2,U,M,4,f,f,0.000825,
victims,2019,5.9,Other property offences,2,U,F,2,f,f,0.000413,
victims,2019,5.9,Other property offences,2,U,U,4,f,f,0.000825,
victims,2019,6,Offences against public safety,1,0-13,M,1,f,f,0.005587,
victims,2019,6,Offences against public safety,1,0-13,F,0,f,f,0.000000,
victims,2019,6,Offences against public safety,1,0-13,U,0,f,f,0.000000,
victims,2019,6,Offences against public safety,1,14-17,M,2,f,t,0.011173,
victims,2019,6,Offences against public safety,1,14-17,F,3,f,t,0.016760,
victims,2019,6,Offences against public safety,1,14-17,U,0,f,t,0.000000,
victims,2019,6,Offences against public safety,1,18-30,M,27,f,t,0.150838,
victims,2019,6,Offences against public safety,1,18-30,F,11,f,t,0.061453,
victims,2019,6,Offences against public safety,1,18-30,U,0,f,t,0.000000,
victims,2019,6,Offences against public safety,1,31-40,M,30,f,t,0.167598,
victims,2019,6,Offences against public safety,1,31-40,F,10,f,t,0.055866,
victims,2019,6,Offences against public safety,1,31-40,U,0,f,t,0.000000,
victims,2019,6,Offences against public safety,1,41-64,M,44,f,t,0.245810,
victims,2019,6,Offences against public safety,1,41-64,F,29,f,t,0.162011,
victims,2019,6,Offences against public safety,1,41-64,U,0,f,t,0.000000,
victims,2019,6,Offences against public safety,1,65+,M,8,f,t,0.044693,
victims,2019,6,Offences against public safety,1,65+,F,5,f,t,0.027933,
victims,2019,6,Offences against public safety,1,65+,U,0,f,t,0.000000,
victims,2019,6,Offences against public safety,1,U,M,9,f,f,0.050279,
victims,2019,6,Offences against public safety,1,U,F,0,f,f,0.000000,
victims,2019,6,Offences against public safety,1,U,U,0,f,f,0.000000,
victims,2019,6.1,Drug trafficking,2,0-13,M,0,f,f,0.000000,
victims,2019,6.1,Drug trafficking,2,0-13,F,0,f,f,0.000000,
victims,2019,6.1,Drug trafficking,2,0-13,U,0,f,f,0.000000,
victims,2019,6.1,Drug trafficking,2,14-17,M,2,f,t,0.071429,
victims,2019,6.1,Drug trafficking,2,14-17,F,1,f,t,0.035714,
victims,2019,6.1,Drug trafficking,2,14-17,U,0,f,t,0.000000,
victims,2019,6.1,Drug trafficking,2,18-30,M,7,f,t,0.250000,
victims,2019,6.1,Drug trafficking,2,18-30,F,1,f,t,0.035714,
victims,2019,6.1,Drug trafficking,2,18-30,U,0,f,t,0.000000,
victims,2019,6.1,Drug trafficking,2,31-40,M,4,f,t,0.142857,
victims,2019,6.1,Drug trafficking,2,31-40,F,1,f,t,0.035714,
victims,2019,6.1,Drug trafficking,2,31-40,U,0,f,t,0.000000,
victims,2019,6.1,Drug trafficking,2,41-64,M,5,f,t,0.178571,
victims,2019,6.1,Drug trafficking,2,41-64,F,3,f,t,0.107143,
victims,2019,6.1,Drug trafficking,2,41-64,U,0,f,t,0.000000,
victims,2019,6.1,Drug trafficking,2,65+,M,0,f,t,0.000000,
victims,2019,6.1,Drug trafficking,2,65+,F,0,f,t,0.000000,
victims,2019,6.1,Drug trafficking,2,65+,U,0,f,t,0.000000,
victims,2019,6.1,Drug trafficking,2,U,M,4,f,f,0.142857,
victims,2019,6.1,Drug trafficking,2,U,F,0,f,f,0.000000,
victims,2019,6.1,Drug trafficking,2,U,U,0,f,f,0.000000,
victims,2019,6.2,Road safety offences,2,0-13,M,0,f,f,0.000000,
victims,2019,6.2,Road safety offences,2,0-13,F,0,f,f,0.000000,
victims,2019,6.2,Road safety offences,2,0-13,U,0,f,f,0.000000,
victims,2019,6.2,Road safety offences,2,14-17,M,0,f,t,0.000000,
victims,2019,6.2,Road safety offences,2,14-17,F,0,f,t,0.000000,
victims,2019,6.2,Road safety offences,2,14-17,U,0,f,t,0.000000,
victims,2019,6.2,Road safety offences,2,18-30,M,11,f,t,0.135802,
victims,2019,6.2,Road safety offences,2,18-30,F,6,f,t,0.074074,
victims,2019,6.2,Road safety offences,2,18-30,U,0,f,t,0.000000,
victims,2019,6.2,Road safety offences,2,31-40,M,17,f,t,0.209877,
victims,2019,6.2,Road safety offences,2,31-40,F,6,f,t,0.074074,
victims,2019,6.2,Road safety offences,2,31-40,U,0,f,t,0.000000,
victims,2019,6.2,Road safety offences,2,41-64,M,23,f,t,0.283951,
victims,2019,6.2,Road safety offences,2,41-64,F,11,f,t,0.135802,
victims,2019,6.2,Road safety offences,2,41-64,U,0,f,t,0.000000,
victims,2019,6.2,Road safety offences,2,65+,M,3,f,t,0.037037,
victims,2019,6.2,Road safety offences,2,65+,F,0,f,t,0.000000,
victims,2019,6.2,Road safety offences,2,65+,U,0,f,t,0.000000,
victims,2019,6.2,Road safety offences,2,U,M,4,f,f,0.049383,
victims,2019,6.2,Road safety offences,2,U,F,0,f,f,0.000000,
victims,2019,6.2,Road safety offences,2,U,U,0,f,f,0.000000,
victims,2019,6.3,Other offences against public safety,2,0-13,M,1,f,f,0.014286,
victims,2019,6.3,Other offences against public safety,2,0-13,F,0,f,f,0.000000,
victims,2019,6.3,Other offences against public safety,2,0-13,U,0,f,f,0.000000,
victims,2019,6.3,Other offences against public safety,2,14-17,M,0,f,t,0.000000,
victims,2019,6.3,Other offences against public safety,2,14-17,F,2,f,t,0.028571,
victims,2019,6.3,Other offences against public safety,2,14-17,U,0,f,t,0.000000,
victims,2019,6.3,Other offences against public safety,2,18-30,M,9,f,t,0.128571,
victims,2019,6.3,Other offences against public safety,2,18-30,F,4,f,t,0.057143,
victims,2019,6.3,Other offences against public safety,2,18-30,U,0,f,t,0.000000,
victims,2019,6.3,Other offences against public safety,2,31-40,M,9,f,t,0.128571,
victims,2019,6.3,Other offences against public safety,2,31-40,F,3,f,t,0.042857,
victims,2019,6.3,Other offences against public safety,2,31-40,U,0,f,t,0.000000,
victims,2019,6.3,Other offences against public safety,2,41-64,M,16,f,t,0.228571,
victims,2019,6.3,Other offences against public safety,2,41-64,F,15,f,t,0.214286,
victims,2019,6.3,Other offences against public safety,2,41-64,U,0,f,t,0.000000,
victims,2019,6.3,Other offences against public safety,2,65+,M,5,f,t,0.071429,
victims,2019,6.3,Other offences against public safety,2,65+,F,5,f,t,0.071429,
victims,2019,6.3,Other offences against public safety,2,65+,U,0,f,t,0.000000,
victims,2019,6.3,Other offences against public safety,2,U,M,1,f,f,0.014286,
victims,2019,6.3,Other offences against public safety,2,U,F,0,f,f,0.000000,
victims,2019,6.3,Other offences against public safety,2,U,U,0,f,f,0.000000,
victims,2019,7,Forgery offences,1,0-13,M,2,f,f,0.000991,
victims,2019,7,Forgery offences,1,0-13,F,4,f,f,0.001982,
victims,2019,7,Forgery offences,1,0-13,U,0,f,f,0.000000,
victims,2019,7,Forgery offences,1,14-17,M,2,f,t,0.000991,
victims,2019,7,Forgery offences,1,14-17,F,8,f,t,0.003964,
victims,2019,7,Forgery offences,1,14-17,U,0,f,t,0.000000,
victims,2019,7,Forgery offences,1,18-30,M,207,f,t,0.102577,
victims,2019,7,Forgery offences,1,18-30,F,211,f,t,0.104559,
victims,2019,7,Forgery offences,1,18-30,U,0,f,t,0.000000,
victims,2019,7,Forgery offences,1,31-40,M,283,f,t,0.140238,
victims,2019,7,Forgery offences,1,31-40,F,237,f,t,0.117443,
victims,2019,7,Forgery offences,1,31-40,U,1,f,t,0.000496,
victims,2019,7,Forgery offences,1,41-64,M,564,f,t,0.279485,
victims,2019,7,Forgery offences,1,41-64,F,367,f,t,0.181863,
victims,2019,7,Forgery offences,1,41-64,U,0,f,t,0.000000,
victims,2019,7,Forgery offences,1,65+,M,72,f,t,0.035679,
victims,2019,7,Forgery offences,1,65+,F,56,f,t,0.027750,
victims,2019,7,Forgery offences,1,65+,U,0,f,t,0.000000,
victims,2019,7,Forgery offences,1,U,M,3,f,f,0.001487,
victims,2019,7,Forgery offences,1,U,F,1,f,f,0.000496,
victims,2019,7,Forgery offences,1,U,U,0,f,f,0.000000,
victims,2019,8,Offences against the public administration,1,0-13,M,0,f,f,0.000000,
victims,2019,8,Offences against the public administration,1,0-13,F,1,f,f,0.090909,
victims,2019,8,Offences against the public administration,1,0-13,U,0,f,f,0.000000,
victims,2019,8,Offences against the public administration,1,14-17,M,0,f,t,0.000000,
victims,2019,8,Offences against the public administration,1,14-17,F,0,f,t,0.000000,
victims,2019,8,Offences against the public administration,1,14-17,U,0,f,t,0.000000,
victims,2019,8,Offences against the public administration,1,18-30,M,0,f,t,0.000000,
victims,2019,8,Offences against the public administration,1,18-30,F,0,f,t,0.000000,
victims,2019,8,Offences against the public administration,1,18-30,U,0,f,t,0.000000,
victims,2019,8,Offences against the public administration,1,31-40,M,1,f,t,0.090909,
victims,2019,8,Offences against the public administration,1,31-40,F,0,f,t,0.000000,
victims,2019,8,Offences against the public administration,1,31-40,U,0,f,t,0.000000,
victims,2019,8,Offences against the public administration,1,41-64,M,4,f,t,0.363636,
victims,2019,8,Offences against the public administration,1,41-64,F,4,f,t,0.363636,
victims,2019,8,Offences against the public administration,1,41-64,U,0,f,t,0.000000,
victims,2019,8,Offences against the public administration,1,65+,M,0,f,t,0.000000,
victims,2019,8,Offences against the public administration,1,65+,F,0,f,t,0.000000,
victims,2019,8,Offences against the public administration,1,65+,U,0,f,t,0.000000,
victims,2019,8,Offences against the public administration,1,U,M,1,f,f,0.090909,
victims,2019,8,Offences against the public administration,1,U,F,0,f,f,0.000000,
victims,2019,8,Offences against the public administration,1,U,U,0,f,f,0.000000,
victims,2019,9,Offences against the administration of justice,1,0-13,M,3,f,f,0.001171,
victims,2019,9,Offences against the administration of justice,1,0-13,F,4,f,f,0.001562,
victims,2019,9,Offences against the administration of justice,1,0-13,U,0,f,f,0.000000,
victims,2019,9,Offences against the administration of justice,1,14-17,M,6,f,t,0.002343,
victims,2019,9,Offences against the administration of justice,1,14-17,F,57,f,t,0.022257,
victims,2019,9,Offences against the administration of justice,1,14-17,U,0,f,t,0.000000,
victims,2019,9,Offences against the administration of justice,1,18-30,M,72,f,t,0.028114,
victims,2019,9,Offences against the administration of justice,1,18-30,F,650,f,t,0.253807,
victims,2019,9,Offences against the administration of justice,1,18-30,U,0,f,t,0.000000,
victims,2019,9,Offences against the administration of justice,1,31-40,M,82,f,t,0.032019,
victims,2019,9,Offences against the administration of justice,1,31-40,F,629,f,t,0.245607,
victims,2019,9,Offences against the administration of justice,1,31-40,U,0,f,t,0.000000,
victims,2019,9,Offences against the administration of justice,1,41-64,M,119,f,t,0.046466,
victims,2019,9,Offences against the administration of justice,1,41-64,F,690,f,t,0.269426,
victims,2019,9,Offences against the administration of justice,1,41-64,U,0,f,t,0.000000,
victims,2019,9,Offences against the administration of justice,1,65+,M,45,f,t,0.017571,
victims,2019,9,Offences against the administration of justice,1,65+,F,130,f,t,0.050761,
victims,2019,9,Offences against the administration of justice,1,65+,U,1,f,t,0.000390,
victims,2019,9,Offences against the administration of justice,1,U,M,45,f,f,0.017571,
victims,2019,9,Offences against the administration of justice,1,U,F,27,f,f,0.010543,
victims,2019,9,Offences against the administration of justice,1,U,U,1,f,f,0.000390,
victims,2019,10,Offences against public order,1,0-13,M,5,f,f,0.001902,
victims,2019,10,Offences against public order,1,0-13,F,0,f,f,0.000000,
victims,2019,10,Offences against public order,1,0-13,U,0,f,f,0.000000,
victims,2019,10,Offences against public order,1,14-17,M,0,f,t,0.000000,
victims,2019,10,Offences against public order,1,14-17,F,0,f,t,0.000000,
victims,2019,10,Offences against public order,1,14-17,U,0,f,t,0.000000,
victims,2019,10,Offences against public order,1,18-30,M,168,f,t,0.063903,
victims,2019,10,Offences against public order,1,18-30,F,17,f,t,0.006466,
victims,2019,10,Offences against public order,1,18-30,U,0,f,t,0.000000,
victims,2019,10,Offences against public order,1,31-40,M,219,f,t,0.083302,
victims,2019,10,Offences against public order,1,31-40,F,14,f,t,0.005325,
victims,2019,10,Offences against public order,1,31-40,U,3,f,t,0.001141,
victims,2019,10,Offences against public order,1,41-64,M,95,f,t,0.036135,
victims,2019,10,Offences against public order,1,41-64,F,18,f,t,0.006847,
victims,2019,10,Offences against public order,1,41-64,U,2,f,t,0.000761,
victims,2019,10,Offences against public order,1,65+,M,512,f,t,0.194751,
victims,2019,10,Offences against public order,1,65+,F,22,f,t,0.008368,
victims,2019,10,Offences against public order,1,65+,U,6,f,t,0.002282,
victims,2019,10,Offences against public order,1,U,M,1309,f,f,0.497908,
victims,2019,10,Offences against public order,1,U,F,40,f,f,0.015215,
victims,2019,10,Offences against public order,1,U,U,199,f,f,0.075694,
victims,2019,11,Offences under special legislation,1,0-13,M,0,f,f,,
victims,2019,11,Offences under special legislation,1,0-13,F,0,f,f,,
victims,2019,11,Offences under special legislation,1,0-13,U,0,f,f,,
victims,2019,11,Offences under special legislation,1,14-17,M,0,f,t,,
victims,2019,11,Offences under special legislation,1,14-17,F,0,f,t,,
victims,2019,11,Offences under special legislation,1,14-17,U,0,f,t,,
victims,2019,11,Offences under special legislation,1,18-30,M,0,f,t,,
victims,2019,11,Offences under special legislation,1,18-30,F,0,f,t,,
victims,2019,11,Offences under special legislation,1,18-30,U,0,f,t,,
victims,2019,11,Offences under special legislation,1,31-40,M,0,f,t,,
victims,2019,11,Offences under special legislation,1,31-40,F,0,f,t,,
victims,2019,11,Offences under special legislation,1,31-40,U,0,f,t,,
victims,2019,11,Offences under special legislation,1,41-64,M,0,f,t,,
victims,2019,11,Offences under special legislation,1,41-64,F,0,f,t,,
victims,2019,11,Offences under special legislation,1,41-64,U,0,f,t,,
victims,2019,11,Offences under special legislation,1,65+,M,0,f,t,,
victims,2019,11,Offences under special legislation,1,65+,F,0,f,t,,
victims,2019,11,Offences under special legislation,1,65+,U,0,f,t,,
victims,2019,11,Offences under special legislation,1,U,M,0,f,f,,
victims,2019,11,Offences under special legislation,1,U,F,0,f,f,,
victims,2019,11,Offences under special legislation,1,U,U,0,f,f,,
victims,2019,12,Other criminal offences,1,0-13,M,2,f,f,0.002911,
victims,2019,12,Other criminal offences,1,0-13,F,2,f,f,0.002911,
victims,2019,12,Other criminal offences,1,0-13,U,0,f,f,0.000000,
victims,2019,12,Other criminal offences,1,14-17,M,4,f,t,0.005822,
victims,2019,12,Other criminal offences,1,14-17,F,9,f,t,0.013100,
victims,2019,12,Other criminal offences,1,14-17,U,0,f,t,0.000000,
victims,2019,12,Other criminal offences,1,18-30,M,97,f,t,0.141194,
victims,2019,12,Other criminal offences,1,18-30,F,78,f,t,0.113537,
victims,2019,12,Other criminal offences,1,18-30,U,0,f,t,0.000000,
victims,2019,12,Other criminal offences,1,31-40,M,83,f,t,0.120815,
victims,2019,12,Other criminal offences,1,31-40,F,78,f,t,0.113537,
victims,2019,12,Other criminal offences,1,31-40,U,0,f,t,0.000000,
victims,2019,12,Other criminal offences,1,41-64,M,166,f,t,0.241630,
victims,2019,12,Other criminal offences,1,41-64,F,144,f,t,0.209607,
victims,2019,12,Other criminal offences,1,41-64,U,0,f,t,0.000000,
victims,2019,12,Other criminal offences,1,65+,M,6,f,t,0.008734,
victims,2019,12,Other criminal offences,1,65+,F,14,f,t,0.020378,
victims,2019,12,Other criminal offences,1,65+,U,0,f,t,0.000000,
victims,2019,12,Other criminal offences,1,U,M,4,f,f,0.005822,
victims,2019,12,Other criminal offences,1,U,F,0,f,f,0.000000,
victims,2019,12,Other criminal offences,1,U,U,0,f,f,0.000000,
victims,2019,TOTAL,Total criminal offences,0,0-13,M,1254,f,f,0.004026,
victims,2019,TOTAL,Total criminal offences,0,0-13,F,1092,f,f,0.003506,
victims,2019,TOTAL,Total criminal offences,0,0-13,U,5,f,f,0.000016,
victims,2019,TOTAL,Total criminal offences,0,14-17,M,2996,f,t,0.009618,
victims,2019,TOTAL,Total criminal offences,0,14-17,F,3043,f,t,0.009769,
victims,2019,TOTAL,Total criminal offences,0,14-17,U,3,f,t,0.000010,
victims,2019,TOTAL,Total criminal offences,0,18-30,M,36803,f,t,0.118149,
victims,2019,TOTAL,Total criminal offences,0,18-30,F,42003,f,t,0.134842,
victims,2019,TOTAL,Total criminal offences,0,18-30,U,28,f,t,0.000090,
victims,2019,TOTAL,Total criminal offences,0,31-40,M,35777,f,t,0.114855,
victims,2019,TOTAL,Total criminal offences,0,31-40,F,31924,f,t,0.102486,
victims,2019,TOTAL,Total criminal offences,0,31-40,U,32,f,t,0.000103,
victims,2019,TOTAL,Total criminal offences,0,41-64,M,69651,f,t,0.223601,
victims,2019,TOTAL,Total criminal offences,0,41-64,F,53905,f,t,0.173051,
victims,2019,TOTAL,Total criminal offences,0,41-64,U,58,f,t,0.000186,
victims,2019,TOTAL,Total criminal offences,0,65+,M,15548,f,t,0.049914,
victims,2019,TOTAL,Total criminal offences,0,65+,F,15096,f,t,0.048463,
victims,2019,TOTAL,Total criminal offences,0,65+,U,44,f,t,0.000141,
victims,2019,TOTAL,Total criminal offences,0,U,M,1732,f,f,0.005560,
victims,2019,TOTAL,Total criminal offences,0,U,F,224,f,f,0.000719,
victims,2019,TOTAL,Total criminal offences,0,U,U,279,f,f,0.000896,
victims,2020,1,Offences against persons,1,0-13,M,395,f,f,0.015049,
victims,2020,1,Offences against persons,1,0-13,F,307,f,f,0.011696,
victims,2020,1,Offences against persons,1,0-13,U,1,f,f,0.000038,
victims,2020,1,Offences against persons,1,14-17,M,675,f,t,0.025716,
victims,2020,1,Offences against persons,1,14-17,F,604,f,t,0.023011,
victims,2020,1,Offences against persons,1,14-17,U,0,f,t,0.000000,
victims,2020,1,Offences against persons,1,18-30,M,2978,f,t,0.113456,
victims,2020,1,Offences against persons,1,18-30,F,4603,f,t,0.175366,
victims,2020,1,Offences against persons,1,18-30,U,4,f,t,0.000152,
victims,2020,1,Offences against persons,1,31-40,M,2301,f,t,0.087664,
victims,2020,1,Offences against persons,1,31-40,F,4279,f,t,0.163022,
victims,2020,1,Offences against persons,1,31-40,U,6,f,t,0.000229,
victims,2020,1,Offences against persons,1,41-64,M,3839,f,t,0.146259,
victims,2020,1,Offences against persons,1,41-64,F,4937,f,t,0.188091,
victims,2020,1,Offences against persons,1,41-64,U,22,f,t,0.000838,
victims,2020,1,Offences against persons,1,65+,M,519,f,t,0.019773,
victims,2020,1,Offences against persons,1,65+,F,711,f,t,0.027088,
victims,2020,1,Offences against persons,1,65+,U,2,f,t,0.000076,
victims,2020,1,Offences against persons,1,U,M,45,f,f,0.001714,
victims,2020,1,Offences against persons,1,U,F,15,f,f,0.000571,
victims,2020,1,Offences against persons,1,U,U,5,f,f,0.000190,
victims,2020,1.1,Intentional homicide and murder,2,0-13,M,1,f,f,0.007143,
victims,2020,1.1,Intentional homicide and murder,2,0-13,F,2,f,f,0.014286,
victims,2020,1.1,Intentional homicide and murder,2,0-13,U,0,f,f,0.000000,
victims,2020,1.1,Intentional homicide and murder,2,14-17,M,4,f,t,0.028571,
victims,2020,1.1,Intentional homicide and murder,2,14-17,F,0,f,t,0.000000,
victims,2020,1.1,Intentional homicide and murder,2,14-17,U,0,f,t,0.000000,
victims,2020,1.1,Intentional homicide and murder,2,18-30,M,31,f,t,0.221429,
victims,2020,1.1,Intentional homicide and murder,2,18-30,F,7,f,t,0.050000,
victims,2020,1.1,Intentional homicide and murder,2,18-30,U,0,f,t,0.000000,
victims,2020,1.1,Intentional homicide and murder,2,31-40,M,25,f,t,0.178571,
victims,2020,1.1,Intentional homicide and murder,2,31-40,F,4,f,t,0.028571,
victims,2020,1.1,Intentional homicide and murder,2,31-40,U,0,f,t,0.000000,
victims,2020,1.1,Intentional homicide and murder,2,41-64,M,34,f,t,0.242857,
victims,2020,1.1,Intentional homicide and murder,2,41-64,F,10,f,t,0.071429,
victims,2020,1.1,Intentional homicide and murder,2,41-64,U,0,f,t,0.000000,
victims,2020,1.1,Intentional homicide and murder,2,65+,M,9,f,t,0.064286,
victims,2020,1.1,Intentional homicide and murder,2,65+,F,8,f,t,0.057143,
victims,2020,1.1,Intentional homicide and murder,2,65+,U,0,f,t,0.000000,
victims,2020,1.1,Intentional homicide and murder,2,U,M,5,f,f,0.035714,
victims,2020,1.1,Intentional homicide and murder,2,U,F,0,f,f,0.000000,
victims,2020,1.1,Intentional homicide and murder,2,U,U,0,f,f,0.000000,
victims,2020,1.1.1,Completed intentional homicide and murder,3,0-13,M,1,f,f,0.026316,
victims,2020,1.1.1,Completed intentional homicide and murder,3,0-13,F,0,f,f,0.000000,
victims,2020,1.1.1,Completed intentional homicide and murder,3,0-13,U,0,f,f,0.000000,
victims,2020,1.1.1,Completed intentional homicide and murder,3,14-17,M,1,f,t,0.026316,
victims,2020,1.1.1,Completed intentional homicide and murder,3,14-17,F,0,f,t,0.000000,
victims,2020,1.1.1,Completed intentional homicide and murder,3,14-17,U,0,f,t,0.000000,
victims,2020,1.1.1,Completed intentional homicide and murder,3,18-30,M,5,f,t,0.131579,
victims,2020,1.1.1,Completed intentional homicide and murder,3,18-30,F,2,f,t,0.052632,
victims,2020,1.1.1,Completed intentional homicide and murder,3,18-30,U,0,f,t,0.000000,
victims,2020,1.1.1,Completed intentional homicide and murder,3,31-40,M,5,f,t,0.131579,
victims,2020,1.1.1,Completed intentional homicide and murder,3,31-40,F,2,f,t,0.052632,
victims,2020,1.1.1,Completed intentional homicide and murder,3,31-40,U,0,f,t,0.000000,
victims,2020,1.1.1,Completed intentional homicide and murder,3,41-64,M,11,f,t,0.289474,
victims,2020,1.1.1,Completed intentional homicide and murder,3,41-64,F,3,f,t,0.078947,
victims,2020,1.1.1,Completed intentional homicide and murder,3,41-64,U,0,f,t,0.000000,
victims,2020,1.1.1,Completed intentional homicide and murder,3,65+,M,2,f,t,0.052632,
victims,2020,1.1.1,Completed intentional homicide and murder,3,65+,F,5,f,t,0.131579,
victims,2020,1.1.1,Completed intentional homicide and murder,3,65+,U,0,f,t,0.000000,
victims,2020,1.1.1,Completed intentional homicide and murder,3,U,M,1,f,f,0.026316,
victims,2020,1.1.1,Completed intentional homicide and murder,3,U,F,0,f,f,0.000000,
victims,2020,1.1.1,Completed intentional homicide and murder,3,U,U,0,f,f,0.000000,
victims,2020,1.2,Bodily injury,2,0-13,M,177,f,f,0.016456,
victims,2020,1.2,Bodily injury,2,0-13,F,110,f,f,0.010227,
victims,2020,1.2,Bodily injury,2,0-13,U,0,f,f,0.000000,
victims,2020,1.2,Bodily injury,2,14-17,M,524,f,t,0.048717,
victims,2020,1.2,Bodily injury,2,14-17,F,273,f,t,0.025381,
victims,2020,1.2,Bodily injury,2,14-17,U,0,f,t,0.000000,
victims,2020,1.2,Bodily injury,2,18-30,M,2078,f,t,0.193194,
victims,2020,1.2,Bodily injury,2,18-30,F,944,f,t,0.087765,
victims,2020,1.2,Bodily injury,2,18-30,U,1,f,t,0.000093,
victims,2020,1.2,Bodily injury,2,31-40,M,1541,f,t,0.143269,
victims,2020,1.2,Bodily injury,2,31-40,F,766,f,t,0.071216,
victims,2020,1.2,Bodily injury,2,31-40,U,3,f,t,0.000279,
victims,2020,1.2,Bodily injury,2,41-64,M,2640,f,t,0.245444,
victims,2020,1.2,Bodily injury,2,41-64,F,1207,f,t,0.112216,
victims,2020,1.2,Bodily injury,2,41-64,U,11,f,t,0.001023,
victims,2020,1.2,Bodily injury,2,65+,M,283,f,t,0.026311,
victims,2020,1.2,Bodily injury,2,65+,F,158,f,t,0.014689,
victims,2020,1.2,Bodily injury,2,65+,U,2,f,t,0.000186,
victims,2020,1.2,Bodily injury,2,U,M,32,f,f,0.002975,
victims,2020,1.2,Bodily injury,2,U,F,3,f,f,0.000279,
victims,2020,1.2,Bodily injury,2,U,U,3,f,f,0.000279,
victims,2020,1.3,Domestic violence in the family setting,2,0-13,M,209,f,f,0.013964,
victims,2020,1.3,Domestic violence in the family setting,2,0-13,F,191,f,f,0.012761,
victims,2020,1.3,Domestic violence in the family setting,2,0-13,U,1,f,f,0.000067,
victims,2020,1.3,Domestic violence in the family setting,2,14-17,M,131,f,t,0.008753,
victims,2020,1.3,Domestic violence in the family setting,2,14-17,F,325,f,t,0.021714,
victims,2020,1.3,Domestic violence in the family setting,2,14-17,U,0,f,t,0.000000,
victims,2020,1.3,Domestic violence in the family setting,2,18-30,M,808,f,t,0.053985,
victims,2020,1.3,Domestic violence in the family setting,2,18-30,F,3617,f,t,0.241665,
victims,2020,1.3,Domestic violence in the family setting,2,18-30,U,3,f,t,0.000200,
victims,2020,1.3,Domestic violence in the family setting,2,31-40,M,702,f,t,0.046903,
victims,2020,1.3,Domestic violence in the family setting,2,31-40,F,3481,f,t,0.232578,
victims,2020,1.3,Domestic violence in the family setting,2,31-40,U,3,f,t,0.000200,
victims,2020,1.3,Domestic violence in the family setting,2,41-64,M,1094,f,t,0.073094,
victims,2020,1.3,Domestic violence in the family setting,2,41-64,F,3629,f,t,0.242467,
victims,2020,1.3,Domestic violence in the family setting,2,41-64,U,10,f,t,0.000668,
victims,2020,1.3,Domestic violence in the family setting,2,65+,M,212,f,t,0.014164,
victims,2020,1.3,Domestic violence in the family setting,2,65+,F,531,f,t,0.035478,
victims,2020,1.3,Domestic violence in the family setting,2,65+,U,0,f,t,0.000000,
victims,2020,1.3,Domestic violence in the family setting,2,U,M,7,f,f,0.000468,
victims,2020,1.3,Domestic violence in the family setting,2,U,F,11,f,f,0.000735,
victims,2020,1.3,Domestic violence in the family setting,2,U,U,2,f,f,0.000134,
victims,2020,1.4,Other offences against persons,2,0-13,M,8,f,f,0.020779,
victims,2020,1.4,Other offences against persons,2,0-13,F,4,f,f,0.010390,
victims,2020,1.4,Other offences against persons,2,0-13,U,0,f,f,0.000000,
victims,2020,1.4,Other offences against persons,2,14-17,M,16,f,t,0.041558,
victims,2020,1.4,Other offences against persons,2,14-17,F,6,f,t,0.015584,
victims,2020,1.4,Other offences against persons,2,14-17,U,0,f,t,0.000000,
victims,2020,1.4,Other offences against persons,2,18-30,M,61,f,t,0.158442,
victims,2020,1.4,Other offences against persons,2,18-30,F,35,f,t,0.090909,
victims,2020,1.4,Other offences against persons,2,18-30,U,0,f,t,0.000000,
victims,2020,1.4,Other offences against persons,2,31-40,M,33,f,t,0.085714,
victims,2020,1.4,Other offences against persons,2,31-40,F,28,f,t,0.072727,
victims,2020,1.4,Other offences against persons,2,31-40,U,0,f,t,0.000000,
victims,2020,1.4,Other offences against persons,2,41-64,M,71,f,t,0.184416,
victims,2020,1.4,Other offences against persons,2,41-64,F,91,f,t,0.236364,
victims,2020,1.4,Other offences against persons,2,41-64,U,1,f,t,0.002597,
victims,2020,1.4,Other offences against persons,2,65+,M,15,f,t,0.038961,
victims,2020,1.4,Other offences against persons,2,65+,F,14,f,t,0.036364,
victims,2020,1.4,Other offences against persons,2,65+,U,0,f,t,0.000000,
victims,2020,1.4,Other offences against persons,2,U,M,1,f,f,0.002597,
victims,2020,1.4,Other offences against persons,2,U,F,1,f,f,0.002597,
victims,2020,1.4,Other offences against persons,2,U,U,0,f,f,0.000000,
victims,2020,2,Offences against personal liberty,1,0-13,M,152,f,f,0.009734,
victims,2020,2,Offences against personal liberty,1,0-13,F,154,f,f,0.009862,
victims,2020,2,Offences against personal liberty,1,0-13,U,0,f,f,0.000000,
victims,2020,2,Offences against personal liberty,1,14-17,M,294,f,t,0.018827,
victims,2020,2,Offences against personal liberty,1,14-17,F,306,f,t,0.019595,
victims,2020,2,Offences against personal liberty,1,14-17,U,0,f,t,0.000000,
victims,2020,2,Offences against personal liberty,1,18-30,M,1658,f,t,0.106173,
victims,2020,2,Offences against personal liberty,1,18-30,F,1848,f,t,0.118340,
victims,2020,2,Offences against personal liberty,1,18-30,U,1,f,t,0.000064,
victims,2020,2,Offences against personal liberty,1,31-40,M,1985,f,t,0.127113,
victims,2020,2,Offences against personal liberty,1,31-40,F,1791,f,t,0.114690,
victims,2020,2,Offences against personal liberty,1,31-40,U,3,f,t,0.000192,
victims,2020,2,Offences against personal liberty,1,41-64,M,3435,f,t,0.219967,
victims,2020,2,Offences against personal liberty,1,41-64,F,2934,f,t,0.187884,
victims,2020,2,Offences against personal liberty,1,41-64,U,15,f,t,0.000961,
victims,2020,2,Offences against personal liberty,1,65+,M,536,f,t,0.034324,
victims,2020,2,Offences against personal liberty,1,65+,F,428,f,t,0.027408,
victims,2020,2,Offences against personal liberty,1,65+,U,13,f,t,0.000832,
victims,2020,2,Offences against personal liberty,1,U,M,48,f,f,0.003074,
victims,2020,2,Offences against personal liberty,1,U,F,6,f,f,0.000384,
victims,2020,2,Offences against personal liberty,1,U,U,9,f,f,0.000576,
victims,2020,2.1,Habitual domestic abuse,2,0-13,M,18,f,f,0.015845,
victims,2020,2.1,Habitual domestic abuse,2,0-13,F,18,f,f,0.015845,
victims,2020,2.1,Habitual domestic abuse,2,0-13,U,0,f,f,0.000000,
victims,2020,2.1,Habitual domestic abuse,2,14-17,M,8,f,t,0.007042,
victims,2020,2.1,Habitual domestic abuse,2,14-17,F,30,f,t,0.026408,
victims,2020,2.1,Habitual domestic abuse,2,14-17,U,0,f,t,0.000000,
victims,2020,2.1,Habitual domestic abuse,2,18-30,M,28,f,t,0.024648,
victims,2020,2.1,Habitual domestic abuse,2,18-30,F,270,f,t,0.237676,
victims,2020,2.1,Habitual domestic abuse,2,18-30,U,1,f,t,0.000880,
victims,2020,2.1,Habitual domestic abuse,2,31-40,M,26,f,t,0.022887,
victims,2020,2.1,Habitual domestic abuse,2,31-40,F,273,f,t,0.240317,
victims,2020,2.1,Habitual domestic abuse,2,31-40,U,0,f,t,0.000000,
victims,2020,2.1,Habitual domestic abuse,2,41-64,M,47,f,t,0.041373,
victims,2020,2.1,Habitual domestic abuse,2,41-64,F,339,f,t,0.298415,
victims,2020,2.1,Habitual domestic abuse,2,41-64,U,1,f,t,0.000880,
victims,2020,2.1,Habitual domestic abuse,2,65+,M,19,f,t,0.016725,
victims,2020,2.1,Habitual domestic abuse,2,65+,F,58,f,t,0.051056,
victims,2020,2.1,Habitual domestic abuse,2,65+,U,0,f,t,0.000000,
victims,2020,2.1,Habitual domestic abuse,2,U,M,0,f,f,0.000000,
victims,2020,2.1,Habitual domestic abuse,2,U,F,0,f,f,0.000000,
victims,2020,2.1,Habitual domestic abuse,2,U,U,0,f,f,0.000000,
victims,2020,2.2,Other offences against personal liberty,2,0-13,M,134,f,f,0.009254,
victims,2020,2.2,Other offences against personal liberty,2,0-13,F,136,f,f,0.009392,
victims,2020,2.2,Other offences against personal liberty,2,0-13,U,0,f,f,0.000000,
victims,2020,2.2,Other offences against personal liberty,2,14-17,M,286,f,t,0.019751,
victims,2020,2.2,Other offences against personal liberty,2,14-17,F,276,f,t,0.019061,
victims,2020,2.2,Other offences against personal liberty,2,14-17,U,0,f,t,0.000000,
victims,2020,2.2,Other offences against personal liberty,2,18-30,M,1630,f,t,0.112569,
victims,2020,2.2,Other offences against personal liberty,2,18-30,F,1578,f,t,0.108978,
victims,2020,2.2,Other offences against personal liberty,2,18-30,U,0,f,t,0.000000,
victims,2020,2.2,Other offences against personal liberty,2,31-40,M,1959,f,t,0.135290,
victims,2020,2.2,Other offences against personal liberty,2,31-40,F,1518,f,t,0.104834,
victims,2020,2.2,Other offences against personal liberty,2,31-40,U,3,f,t,0.000207,
victims,2020,2.2,Other offences against personal liberty,2,41-64,M,3388,f,t,0.233978,
victims,2020,2.2,Other offences against personal liberty,2,41-64,F,2595,f,t,0.179213,
victims,2020,2.2,Other offences against personal liberty,2,41-64,U,14,f,t,0.000967,
victims,2020,2.2,Other offences against personal liberty,2,65+,M,517,f,t,0.035704,
victims,2020,2.2,Other offences against personal liberty,2,65+,F,370,f,t,0.025552,
victims,2020,2.2,Other offences against personal liberty,2,65+,U,13,f,t,0.000898,
victims,2020,2.2,Other offences against personal liberty,2,U,M,48,f,f,0.003315,
victims,2020,2.2,Other offences against personal liberty,2,U,F,6,f,f,0.000414,
victims,2020,2.2,Other offences against personal liberty,2,U,U,9,f,f,0.000622,
victims,2020,3,Offences against sexual freedom,1,0-13,M,111,f,f,0.055445,
victims,2020,3,Offences against sexual freedom,1,0-13,F,330,f,f,0.164835,
victims,2020,3,Offences against sexual freedom,1,0-13,U,0,f,f,0.000000,
victims,2020,3,Offences against sexual freedom,1,14-17,M,114,f,t,0.056943,
victims,2020,3,Offences against sexual freedom,1,14-17,F,406,f,t,0.202797,
victims,2020,3,Offences against sexual freedom,1,14-17,U,0,f,t,0.000000,
victims,2020,3,Offences against sexual freedom,1,18-30,M,59,f,t,0.029471,
victims,2020,3,Offences against sexual freedom,1,18-30,F,595,f,t,0.297203,
victims,2020,3,Offences against sexual freedom,1,18-30,U,4,f,t,0.001998,
victims,2020,3,Offences against sexual freedom,1,31-40,M,13,f,t,0.006494,
victims,2020,3,Offences against sexual freedom,1,31-40,F,186,f,t,0.092907,
victims,2020,3,Offences against sexual freedom,1,31-40,U,0,f,t,0.000000,
victims,2020,3,Offences against sexual freedom,1,41-64,M,11,f,t,0.005495,
victims,2020,3,Offences against sexual freedom,1,41-64,F,153,f,t,0.076424,
victims,2020,3,Offences against sexual freedom,1,41-64,U,0,f,t,0.000000,
victims,2020,3,Offences against sexual freedom,1,65+,M,6,f,t,0.002997,
victims,2020,3,Offences against sexual freedom,1,65+,F,11,f,t,0.005495,
victims,2020,3,Offences against sexual freedom,1,65+,U,0,f,t,0.000000,
victims,2020,3,Offences against sexual freedom,1,U,M,0,f,f,0.000000,
victims,2020,3,Offences against sexual freedom,1,U,F,1,f,f,0.000500,
victims,2020,3,Offences against sexual freedom,1,U,U,2,f,f,0.000999,
victims,2020,3.1,Sexual assault,2,0-13,M,53,f,f,0.045967,
victims,2020,3.1,Sexual assault,2,0-13,F,186,f,f,0.161318,
victims,2020,3.1,Sexual assault,2,0-13,U,0,f,f,0.000000,
victims,2020,3.1,Sexual assault,2,14-17,M,62,f,t,0.053773,
victims,2020,3.1,Sexual assault,2,14-17,F,210,f,t,0.182134,
victims,2020,3.1,Sexual assault,2,14-17,U,0,f,t,0.000000,
victims,2020,3.1,Sexual assault,2,18-30,M,40,f,t,0.034692,
victims,2020,3.1,Sexual assault,2,18-30,F,378,f,t,0.327840,
victims,2020,3.1,Sexual assault,2,18-30,U,2,f,t,0.001735,
victims,2020,3.1,Sexual assault,2,31-40,M,6,f,t,0.005204,
victims,2020,3.1,Sexual assault,2,31-40,F,103,f,t,0.089332,
victims,2020,3.1,Sexual assault,2,31-40,U,0,f,t,0.000000,
victims,2020,3.1,Sexual assault,2,41-64,M,7,f,t,0.006071,
victims,2020,3.1,Sexual assault,2,41-64,F,94,f,t,0.081526,
victims,2020,3.1,Sexual assault,2,41-64,U,0,f,t,0.000000,
victims,2020,3.1,Sexual assault,2,65+,M,4,f,t,0.003469,
victims,2020,3.1,Sexual assault,2,65+,F,7,f,t,0.006071,
victims,2020,3.1,Sexual assault,2,65+,U,0,f,t,0.000000,
victims,2020,3.1,Sexual assault,2,U,M,0,f,f,0.000000,
victims,2020,3.1,Sexual assault,2,U,F,0,f,f,0.000000,
victims,2020,3.1,Sexual assault,2,U,U,1,f,f,0.000867,
victims,2020,3.2,Sexual assault with penetration,2,0-13,M,8,f,f,0.016461,
victims,2020,3.2,Sexual assault with penetration,2,0-13,F,60,f,f,0.123457,
victims,2020,3.2,Sexual assault with penetration,2,0-13,U,0,f,f,0.000000,
victims,2020,3.2,Sexual assault with penetration,2,14-17,M,5,f,t,0.010288,
victims,2020,3.2,Sexual assault with penetration,2,14-17,F,95,f,t,0.195473,
victims,2020,3.2,Sexual assault with penetration,2,14-17,U,0,f,t,0.000000,
victims,2020,3.2,Sexual assault with penetration,2,18-30,M,12,f,t,0.024691,
victims,2020,3.2,Sexual assault with penetration,2,18-30,F,184,f,t,0.378601,
victims,2020,3.2,Sexual assault with penetration,2,18-30,U,2,f,t,0.004115,
victims,2020,3.2,Sexual assault with penetration,2,31-40,M,4,f,t,0.008230,
victims,2020,3.2,Sexual assault with penetration,2,31-40,F,66,f,t,0.135802,
victims,2020,3.2,Sexual assault with penetration,2,31-40,U,0,f,t,0.000000,
victims,2020,3.2,Sexual assault with penetration,2,41-64,M,4,f,t,0.008230,
victims,2020,3.2,Sexual assault with penetration,2,41-64,F,43,f,t,0.088477,
victims,2020,3.2,Sexual assault with penetration,2,41-64,U,0,f,t,0.000000,
victims,2020,3.2,Sexual assault with penetration,2,65+,M,0,f,t,0.000000,
victims,2020,3.2,Sexual assault with penetration,2,65+,F,3,f,t,0.006173,
victims,2020,3.2,Sexual assault with penetration,2,65+,U,0,f,t,0.000000,
victims,2020,3.2,Sexual assault with penetration,2,U,M,0,f,f,0.000000,
victims,2020,3.2,Sexual assault with penetration,2,U,F,0,f,f,0.000000,
victims,2020,3.2,Sexual assault with penetration,2,U,U,0,f,f,0.000000,
victims,2020,3.3,Corruption of minors,2,0-13,M,4,f,f,0.085106,
victims,2020,3.3,Corruption of minors,2,0-13,F,11,f,f,0.234043,
victims,2020,3.3,Corruption of minors,2,0-13,U,0,f,f,0.000000,
victims,2020,3.3,Corruption of minors,2,14-17,M,14,f,t,0.297872,
victims,2020,3.3,Corruption of minors,2,14-17,F,16,f,t,0.340426,
victims,2020,3.3,Corruption of minors,2,14-17,U,0,f,t,0.000000,
victims,2020,3.3,Corruption of minors,2,18-30,M,1,f,t,0.021277,
victims,2020,3.3,Corruption of minors,2,18-30,F,0,f,t,0.000000,
victims,2020,3.3,Corruption of minors,2,18-30,U,0,f,t,0.000000,
victims,2020,3.3,Corruption of minors,2,31-40,M,1,f,t,0.021277,
victims,2020,3.3,Corruption of minors,2,31-40,F,0,f,t,0.000000,
victims,2020,3.3,Corruption of minors,2,31-40,U,0,f,t,0.000000,
victims,2020,3.3,Corruption of minors,2,41-64,M,0,f,t,0.000000,
victims,2020,3.3,Corruption of minors,2,41-64,F,0,f,t,0.000000,
victims,2020,3.3,Corruption of minors,2,41-64,U,0,f,t,0.000000,
victims,2020,3.3,Corruption of minors,2,65+,M,0,f,t,0.000000,
victims,2020,3.3,Corruption of minors,2,65+,F,0,f,t,0.000000,
victims,2020,3.3,Corruption of minors,2,65+,U,0,f,t,0.000000,
victims,2020,3.3,Corruption of minors,2,U,M,0,f,f,0.000000,
victims,2020,3.3,Corruption of minors,2,U,F,0,f,f,0.000000,
victims,2020,3.3,Corruption of minors,2,U,U,0,f,f,0.000000,
victims,2020,3.4,Child pornography,2,0-13,M,6,f,f,0.214286,
victims,2020,3.4,Child pornography,2,0-13,F,9,f,f,0.321429,
victims,2020,3.4,Child pornography,2,0-13,U,0,f,f,0.000000,
victims,2020,3.4,Child pornography,2,14-17,M,5,f,t,0.178571,
victims,2020,3.4,Child pornography,2,14-17,F,6,f,t,0.214286,
victims,2020,3.4,Child pornography,2,14-17,U,0,f,t,0.000000,
victims,2020,3.4,Child pornography,2,18-30,M,0,f,t,0.000000,
victims,2020,3.4,Child pornography,2,18-30,F,0,f,t,0.000000,
victims,2020,3.4,Child pornography,2,18-30,U,0,f,t,0.000000,
victims,2020,3.4,Child pornography,2,31-40,M,0,f,t,0.000000,
victims,2020,3.4,Child pornography,2,31-40,F,0,f,t,0.000000,
victims,2020,3.4,Child pornography,2,31-40,U,0,f,t,0.000000,
victims,2020,3.4,Child pornography,2,41-64,M,0,f,t,0.000000,
victims,2020,3.4,Child pornography,2,41-64,F,0,f,t,0.000000,
victims,2020,3.4,Child pornography,2,41-64,U,0,f,t,0.000000,
victims,2020,3.4,Child pornography,2,65+,M,1,f,t,0.035714,
victims,2020,3.4,Child pornography,2,65+,F,0,f,t,0.000000,
victims,2020,3.4,Child pornography,2,65+,U,0,f,t,0.000000,
victims,2020,3.4,Child pornography,2,U,M,0,f,f,0.000000,
victims,2020,3.4,Child pornography,2,U,F,1,f,f,0.035714,
victims,2020,3.4,Child pornography,2,U,U,0,f,f,0.000000,
victims,2020,3.5,Other offences against sexual freedom,2,0-13,M,40,f,f,0.138889,
victims,2020,3.5,Other offences against sexual freedom,2,0-13,F,64,f,f,0.222222,
victims,2020,3.5,Other offences against sexual freedom,2,0-13,U,0,f,f,0.000000,
victims,2020,3.5,Other offences against sexual freedom,2,14-17,M,28,f,t,0.097222,
victims,2020,3.5,Other offences against sexual freedom,2,14-17,F,79,f,t,0.274306,
victims,2020,3.5,Other offences against sexual freedom,2,14-17,U,0,f,t,0.000000,
victims,2020,3.5,Other offences against sexual freedom,2,18-30,M,6,f,t,0.020833,
victims,2020,3.5,Other offences against sexual freedom,2,18-30,F,33,f,t,0.114583,
victims,2020,3.5,Other offences against sexual freedom,2,18-30,U,0,f,t,0.000000,
victims,2020,3.5,Other offences against sexual freedom,2,31-40,M,2,f,t,0.006944,
victims,2020,3.5,Other offences against sexual freedom,2,31-40,F,17,f,t,0.059028,
victims,2020,3.5,Other offences against sexual freedom,2,31-40,U,0,f,t,0.000000,
victims,2020,3.5,Other offences against sexual freedom,2,41-64,M,0,f,t,0.000000,
victims,2020,3.5,Other offences against sexual freedom,2,41-64,F,16,f,t,0.055556,
victims,2020,3.5,Other offences against sexual freedom,2,41-64,U,0,f,t,0.000000,
victims,2020,3.5,Other offences against sexual freedom,2,65+,M,1,f,t,0.003472,
victims,2020,3.5,Other offences against sexual freedom,2,65+,F,1,f,t,0.003472,
victims,2020,3.5,Other offences against sexual freedom,2,65+,U,0,f,t,0.000000,
victims,2020,3.5,Other offences against sexual freedom,2,U,M,0,f,f,0.000000,
victims,2020,3.5,Other offences against sexual freedom,2,U,F,0,f,f,0.000000,
victims,2020,3.5,Other offences against sexual freedom,2,U,U,1,f,f,0.003472,
victims,2020,4,Offences against family relations,1,0-13,M,107,f,f,0.143240,
victims,2020,4,Offences against family relations,1,0-13,F,56,f,f,0.074967,
victims,2020,4,Offences against family relations,1,0-13,U,2,f,f,0.002677,
victims,2020,4,Offences against family relations,1,14-17,M,24,f,t,0.032129,
victims,2020,4,Offences against family relations,1,14-17,F,20,f,t,0.026774,
victims,2020,4,Offences against family relations,1,14-17,U,0,f,t,0.000000,
victims,2020,4,Offences against family relations,1,18-30,M,7,f,t,0.009371,
victims,2020,4,Offences against family relations,1,18-30,F,66,f,t,0.088353,
victims,2020,4,Offences against family relations,1,18-30,U,0,f,t,0.000000,
victims,2020,4,Offences against family relations,1,31-40,M,21,f,t,0.028112,
victims,2020,4,Offences against family relations,1,31-40,F,170,f,t,0.227577,
victims,2020,4,Offences against family relations,1,31-40,U,0,f,t,0.000000,
victims,2020,4,Offences against family relations,1,41-64,M,55,f,t,0.073628,
victims,2020,4,Offences against family relations,1,41-64,F,205,f,t,0.274431,
victims,2020,4,Offences against family relations,1,41-64,U,0,f,t,0.000000,
victims,2020,4,Offences against family relations,1,65+,M,3,f,t,0.004016,
victims,2020,4,Offences against family relations,1,65+,F,6,f,t,0.008032,
victims,2020,4,Offences against family relations,1,65+,U,0,f,t,0.000000,
victims,2020,4,Offences against family relations,1,U,M,5,f,f,0.006693,
victims,2020,4,Offences against family relations,1,U,F,0,f,f,0.000000,
victims,2020,4,Offences against family relations,1,U,U,0,f,f,0.000000,
victims,2020,5,Property offences,1,0-13,M,293,f,f,0.001669,
victims,2020,5,Property offences,1,0-13,F,102,f,f,0.000581,
victims,2020,5,Property offences,1,0-13,U,0,f,f,0.000000,
victims,2020,5,Property offences,1,14-17,M,1449,f,t,0.008256,
victims,2020,5,Property offences,1,14-17,F,732,f,t,0.004171,
victims,2020,5,Property offences,1,14-17,U,0,f,t,0.000000,
victims,2020,5,Property offences,1,18-30,M,18988,f,t,0.108191,
victims,2020,5,Property offences,1,18-30,F,18949,f,t,0.107968,
victims,2020,5,Property offences,1,18-30,U,9,f,t,0.000051,
victims,2020,5,Property offences,1,31-40,M,20756,f,t,0.118264,
victims,2020,5,Property offences,1,31-40,F,16662,f,t,0.094937,
victims,2020,5,Property offences,1,31-40,U,10,f,t,0.000057,
victims,2020,5,Property offences,1,41-64,M,44035,f,t,0.250905,
victims,2020,5,Property offences,1,41-64,F,33402,f,t,0.190319,
victims,2020,5,Property offences,1,41-64,U,13,f,t,0.000074,
victims,2020,5,Property offences,1,65+,M,10115,f,t,0.057634,
victims,2020,5,Property offences,1,65+,F,9844,f,t,0.056090,
victims,2020,5,Property offences,1,65+,U,18,f,t,0.000103,
victims,2020,5,Property offences,1,U,M,74,f,f,0.000422,
victims,2020,5,Property offences,1,U,F,30,f,f,0.000171,
victims,2020,5,Property offences,1,U,U,24,f,f,0.000137,
victims,2020,5.1,Theft,2,0-13,M,78,f,f,0.001137,
victims,2020,5.1,Theft,2,0-13,F,60,f,f,0.000874,
victims,2020,5.1,Theft,2,0-13,U,0,f,f,0.000000,
victims,2020,5.1,Theft,2,14-17,M,394,f,t,0.005741,
victims,2020,5.1,Theft,2,14-17,F,495,f,t,0.007213,
victims,2020,5.1,Theft,2,14-17,U,0,f,t,0.000000,
victims,2020,5.1,Theft,2,18-30,M,7183,f,t,0.104663,
victims,2020,5.1,Theft,2,18-30,F,10452,f,t,0.152295,
victims,2020,5.1,Theft,2,18-30,U,8,f,t,0.000117,
victims,2020,5.1,Theft,2,31-40,M,6559,f,t,0.095570,
victims,2020,5.1,Theft,2,31-40,F,7393,f,t,0.107723,
victims,2020,5.1,Theft,2,31-40,U,5,f,t,0.000073,
victims,2020,5.1,Theft,2,41-64,M,12888,f,t,0.187790,
victims,2020,5.1,Theft,2,41-64,F,13955,f,t,0.203337,
victims,2020,5.1,Theft,2,41-64,U,5,f,t,0.000073,
victims,2020,5.1,Theft,2,65+,M,3690,f,t,0.053767,
victims,2020,5.1,Theft,2,65+,F,5374,f,t,0.078304,
victims,2020,5.1,Theft,2,65+,U,13,f,t,0.000189,
victims,2020,5.1,Theft,2,U,M,46,f,f,0.000670,
victims,2020,5.1,Theft,2,U,F,20,f,f,0.000291,
victims,2020,5.1,Theft,2,U,U,12,f,f,0.000175,
victims,2020,5.2,Burglary involving forced entry,2,0-13,M,4,f,f,0.000197,
victims,2020,5.2,Burglary involving forced entry,2,0-13,F,0,f,f,0.000000,
victims,2020,5.2,Burglary involving forced entry,2,0-13,U,0,f,f,0.000000,
victims,2020,5.2,Burglary involving forced entry,2,14-17,M,25,f,t,0.001231,
victims,2020,5.2,Burglary involving forced entry,2,14-17,F,1,f,t,0.000049,
victims,2020,5.2,Burglary involving forced entry,2,14-17,U,0,f,t,0.000000,
victims,2020,5.2,Burglary involving forced entry,2,18-30,M,1997,f,t,0.098321,
victims,2020,5.2,Burglary involving forced entry,2,18-30,F,921,f,t,0.045345,
victims,2020,5.2,Burglary involving forced entry,2,18-30,U,0,f,t,0.000000,
victims,2020,5.2,Burglary involving forced entry,2,31-40,M,3623,f,t,0.178376,
victims,2020,5.2,Burglary involving forced entry,2,31-40,F,1362,f,t,0.067057,
victims,2020,5.2,Burglary involving forced entry,2,31-40,U,0,f,t,0.000000,
victims,2020,5.2,Burglary involving forced entry,2,41-64,M,8151,f,t,0.401310,
victims,2020,5.2,Burglary involving forced entry,2,41-64,F,2732,f,t,0.134508,
victims,2020,5.2,Burglary involving forced entry,2,41-64,U,0,f,t,0.000000,
victims,2020,5.2,Burglary involving forced entry,2,65+,M,1001,f,t,0.049284,
victims,2020,5.2,Burglary involving forced entry,2,65+,F,488,f,t,0.024026,
victims,2020,5.2,Burglary involving forced entry,2,65+,U,1,f,t,0.000049,
victims,2020,5.2,Burglary involving forced entry,2,U,M,3,f,f,0.000148,
victims,2020,5.2,Burglary involving forced entry,2,U,F,0,f,f,0.000000,
victims,2020,5.2,Burglary involving forced entry,2,U,U,2,f,f,0.000098,
victims,2020,5.2.1,Theft from vehicles by forced entry,3,0-13,M,0,f,f,0.000000,
victims,2020,5.2.1,Theft from vehicles by forced entry,3,0-13,F,0,f,f,0.000000,
victims,2020,5.2.1,Theft from vehicles by forced entry,3,0-13,U,0,f,f,0.000000,
victims,2020,5.2.1,Theft from vehicles by forced entry,3,14-17,M,7,f,t,0.000609,
victims,2020,5.2.1,Theft from vehicles by forced entry,3,14-17,F,1,f,t,0.000087,
victims,2020,5.2.1,Theft from vehicles by forced entry,3,14-17,U,0,f,t,0.000000,
victims,2020,5.2.1,Theft from vehicles by forced entry,3,18-30,M,1468,f,t,0.127808,
victims,2020,5.2.1,Theft from vehicles by forced entry,3,18-30,F,573,f,t,0.049887,
victims,2020,5.2.1,Theft from vehicles by forced entry,3,18-30,U,0,f,t,0.000000,
victims,2020,5.2.1,Theft from vehicles by forced entry,3,31-40,M,2528,f,t,0.220094,
victims,2020,5.2.1,Theft from vehicles by forced entry,3,31-40,F,738,f,t,0.064252,
victims,2020,5.2.1,Theft from vehicles by forced entry,3,31-40,U,0,f,t,0.000000,
victims,2020,5.2.1,Theft from vehicles by forced entry,3,41-64,M,4596,f,t,0.400139,
victims,2020,5.2.1,Theft from vehicles by forced entry,3,41-64,F,1104,f,t,0.096117,
victims,2020,5.2.1,Theft from vehicles by forced entry,3,41-64,U,0,f,t,0.000000,
victims,2020,5.2.1,Theft from vehicles by forced entry,3,65+,M,396,f,t,0.034477,
victims,2020,5.2.1,Theft from vehicles by forced entry,3,65+,F,73,f,t,0.006356,
victims,2020,5.2.1,Theft from vehicles by forced entry,3,65+,U,1,f,t,0.000087,
victims,2020,5.2.1,Theft from vehicles by forced entry,3,U,M,0,f,f,0.000000,
victims,2020,5.2.1,Theft from vehicles by forced entry,3,U,F,0,f,f,0.000000,
victims,2020,5.2.1,Theft from vehicles by forced entry,3,U,U,1,f,f,0.000087,
victims,2020,5.2.2,Domestic burglary,3,0-13,M,1,f,f,0.000257,
victims,2020,5.2.2,Domestic burglary,3,0-13,F,0,f,f,0.000000,
victims,2020,5.2.2,Domestic burglary,3,0-13,U,0,f,f,0.000000,
victims,2020,5.2.2,Domestic burglary,3,14-17,M,0,f,t,0.000000,
victims,2020,5.2.2,Domestic burglary,3,14-17,F,0,f,t,0.000000,
victims,2020,5.2.2,Domestic burglary,3,14-17,U,0,f,t,0.000000,
victims,2020,5.2.2,Domestic burglary,3,18-30,M,190,f,t,0.048843,
victims,2020,5.2.2,Domestic burglary,3,18-30,F,194,f,t,0.049871,
victims,2020,5.2.2,Domestic burglary,3,18-30,U,0,f,t,0.000000,
victims,2020,5.2.2,Domestic burglary,3,31-40,M,405,f,t,0.104113,
victims,2020,5.2.2,Domestic burglary,3,31-40,F,271,f,t,0.069666,
victims,2020,5.2.2,Domestic burglary,3,31-40,U,0,f,t,0.000000,
victims,2020,5.2.2,Domestic burglary,3,41-64,M,1194,f,t,0.306941,
victims,2020,5.2.2,Domestic burglary,3,41-64,F,866,f,t,0.222622,
victims,2020,5.2.2,Domestic burglary,3,41-64,U,0,f,t,0.000000,
victims,2020,5.2.2,Domestic burglary,3,65+,M,404,f,t,0.103856,
victims,2020,5.2.2,Domestic burglary,3,65+,F,364,f,t,0.093573,
victims,2020,5.2.2,Domestic burglary,3,65+,U,0,f,t,0.000000,
victims,2020,5.2.2,Domestic burglary,3,U,M,0,f,f,0.000000,
victims,2020,5.2.2,Domestic burglary,3,U,F,0,f,f,0.000000,
victims,2020,5.2.2,Domestic burglary,3,U,U,1,f,f,0.000257,
victims,2020,5.2.3,Burglary of commercial premises,3,0-13,M,2,f,f,0.000625,
victims,2020,5.2.3,Burglary of commercial premises,3,0-13,F,0,f,f,0.000000,
victims,2020,5.2.3,Burglary of commercial premises,3,0-13,U,0,f,f,0.000000,
victims,2020,5.2.3,Burglary of commercial premises,3,14-17,M,1,f,t,0.000312,
victims,2020,5.2.3,Burglary of commercial premises,3,14-17,F,0,f,t,0.000000,
victims,2020,5.2.3,Burglary of commercial premises,3,14-17,U,0,f,t,0.000000,
victims,2020,5.2.3,Burglary of commercial premises,3,18-30,M,177,f,t,0.055295,
victims,2020,5.2.3,Burglary of commercial premises,3,18-30,F,88,f,t,0.027491,
victims,2020,5.2.3,Burglary of commercial premises,3,18-30,U,0,f,t,0.000000,
victims,2020,5.2.3,Burglary of commercial premises,3,31-40,M,435,f,t,0.135895,
victims,2020,5.2.3,Burglary of commercial premises,3,31-40,F,250,f,t,0.078101,
victims,2020,5.2.3,Burglary of commercial premises,3,31-40,U,0,f,t,0.000000,
victims,2020,5.2.3,Burglary of commercial premises,3,41-64,M,1601,f,t,0.500156,
victims,2020,5.2.3,Burglary of commercial premises,3,41-64,F,498,f,t,0.155576,
victims,2020,5.2.3,Burglary of commercial premises,3,41-64,U,0,f,t,0.000000,
victims,2020,5.2.3,Burglary of commercial premises,3,65+,M,112,f,t,0.034989,
victims,2020,5.2.3,Burglary of commercial premises,3,65+,F,34,f,t,0.010622,
victims,2020,5.2.3,Burglary of commercial premises,3,65+,U,0,f,t,0.000000,
victims,2020,5.2.3,Burglary of commercial premises,3,U,M,3,f,f,0.000937,
victims,2020,5.2.3,Burglary of commercial premises,3,U,F,0,f,f,0.000000,
victims,2020,5.2.3,Burglary of commercial premises,3,U,U,0,f,f,0.000000,
victims,2020,5.3,Robbery with violence or intimidation,2,0-13,M,192,f,f,0.017464,
victims,2020,5.3,Robbery with violence or intimidation,2,0-13,F,32,f,f,0.002911,
victims,2020,5.3,Robbery with violence or intimidation,2,0-13,U,0,f,f,0.000000,
victims,2020,5.3,Robbery with violence or intimidation,2,14-17,M,957,f,t,0.087047,
victims,2020,5.3,Robbery with violence or intimidation,2,14-17,F,173,f,t,0.015736,
victims,2020,5.3,Robbery with violence or intimidation,2,14-17,U,0,f,t,0.000000,
victims,2020,5.3,Robbery with violence or intimidation,2,18-30,M,2227,f,t,0.202565,
victims,2020,5.3,Robbery with violence or intimidation,2,18-30,F,1174,f,t,0.106786,
victims,2020,5.3,Robbery with violence or intimidation,2,18-30,U,1,f,t,0.000091,
victims,2020,5.3,Robbery with violence or intimidation,2,31-40,M,1076,f,t,0.097872,
victims,2020,5.3,Robbery with violence or intimidation,2,31-40,F,714,f,t,0.064945,
victims,2020,5.3,Robbery with violence or intimidation,2,31-40,U,3,f,t,0.000273,
victims,2020,5.3,Robbery with violence or intimidation,2,41-64,M,1801,f,t,0.163817,
victims,2020,5.3,Robbery with violence or intimidation,2,41-64,F,1537,f,t,0.139804,
victims,2020,5.3,Robbery with violence or intimidation,2,41-64,U,4,f,t,0.000364,
victims,2020,5.3,Robbery with violence or intimidation,2,65+,M,467,f,t,0.042478,
victims,2020,5.3,Robbery with violence or intimidation,2,65+,F,617,f,t,0.056122,
victims,2020,5.3,Robbery with violence or intimidation,2,65+,U,2,f,t,0.000182,
victims,2020,5.3,Robbery with violence or intimidation,2,U,M,15,f,f,0.001364,
victims,2020,5.3,Robbery with violence or intimidation,2,U,F,1,f,f,0.000091,
victims,2020,5.3,Robbery with violence or intimidation,2,U,U,1,f,f,0.000091,
victims,2020,5.3.1,Street robbery,3,0-13,M,147,f,f,0.019486,
victims,2020,5.3.1,Street robbery,3,0-13,F,23,f,f,0.003049,
victims,2020,5.3.1,Street robbery,3,0-13,U,0,f,f,0.000000,
victims,2020,5.3.1,Street robbery,3,14-17,M,715,f,t,0.094777,
victims,2020,5.3.1,Street robbery,3,14-17,F,124,f,t,0.016437,
victims,2020,5.3.1,Street robbery,3,14-17,U,0,f,t,0.000000,
victims,2020,5.3.1,Street robbery,3,18-30,M,1582,f,t,0.209703,
victims,2020,5.3.1,Street robbery,3,18-30,F,795,f,t,0.105382,
victims,2020,5.3.1,Street robbery,3,18-30,U,0,f,t,0.000000,
victims,2020,5.3.1,Street robbery,3,31-40,M,748,f,t,0.099152,
victims,2020,5.3.1,Street robbery,3,31-40,F,463,f,t,0.061373,
victims,2020,5.3.1,Street robbery,3,31-40,U,2,f,t,0.000265,
victims,2020,5.3.1,Street robbery,3,41-64,M,1243,f,t,0.164767,
victims,2020,5.3.1,Street robbery,3,41-64,F,982,f,t,0.130170,
victims,2020,5.3.1,Street robbery,3,41-64,U,3,f,t,0.000398,
victims,2020,5.3.1,Street robbery,3,65+,M,297,f,t,0.039369,
victims,2020,5.3.1,Street robbery,3,65+,F,411,f,t,0.054480,
victims,2020,5.3.1,Street robbery,3,65+,U,0,f,t,0.000000,
victims,2020,5.3.1,Street robbery,3,U,M,8,f,f,0.001060,
victims,2020,5.3.1,Street robbery,3,U,F,0,f,f,0.000000,
victims,2020,5.3.1,Street robbery,3,U,U,1,f,f,0.000133,
victims,2020,5.3.2,Robbery in dwellings,3,0-13,M,4,f,f,0.006144,
victims,2020,5.3.2,Robbery in dwellings,3,0-13,F,1,f,f,0.001536,
victims,2020,5.3.2,Robbery in dwellings,3,0-13,U,0,f,f,0.000000,
victims,2020,5.3.2,Robbery in dwellings,3,14-17,M,9,f,t,0.013825,
victims,2020,5.3.2,Robbery in dwellings,3,14-17,F,3,f,t,0.004608,
victims,2020,5.3.2,Robbery in dwellings,3,14-17,U,0,f,t,0.000000,
victims,2020,5.3.2,Robbery in dwellings,3,18-30,M,70,f,t,0.107527,
victims,2020,5.3.2,Robbery in dwellings,3,18-30,F,43,f,t,0.066052,
victims,2020,5.3.2,Robbery in dwellings,3,18-30,U,1,f,t,0.001536,
victims,2020,5.3.2,Robbery in dwellings,3,31-40,M,54,f,t,0.082949,
victims,2020,5.3.2,Robbery in dwellings,3,31-40,F,36,f,t,0.055300,
victims,2020,5.3.2,Robbery in dwellings,3,31-40,U,0,f,t,0.000000,
victims,2020,5.3.2,Robbery in dwellings,3,41-64,M,109,f,t,0.167435,
victims,2020,5.3.2,Robbery in dwellings,3,41-64,F,102,f,t,0.156682,
victims,2020,5.3.2,Robbery in dwellings,3,41-64,U,0,f,t,0.000000,
victims,2020,5.3.2,Robbery in dwellings,3,65+,M,81,f,t,0.124424,
victims,2020,5.3.2,Robbery in dwellings,3,65+,F,136,f,t,0.208909,
victims,2020,5.3.2,Robbery in dwellings,3,65+,U,1,f,t,0.001536,
victims,2020,5.3.2,Robbery in dwellings,3,U,M,1,f,f,0.001536,
victims,2020,5.3.2,Robbery in dwellings,3,U,F,0,f,f,0.000000,
victims,2020,5.3.2,Robbery in dwellings,3,U,U,0,f,f,0.000000,
victims,2020,5.3.3,Robbery of commercial premises,3,0-13,M,2,f,f,0.001497,
victims,2020,5.3.3,Robbery of commercial premises,3,0-13,F,1,f,f,0.000749,
victims,2020,5.3.3,Robbery of commercial premises,3,0-13,U,0,f,f,0.000000,
victims,2020,5.3.3,Robbery of commercial premises,3,14-17,M,24,f,t,0.017964,
victims,2020,5.3.3,Robbery of commercial premises,3,14-17,F,5,f,t,0.003743,
victims,2020,5.3.3,Robbery of commercial premises,3,14-17,U,0,f,t,0.000000,
victims,2020,5.3.3,Robbery of commercial premises,3,18-30,M,193,f,t,0.144461,
victims,2020,5.3.3,Robbery of commercial premises,3,18-30,F,187,f,t,0.139970,
victims,2020,5.3.3,Robbery of commercial premises,3,18-30,U,0,f,t,0.000000,
victims,2020,5.3.3,Robbery of commercial premises,3,31-40,M,170,f,t,0.127246,
victims,2020,5.3.3,Robbery of commercial premises,3,31-40,F,155,f,t,0.116018,
victims,2020,5.3.3,Robbery of commercial premises,3,31-40,U,1,f,t,0.000749,
victims,2020,5.3.3,Robbery of commercial premises,3,41-64,M,257,f,t,0.192365,
victims,2020,5.3.3,Robbery of commercial premises,3,41-64,F,269,f,t,0.201347,
victims,2020,5.3.3,Robbery of commercial premises,3,41-64,U,1,f,t,0.000749,
victims,2020,5.3.3,Robbery of commercial premises,3,65+,M,40,f,t,0.029940,
victims,2020,5.3.3,Robbery of commercial premises,3,65+,F,27,f,t,0.020210,
victims,2020,5.3.3,Robbery of commercial premises,3,65+,U,0,f,t,0.000000,
victims,2020,5.3.3,Robbery of commercial premises,3,U,M,3,f,f,0.002246,
victims,2020,5.3.3,Robbery of commercial premises,3,U,F,1,f,f,0.000749,
victims,2020,5.3.3,Robbery of commercial premises,3,U,U,0,f,f,0.000000,
victims,2020,5.4,Vehicle theft,2,0-13,M,1,f,f,0.000214,
victims,2020,5.4,Vehicle theft,2,0-13,F,0,f,f,0.000000,
victims,2020,5.4,Vehicle theft,2,0-13,U,0,f,f,0.000000,
victims,2020,5.4,Vehicle theft,2,14-17,M,1,f,t,0.000214,
victims,2020,5.4,Vehicle theft,2,14-17,F,1,f,t,0.000214,
victims,2020,5.4,Vehicle theft,2,14-17,U,0,f,t,0.000000,
victims,2020,5.4,Vehicle theft,2,18-30,M,657,f,t,0.140535,
victims,2020,5.4,Vehicle theft,2,18-30,F,172,f,t,0.036791,
victims,2020,5.4,Vehicle theft,2,18-30,U,0,f,t,0.000000,
victims,2020,5.4,Vehicle theft,2,31-40,M,1069,f,t,0.228663,
victims,2020,5.4,Vehicle theft,2,31-40,F,299,f,t,0.063957,
victims,2020,5.4,Vehicle theft,2,31-40,U,0,f,t,0.000000,
victims,2020,5.4,Vehicle theft,2,41-64,M,1781,f,t,0.380963,
victims,2020,5.4,Vehicle theft,2,41-64,F,440,f,t,0.094118,
victims,2020,5.4,Vehicle theft,2,41-64,U,0,f,t,0.000000,
victims,2020,5.4,Vehicle theft,2,65+,M,208,f,t,0.044492,
victims,2020,5.4,Vehicle theft,2,65+,F,44,f,t,0.009412,
victims,2020,5.4,Vehicle theft,2,65+,U,0,f,t,0.000000,
victims,2020,5.4,Vehicle theft,2,U,M,0,f,f,0.000000,
victims,2020,5.4,Vehicle theft,2,U,F,1,f,f,0.000214,
victims,2020,5.4,Vehicle theft,2,U,U,1,f,f,0.000214,
victims,2020,5.5,Fraud,2,0-13,M,10,f,f,0.000213,
victims,2020,5.5,Fraud,2,0-13,F,4,f,f,0.000085,
victims,2020,5.5,Fraud,2,0-13,U,0,f,f,0.000000,
victims,2020,5.5,Fraud,2,14-17,M,35,f,t,0.000746,
victims,2020,5.5,Fraud,2,14-17,F,37,f,t,0.000789,
victims,2020,5.5,Fraud,2,14-17,U,0,f,t,0.000000,
victims,2020,5.5,Fraud,2,18-30,M,4838,f,t,0.103184,
victims,2020,5.5,Fraud,2,18-30,F,5008,f,t,0.106810,
victims,2020,5.5,Fraud,2,18-30,U,0,f,t,0.000000,
victims,2020,5.5,Fraud,2,31-40,M,5015,f,t,0.106959,
victims,2020,5.5,Fraud,2,31-40,F,4991,f,t,0.106447,
victims,2020,5.5,Fraud,2,31-40,U,0,f,t,0.000000,
victims,2020,5.5,Fraud,2,41-64,M,11015,f,t,0.234927,
victims,2020,5.5,Fraud,2,41-64,F,10395,f,t,0.221703,
victims,2020,5.5,Fraud,2,41-64,U,2,f,t,0.000043,
victims,2020,5.5,Fraud,2,65+,M,3027,f,t,0.064559,
victims,2020,5.5,Fraud,2,65+,F,2500,f,t,0.053320,
victims,2020,5.5,Fraud,2,65+,U,0,f,t,0.000000,
victims,2020,5.5,Fraud,2,U,M,4,f,f,0.000085,
victims,2020,5.5,Fraud,2,U,F,4,f,f,0.000085,
victims,2020,5.5,Fraud,2,U,U,2,f,f,0.000043,
victims,2020,5.5.1,Computer enabled fraud,3,0-13,M,6,f,f,0.000176,
victims,2020,5.5.1,Computer enabled fraud,3,0-13,F,2,f,f,0.000059,
victims,2020,5.5.1,Computer enabled fraud,3,0-13,U,0,f,f,0.000000,
victims,2020,5.5.1,Computer enabled fraud,3,14-17,M,23,f,t,0.000676,
victims,2020,5.5.1,Computer enabled fraud,3,14-17,F,27,f,t,0.000793,
victims,2020,5.5.1,Computer enabled fraud,3,14-17,U,0,f,t,0.000000,
victims,2020,5.5.1,Computer enabled fraud,3,18-30,M,3562,f,t,0.104679,
victims,2020,5.5.1,Computer enabled fraud,3,18-30,F,3686,f,t,0.108323,
victims,2020,5.5.1,Computer enabled fraud,3,18-30,U,0,f,t,0.000000,
victims,2020,5.5.1,Computer enabled fraud,3,31-40,M,3722,f,t,0.109381,
victims,2020,5.5.1,Computer enabled fraud,3,31-40,F,3715,f,t,0.109175,
victims,2020,5.5.1,Computer enabled fraud,3,31-40,U,0,f,t,0.000000,
victims,2020,5.5.1,Computer enabled fraud,3,41-64,M,7928,f,t,0.232985,
victims,2020,5.5.1,Computer enabled fraud,3,41-64,F,7694,f,t,0.226108,
victims,2020,5.5.1,Computer enabled fraud,3,41-64,U,1,f,t,0.000029,
victims,2020,5.5.1,Computer enabled fraud,3,65+,M,2066,f,t,0.060715,
victims,2020,5.5.1,Computer enabled fraud,3,65+,F,1589,f,t,0.046697,
victims,2020,5.5.1,Computer enabled fraud,3,65+,U,0,f,t,0.000000,
victims,2020,5.5.1,Computer enabled fraud,3,U,M,2,f,f,0.000059,
victims,2020,5.5.1,Computer enabled fraud,3,U,F,4,f,f,0.000118,
victims,2020,5.5.1,Computer enabled fraud,3,U,U,1,f,f,0.000029,
victims,2020,5.6,Criminal damage,2,0-13,M,4,f,f,0.000196,
victims,2020,5.6,Criminal damage,2,0-13,F,2,f,f,0.000098,
victims,2020,5.6,Criminal damage,2,0-13,U,0,f,f,0.000000,
victims,2020,5.6,Criminal damage,2,14-17,M,7,f,t,0.000344,
victims,2020,5.6,Criminal damage,2,14-17,F,2,f,t,0.000098,
victims,2020,5.6,Criminal damage,2,14-17,U,0,f,t,0.000000,
victims,2020,5.6,Criminal damage,2,18-30,M,1659,f,t,0.081447,
victims,2020,5.6,Criminal damage,2,18-30,F,921,f,t,0.045216,
victims,2020,5.6,Criminal damage,2,18-30,U,0,f,t,0.000000,
victims,2020,5.6,Criminal damage,2,31-40,M,2926,f,t,0.143650,
victims,2020,5.6,Criminal damage,2,31-40,F,1617,f,t,0.079385,
victims,2020,5.6,Criminal damage,2,31-40,U,1,f,t,0.000049,
victims,2020,5.6,Criminal damage,2,41-64,M,7406,f,t,0.363592,
victims,2020,5.6,Criminal damage,2,41-64,F,3696,f,t,0.181452,
victims,2020,5.6,Criminal damage,2,41-64,U,1,f,t,0.000049,
victims,2020,5.6,Criminal damage,2,65+,M,1477,f,t,0.072512,
victims,2020,5.6,Criminal damage,2,65+,F,639,f,t,0.031371,
victims,2020,5.6,Criminal damage,2,65+,U,2,f,t,0.000098,
victims,2020,5.6,Criminal damage,2,U,M,2,f,f,0.000098,
victims,2020,5.6,Criminal damage,2,U,F,3,f,f,0.000147,
victims,2020,5.6,Criminal damage,2,U,U,4,f,f,0.000196,
victims,2020,5.7,Offences against intellectual and industrial property,2,0-13,M,0,f,f,0.000000,
victims,2020,5.7,Offences against intellectual and industrial property,2,0-13,F,0,f,f,0.000000,
victims,2020,5.7,Offences against intellectual and industrial property,2,0-13,U,0,f,f,0.000000,
victims,2020,5.7,Offences against intellectual and industrial property,2,14-17,M,0,f,t,0.000000,
victims,2020,5.7,Offences against intellectual and industrial property,2,14-17,F,0,f,t,0.000000,
victims,2020,5.7,Offences against intellectual and industrial property,2,14-17,U,0,f,t,0.000000,
victims,2020,5.7,Offences against intellectual and industrial property,2,18-30,M,1,f,t,0.041667,
victims,2020,5.7,Offences against intellectual and industrial property,2,18-30,F,2,f,t,0.083333,
victims,2020,5.7,Offences against intellectual and industrial property,2,18-30,U,0,f,t,0.000000,
victims,2020,5.7,Offences against intellectual and industrial property,2,31-40,M,3,f,t,0.125000,
victims,2020,5.7,Offences against intellectual and industrial property,2,31-40,F,1,f,t,0.041667,
victims,2020,5.7,Offences against intellectual and industrial property,2,31-40,U,0,f,t,0.000000,
victims,2020,5.7,Offences against intellectual and industrial property,2,41-64,M,9,f,t,0.375000,
victims,2020,5.7,Offences against intellectual and industrial property,2,41-64,F,6,f,t,0.250000,
victims,2020,5.7,Offences against intellectual and industrial property,2,41-64,U,0,f,t,0.000000,
victims,2020,5.7,Offences against intellectual and industrial property,2,65+,M,1,f,t,0.041667,
victims,2020,5.7,Offences against intellectual and industrial property,2,65+,F,0,f,t,0.000000,
victims,2020,5.7,Offences against intellectual and industrial property,2,65+,U,0,f,t,0.000000,
victims,2020,5.7,Offences against intellectual and industrial property,2,U,M,0,f,f,0.000000,
victims,2020,5.7,Offences against intellectual and industrial property,2,U,F,0,f,f,0.000000,
victims,2020,5.7,Offences against intellectual and industrial property,2,U,U,1,f,f,0.041667,
victims,2020,5.8,Money laundering,2,0-13,M,0,f,f,0.000000,
victims,2020,5.8,Money laundering,2,0-13,F,0,f,f,0.000000,
victims,2020,5.8,Money laundering,2,0-13,U,0,f,f,0.000000,
victims,2020,5.8,Money laundering,2,14-17,M,0,f,t,0.000000,
victims,2020,5.8,Money laundering,2,14-17,F,0,f,t,0.000000,
victims,2020,5.8,Money laundering,2,14-17,U,0,f,t,0.000000,
victims,2020,5.8,Money laundering,2,18-30,M,2,f,t,0.200000,
victims,2020,5.8,Money laundering,2,18-30,F,0,f,t,0.000000,
victims,2020,5.8,Money laundering,2,18-30,U,0,f,t,0.000000,
victims,2020,5.8,Money laundering,2,31-40,M,0,f,t,0.000000,
victims,2020,5.8,Money laundering,2,31-40,F,2,f,t,0.200000,
victims,2020,5.8,Money laundering,2,31-40,U,0,f,t,0.000000,
victims,2020,5.8,Money laundering,2,41-64,M,2,f,t,0.200000,
victims,2020,5.8,Money laundering,2,41-64,F,3,f,t,0.300000,
victims,2020,5.8,Money laundering,2,41-64,U,0,f,t,0.000000,
victims,2020,5.8,Money laundering,2,65+,M,1,f,t,0.100000,
victims,2020,5.8,Money laundering,2,65+,F,0,f,t,0.000000,
victims,2020,5.8,Money laundering,2,65+,U,0,f,t,0.000000,
victims,2020,5.8,Money laundering,2,U,M,0,f,f,0.000000,
victims,2020,5.8,Money laundering,2,U,F,0,f,f,0.000000,
victims,2020,5.8,Money laundering,2,U,U,0,f,f,0.000000,
victims,2020,5.9,Other property offences,2,0-13,M,4,f,f,0.001110,
victims,2020,5.9,Other property offences,2,0-13,F,4,f,f,0.001110,
victims,2020,5.9,Other property offences,2,0-13,U,0,f,f,0.000000,
victims,2020,5.9,Other property offences,2,14-17,M,30,f,t,0.008322,
victims,2020,5.9,Other property offences,2,14-17,F,23,f,t,0.006380,
victims,2020,5.9,Other property offences,2,14-17,U,0,f,t,0.000000,
victims,2020,5.9,Other property offences,2,18-30,M,424,f,t,0.117614,
victims,2020,5.9,Other property offences,2,18-30,F,299,f,t,0.082940,
victims,2020,5.9,Other property offences,2,18-30,U,0,f,t,0.000000,
victims,2020,5.9,Other property offences,2,31-40,M,485,f,t,0.134535,
victims,2020,5.9,Other property offences,2,31-40,F,283,f,t,0.078502,
victims,2020,5.9,Other property offences,2,31-40,U,1,f,t,0.000277,
victims,2020,5.9,Other property offences,2,41-64,M,982,f,t,0.272399,
victims,2020,5.9,Other property offences,2,41-64,F,638,f,t,0.176976,
victims,2020,5.9,Other property offences,2,41-64,U,1,f,t,0.000277,
victims,2020,5.9,Other property offences,2,65+,M,243,f,t,0.067406,
victims,2020,5.9,Other property offences,2,65+,F,182,f,t,0.050485,
victims,2020,5.9,Other property offences,2,65+,U,0,f,t,0.000000,
victims,2020,5.9,Other property offences,2,U,M,4,f,f,0.001110,
victims,2020,5.9,Other property offences,2,U,F,1,f,f,0.000277,
victims,2020,5.9,Other property offences,2,U,U,1,f,f,0.000277,
victims,2020,6,Offences against public safety,1,0-13,M,2,f,f,0.012195,
victims,2020,6,Offences against public safety,1,0-13,F,1,f,f,0.006098,
victims,2020,6,Offences against public safety,1,0-13,U,0,f,f,0.000000,
victims,2020,6,Offences against public safety,1,14-17,M,2,f,t,0.012195,
victims,2020,6,Offences against public safety,1,14-17,F,0,f,t,0.000000,
victims,2020,6,Offences against public safety,1,14-17,U,0,f,t,0.000000,
victims,2020,6,Offences against public safety,1,18-30,M,29,f,t,0.176829,
victims,2020,6,Offences against public safety,1,18-30,F,18,f,t,0.109756,
victims,2020,6,Offences against public safety,1,18-30,U,0,f,t,0.000000,
victims,2020,6,Offences against public safety,1,31-40,M,31,f,t,0.189024,
victims,2020,6,Offences against public safety,1,31-40,F,9,f,t,0.054878,
victims,2020,6,Offences against public safety,1,31-40,U,0,f,t,0.000000,
victims,2020,6,Offences against public safety,1,41-64,M,50,f,t,0.304878,
victims,2020,6,Offences against public safety,1,41-64,F,14,f,t,0.085366,
victims,2020,6,Offences against public safety,1,41-64,U,0,f,t,0.000000,
victims,2020,6,Offences against public safety,1,65+,M,5,f,t,0.030488,
victims,2020,6,Offences against public safety,1,65+,F,2,f,t,0.012195,
victims,2020,6,Offences against public safety,1,65+,U,0,f,t,0.000000,
victims,2020,6,Offences against public safety,1,U,M,0,f,f,0.000000,
victims,2020,6,Offences against public safety,1,U,F,0,f,f,0.000000,
victims,2020,6,Offences against public safety,1,U,U,1,f,f,0.006098,
victims,2020,6.1,Drug trafficking,2,0-13,M,0,f,f,0.000000,
victims,2020,6.1,Drug trafficking,2,0-13,F,0,f,f,0.000000,
victims,2020,6.1,Drug trafficking,2,0-13,U,0,f,f,0.000000,
victims,2020,6.1,Drug trafficking,2,14-17,M,1,f,t,0.031250,
victims,2020,6.1,Drug trafficking,2,14-17,F,0,f,t,0.000000,
victims,2020,6.1,Drug trafficking,2,14-17,U,0,f,t,0.000000,
victims,2020,6.1,Drug trafficking,2,18-30,M,13,f,t,0.406250,
victims,2020,6.1,Drug trafficking,2,18-30,F,3,f,t,0.093750,
victims,2020,6.1,Drug trafficking,2,18-30,U,0,f,t,0.000000,
victims,2020,6.1,Drug trafficking,2,31-40,M,10,f,t,0.312500,
victims,2020,6.1,Drug trafficking,2,31-40,F,0,f,t,0.000000,
victims,2020,6.1,Drug trafficking,2,31-40,U,0,f,t,0.000000,
victims,2020,6.1,Drug trafficking,2,41-64,M,3,f,t,0.093750,
victims,2020,6.1,Drug trafficking,2,41-64,F,1,f,t,0.031250,
victims,2020,6.1,Drug trafficking,2,41-64,U,0,f,t,0.000000,
victims,2020,6.1,Drug trafficking,2,65+,M,1,f,t,0.031250,
victims,2020,6.1,Drug trafficking,2,65+,F,0,f,t,0.000000,
victims,2020,6.1,Drug trafficking,2,65+,U,0,f,t,0.000000,
victims,2020,6.1,Drug trafficking,2,U,M,0,f,f,0.000000,
victims,2020,6.1,Drug trafficking,2,U,F,0,f,f,0.000000,
victims,2020,6.1,Drug trafficking,2,U,U,0,f,f,0.000000,
victims,2020,6.2,Road safety offences,2,0-13,M,1,f,f,0.013699,
victims,2020,6.2,Road safety offences,2,0-13,F,0,f,f,0.000000,
victims,2020,6.2,Road safety offences,2,0-13,U,0,f,f,0.000000,
victims,2020,6.2,Road safety offences,2,14-17,M,1,f,t,0.013699,
victims,2020,6.2,Road safety offences,2,14-17,F,0,f,t,0.000000,
victims,2020,6.2,Road safety offences,2,14-17,U,0,f,t,0.000000,
victims,2020,6.2,Road safety offences,2,18-30,M,12,f,t,0.164384,
victims,2020,6.2,Road safety offences,2,18-30,F,7,f,t,0.095890,
victims,2020,6.2,Road safety offences,2,18-30,U,0,f,t,0.000000,
victims,2020,6.2,Road safety offences,2,31-40,M,14,f,t,0.191781,
victims,2020,6.2,Road safety offences,2,31-40,F,4,f,t,0.054795,
victims,2020,6.2,Road safety offences,2,31-40,U,0,f,t,0.000000,
victims,2020,6.2,Road safety offences,2,41-64,M,25,f,t,0.342466,
victims,2020,6.2,Road safety offences,2,41-64,F,6,f,t,0.082192,
victims,2020,6.2,Road safety offences,2,41-64,U,0,f,t,0.000000,
victims,2020,6.2,Road safety offences,2,65+,M,2,f,t,0.027397,
victims,2020,6.2,Road safety offences,2,65+,F,0,f,t,0.000000,
victims,2020,6.2,Road safety offences,2,65+,U,0,f,t,0.000000,
victims,2020,6.2,Road safety offences,2,U,M,0,f,f,0.000000,
victims,2020,6.2,Road safety offences,2,U,F,0,f,f,0.000000,
victims,2020,6.2,Road safety offences,2,U,U,1,f,f,0.013699,
victims,2020,6.3,Other offences against public safety,2,0-13,M,1,f,f,0.016949,
victims,2020,6.3,Other offences against public safety,2,0-13,F,1,f,f,0.016949,
victims,2020,6.3,Other offences against public safety,2,0-13,U,0,f,f,0.000000,
victims,2020,6.3,Other offences against public safety,2,14-17,M,0,f,t,0.000000,
victims,2020,6.3,Other offences against public safety,2,14-17,F,0,f,t,0.000000,
victims,2020,6.3,Other offences against public safety,2,14-17,U,0,f,t,0.000000,
victims,2020,6.3,Other offences against public safety,2,18-30,M,4,f,t,0.067797,
victims,2020,6.3,Other offences against public safety,2,18-30,F,8,f,t,0.135593,
victims,2020,6.3,Other offences against public safety,2,18-30,U,0,f,t,0.000000,
victims,2020,6.3,Other offences against public safety,2,31-40,M,7,f,t,0.118644,
victims,2020,6.3,Other offences against public safety,2,31-40,F,5,f,t,0.084746,
victims,2020,6.3,Other offences against public safety,2,31-40,U,0,f,t,0.000000,
victims,2020,6.3,Other offences against public safety,2,41-64,M,22,f,t,0.372881,
victims,2020,6.3,Other offences against public safety,2,41-64,F,7,f,t,0.118644,
victims,2020,6.3,Other offences against public safety,2,41-64,U,0,f,t,0.000000,
victims,2020,6.3,Other offences against public safety,2,65+,M,2,f,t,0.033898,
victims,2020,6.3,Other offences against public safety,2,65+,F,2,f,t,0.033898,
victims,2020,6.3,Other offences against public safety,2,65+,U,0,f,t,0.000000,
victims,2020,6.3,Other offences against public safety,2,U,M,0,f,f,0.000000,
victims,2020,6.3,Other offences against public safety,2,U,F,0,f,f,0.000000,
victims,2020,6.3,Other offences against public safety,2,U,U,0,f,f,0.000000,
victims,2020,7,Forgery offences,1,0-13,M,1,f,f,0.000390,
victims,2020,7,Forgery offences,1,0-13,F,7,f,f,0.002728,
victims,2020,7,Forgery offences,1,0-13,U,0,f,f,0.000000,
victims,2020,7,Forgery offences,1,14-17,M,3,f,t,0.001169,
victims,2020,7,Forgery offences,1,14-17,F,8,f,t,0.003118,
victims,2020,7,Forgery offences,1,14-17,U,0,f,t,0.000000,
victims,2020,7,Forgery offences,1,18-30,M,297,f,t,0.115744,
victims,2020,7,Forgery offences,1,18-30,F,276,f,t,0.107560,
victims,2020,7,Forgery offences,1,18-30,U,0,f,t,0.000000,
victims,2020,7,Forgery offences,1,31-40,M,344,f,t,0.134061,
victims,2020,7,Forgery offences,1,31-40,F,273,f,t,0.106391,
victims,2020,7,Forgery offences,1,31-40,U,0,f,t,0.000000,
victims,2020,7,Forgery offences,1,41-64,M,656,f,t,0.255651,
victims,2020,7,Forgery offences,1,41-64,F,525,f,t,0.204599,
victims,2020,7,Forgery offences,1,41-64,U,0,f,t,0.000000,
victims,2020,7,Forgery offences,1,65+,M,100,f,t,0.038971,
victims,2020,7,Forgery offences,1,65+,F,76,f,t,0.029618,
victims,2020,7,Forgery offences,1,65+,U,0,f,t,0.000000,
victims,2020,7,Forgery offences,1,U,M,0,f,f,0.000000,
victims,2020,7,Forgery offences,1,U,F,0,f,f,0.000000,
victims,2020,7,Forgery offences,1,U,U,0,f,f,0.000000,
victims,2020,8,Offences against the public administration,1,0-13,M,0,f,f,0.000000,
victims,2020,8,Offences against the public administration,1,0-13,F,1,f,f,0.090909,
victims,2020,8,Offences against the public administration,1,0-13,U,0,f,f,0.000000,
victims,2020,8,Offences against the public administration,1,14-17,M,1,f,t,0.090909,
victims,2020,8,Offences against the public administration,1,14-17,F,0,f,t,0.000000,
victims,2020,8,Offences against the public administration,1,14-17,U,0,f,t,0.000000,
victims,2020,8,Offences against the public administration,1,18-30,M,0,f,t,0.000000,
victims,2020,8,Offences against the public administration,1,18-30,F,4,f,t,0.363636,
victims,2020,8,Offences against the public administration,1,18-30,U,0,f,t,0.000000,
victims,2020,8,Offences against the public administration,1,31-40,M,0,f,t,0.000000,
victims,2020,8,Offences against the public administration,1,31-40,F,1,f,t,0.090909,
victims,2020,8,Offences against the public administration,1,31-40,U,0,f,t,0.000000,
victims,2020,8,Offences against the public administration,1,41-64,M,1,f,t,0.090909,
victims,2020,8,Offences against the public administration,1,41-64,F,3,f,t,0.272727,
victims,2020,8,Offences against the public administration,1,41-64,U,0,f,t,0.000000,
victims,2020,8,Offences against the public administration,1,65+,M,0,f,t,0.000000,
victims,2020,8,Offences against the public administration,1,65+,F,0,f,t,0.000000,
victims,2020,8,Offences against the public administration,1,65+,U,0,f,t,0.000000,
victims,2020,8,Offences against the public administration,1,U,M,0,f,f,0.000000,
victims,2020,8,Offences against the public administration,1,U,F,0,f,f,0.000000,
victims,2020,8,Offences against the public administration,1,U,U,0,f,f,0.000000,
victims,2020,9,Offences against the administration of justice,1,0-13,M,5,f,f,0.001974,
victims,2020,9,Offences against the administration of justice,1,0-13,F,5,f,f,0.001974,
victims,2020,9,Offences against the administration of justice,1,0-13,U,0,f,f,0.000000,
victims,2020,9,Offences against the administration of justice,1,14-17,M,8,f,t,0.003158,
victims,2020,9,Offences against the administration of justice,1,14-17,F,33,f,t,0.013028,
victims,2020,9,Offences against the administration of justice,1,14-17,U,0,f,t,0.000000,
victims,2020,9,Offences against the administration of justice,1,18-30,M,41,f,t,0.016186,
victims,2020,9,Offences against the administration of justice,1,18-30,F,621,f,t,0.245164,
victims,2020,9,Offences against the administration of justice,1,18-30,U,0,f,t,0.000000,
victims,2020,9,Offences against the administration of justice,1,31-40,M,99,f,t,0.039084,
victims,2020,9,Offences against the administration of justice,1,31-40,F,630,f,t,0.248717,
victims,2020,9,Offences against the administration of justice,1,31-40,U,1,f,t,0.000395,
victims,2020,9,Offences against the administration of justice,1,41-64,M,151,f,t,0.059613,
victims,2020,9,Offences against the administration of justice,1,41-64,F,689,f,t,0.272009,
victims,2020,9,Offences against the administration of justice,1,41-64,U,1,f,t,0.000395,
victims,2020,9,Offences against the administration of justice,1,65+,M,55,f,t,0.021713,
victims,2020,9,Offences against the administration of justice,1,65+,F,147,f,t,0.058034,
victims,2020,9,Offences against the administration of justice,1,65+,U,5,f,t,0.001974,
victims,2020,9,Offences against the administration of justice,1,U,M,25,f,f,0.009870,
victims,2020,9,Offences against the administration of justice,1,U,F,11,f,f,0.004343,
victims,2020,9,Offences against the administration of justice,1,U,U,6,f,f,0.002369,
victims,2020,10,Offences against public order,1,0-13,M,6,f,f,0.002307,
victims,2020,10,Offences against public order,1,0-13,F,0,f,f,0.000000,
victims,2020,10,Offences against public order,1,0-13,U,0,f,f,0.000000,
victims,2020,10,Offences against public order,1,14-17,M,6,f,t,0.002307,
victims,2020,10,Offences against public order,1,14-17,F,0,f,t,0.000000,
victims,2020,10,Offences against public order,1,14-17,U,0,f,t,0.000000,
victims,2020,10,Offences against public order,1,18-30,M,155,f,t,0.059592,
victims,2020,10,Offences against public order,1,18-30,F,23,f,t,0.008843,
victims,2020,10,Offences against public order,1,18-30,U,0,f,t,0.000000,
victims,2020,10,Offences against public order,1,31-40,M,353,f,t,0.135717,
victims,2020,10,Offences against public order,1,31-40,F,22,f,t,0.008458,
victims,2020,10,Offences against public order,1,31-40,U,3,f,t,0.001153,
victims,2020,10,Offences against public order,1,41-64,M,119,f,t,0.045752,
victims,2020,10,Offences against public order,1,41-64,F,15,f,t,0.005767,
victims,2020,10,Offences against public order,1,41-64,U,3,f,t,0.001153,
victims,2020,10,Offences against public order,1,65+,M,685,f,t,0.263360,
victims,2020,10,Offences against public order,1,65+,F,37,f,t,0.014225,
victims,2020,10,Offences against public order,1,65+,U,38,f,t,0.014610,
victims,2020,10,Offences against public order,1,U,M,981,f,f,0.377163,
victims,2020,10,Offences against public order,1,U,F,35,f,f,0.013456,
victims,2020,10,Offences against public order,1,U,U,120,f,f,0.046136,
victims,2020,11,Offences under special legislation,1,0-13,M,0,f,f,,
victims,2020,11,Offences under special legislation,1,0-13,F,0,f,f,,
victims,2020,11,Offences under special legislation,1,0-13,U,0,f,f,,
victims,2020,11,Offences under special legislation,1,14-17,M,0,f,t,,
victims,2020,11,Offences under special legislation,1,14-17,F,0,f,t,,
victims,2020,11,Offences under special legislation,1,14-17,U,0,f,t,,
victims,2020,11,Offences under special legislation,1,18-30,M,0,f,t,,
victims,2020,11,Offences under special legislation,1,18-30,F,0,f,t,,
victims,2020,11,Offences under special legislation,1,18-30,U,0,f,t,,
victims,2020,11,Offences under special legislation,1,31-40,M,0,f,t,,
victims,2020,11,Offences under special legislation,1,31-40,F,0,f,t,,
victims,2020,11,Offences under special legislation,1,31-40,U,0,f,t,,
victims,2020,11,Offences under special legislation,1,41-64,M,0,f,t,,
victims,2020,11,Offences under special legislation,1,41-64,F,0,f,t,,
victims,2020,11,Offences under special legislation,1,41-64,U,0,f,t,,
victims,2020,11,Offences under special legislation,1,65+,M,0,f,t,,
victims,2020,11,Offences under special legislation,1,65+,F,0,f,t,,
victims,2020,11,Offences under special legislation,1,65+,U,0,f,t,,
victims,2020,11,Offences under special legislation,1,U,M,0,f,f,,
victims,2020,11,Offences under special legislation,1,U,F,0,f,f,,
victims,2020,11,Offences under special legislation,1,U,U,0,f,f,,
victims,2020,12,Other criminal offences,1,0-13,M,5,f,f,0.008078,
victims,2020,12,Other criminal offences,1,0-13,F,3,f,f,0.004847,
victims,2020,12,Other criminal offences,1,0-13,U,0,f,f,0.000000,
victims,2020,12,Other criminal offences,1,14-17,M,6,f,t,0.009693,
victims,2020,12,Other criminal offences,1,14-17,F,9,f,t,0.014540,
victims,2020,12,Other criminal offences,1,14-17,U,0,f,t,0.000000,
victims,2020,12,Other criminal offences,1,18-30,M,61,f,t,0.098546,
victims,2020,12,Other criminal offences,1,18-30,F,74,f,t,0.119548,
victims,2020,12,Other criminal offences,1,18-30,U,1,f,t,0.001616,
victims,2020,12,Other criminal offences,1,31-40,M,83,f,t,0.134087,
victims,2020,12,Other criminal offences,1,31-40,F,93,f,t,0.150242,
victims,2020,12,Other criminal offences,1,31-40,U,0,f,t,0.000000,
victims,2020,12,Other criminal offences,1,41-64,M,112,f,t,0.180937,
victims,2020,12,Other criminal offences,1,41-64,F,123,f,t,0.198708,
victims,2020,12,Other criminal offences,1,41-64,U,0,f,t,0.000000,
victims,2020,12,Other criminal offences,1,65+,M,24,f,t,0.038772,
victims,2020,12,Other criminal offences,1,65+,F,18,f,t,0.029079,
victims,2020,12,Other criminal offences,1,65+,U,0,f,t,0.000000,
victims,2020,12,Other criminal offences,1,U,M,6,f,f,0.009693,
victims,2020,12,Other criminal offences,1,U,F,0,f,f,0.000000,
victims,2020,12,Other criminal offences,1,U,U,1,f,f,0.001616,
victims,2020,TOTAL,Total criminal offences,0,0-13,M,1077,f,f,0.004711,
victims,2020,TOTAL,Total criminal offences,0,0-13,F,966,f,f,0.004225,
victims,2020,TOTAL,Total criminal offences,0,0-13,U,3,f,f,0.000013,
victims,2020,TOTAL,Total criminal offences,0,14-17,M,2582,f,t,0.011294,
victims,2020,TOTAL,Total criminal offences,0,14-17,F,2118,f,t,0.009265,
victims,2020,TOTAL,Total criminal offences,0,14-17,U,0,f,t,0.000000,
victims,2020,TOTAL,Total criminal offences,0,18-30,M,24273,f,t,0.106176,
victims,2020,TOTAL,Total criminal offences,0,18-30,F,27077,f,t,0.118441,
victims,2020,TOTAL,Total criminal offences,0,18-30,U,19,f,t,0.000083,
victims,2020,TOTAL,Total criminal offences,0,31-40,M,25986,f,t,0.113669,
victims,2020,TOTAL,Total criminal offences,0,31-40,F,24116,f,t,0.105489,
victims,2020,TOTAL,Total criminal offences,0,31-40,U,23,f,t,0.000101,
victims,2020,TOTAL,Total criminal offences,0,41-64,M,52464,f,t,0.229489,
victims,2020,TOTAL,Total criminal offences,0,41-64,F,43000,f,t,0.188092,
victims,2020,TOTAL,Total criminal offences,0,41-64,U,54,f,t,0.000236,
victims,2020,TOTAL,Total criminal offences,0,65+,M,12048,f,t,0.052701,
victims,2020,TOTAL,Total criminal offences,0,65+,F,11280,f,t,0.049341,
victims,2020,TOTAL,Total criminal offences,0,65+,U,76,f,t,0.000332,
victims,2020,TOTAL,Total criminal offences,0,U,M,1184,f,f,0.005179,
victims,2020,TOTAL,Total criminal offences,0,U,F,98,f,f,0.000429,
victims,2020,TOTAL,Total criminal offences,0,U,U,168,f,f,0.000735,
victims,2021,1,Offences against persons,1,0-13,M,480,f,f,0.016200,
victims,2021,1,Offences against persons,1,0-13,F,366,f,f,0.012353,
victims,2021,1,Offences against persons,1,0-13,U,0,f,f,0.000000,
victims,2021,1,Offences against persons,1,14-17,M,745,f,t,0.025144,
victims,2021,1,Offences against persons,1,14-17,F,697,f,t,0.023524,
victims,2021,1,Offences against persons,1,14-17,U,0,f,t,0.000000,
victims,2021,1,Offences against persons,1,18-30,M,3751,f,t,0.126599,
victims,2021,1,Offences against persons,1,18-30,F,5240,f,t,0.176854,
victims,2021,1,Offences against persons,1,18-30,U,5,f,t,0.000169,
victims,2021,1,Offences against persons,1,31-40,M,2678,f,t,0.090384,
victims,2021,1,Offences against persons,1,31-40,F,4449,f,t,0.150157,
victims,2021,1,Offences against persons,1,31-40,U,6,f,t,0.000203,
victims,2021,1,Offences against persons,1,41-64,M,4304,f,t,0.145263,
victims,2021,1,Offences against persons,1,41-64,F,5510,f,t,0.185966,
victims,2021,1,Offences against persons,1,41-64,U,17,f,t,0.000574,
victims,2021,1,Offences against persons,1,65+,M,600,f,t,0.020250,
victims,2021,1,Offences against persons,1,65+,F,728,f,t,0.024571,
victims,2021,1,Offences against persons,1,65+,U,3,f,t,0.000101,
victims,2021,1,Offences against persons,1,U,M,35,f,f,0.001181,
victims,2021,1,Offences against persons,1,U,F,11,f,f,0.000371,
victims,2021,1,Offences against persons,1,U,U,4,f,f,0.000135,
victims,2021,1.1,Intentional homicide and murder,2,0-13,M,0,f,f,0.000000,
victims,2021,1.1,Intentional homicide and murder,2,0-13,F,2,f,f,0.014925,
victims,2021,1.1,Intentional homicide and murder,2,0-13,U,0,f,f,0.000000,
victims,2021,1.1,Intentional homicide and murder,2,14-17,M,7,f,t,0.052239,
victims,2021,1.1,Intentional homicide and murder,2,14-17,F,0,f,t,0.000000,
victims,2021,1.1,Intentional homicide and murder,2,14-17,U,0,f,t,0.000000,
victims,2021,1.1,Intentional homicide and murder,2,18-30,M,41,f,t,0.305970,
victims,2021,1.1,Intentional homicide and murder,2,18-30,F,4,f,t,0.029851,
victims,2021,1.1,Intentional homicide and murder,2,18-30,U,0,f,t,0.000000,
victims,2021,1.1,Intentional homicide and murder,2,31-40,M,14,f,t,0.104478,
victims,2021,1.1,Intentional homicide and murder,2,31-40,F,1,f,t,0.007463,
victims,2021,1.1,Intentional homicide and murder,2,31-40,U,0,f,t,0.000000,
victims,2021,1.1,Intentional homicide and murder,2,41-64,M,35,f,t,0.261194,
victims,2021,1.1,Intentional homicide and murder,2,41-64,F,12,f,t,0.089552,
victims,2021,1.1,Intentional homicide and murder,2,41-64,U,0,f,t,0.000000,
victims,2021,1.1,Intentional homicide and murder,2,65+,M,6,f,t,0.044776,
victims,2021,1.1,Intentional homicide and murder,2,65+,F,12,f,t,0.089552,
victims,2021,1.1,Intentional homicide and murder,2,65+,U,0,f,t,0.000000,
victims,2021,1.1,Intentional homicide and murder,2,U,M,0,f,f,0.000000,
victims,2021,1.1,Intentional homicide and murder,2,U,F,0,f,f,0.000000,
victims,2021,1.1,Intentional homicide and murder,2,U,U,0,f,f,0.000000,
victims,2021,1.1.1,Completed intentional homicide and murder,3,0-13,M,0,f,f,0.000000,
victims,2021,1.1.1,Completed intentional homicide and murder,3,0-13,F,2,f,f,0.054054,
victims,2021,1.1.1,Completed intentional homicide and murder,3,0-13,U,0,f,f,0.000000,
victims,2021,1.1.1,Completed intentional homicide and murder,3,14-17,M,0,f,t,0.000000,
victims,2021,1.1.1,Completed intentional homicide and murder,3,14-17,F,0,f,t,0.000000,
victims,2021,1.1.1,Completed intentional homicide and murder,3,14-17,U,0,f,t,0.000000,
victims,2021,1.1.1,Completed intentional homicide and murder,3,18-30,M,5,f,t,0.135135,
victims,2021,1.1.1,Completed intentional homicide and murder,3,18-30,F,0,f,t,0.000000,
victims,2021,1.1.1,Completed intentional homicide and murder,3,18-30,U,0,f,t,0.000000,
victims,2021,1.1.1,Completed intentional homicide and murder,3,31-40,M,4,f,t,0.108108,
victims,2021,1.1.1,Completed intentional homicide and murder,3,31-40,F,0,f,t,0.000000,
victims,2021,1.1.1,Completed intentional homicide and murder,3,31-40,U,0,f,t,0.000000,
victims,2021,1.1.1,Completed intentional homicide and murder,3,41-64,M,11,f,t,0.297297,
victims,2021,1.1.1,Completed intentional homicide and murder,3,41-64,F,5,f,t,0.135135,
victims,2021,1.1.1,Completed intentional homicide and murder,3,41-64,U,0,f,t,0.000000,
victims,2021,1.1.1,Completed intentional homicide and murder,3,65+,M,3,f,t,0.081081,
victims,2021,1.1.1,Completed intentional homicide and murder,3,65+,F,7,f,t,0.189189,
victims,2021,1.1.1,Completed intentional homicide and murder,3,65+,U,0,f,t,0.000000,
victims,2021,1.1.1,Completed intentional homicide and murder,3,U,M,0,f,f,0.000000,
victims,2021,1.1.1,Completed intentional homicide and murder,3,U,F,0,f,f,0.000000,
victims,2021,1.1.1,Completed intentional homicide and murder,3,U,U,0,f,f,0.000000,
victims,2021,1.2,Bodily injury,2,0-13,M,240,f,f,0.019539,
victims,2021,1.2,Bodily injury,2,0-13,F,140,f,f,0.011398,
victims,2021,1.2,Bodily injury,2,0-13,U,0,f,f,0.000000,
victims,2021,1.2,Bodily injury,2,14-17,M,574,f,t,0.046731,
victims,2021,1.2,Bodily injury,2,14-17,F,257,f,t,0.020923,
victims,2021,1.2,Bodily injury,2,14-17,U,0,f,t,0.000000,
victims,2021,1.2,Bodily injury,2,18-30,M,2608,f,t,0.212326,
victims,2021,1.2,Bodily injury,2,18-30,F,1063,f,t,0.086542,
victims,2021,1.2,Bodily injury,2,18-30,U,2,f,t,0.000163,
victims,2021,1.2,Bodily injury,2,31-40,M,1730,f,t,0.140845,
victims,2021,1.2,Bodily injury,2,31-40,F,798,f,t,0.064968,
victims,2021,1.2,Bodily injury,2,31-40,U,2,f,t,0.000163,
victims,2021,1.2,Bodily injury,2,41-64,M,2915,f,t,0.237320,
victims,2021,1.2,Bodily injury,2,41-64,F,1355,f,t,0.110315,
victims,2021,1.2,Bodily injury,2,41-64,U,9,f,t,0.000733,
victims,2021,1.2,Bodily injury,2,65+,M,376,f,t,0.030611,
victims,2021,1.2,Bodily injury,2,65+,F,180,f,t,0.014654,
victims,2021,1.2,Bodily injury,2,65+,U,2,f,t,0.000163,
victims,2021,1.2,Bodily injury,2,U,M,26,f,f,0.002117,
victims,2021,1.2,Bodily injury,2,U,F,3,f,f,0.000244,
victims,2021,1.2,Bodily injury,2,U,U,3,f,f,0.000244,
victims,2021,1.3,Domestic violence in the family setting,2,0-13,M,229,f,f,0.013650,
victims,2021,1.3,Domestic violence in the family setting,2,0-13,F,215,f,f,0.012815,
victims,2021,1.3,Domestic violence in the family setting,2,0-13,U,0,f,f,0.000000,
victims,2021,1.3,Domestic violence in the family setting,2,14-17,M,153,f,t,0.009120,
victims,2021,1.3,Domestic violence in the family setting,2,14-17,F,431,f,t,0.025690,
victims,2021,1.3,Domestic violence in the family setting,2,14-17,U,0,f,t,0.000000,
victims,2021,1.3,Domestic violence in the family setting,2,18-30,M,1038,f,t,0.061870,
victims,2021,1.3,Domestic violence in the family setting,2,18-30,F,4125,f,t,0.245872,
victims,2021,1.3,Domestic violence in the family setting,2,18-30,U,3,f,t,0.000179,
victims,2021,1.3,Domestic violence in the family setting,2,31-40,M,898,f,t,0.053526,
victims,2021,1.3,Domestic violence in the family setting,2,31-40,F,3622,f,t,0.215891,
victims,2021,1.3,Domestic violence in the family setting,2,31-40,U,4,f,t,0.000238,
victims,2021,1.3,Domestic violence in the family setting,2,41-64,M,1246,f,t,0.074268,
victims,2021,1.3,Domestic violence in the family setting,2,41-64,F,4068,f,t,0.242475,
victims,2021,1.3,Domestic violence in the family setting,2,41-64,U,8,f,t,0.000477,
victims,2021,1.3,Domestic violence in the family setting,2,65+,M,205,f,t,0.012219,
victims,2021,1.3,Domestic violence in the family setting,2,65+,F,514,f,t,0.030637,
victims,2021,1.3,Domestic violence in the family setting,2,65+,U,1,f,t,0.000060,
victims,2021,1.3,Domestic violence in the family setting,2,U,M,9,f,f,0.000536,
victims,2021,1.3,Domestic violence in the family setting,2,U,F,7,f,f,0.000417,
victims,2021,1.3,Domestic violence in the family setting,2,U,U,1,f,f,0.000060,
victims,2021,1.4,Other offences against persons,2,0-13,M,11,f,f,0.025287,
victims,2021,1.4,Other offences against persons,2,0-13,F,9,f,f,0.020690,
victims,2021,1.4,Other offences against persons,2,0-13,U,0,f,f,0.000000,
victims,2021,1.4,Other offences against persons,2,14-17,M,11,f,t,0.025287,
victims,2021,1.4,Other offences against persons,2,14-17,F,9,f,t,0.020690,
victims,2021,1.4,Other offences against persons,2,14-17,U,0,f,t,0.000000,
victims,2021,1.4,Other offences against persons,2,18-30,M,64,f,t,0.147126,
victims,2021,1.4,Other offences against persons,2,18-30,F,48,f,t,0.110345,
victims,2021,1.4,Other offences against persons,2,18-30,U,0,f,t,0.000000,
victims,2021,1.4,Other offences against persons,2,31-40,M,36,f,t,0.082759,
victims,2021,1.4,Other offences against persons,2,31-40,F,28,f,t,0.064368,
victims,2021,1.4,Other offences against persons,2,31-40,U,0,f,t,0.000000,
victims,2021,1.4,Other offences against persons,2,41-64,M,108,f,t,0.248276,
victims,2021,1.4,Other offences against persons,2,41-64,F,75,f,t,0.172414,
victims,2021,1.4,Other offences against persons,2,41-64,U,0,f,t,0.000000,
victims,2021,1.4,Other offences against persons,2,65+,M,13,f,t,0.029885,
victims,2021,1.4,Other offences against persons,2,65+,F,22,f,t,0.050575,
victims,2021,1.4,Other offences against persons,2,65+,U,0,f,t,0.000000,
victims,2021,1.4,Other offences against persons,2,U,M,0,f,f,0.000000,
victims,2021,1.4,Other offences against persons,2,U,F,1,f,f,0.002299,
victims,2021,1.4,Other offences against persons,2,U,U,0,f,f,0.000000,
victims,2021,2,Offences against personal liberty,1,0-13,M,177,f,f,0.010179,
victims,2021,2,Offences against personal liberty,1,0-13,F,165,f,f,0.009489,
victims,2021,2,Offences against personal liberty,1,0-13,U,0,f,f,0.000000,
victims,2021,2,Offences against personal liberty,1,14-17,M,320,f,t,0.018402,
victims,2021,2,Offences against personal liberty,1,14-17,F,341,f,t,0.019610,
victims,2021,2,Offences against personal liberty,1,14-17,U,0,f,t,0.000000,
victims,2021,2,Offences against personal liberty,1,18-30,M,2059,f,t,0.118408,
victims,2021,2,Offences against personal liberty,1,18-30,F,2003,f,t,0.115188,
victims,2021,2,Offences against personal liberty,1,18-30,U,3,f,t,0.000173,
victims,2021,2,Offences against personal liberty,1,31-40,M,2141,f,t,0.123124,
victims,2021,2,Offences against personal liberty,1,31-40,F,1839,f,t,0.105757,
victims,2021,2,Offences against personal liberty,1,31-40,U,2,f,t,0.000115,
victims,2021,2,Offences against personal liberty,1,41-64,M,4087,f,t,0.235034,
victims,2021,2,Offences against personal liberty,1,41-64,F,3143,f,t,0.180746,
victims,2021,2,Offences against personal liberty,1,41-64,U,18,f,t,0.001035,
victims,2021,2,Offences against personal liberty,1,65+,M,558,f,t,0.032089,
victims,2021,2,Offences against personal liberty,1,65+,F,451,f,t,0.025936,
victims,2021,2,Offences against personal liberty,1,65+,U,3,f,t,0.000173,
victims,2021,2,Offences against personal liberty,1,U,M,62,f,f,0.003565,
victims,2021,2,Offences against personal liberty,1,U,F,12,f,f,0.000690,
victims,2021,2,Offences against personal liberty,1,U,U,5,f,f,0.000288,
victims,2021,2.1,Habitual domestic abuse,2,0-13,M,22,f,f,0.016768,
victims,2021,2.1,Habitual domestic abuse,2,0-13,F,20,f,f,0.015244,
victims,2021,2.1,Habitual domestic abuse,2,0-13,U,0,f,f,0.000000,
victims,2021,2.1,Habitual domestic abuse,2,14-17,M,16,f,t,0.012195,
victims,2021,2.1,Habitual domestic abuse,2,14-17,F,36,f,t,0.027439,
victims,2021,2.1,Habitual domestic abuse,2,14-17,U,0,f,t,0.000000,
victims,2021,2.1,Habitual domestic abuse,2,18-30,M,29,f,t,0.022104,
victims,2021,2.1,Habitual domestic abuse,2,18-30,F,293,f,t,0.223323,
victims,2021,2.1,Habitual domestic abuse,2,18-30,U,1,f,t,0.000762,
victims,2021,2.1,Habitual domestic abuse,2,31-40,M,28,f,t,0.021341,
victims,2021,2.1,Habitual domestic abuse,2,31-40,F,333,f,t,0.253811,
victims,2021,2.1,Habitual domestic abuse,2,31-40,U,0,f,t,0.000000,
victims,2021,2.1,Habitual domestic abuse,2,41-64,M,56,f,t,0.042683,
victims,2021,2.1,Habitual domestic abuse,2,41-64,F,404,f,t,0.307927,
victims,2021,2.1,Habitual domestic abuse,2,41-64,U,0,f,t,0.000000,
victims,2021,2.1,Habitual domestic abuse,2,65+,M,18,f,t,0.013720,
victims,2021,2.1,Habitual domestic abuse,2,65+,F,55,f,t,0.041921,
victims,2021,2.1,Habitual domestic abuse,2,65+,U,1,f,t,0.000762,
victims,2021,2.1,Habitual domestic abuse,2,U,M,0,f,f,0.000000,
victims,2021,2.1,Habitual domestic abuse,2,U,F,0,f,f,0.000000,
victims,2021,2.1,Habitual domestic abuse,2,U,U,0,f,f,0.000000,
victims,2021,2.2,Other offences against personal liberty,2,0-13,M,155,f,f,0.009641,
victims,2021,2.2,Other offences against personal liberty,2,0-13,F,145,f,f,0.009019,
victims,2021,2.2,Other offences against personal liberty,2,0-13,U,0,f,f,0.000000,
victims,2021,2.2,Other offences against personal liberty,2,14-17,M,304,f,t,0.018909,
victims,2021,2.2,Other offences against personal liberty,2,14-17,F,305,f,t,0.018971,
victims,2021,2.2,Other offences against personal liberty,2,14-17,U,0,f,t,0.000000,
victims,2021,2.2,Other offences against personal liberty,2,18-30,M,2030,f,t,0.126267,
victims,2021,2.2,Other offences against personal liberty,2,18-30,F,1710,f,t,0.106363,
victims,2021,2.2,Other offences against personal liberty,2,18-30,U,2,f,t,0.000124,
victims,2021,2.2,Other offences against personal liberty,2,31-40,M,2113,f,t,0.131430,
victims,2021,2.2,Other offences against personal liberty,2,31-40,F,1506,f,t,0.093674,
victims,2021,2.2,Other offences against personal liberty,2,31-40,U,2,f,t,0.000124,
victims,2021,2.2,Other offences against personal liberty,2,41-64,M,4031,f,t,0.250731,
victims,2021,2.2,Other offences against personal liberty,2,41-64,F,2739,f,t,0.170368,
victims,2021,2.2,Other offences against personal liberty,2,41-64,U,18,f,t,0.001120,
victims,2021,2.2,Other offences against personal liberty,2,65+,M,540,f,t,0.033588,
victims,2021,2.2,Other offences against personal liberty,2,65+,F,396,f,t,0.024631,
victims,2021,2.2,Other offences against personal liberty,2,65+,U,2,f,t,0.000124,
victims,2021,2.2,Other offences against personal liberty,2,U,M,62,f,f,0.003856,
victims,2021,2.2,Other offences against personal liberty,2,U,F,12,f,f,0.000746,
victims,2021,2.2,Other offences against personal liberty,2,U,U,5,f,f,0.000311,
victims,2021,3,Offences against sexual freedom,1,0-13,M,109,f,f,0.046128,
victims,2021,3,Offences against sexual freedom,1,0-13,F,379,f,f,0.160389,
victims,2021,3,Offences against sexual freedom,1,0-13,U,2,f,f,0.000846,
victims,2021,3,Offences against sexual freedom,1,14-17,M,84,f,t,0.035548,
victims,2021,3,Offences against sexual freedom,1,14-17,F,524,f,t,0.221752,
victims,2021,3,Offences against sexual freedom,1,14-17,U,0,f,t,0.000000,
victims,2021,3,Offences against sexual freedom,1,18-30,M,76,f,t,0.032163,
victims,2021,3,Offences against sexual freedom,1,18-30,F,747,f,t,0.316124,
victims,2021,3,Offences against sexual freedom,1,18-30,U,1,f,t,0.000423,
victims,2021,3,Offences against sexual freedom,1,31-40,M,20,f,t,0.008464,
victims,2021,3,Offences against sexual freedom,1,31-40,F,216,f,t,0.091409,
victims,2021,3,Offences against sexual freedom,1,31-40,U,1,f,t,0.000423,
victims,2021,3,Offences against sexual freedom,1,41-64,M,14,f,t,0.005925,
victims,2021,3,Offences against sexual freedom,1,41-64,F,167,f,t,0.070673,
victims,2021,3,Offences against sexual freedom,1,41-64,U,1,f,t,0.000423,
victims,2021,3,Offences against sexual freedom,1,65+,M,0,f,t,0.000000,
victims,2021,3,Offences against sexual freedom,1,65+,F,17,f,t,0.007194,
victims,2021,3,Offences against sexual freedom,1,65+,U,0,f,t,0.000000,
victims,2021,3,Offences against sexual freedom,1,U,M,1,f,f,0.000423,
victims,2021,3,Offences against sexual freedom,1,U,F,4,f,f,0.001693,
victims,2021,3,Offences against sexual freedom,1,U,U,0,f,f,0.000000,
victims,2021,3.1,Sexual assault,2,0-13,M,47,f,f,0.032982,
victims,2021,3.1,Sexual assault,2,0-13,F,227,f,f,0.159298,
victims,2021,3.1,Sexual assault,2,0-13,U,1,f,f,0.000702,
victims,2021,3.1,Sexual assault,2,14-17,M,36,f,t,0.025263,
victims,2021,3.1,Sexual assault,2,14-17,F,304,f,t,0.213333,
victims,2021,3.1,Sexual assault,2,14-17,U,0,f,t,0.000000,
victims,2021,3.1,Sexual assault,2,18-30,M,53,f,t,0.037193,
victims,2021,3.1,Sexual assault,2,18-30,F,475,f,t,0.333333,
victims,2021,3.1,Sexual assault,2,18-30,U,1,f,t,0.000702,
victims,2021,3.1,Sexual assault,2,31-40,M,13,f,t,0.009123,
victims,2021,3.1,Sexual assault,2,31-40,F,143,f,t,0.100351,
victims,2021,3.1,Sexual assault,2,31-40,U,1,f,t,0.000702,
victims,2021,3.1,Sexual assault,2,41-64,M,6,f,t,0.004211,
victims,2021,3.1,Sexual assault,2,41-64,F,101,f,t,0.070877,
victims,2021,3.1,Sexual assault,2,41-64,U,1,f,t,0.000702,
victims,2021,3.1,Sexual assault,2,65+,M,0,f,t,0.000000,
victims,2021,3.1,Sexual assault,2,65+,F,13,f,t,0.009123,
victims,2021,3.1,Sexual assault,2,65+,U,0,f,t,0.000000,
victims,2021,3.1,Sexual assault,2,U,M,0,f,f,0.000000,
victims,2021,3.1,Sexual assault,2,U,F,3,f,f,0.002105,
victims,2021,3.1,Sexual assault,2,U,U,0,f,f,0.000000,
victims,2021,3.2,Sexual assault with penetration,2,0-13,M,15,f,f,0.026930,
victims,2021,3.2,Sexual assault with penetration,2,0-13,F,46,f,f,0.082585,
victims,2021,3.2,Sexual assault with penetration,2,0-13,U,0,f,f,0.000000,
victims,2021,3.2,Sexual assault with penetration,2,14-17,M,12,f,t,0.021544,
victims,2021,3.2,Sexual assault with penetration,2,14-17,F,123,f,t,0.220826,
victims,2021,3.2,Sexual assault with penetration,2,14-17,U,0,f,t,0.000000,
victims,2021,3.2,Sexual assault with penetration,2,18-30,M,20,f,t,0.035907,
victims,2021,3.2,Sexual assault with penetration,2,18-30,F,236,f,t,0.423698,
victims,2021,3.2,Sexual assault with penetration,2,18-30,U,0,f,t,0.000000,
victims,2021,3.2,Sexual assault with penetration,2,31-40,M,6,f,t,0.010772,
victims,2021,3.2,Sexual assault with penetration,2,31-40,F,52,f,t,0.093357,
victims,2021,3.2,Sexual assault with penetration,2,31-40,U,0,f,t,0.000000,
victims,2021,3.2,Sexual assault with penetration,2,41-64,M,4,f,t,0.007181,
victims,2021,3.2,Sexual assault with penetration,2,41-64,F,40,f,t,0.071813,
victims,2021,3.2,Sexual assault with penetration,2,41-64,U,0,f,t,0.000000,
victims,2021,3.2,Sexual assault with penetration,2,65+,M,0,f,t,0.000000,
victims,2021,3.2,Sexual assault with penetration,2,65+,F,3,f,t,0.005386,
victims,2021,3.2,Sexual assault with penetration,2,65+,U,0,f,t,0.000000,
victims,2021,3.2,Sexual assault with penetration,2,U,M,0,f,f,0.000000,
victims,2021,3.2,Sexual assault with penetration,2,U,F,0,f,f,0.000000,
victims,2021,3.2,Sexual assault with penetration,2,U,U,0,f,f,0.000000,
victims,2021,3.3,Corruption of minors,2,0-13,M,7,f,f,0.145833,
victims,2021,3.3,Corruption of minors,2,0-13,F,13,f,f,0.270833,
victims,2021,3.3,Corruption of minors,2,0-13,U,0,f,f,0.000000,
victims,2021,3.3,Corruption of minors,2,14-17,M,5,f,t,0.104167,
victims,2021,3.3,Corruption of minors,2,14-17,F,17,f,t,0.354167,
victims,2021,3.3,Corruption of minors,2,14-17,U,0,f,t,0.000000,
victims,2021,3.3,Corruption of minors,2,18-30,M,0,f,t,0.000000,
victims,2021,3.3,Corruption of minors,2,18-30,F,5,f,t,0.104167,
victims,2021,3.3,Corruption of minors,2,18-30,U,0,f,t,0.000000,
victims,2021,3.3,Corruption of minors,2,31-40,M,0,f,t,0.000000,
victims,2021,3.3,Corruption of minors,2,31-40,F,0,f,t,0.000000,
victims,2021,3.3,Corruption of minors,2,31-40,U,0,f,t,0.000000,
victims,2021,3.3,Corruption of minors,2,41-64,M,0,f,t,0.000000,
victims,2021,3.3,Corruption of minors,2,41-64,F,1,f,t,0.020833,
victims,2021,3.3,Corruption of minors,2,41-64,U,0,f,t,0.000000,
victims,2021,3.3,Corruption of minors,2,65+,M,0,f,t,0.000000,
victims,2021,3.3,Corruption of minors,2,65+,F,0,f,t,0.000000,
victims,2021,3.3,Corruption of minors,2,65+,U,0,f,t,0.000000,
victims,2021,3.3,Corruption of minors,2,U,M,0,f,f,0.000000,
victims,2021,3.3,Corruption of minors,2,U,F,0,f,f,0.000000,
victims,2021,3.3,Corruption of minors,2,U,U,0,f,f,0.000000,
victims,2021,3.4,Child pornography,2,0-13,M,6,f,f,0.260870,
victims,2021,3.4,Child pornography,2,0-13,F,5,f,f,0.217391,
victims,2021,3.4,Child pornography,2,0-13,U,1,f,f,0.043478,
victims,2021,3.4,Child pornography,2,14-17,M,8,f,t,0.347826,
victims,2021,3.4,Child pornography,2,14-17,F,2,f,t,0.086957,
victims,2021,3.4,Child pornography,2,14-17,U,0,f,t,0.000000,
victims,2021,3.4,Child pornography,2,18-30,M,0,f,t,0.000000,
victims,2021,3.4,Child pornography,2,18-30,F,0,f,t,0.000000,
victims,2021,3.4,Child pornography,2,18-30,U,0,f,t,0.000000,
victims,2021,3.4,Child pornography,2,31-40,M,0,f,t,0.000000,
victims,2021,3.4,Child pornography,2,31-40,F,0,f,t,0.000000,
victims,2021,3.4,Child pornography,2,31-40,U,0,f,t,0.000000,
victims,2021,3.4,Child pornography,2,41-64,M,1,f,t,0.043478,
victims,2021,3.4,Child pornography,2,41-64,F,0,f,t,0.000000,
victims,2021,3.4,Child pornography,2,41-64,U,0,f,t,0.000000,
victims,2021,3.4,Child pornography,2,65+,M,0,f,t,0.000000,
victims,2021,3.4,Child pornography,2,65+,F,0,f,t,0.000000,
victims,2021,3.4,Child pornography,2,65+,U,0,f,t,0.000000,
victims,2021,3.4,Child pornography,2,U,M,0,f,f,0.000000,
victims,2021,3.4,Child pornography,2,U,F,0,f,f,0.000000,
victims,2021,3.4,Child pornography,2,U,U,0,f,f,0.000000,
victims,2021,3.5,Other offences against sexual freedom,2,0-13,M,34,f,f,0.109677,
victims,2021,3.5,Other offences against sexual freedom,2,0-13,F,88,f,f,0.283871,
victims,2021,3.5,Other offences against sexual freedom,2,0-13,U,0,f,f,0.000000,
victims,2021,3.5,Other offences against sexual freedom,2,14-17,M,23,f,t,0.074194,
victims,2021,3.5,Other offences against sexual freedom,2,14-17,F,78,f,t,0.251613,
victims,2021,3.5,Other offences against sexual freedom,2,14-17,U,0,f,t,0.000000,
victims,2021,3.5,Other offences against sexual freedom,2,18-30,M,3,f,t,0.009677,
victims,2021,3.5,Other offences against sexual freedom,2,18-30,F,31,f,t,0.100000,
victims,2021,3.5,Other offences against sexual freedom,2,18-30,U,0,f,t,0.000000,
victims,2021,3.5,Other offences against sexual freedom,2,31-40,M,1,f,t,0.003226,
victims,2021,3.5,Other offences against sexual freedom,2,31-40,F,21,f,t,0.067742,
victims,2021,3.5,Other offences against sexual freedom,2,31-40,U,0,f,t,0.000000,
victims,2021,3.5,Other offences against sexual freedom,2,41-64,M,3,f,t,0.009677,
victims,2021,3.5,Other offences against sexual freedom,2,41-64,F,25,f,t,0.080645,
victims,2021,3.5,Other offences against sexual freedom,2,41-64,U,0,f,t,0.000000,
victims,2021,3.5,Other offences against sexual freedom,2,65+,M,0,f,t,0.000000,
victims,2021,3.5,Other offences against sexual freedom,2,65+,F,1,f,t,0.003226,
victims,2021,3.5,Other offences against sexual freedom,2,65+,U,0,f,t,0.000000,
victims,2021,3.5,Other offences against sexual freedom,2,U,M,1,f,f,0.003226,
victims,2021,3.5,Other offences against sexual freedom,2,U,F,1,f,f,0.003226,
victims,2021,3.5,Other offences against sexual freedom,2,U,U,0,f,f,0.000000,
victims,2021,4,Offences against family relations,1,0-13,M,112,f,f,0.121081,
victims,2021,4,Offences against family relations,1,0-13,F,96,f,f,0.103784,
victims,2021,4,Offences against family relations,1,0-13,U,1,f,f,0.001081,
victims,2021,4,Offences against family relations,1,14-17,M,21,f,t,0.022703,
victims,2021,4,Offences against family relations,1,14-17,F,24,f,t,0.025946,
victims,2021,4,Offences against family relations,1,14-17,U,0,f,t,0.000000,
victims,2021,4,Offences against family relations,1,18-30,M,19,f,t,0.020541,
victims,2021,4,Offences against family relations,1,18-30,F,84,f,t,0.090811,
victims,2021,4,Offences against family relations,1,18-30,U,0,f,t,0.000000,
victims,2021,4,Offences against family relations,1,31-40,M,35,f,t,0.037838,
victims,2021,4,Offences against family relations,1,31-40,F,206,f,t,0.222703,
victims,2021,4,Offences against family relations,1,31-40,U,0,f,t,0.000000,
victims,2021,4,Offences against family relations,1,41-64,M,67,f,t,0.072432,
victims,2021,4,Offences against family relations,1,41-64,F,246,f,t,0.265946,
victims,2021,4,Offences against family relations,1,41-64,U,0,f,t,0.000000,
victims,2021,4,Offences against family relations,1,65+,M,7,f,t,0.007568,
victims,2021,4,Offences against family relations,1,65+,F,3,f,t,0.003243,
victims,2021,4,Offences against family relations,1,65+,U,0,f,t,0.000000,
victims,2021,4,Offences against family relations,1,U,M,3,f,f,0.003243,
victims,2021,4,Offences against family relations,1,U,F,1,f,f,0.001081,
victims,2021,4,Offences against family relations,1,U,U,0,f,f,0.000000,
victims,2021,5,Property offences,1,0-13,M,374,f,f,0.001944,
victims,2021,5,Property offences,1,0-13,F,112,f,f,0.000582,
victims,2021,5,Property offences,1,0-13,U,1,f,f,0.000005,
victims,2021,5,Property offences,1,14-17,M,1823,f,t,0.009476,
victims,2021,5,Property offences,1,14-17,F,1150,f,t,0.005978,
victims,2021,5,Property offences,1,14-17,U,1,f,t,0.000005,
victims,2021,5,Property offences,1,18-30,M,22856,f,t,0.118802,
victims,2021,5,Property offences,1,18-30,F,21196,f,t,0.110174,
victims,2021,5,Property offences,1,18-30,U,2,f,t,0.000010,
victims,2021,5,Property offences,1,31-40,M,21549,f,t,0.112009,
victims,2021,5,Property offences,1,31-40,F,17430,f,t,0.090599,
victims,2021,5,Property offences,1,31-40,U,5,f,t,0.000026,
victims,2021,5,Property offences,1,41-64,M,46825,f,t,0.243390,
victims,2021,5,Property offences,1,41-64,F,35628,f,t,0.185189,
victims,2021,5,Property offences,1,41-64,U,33,f,t,0.000172,
victims,2021,5,Property offences,1,65+,M,11600,f,t,0.060295,
victims,2021,5,Property offences,1,65+,F,11651,f,t,0.060560,
victims,2021,5,Property offences,1,65+,U,17,f,t,0.000088,
victims,2021,5,Property offences,1,U,M,80,f,f,0.000416,
victims,2021,5,Property offences,1,U,F,21,f,f,0.000109,
victims,2021,5,Property offences,1,U,U,33,f,f,0.000172,
victims,2021,5.1,Theft,2,0-13,M,98,f,f,0.001223,
victims,2021,5.1,Theft,2,0-13,F,58,f,f,0.000724,
victims,2021,5.1,Theft,2,0-13,U,1,f,f,0.000012,
victims,2021,5.1,Theft,2,14-17,M,539,f,t,0.006725,
victims,2021,5.1,Theft,2,14-17,F,813,f,t,0.010144,
victims,2021,5.1,Theft,2,14-17,U,0,f,t,0.000000,
victims,2021,5.1,Theft,2,18-30,M,9541,f,t,0.119044,
victims,2021,5.1,Theft,2,18-30,F,12120,f,t,0.151222,
victims,2021,5.1,Theft,2,18-30,U,2,f,t,0.000025,
victims,2021,5.1,Theft,2,31-40,M,7351,f,t,0.091719,
victims,2021,5.1,Theft,2,31-40,F,8352,f,t,0.104209,
victims,2021,5.1,Theft,2,31-40,U,4,f,t,0.000050,
victims,2021,5.1,Theft,2,41-64,M,14908,f,t,0.186008,
victims,2021,5.1,Theft,2,41-64,F,15095,f,t,0.188341,
victims,2021,5.1,Theft,2,41-64,U,23,f,t,0.000287,
victims,2021,5.1,Theft,2,65+,M,4496,f,t,0.056097,
victims,2021,5.1,Theft,2,65+,F,6639,f,t,0.082835,
victims,2021,5.1,Theft,2,65+,U,13,f,t,0.000162,
victims,2021,5.1,Theft,2,U,M,58,f,f,0.000724,
victims,2021,5.1,Theft,2,U,F,13,f,f,0.000162,
victims,2021,5.1,Theft,2,U,U,23,f,f,0.000287,
victims,2021,5.2,Burglary involving forced entry,2,0-13,M,4,f,f,0.000184,
victims,2021,5.2,Burglary involving forced entry,2,0-13,F,1,f,f,0.000046,
victims,2021,5.2,Burglary involving forced entry,2,0-13,U,0,f,f,0.000000,
victims,2021,5.2,Burglary involving forced entry,2,14-17,M,17,f,t,0.000784,
victims,2021,5.2,Burglary involving forced entry,2,14-17,F,3,f,t,0.000138,
victims,2021,5.2,Burglary involving forced entry,2,14-17,U,0,f,t,0.000000,
victims,2021,5.2,Burglary involving forced entry,2,18-30,M,2167,f,t,0.099912,
victims,2021,5.2,Burglary involving forced entry,2,18-30,F,1064,f,t,0.049057,
victims,2021,5.2,Burglary involving forced entry,2,18-30,U,0,f,t,0.000000,
victims,2021,5.2,Burglary involving forced entry,2,31-40,M,3656,f,t,0.168565,
victims,2021,5.2,Burglary involving forced entry,2,31-40,F,1507,f,t,0.069482,
victims,2021,5.2,Burglary involving forced entry,2,31-40,U,0,f,t,0.000000,
victims,2021,5.2,Burglary involving forced entry,2,41-64,M,8320,f,t,0.383605,
victims,2021,5.2,Burglary involving forced entry,2,41-64,F,3103,f,t,0.143068,
victims,2021,5.2,Burglary involving forced entry,2,41-64,U,2,f,t,0.000092,
victims,2021,5.2,Burglary involving forced entry,2,65+,M,1197,f,t,0.055189,
victims,2021,5.2,Burglary involving forced entry,2,65+,F,642,f,t,0.029600,
victims,2021,5.2,Burglary involving forced entry,2,65+,U,0,f,t,0.000000,
victims,2021,5.2,Burglary involving forced entry,2,U,M,4,f,f,0.000184,
victims,2021,5.2,Burglary involving forced entry,2,U,F,0,f,f,0.000000,
victims,2021,5.2,Burglary involving forced entry,2,U,U,2,f,f,0.000092,
victims,2021,5.2.1,Theft from vehicles by forced entry,3,0-13,M,2,f,f,0.000160,
victims,2021,5.2.1,Theft from vehicles by forced entry,3,0-13,F,0,f,f,0.000000,
victims,2021,5.2.1,Theft from vehicles by forced entry,3,0-13,U,0,f,f,0.000000,
victims,2021,5.2.1,Theft from vehicles by forced entry,3,14-17,M,4,f,t,0.000319,
victims,2021,5.2.1,Theft from vehicles by forced entry,3,14-17,F,0,f,t,0.000000,
victims,2021,5.2.1,Theft from vehicles by forced entry,3,14-17,U,0,f,t,0.000000,
victims,2021,5.2.1,Theft from vehicles by forced entry,3,18-30,M,1600,f,t,0.127745,
victims,2021,5.2.1,Theft from vehicles by forced entry,3,18-30,F,622,f,t,0.049661,
victims,2021,5.2.1,Theft from vehicles by forced entry,3,18-30,U,0,f,t,0.000000,
victims,2021,5.2.1,Theft from vehicles by forced entry,3,31-40,M,2525,f,t,0.201597,
victims,2021,5.2.1,Theft from vehicles by forced entry,3,31-40,F,786,f,t,0.062754,
victims,2021,5.2.1,Theft from vehicles by forced entry,3,31-40,U,0,f,t,0.000000,
victims,2021,5.2.1,Theft from vehicles by forced entry,3,41-64,M,5092,f,t,0.406547,
victims,2021,5.2.1,Theft from vehicles by forced entry,3,41-64,F,1323,f,t,0.105629,
victims,2021,5.2.1,Theft from vehicles by forced entry,3,41-64,U,0,f,t,0.000000,
victims,2021,5.2.1,Theft from vehicles by forced entry,3,65+,M,461,f,t,0.036806,
victims,2021,5.2.1,Theft from vehicles by forced entry,3,65+,F,109,f,t,0.008703,
victims,2021,5.2.1,Theft from vehicles by forced entry,3,65+,U,0,f,t,0.000000,
victims,2021,5.2.1,Theft from vehicles by forced entry,3,U,M,1,f,f,0.000080,
victims,2021,5.2.1,Theft from vehicles by forced entry,3,U,F,0,f,f,0.000000,
victims,2021,5.2.1,Theft from vehicles by forced entry,3,U,U,0,f,f,0.000000,
victims,2021,5.2.2,Domestic burglary,3,0-13,M,0,f,f,0.000000,
victims,2021,5.2.2,Domestic burglary,3,0-13,F,0,f,f,0.000000,
victims,2021,5.2.2,Domestic burglary,3,0-13,U,0,f,f,0.000000,
victims,2021,5.2.2,Domestic burglary,3,14-17,M,3,f,t,0.000623,
victims,2021,5.2.2,Domestic burglary,3,14-17,F,0,f,t,0.000000,
victims,2021,5.2.2,Domestic burglary,3,14-17,U,0,f,t,0.000000,
victims,2021,5.2.2,Domestic burglary,3,18-30,M,235,f,t,0.048765,
victims,2021,5.2.2,Domestic burglary,3,18-30,F,233,f,t,0.048350,
victims,2021,5.2.2,Domestic burglary,3,18-30,U,0,f,t,0.000000,
victims,2021,5.2.2,Domestic burglary,3,31-40,M,483,f,t,0.100228,
victims,2021,5.2.2,Domestic burglary,3,31-40,F,402,f,t,0.083420,
victims,2021,5.2.2,Domestic burglary,3,31-40,U,0,f,t,0.000000,
victims,2021,5.2.2,Domestic burglary,3,41-64,M,1370,f,t,0.284291,
victims,2021,5.2.2,Domestic burglary,3,41-64,F,1057,f,t,0.219340,
victims,2021,5.2.2,Domestic burglary,3,41-64,U,2,f,t,0.000415,
victims,2021,5.2.2,Domestic burglary,3,65+,M,555,f,t,0.115169,
victims,2021,5.2.2,Domestic burglary,3,65+,F,478,f,t,0.099191,
victims,2021,5.2.2,Domestic burglary,3,65+,U,0,f,t,0.000000,
victims,2021,5.2.2,Domestic burglary,3,U,M,0,f,f,0.000000,
victims,2021,5.2.2,Domestic burglary,3,U,F,0,f,f,0.000000,
victims,2021,5.2.2,Domestic burglary,3,U,U,1,f,f,0.000208,
victims,2021,5.2.3,Burglary of commercial premises,3,0-13,M,1,f,f,0.000408,
victims,2021,5.2.3,Burglary of commercial premises,3,0-13,F,1,f,f,0.000408,
victims,2021,5.2.3,Burglary of commercial premises,3,0-13,U,0,f,f,0.000000,
victims,2021,5.2.3,Burglary of commercial premises,3,14-17,M,1,f,t,0.000408,
victims,2021,5.2.3,Burglary of commercial premises,3,14-17,F,1,f,t,0.000408,
victims,2021,5.2.3,Burglary of commercial premises,3,14-17,U,0,f,t,0.000000,
victims,2021,5.2.3,Burglary of commercial premises,3,18-30,M,155,f,t,0.063317,
victims,2021,5.2.3,Burglary of commercial premises,3,18-30,F,100,f,t,0.040850,
victims,2021,5.2.3,Burglary of commercial premises,3,18-30,U,0,f,t,0.000000,
victims,2021,5.2.3,Burglary of commercial premises,3,31-40,M,379,f,t,0.154820,
victims,2021,5.2.3,Burglary of commercial premises,3,31-40,F,223,f,t,0.091095,
victims,2021,5.2.3,Burglary of commercial premises,3,31-40,U,0,f,t,0.000000,
victims,2021,5.2.3,Burglary of commercial premises,3,41-64,M,1003,f,t,0.409722,
victims,2021,5.2.3,Burglary of commercial premises,3,41-64,F,453,f,t,0.185049,
victims,2021,5.2.3,Burglary of commercial premises,3,41-64,U,0,f,t,0.000000,
victims,2021,5.2.3,Burglary of commercial premises,3,65+,M,103,f,t,0.042075,
victims,2021,5.2.3,Burglary of commercial premises,3,65+,F,25,f,t,0.010212,
victims,2021,5.2.3,Burglary of commercial premises,3,65+,U,0,f,t,0.000000,
victims,2021,5.2.3,Burglary of commercial premises,3,U,M,3,f,f,0.001225,
victims,2021,5.2.3,Burglary of commercial premises,3,U,F,0,f,f,0.000000,
victims,2021,5.2.3,Burglary of commercial premises,3,U,U,0,f,f,0.000000,
victims,2021,5.3,Robbery with violence or intimidation,2,0-13,M,255,f,f,0.020420,
victims,2021,5.3,Robbery with violence or intimidation,2,0-13,F,44,f,f,0.003523,
victims,2021,5.3,Robbery with violence or intimidation,2,0-13,U,0,f,f,0.000000,
victims,2021,5.3,Robbery with violence or intimidation,2,14-17,M,1164,f,t,0.093209,
victims,2021,5.3,Robbery with violence or intimidation,2,14-17,F,258,f,t,0.020660,
victims,2021,5.3,Robbery with violence or intimidation,2,14-17,U,1,f,t,0.000080,
victims,2021,5.3,Robbery with violence or intimidation,2,18-30,M,2747,f,t,0.219971,
victims,2021,5.3,Robbery with violence or intimidation,2,18-30,F,1353,f,t,0.108344,
victims,2021,5.3,Robbery with violence or intimidation,2,18-30,U,0,f,t,0.000000,
victims,2021,5.3,Robbery with violence or intimidation,2,31-40,M,1142,f,t,0.091448,
victims,2021,5.3,Robbery with violence or intimidation,2,31-40,F,735,f,t,0.058857,
victims,2021,5.3,Robbery with violence or intimidation,2,31-40,U,1,f,t,0.000080,
victims,2021,5.3,Robbery with violence or intimidation,2,41-64,M,1950,f,t,0.156150,
victims,2021,5.3,Robbery with violence or intimidation,2,41-64,F,1516,f,t,0.121397,
victims,2021,5.3,Robbery with violence or intimidation,2,41-64,U,3,f,t,0.000240,
victims,2021,5.3,Robbery with violence or intimidation,2,65+,M,579,f,t,0.046365,
victims,2021,5.3,Robbery with violence or intimidation,2,65+,F,721,f,t,0.057735,
victims,2021,5.3,Robbery with violence or intimidation,2,65+,U,3,f,t,0.000240,
victims,2021,5.3,Robbery with violence or intimidation,2,U,M,10,f,f,0.000801,
victims,2021,5.3,Robbery with violence or intimidation,2,U,F,5,f,f,0.000400,
victims,2021,5.3,Robbery with violence or intimidation,2,U,U,1,f,f,0.000080,
victims,2021,5.3.1,Street robbery,3,0-13,M,191,f,f,0.022479,
victims,2021,5.3.1,Street robbery,3,0-13,F,26,f,f,0.003060,
victims,2021,5.3.1,Street robbery,3,0-13,U,0,f,f,0.000000,
victims,2021,5.3.1,Street robbery,3,14-17,M,825,f,t,0.097093,
victims,2021,5.3.1,Street robbery,3,14-17,F,177,f,t,0.020831,
victims,2021,5.3.1,Street robbery,3,14-17,U,1,f,t,0.000118,
victims,2021,5.3.1,Street robbery,3,18-30,M,1961,f,t,0.230787,
victims,2021,5.3.1,Street robbery,3,18-30,F,940,f,t,0.110627,
victims,2021,5.3.1,Street robbery,3,18-30,U,0,f,t,0.000000,
victims,2021,5.3.1,Street robbery,3,31-40,M,787,f,t,0.092621,
victims,2021,5.3.1,Street robbery,3,31-40,F,483,f,t,0.056844,
victims,2021,5.3.1,Street robbery,3,31-40,U,0,f,t,0.000000,
victims,2021,5.3.1,Street robbery,3,41-64,M,1305,f,t,0.153584,
victims,2021,5.3.1,Street robbery,3,41-64,F,1010,f,t,0.118865,
victims,2021,5.3.1,Street robbery,3,41-64,U,2,f,t,0.000235,
victims,2021,5.3.1,Street robbery,3,65+,M,337,f,t,0.039661,
victims,2021,5.3.1,Street robbery,3,65+,F,443,f,t,0.052136,
victims,2021,5.3.1,Street robbery,3,65+,U,2,f,t,0.000235,
victims,2021,5.3.1,Street robbery,3,U,M,2,f,f,0.000235,
victims,2021,5.3.1,Street robbery,3,U,F,5,f,f,0.000588,
victims,2021,5.3.1,Street robbery,3,U,U,0,f,f,0.000000,
victims,2021,5.3.2,Robbery in dwellings,3,0-13,M,9,f,f,0.012329,
victims,2021,5.3.2,Robbery in dwellings,3,0-13,F,1,f,f,0.001370,
victims,2021,5.3.2,Robbery in dwellings,3,0-13,U,0,f,f,0.000000,
victims,2021,5.3.2,Robbery in dwellings,3,14-17,M,12,f,t,0.016438,
victims,2021,5.3.2,Robbery in dwellings,3,14-17,F,6,f,t,0.008219,
victims,2021,5.3.2,Robbery in dwellings,3,14-17,U,0,f,t,0.000000,
victims,2021,5.3.2,Robbery in dwellings,3,18-30,M,69,f,t,0.094521,
victims,2021,5.3.2,Robbery in dwellings,3,18-30,F,42,f,t,0.057534,
victims,2021,5.3.2,Robbery in dwellings,3,18-30,U,0,f,t,0.000000,
victims,2021,5.3.2,Robbery in dwellings,3,31-40,M,56,f,t,0.076712,
victims,2021,5.3.2,Robbery in dwellings,3,31-40,F,30,f,t,0.041096,
victims,2021,5.3.2,Robbery in dwellings,3,31-40,U,0,f,t,0.000000,
victims,2021,5.3.2,Robbery in dwellings,3,41-64,M,115,f,t,0.157534,
victims,2021,5.3.2,Robbery in dwellings,3,41-64,F,89,f,t,0.121918,
victims,2021,5.3.2,Robbery in dwellings,3,41-64,U,0,f,t,0.000000,
victims,2021,5.3.2,Robbery in dwellings,3,65+,M,116,f,t,0.158904,
victims,2021,5.3.2,Robbery in dwellings,3,65+,F,184,f,t,0.252055,
victims,2021,5.3.2,Robbery in dwellings,3,65+,U,1,f,t,0.001370,
victims,2021,5.3.2,Robbery in dwellings,3,U,M,0,f,f,0.000000,
victims,2021,5.3.2,Robbery in dwellings,3,U,F,0,f,f,0.000000,
victims,2021,5.3.2,Robbery in dwellings,3,U,U,0,f,f,0.000000,
victims,2021,5.3.3,Robbery of commercial premises,3,0-13,M,2,f,f,0.001546,
victims,2021,5.3.3,Robbery of commercial premises,3,0-13,F,3,f,f,0.002318,
victims,2021,5.3.3,Robbery of commercial premises,3,0-13,U,0,f,f,0.000000,
victims,2021,5.3.3,Robbery of commercial premises,3,14-17,M,19,f,t,0.014683,
victims,2021,5.3.3,Robbery of commercial premises,3,14-17,F,4,f,t,0.003091,
victims,2021,5.3.3,Robbery of commercial premises,3,14-17,U,0,f,t,0.000000,
victims,2021,5.3.3,Robbery of commercial premises,3,18-30,M,193,f,t,0.149150,
victims,2021,5.3.3,Robbery of commercial premises,3,18-30,F,166,f,t,0.128284,
victims,2021,5.3.3,Robbery of commercial premises,3,18-30,U,0,f,t,0.000000,
victims,2021,5.3.3,Robbery of commercial premises,3,31-40,M,178,f,t,0.137558,
victims,2021,5.3.3,Robbery of commercial premises,3,31-40,F,137,f,t,0.105873,
victims,2021,5.3.3,Robbery of commercial premises,3,31-40,U,1,f,t,0.000773,
victims,2021,5.3.3,Robbery of commercial premises,3,41-64,M,296,f,t,0.228748,
victims,2021,5.3.3,Robbery of commercial premises,3,41-64,F,215,f,t,0.166151,
victims,2021,5.3.3,Robbery of commercial premises,3,41-64,U,0,f,t,0.000000,
victims,2021,5.3.3,Robbery of commercial premises,3,65+,M,41,f,t,0.031685,
victims,2021,5.3.3,Robbery of commercial premises,3,65+,F,31,f,t,0.023957,
victims,2021,5.3.3,Robbery of commercial premises,3,65+,U,0,f,t,0.000000,
victims,2021,5.3.3,Robbery of commercial premises,3,U,M,7,f,f,0.005410,
victims,2021,5.3.3,Robbery of commercial premises,3,U,F,0,f,f,0.000000,
victims,2021,5.3.3,Robbery of commercial premises,3,U,U,1,f,f,0.000773,
victims,2021,5.4,Vehicle theft,2,0-13,M,0,f,f,0.000000,
victims,2021,5.4,Vehicle theft,2,0-13,F,0,f,f,0.000000,
victims,2021,5.4,Vehicle theft,2,0-13,U,0,f,f,0.000000,
victims,2021,5.4,Vehicle theft,2,14-17,M,2,f,t,0.000387,
victims,2021,5.4,Vehicle theft,2,14-17,F,0,f,t,0.000000,
victims,2021,5.4,Vehicle theft,2,14-17,U,0,f,t,0.000000,
victims,2021,5.4,Vehicle theft,2,18-30,M,775,f,t,0.150107,
victims,2021,5.4,Vehicle theft,2,18-30,F,214,f,t,0.041449,
victims,2021,5.4,Vehicle theft,2,18-30,U,0,f,t,0.000000,
victims,2021,5.4,Vehicle theft,2,31-40,M,1108,f,t,0.214604,
victims,2021,5.4,Vehicle theft,2,31-40,F,327,f,t,0.063335,
victims,2021,5.4,Vehicle theft,2,31-40,U,0,f,t,0.000000,
victims,2021,5.4,Vehicle theft,2,41-64,M,1986,f,t,0.384660,
victims,2021,5.4,Vehicle theft,2,41-64,F,468,f,t,0.090645,
victims,2021,5.4,Vehicle theft,2,41-64,U,0,f,t,0.000000,
victims,2021,5.4,Vehicle theft,2,65+,M,237,f,t,0.045904,
victims,2021,5.4,Vehicle theft,2,65+,F,45,f,t,0.008716,
victims,2021,5.4,Vehicle theft,2,65+,U,0,f,t,0.000000,
victims,2021,5.4,Vehicle theft,2,U,M,1,f,f,0.000194,
victims,2021,5.4,Vehicle theft,2,U,F,0,f,f,0.000000,
victims,2021,5.4,Vehicle theft,2,U,U,0,f,f,0.000000,
victims,2021,5.5,Fraud,2,0-13,M,5,f,f,0.000106,
victims,2021,5.5,Fraud,2,0-13,F,3,f,f,0.000064,
victims,2021,5.5,Fraud,2,0-13,U,0,f,f,0.000000,
victims,2021,5.5,Fraud,2,14-17,M,51,f,t,0.001082,
victims,2021,5.5,Fraud,2,14-17,F,43,f,t,0.000912,
victims,2021,5.5,Fraud,2,14-17,U,0,f,t,0.000000,
victims,2021,5.5,Fraud,2,18-30,M,5190,f,t,0.110114,
victims,2021,5.5,Fraud,2,18-30,F,5009,f,t,0.106274,
victims,2021,5.5,Fraud,2,18-30,U,0,f,t,0.000000,
victims,2021,5.5,Fraud,2,31-40,M,4743,f,t,0.100630,
victims,2021,5.5,Fraud,2,31-40,F,4578,f,t,0.097129,
victims,2021,5.5,Fraud,2,31-40,U,0,f,t,0.000000,
victims,2021,5.5,Fraud,2,41-64,M,10842,f,t,0.230030,
victims,2021,5.5,Fraud,2,41-64,F,10660,f,t,0.226169,
victims,2021,5.5,Fraud,2,41-64,U,4,f,t,0.000085,
victims,2021,5.5,Fraud,2,65+,M,3283,f,t,0.069654,
victims,2021,5.5,Fraud,2,65+,F,2718,f,t,0.057667,
victims,2021,5.5,Fraud,2,65+,U,0,f,t,0.000000,
victims,2021,5.5,Fraud,2,U,M,2,f,f,0.000042,
victims,2021,5.5,Fraud,2,U,F,1,f,f,0.000021,
victims,2021,5.5,Fraud,2,U,U,1,f,f,0.000021,
victims,2021,5.5.1,Computer enabled fraud,3,0-13,M,2,f,f,0.000058,
victims,2021,5.5.1,Computer enabled fraud,3,0-13,F,1,f,f,0.000029,
victims,2021,5.5.1,Computer enabled fraud,3,0-13,U,0,f,f,0.000000,
victims,2021,5.5.1,Computer enabled fraud,3,14-17,M,38,f,t,0.001099,
victims,2021,5.5.1,Computer enabled fraud,3,14-17,F,30,f,t,0.000868,
victims,2021,5.5.1,Computer enabled fraud,3,14-17,U,0,f,t,0.000000,
victims,2021,5.5.1,Computer enabled fraud,3,18-30,M,3936,f,t,0.113869,
victims,2021,5.5.1,Computer enabled fraud,3,18-30,F,3795,f,t,0.109790,
victims,2021,5.5.1,Computer enabled fraud,3,18-30,U,0,f,t,0.000000,
victims,2021,5.5.1,Computer enabled fraud,3,31-40,M,3455,f,t,0.099954,
victims,2021,5.5.1,Computer enabled fraud,3,31-40,F,3414,f,t,0.098768,
victims,2021,5.5.1,Computer enabled fraud,3,31-40,U,0,f,t,0.000000,
victims,2021,5.5.1,Computer enabled fraud,3,41-64,M,7983,f,t,0.230949,
victims,2021,5.5.1,Computer enabled fraud,3,41-64,F,8095,f,t,0.234190,
victims,2021,5.5.1,Computer enabled fraud,3,41-64,U,3,f,t,0.000087,
victims,2021,5.5.1,Computer enabled fraud,3,65+,M,2158,f,t,0.062431,
victims,2021,5.5.1,Computer enabled fraud,3,65+,F,1655,f,t,0.047879,
victims,2021,5.5.1,Computer enabled fraud,3,65+,U,0,f,t,0.000000,
victims,2021,5.5.1,Computer enabled fraud,3,U,M,0,f,f,0.000000,
victims,2021,5.5.1,Computer enabled fraud,3,U,F,1,f,f,0.000029,
victims,2021,5.5.1,Computer enabled fraud,3,U,U,0,f,f,0.000000,
victims,2021,5.6,Criminal damage,2,0-13,M,2,f,f,0.000094,
victims,2021,5.6,Criminal damage,2,0-13,F,2,f,f,0.000094,
victims,2021,5.6,Criminal damage,2,0-13,U,0,f,f,0.000000,
victims,2021,5.6,Criminal damage,2,14-17,M,11,f,t,0.000516,
victims,2021,5.6,Criminal damage,2,14-17,F,4,f,t,0.000188,
victims,2021,5.6,Criminal damage,2,14-17,U,0,f,t,0.000000,
victims,2021,5.6,Criminal damage,2,18-30,M,1758,f,t,0.082539,
victims,2021,5.6,Criminal damage,2,18-30,F,1022,f,t,0.047983,
victims,2021,5.6,Criminal damage,2,18-30,U,0,f,t,0.000000,
victims,2021,5.6,Criminal damage,2,31-40,M,2955,f,t,0.138739,
victims,2021,5.6,Criminal damage,2,31-40,F,1610,f,t,0.075590,
victims,2021,5.6,Criminal damage,2,31-40,U,0,f,t,0.000000,
victims,2021,5.6,Criminal damage,2,41-64,M,7653,f,t,0.359313,
victims,2021,5.6,Criminal damage,2,41-64,F,4031,f,t,0.189258,
victims,2021,5.6,Criminal damage,2,41-64,U,1,f,t,0.000047,
victims,2021,5.6,Criminal damage,2,65+,M,1538,f,t,0.072210,
victims,2021,5.6,Criminal damage,2,65+,F,702,f,t,0.032959,
victims,2021,5.6,Criminal damage,2,65+,U,1,f,t,0.000047,
victims,2021,5.6,Criminal damage,2,U,M,4,f,f,0.000188,
victims,2021,5.6,Criminal damage,2,U,F,2,f,f,0.000094,
victims,2021,5.6,Criminal damage,2,U,U,3,f,f,0.000141,
victims,2021,5.7,Offences against intellectual and industrial property,2,0-13,M,0,f,f,0.000000,
victims,2021,5.7,Offences against intellectual and industrial property,2,0-13,F,0,f,f,0.000000,
victims,2021,5.7,Offences against intellectual and industrial property,2,0-13,U,0,f,f,0.000000,
victims,2021,5.7,Offences against intellectual and industrial property,2,14-17,M,0,f,t,0.000000,
victims,2021,5.7,Offences against intellectual and industrial property,2,14-17,F,0,f,t,0.000000,
victims,2021,5.7,Offences against intellectual and industrial property,2,14-17,U,0,f,t,0.000000,
victims,2021,5.7,Offences against intellectual and industrial property,2,18-30,M,3,f,t,0.083333,
victims,2021,5.7,Offences against intellectual and industrial property,2,18-30,F,3,f,t,0.083333,
victims,2021,5.7,Offences against intellectual and industrial property,2,18-30,U,0,f,t,0.000000,
victims,2021,5.7,Offences against intellectual and industrial property,2,31-40,M,3,f,t,0.083333,
victims,2021,5.7,Offences against intellectual and industrial property,2,31-40,F,2,f,t,0.055556,
victims,2021,5.7,Offences against intellectual and industrial property,2,31-40,U,0,f,t,0.000000,
victims,2021,5.7,Offences against intellectual and industrial property,2,41-64,M,15,f,t,0.416667,
victims,2021,5.7,Offences against intellectual and industrial property,2,41-64,F,8,f,t,0.222222,
victims,2021,5.7,Offences against intellectual and industrial property,2,41-64,U,0,f,t,0.000000,
victims,2021,5.7,Offences against intellectual and industrial property,2,65+,M,2,f,t,0.055556,
victims,2021,5.7,Offences against intellectual and industrial property,2,65+,F,0,f,t,0.000000,
victims,2021,5.7,Offences against intellectual and industrial property,2,65+,U,0,f,t,0.000000,
victims,2021,5.7,Offences against intellectual and industrial property,2,U,M,0,f,f,0.000000,
victims,2021,5.7,Offences against intellectual and industrial property,2,U,F,0,f,f,0.000000,
victims,2021,5.7,Offences against intellectual and industrial property,2,U,U,0,f,f,0.000000,
victims,2021,5.8,Money laundering,2,0-13,M,0,f,f,0.000000,
victims,2021,5.8,Money laundering,2,0-13,F,0,f,f,0.000000,
victims,2021,5.8,Money laundering,2,0-13,U,0,f,f,0.000000,
victims,2021,5.8,Money laundering,2,14-17,M,0,f,t,0.000000,
victims,2021,5.8,Money laundering,2,14-17,F,0,f,t,0.000000,
victims,2021,5.8,Money laundering,2,14-17,U,0,f,t,0.000000,
victims,2021,5.8,Money laundering,2,18-30,M,4,f,t,0.307692,
victims,2021,5.8,Money laundering,2,18-30,F,3,f,t,0.230769,
victims,2021,5.8,Money laundering,2,18-30,U,0,f,t,0.000000,
victims,2021,5.8,Money laundering,2,31-40,M,1,f,t,0.076923,
victims,2021,5.8,Money laundering,2,31-40,F,0,f,t,0.000000,
victims,2021,5.8,Money laundering,2,31-40,U,0,f,t,0.000000,
victims,2021,5.8,Money laundering,2,41-64,M,4,f,t,0.307692,
victims,2021,5.8,Money laundering,2,41-64,F,1,f,t,0.076923,
victims,2021,5.8,Money laundering,2,41-64,U,0,f,t,0.000000,
victims,2021,5.8,Money laundering,2,65+,M,0,f,t,0.000000,
victims,2021,5.8,Money laundering,2,65+,F,0,f,t,0.000000,
victims,2021,5.8,Money laundering,2,65+,U,0,f,t,0.000000,
victims,2021,5.8,Money laundering,2,U,M,0,f,f,0.000000,
victims,2021,5.8,Money laundering,2,U,F,0,f,f,0.000000,
victims,2021,5.8,Money laundering,2,U,U,0,f,f,0.000000,
victims,2021,5.9,Other property offences,2,0-13,M,10,f,f,0.002263,
victims,2021,5.9,Other property offences,2,0-13,F,4,f,f,0.000905,
victims,2021,5.9,Other property offences,2,0-13,U,0,f,f,0.000000,
victims,2021,5.9,Other property offences,2,14-17,M,39,f,t,0.008826,
victims,2021,5.9,Other property offences,2,14-17,F,29,f,t,0.006563,
victims,2021,5.9,Other property offences,2,14-17,U,0,f,t,0.000000,
victims,2021,5.9,Other property offences,2,18-30,M,671,f,t,0.151844,
victims,2021,5.9,Other property offences,2,18-30,F,408,f,t,0.092329,
victims,2021,5.9,Other property offences,2,18-30,U,0,f,t,0.000000,
victims,2021,5.9,Other property offences,2,31-40,M,590,f,t,0.133514,
victims,2021,5.9,Other property offences,2,31-40,F,319,f,t,0.072188,
victims,2021,5.9,Other property offences,2,31-40,U,0,f,t,0.000000,
victims,2021,5.9,Other property offences,2,41-64,M,1147,f,t,0.259561,
victims,2021,5.9,Other property offences,2,41-64,F,746,f,t,0.168816,
victims,2021,5.9,Other property offences,2,41-64,U,0,f,t,0.000000,
victims,2021,5.9,Other property offences,2,65+,M,268,f,t,0.060647,
victims,2021,5.9,Other property offences,2,65+,F,184,f,t,0.041638,
victims,2021,5.9,Other property offences,2,65+,U,0,f,t,0.000000,
victims,2021,5.9,Other property offences,2,U,M,1,f,f,0.000226,
victims,2021,5.9,Other property offences,2,U,F,0,f,f,0.000000,
victims,2021,5.9,Other property offences,2,U,U,3,f,f,0.000679,
victims,2021,6,Offences against public safety,1,0-13,M,0,f,f,0.000000,
victims,2021,6,Offences against public safety,1,0-13,F,0,f,f,0.000000,
victims,2021,6,Offences against public safety,1,0-13,U,0,f,f,0.000000,
victims,2021,6,Offences against public safety,1,14-17,M,2,f,t,0.012500,
victims,2021,6,Offences against public safety,1,14-17,F,1,f,t,0.006250,
victims,2021,6,Offences against public safety,1,14-17,U,0,f,t,0.000000,
victims,2021,6,Offences against public safety,1,18-30,M,23,f,t,0.143750,
victims,2021,6,Offences against public safety,1,18-30,F,9,f,t,0.056250,
victims,2021,6,Offences against public safety,1,18-30,U,1,f,t,0.006250,
victims,2021,6,Offences against public safety,1,31-40,M,31,f,t,0.193750,
victims,2021,6,Offences against public safety,1,31-40,F,11,f,t,0.068750,
victims,2021,6,Offences against public safety,1,31-40,U,0,f,t,0.000000,
victims,2021,6,Offences against public safety,1,41-64,M,45,f,t,0.281250,
victims,2021,6,Offences against public safety,1,41-64,F,20,f,t,0.125000,
victims,2021,6,Offences against public safety,1,41-64,U,0,f,t,0.000000,
victims,2021,6,Offences against public safety,1,65+,M,13,f,t,0.081250,
victims,2021,6,Offences against public safety,1,65+,F,3,f,t,0.018750,
victims,2021,6,Offences against public safety,1,65+,U,0,f,t,0.000000,
victims,2021,6,Offences against public safety,1,U,M,1,f,f,0.006250,
victims,2021,6,Offences against public safety,1,U,F,0,f,f,0.000000,
victims,2021,6,Offences against public safety,1,U,U,0,f,f,0.000000,
victims,2021,6.1,Drug trafficking,2,0-13,M,0,f,f,0.000000,
victims,2021,6.1,Drug trafficking,2,0-13,F,0,f,f,0.000000,
victims,2021,6.1,Drug trafficking,2,0-13,U,0,f,f,0.000000,
victims,2021,6.1,Drug trafficking,2,14-17,M,1,f,t,0.055556,
victims,2021,6.1,Drug trafficking,2,14-17,F,0,f,t,0.000000,
victims,2021,6.1,Drug trafficking,2,14-17,U,0,f,t,0.000000,
victims,2021,6.1,Drug trafficking,2,18-30,M,5,f,t,0.277778,
victims,2021,6.1,Drug trafficking,2,18-30,F,0,f,t,0.000000,
victims,2021,6.1,Drug trafficking,2,18-30,U,0,f,t,0.000000,
victims,2021,6.1,Drug trafficking,2,31-40,M,3,f,t,0.166667,
victims,2021,6.1,Drug trafficking,2,31-40,F,2,f,t,0.111111,
victims,2021,6.1,Drug trafficking,2,31-40,U,0,f,t,0.000000,
victims,2021,6.1,Drug trafficking,2,41-64,M,5,f,t,0.277778,
victims,2021,6.1,Drug trafficking,2,41-64,F,2,f,t,0.111111,
victims,2021,6.1,Drug trafficking,2,41-64,U,0,f,t,0.000000,
victims,2021,6.1,Drug trafficking,2,65+,M,0,f,t,0.000000,
victims,2021,6.1,Drug trafficking,2,65+,F,0,f,t,0.000000,
victims,2021,6.1,Drug trafficking,2,65+,U,0,f,t,0.000000,
victims,2021,6.1,Drug trafficking,2,U,M,0,f,f,0.000000,
victims,2021,6.1,Drug trafficking,2,U,F,0,f,f,0.000000,
victims,2021,6.1,Drug trafficking,2,U,U,0,f,f,0.000000,
victims,2021,6.2,Road safety offences,2,0-13,M,0,f,f,0.000000,
victims,2021,6.2,Road safety offences,2,0-13,F,0,f,f,0.000000,
victims,2021,6.2,Road safety offences,2,0-13,U,0,f,f,0.000000,
victims,2021,6.2,Road safety offences,2,14-17,M,0,f,t,0.000000,
victims,2021,6.2,Road safety offences,2,14-17,F,1,f,t,0.012346,
victims,2021,6.2,Road safety offences,2,14-17,U,0,f,t,0.000000,
victims,2021,6.2,Road safety offences,2,18-30,M,12,f,t,0.148148,
victims,2021,6.2,Road safety offences,2,18-30,F,6,f,t,0.074074,
victims,2021,6.2,Road safety offences,2,18-30,U,0,f,t,0.000000,
victims,2021,6.2,Road safety offences,2,31-40,M,16,f,t,0.197531,
victims,2021,6.2,Road safety offences,2,31-40,F,4,f,t,0.049383,
victims,2021,6.2,Road safety offences,2,31-40,U,0,f,t,0.000000,
victims,2021,6.2,Road safety offences,2,41-64,M,20,f,t,0.246914,
victims,2021,6.2,Road safety offences,2,41-64,F,14,f,t,0.172840,
victims,2021,6.2,Road safety offences,2,41-64,U,0,f,t,0.000000,
victims,2021,6.2,Road safety offences,2,65+,M,6,f,t,0.074074,
victims,2021,6.2,Road safety offences,2,65+,F,1,f,t,0.012346,
victims,2021,6.2,Road safety offences,2,65+,U,0,f,t,0.000000,
victims,2021,6.2,Road safety offences,2,U,M,1,f,f,0.012346,
victims,2021,6.2,Road safety offences,2,U,F,0,f,f,0.000000,
victims,2021,6.2,Road safety offences,2,U,U,0,f,f,0.000000,
victims,2021,6.3,Other offences against public safety,2,0-13,M,0,f,f,0.000000,
victims,2021,6.3,Other offences against public safety,2,0-13,F,0,f,f,0.000000,
victims,2021,6.3,Other offences against public safety,2,0-13,U,0,f,f,0.000000,
victims,2021,6.3,Other offences against public safety,2,14-17,M,1,f,t,0.016393,
victims,2021,6.3,Other offences against public safety,2,14-17,F,0,f,t,0.000000,
victims,2021,6.3,Other offences against public safety,2,14-17,U,0,f,t,0.000000,
victims,2021,6.3,Other offences against public safety,2,18-30,M,6,f,t,0.098361,
victims,2021,6.3,Other offences against public safety,2,18-30,F,3,f,t,0.049180,
victims,2021,6.3,Other offences against public safety,2,18-30,U,1,f,t,0.016393,
victims,2021,6.3,Other offences against public safety,2,31-40,M,12,f,t,0.196721,
victims,2021,6.3,Other offences against public safety,2,31-40,F,5,f,t,0.081967,
victims,2021,6.3,Other offences against public safety,2,31-40,U,0,f,t,0.000000,
victims,2021,6.3,Other offences against public safety,2,41-64,M,20,f,t,0.327869,
victims,2021,6.3,Other offences against public safety,2,41-64,F,4,f,t,0.065574,
victims,2021,6.3,Other offences against public safety,2,41-64,U,0,f,t,0.000000,
victims,2021,6.3,Other offences against public safety,2,65+,M,7,f,t,0.114754,
victims,2021,6.3,Other offences against public safety,2,65+,F,2,f,t,0.032787,
victims,2021,6.3,Other offences against public safety,2,65+,U,0,f,t,0.000000,
victims,2021,6.3,Other offences against public safety,2,U,M,0,f,f,0.000000,
victims,2021,6.3,Other offences against public safety,2,U,F,0,f,f,0.000000,
victims,2021,6.3,Other offences against public safety,2,U,U,0,f,f,0.000000,
victims,2021,7,Forgery offences,1,0-13,M,4,f,f,0.000925,
victims,2021,7,Forgery offences,1,0-13,F,6,f,f,0.001388,
victims,2021,7,Forgery offences,1,0-13,U,0,f,f,0.000000,
victims,2021,7,Forgery offences,1,14-17,M,8,f,t,0.001851,
victims,2021,7,Forgery offences,1,14-17,F,30,f,t,0.006941,
victims,2021,7,Forgery offences,1,14-17,U,0,f,t,0.000000,
victims,2021,7,Forgery offences,1,18-30,M,431,f,t,0.099722,
victims,2021,7,Forgery offences,1,18-30,F,594,f,t,0.137436,
victims,2021,7,Forgery offences,1,18-30,U,0,f,t,0.000000,
victims,2021,7,Forgery offences,1,31-40,M,509,f,t,0.117770,
victims,2021,7,Forgery offences,1,31-40,F,439,f,t,0.101573,
victims,2021,7,Forgery offences,1,31-40,U,0,f,t,0.000000,
victims,2021,7,Forgery offences,1,41-64,M,1124,f,t,0.260065,
victims,2021,7,Forgery offences,1,41-64,F,860,f,t,0.198982,
victims,2021,7,Forgery offences,1,41-64,U,0,f,t,0.000000,
victims,2021,7,Forgery offences,1,65+,M,184,f,t,0.042573,
victims,2021,7,Forgery offences,1,65+,F,131,f,t,0.030310,
victims,2021,7,Forgery offences,1,65+,U,0,f,t,0.000000,
victims,2021,7,Forgery offences,1,U,M,0,f,f,0.000000,
victims,2021,7,Forgery offences,1,U,F,2,f,f,0.000463,
victims,2021,7,Forgery offences,1,U,U,0,f,f,0.000000,
victims,2021,8,Offences against the public administration,1,0-13,M,0,f,f,0.000000,
victims,2021,8,Offences against the public administration,1,0-13,F,0,f,f,0.000000,
victims,2021,8,Offences against the public administration,1,0-13,U,0,f,f,0.000000,
victims,2021,8,Offences against the public administration,1,14-17,M,2,f,t,0.166667,
victims,2021,8,Offences against the public administration,1,14-17,F,1,f,t,0.083333,
victims,2021,8,Offences against the public administration,1,14-17,U,0,f,t,0.000000,
victims,2021,8,Offences against the public administration,1,18-30,M,1,f,t,0.083333,
victims,2021,8,Offences against the public administration,1,18-30,F,4,f,t,0.333333,
victims,2021,8,Offences against the public administration,1,18-30,U,0,f,t,0.000000,
victims,2021,8,Offences against the public administration,1,31-40,M,1,f,t,0.083333,
victims,2021,8,Offences against the public administration,1,31-40,F,0,f,t,0.000000,
victims,2021,8,Offences against the public administration,1,31-40,U,0,f,t,0.000000,
victims,2021,8,Offences against the public administration,1,41-64,M,2,f,t,0.166667,
victims,2021,8,Offences against the public administration,1,41-64,F,1,f,t,0.083333,
victims,2021,8,Offences against the public administration,1,41-64,U,0,f,t,0.000000,
victims,2021,8,Offences against the public administration,1,65+,M,0,f,t,0.000000,
victims,2021,8,Offences against the public administration,1,65+,F,0,f,t,0.000000,
victims,2021,8,Offences against the public administration,1,65+,U,0,f,t,0.000000,
victims,2021,8,Offences against the public administration,1,U,M,0,f,f,0.000000,
victims,2021,8,Offences against the public administration,1,U,F,0,f,f,0.000000,
victims,2021,8,Offences against the public administration,1,U,U,0,f,f,0.000000,
victims,2021,9,Offences against the administration of justice,1,0-13,M,6,f,f,0.002088,
victims,2021,9,Offences against the administration of justice,1,0-13,F,8,f,f,0.002784,
victims,2021,9,Offences against the administration of justice,1,0-13,U,0,f,f,0.000000,
victims,2021,9,Offences against the administration of justice,1,14-17,M,7,f,t,0.002436,
victims,2021,9,Offences against the administration of justice,1,14-17,F,47,f,t,0.016354,
victims,2021,9,Offences against the administration of justice,1,14-17,U,0,f,t,0.000000,
victims,2021,9,Offences against the administration of justice,1,18-30,M,68,f,t,0.023660,
victims,2021,9,Offences against the administration of justice,1,18-30,F,715,f,t,0.248782,
victims,2021,9,Offences against the administration of justice,1,18-30,U,1,f,t,0.000348,
victims,2021,9,Offences against the administration of justice,1,31-40,M,97,f,t,0.033751,
victims,2021,9,Offences against the administration of justice,1,31-40,F,657,f,t,0.228601,
victims,2021,9,Offences against the administration of justice,1,31-40,U,0,f,t,0.000000,
victims,2021,9,Offences against the administration of justice,1,41-64,M,178,f,t,0.061935,
victims,2021,9,Offences against the administration of justice,1,41-64,F,833,f,t,0.289840,
victims,2021,9,Offences against the administration of justice,1,41-64,U,0,f,t,0.000000,
victims,2021,9,Offences against the administration of justice,1,65+,M,54,f,t,0.018789,
victims,2021,9,Offences against the administration of justice,1,65+,F,177,f,t,0.061587,
victims,2021,9,Offences against the administration of justice,1,65+,U,3,f,t,0.001044,
victims,2021,9,Offences against the administration of justice,1,U,M,9,f,f,0.003132,
victims,2021,9,Offences against the administration of justice,1,U,F,10,f,f,0.003479,
victims,2021,9,Offences against the administration of justice,1,U,U,4,f,f,0.001392,
victims,2021,10,Offences against public order,1,0-13,M,2,f,f,0.000723,
victims,2021,10,Offences against public order,1,0-13,F,0,f,f,0.000000,
victims,2021,10,Offences against public order,1,0-13,U,0,f,f,0.000000,
victims,2021,10,Offences against public order,1,14-17,M,4,f,t,0.001445,
victims,2021,10,Offences against public order,1,14-17,F,1,f,t,0.000361,
victims,2021,10,Offences against public order,1,14-17,U,0,f,t,0.000000,
victims,2021,10,Offences against public order,1,18-30,M,95,f,t,0.034321,
victims,2021,10,Offences against public order,1,18-30,F,12,f,t,0.004335,
victims,2021,10,Offences against public order,1,18-30,U,0,f,t,0.000000,
victims,2021,10,Offences against public order,1,31-40,M,411,f,t,0.148483,
victims,2021,10,Offences against public order,1,31-40,F,46,f,t,0.016618,
victims,2021,10,Offences against public order,1,31-40,U,3,f,t,0.001084,
victims,2021,10,Offences against public order,1,41-64,M,176,f,t,0.063584,
victims,2021,10,Offences against public order,1,41-64,F,16,f,t,0.005780,
victims,2021,10,Offences against public order,1,41-64,U,4,f,t,0.001445,
victims,2021,10,Offences against public order,1,65+,M,762,f,t,0.275289,
victims,2021,10,Offences against public order,1,65+,F,31,f,t,0.011199,
victims,2021,10,Offences against public order,1,65+,U,28,f,t,0.010116,
victims,2021,10,Offences against public order,1,U,M,853,f,f,0.308165,
victims,2021,10,Offences against public order,1,U,F,48,f,f,0.017341,
victims,2021,10,Offences against public order,1,U,U,276,f,f,0.099711,
victims,2021,11,Offences under special legislation,1,0-13,M,0,f,f,,
victims,2021,11,Offences under special legislation,1,0-13,F,0,f,f,,
victims,2021,11,Offences under special legislation,1,0-13,U,0,f,f,,
victims,2021,11,Offences under special legislation,1,14-17,M,0,f,t,,
victims,2021,11,Offences under special legislation,1,14-17,F,0,f,t,,
victims,2021,11,Offences under special legislation,1,14-17,U,0,f,t,,
victims,2021,11,Offences under special legislation,1,18-30,M,0,f,t,,
victims,2021,11,Offences under special legislation,1,18-30,F,0,f,t,,
victims,2021,11,Offences under special legislation,1,18-30,U,0,f,t,,
victims,2021,11,Offences under special legislation,1,31-40,M,0,f,t,,
victims,2021,11,Offences under special legislation,1,31-40,F,0,f,t,,
victims,2021,11,Offences under special legislation,1,31-40,U,0,f,t,,
victims,2021,11,Offences under special legislation,1,41-64,M,0,f,t,,
victims,2021,11,Offences under special legislation,1,41-64,F,0,f,t,,
victims,2021,11,Offences under special legislation,1,41-64,U,0,f,t,,
victims,2021,11,Offences under special legislation,1,65+,M,0,f,t,,
victims,2021,11,Offences under special legislation,1,65+,F,0,f,t,,
victims,2021,11,Offences under special legislation,1,65+,U,0,f,t,,
victims,2021,11,Offences under special legislation,1,U,M,0,f,f,,
victims,2021,11,Offences under special legislation,1,U,F,0,f,f,,
victims,2021,11,Offences under special legislation,1,U,U,0,f,f,,
victims,2021,12,Other criminal offences,1,0-13,M,3,f,f,0.004926,
victims,2021,12,Other criminal offences,1,0-13,F,7,f,f,0.011494,
victims,2021,12,Other criminal offences,1,0-13,U,0,f,f,0.000000,
victims,2021,12,Other criminal offences,1,14-17,M,7,f,t,0.011494,
victims,2021,12,Other criminal offences,1,14-17,F,9,f,t,0.014778,
victims,2021,12,Other criminal offences,1,14-17,U,0,f,t,0.000000,
victims,2021,12,Other criminal offences,1,18-30,M,84,f,t,0.137931,
victims,2021,12,Other criminal offences,1,18-30,F,52,f,t,0.085386,
victims,2021,12,Other criminal offences,1,18-30,U,0,f,t,0.000000,
victims,2021,12,Other criminal offences,1,31-40,M,72,f,t,0.118227,
victims,2021,12,Other criminal offences,1,31-40,F,64,f,t,0.105090,
victims,2021,12,Other criminal offences,1,31-40,U,0,f,t,0.000000,
victims,2021,12,Other criminal offences,1,41-64,M,147,f,t,0.241379,
victims,2021,12,Other criminal offences,1,41-64,F,126,f,t,0.206897,
victims,2021,12,Other criminal offences,1,41-64,U,0,f,t,0.000000,
victims,2021,12,Other criminal offences,1,65+,M,16,f,t,0.026273,
victims,2021,12,Other criminal offences,1,65+,F,18,f,t,0.029557,
victims,2021,12,Other criminal offences,1,65+,U,0,f,t,0.000000,
victims,2021,12,Other criminal offences,1,U,M,4,f,f,0.006568,
victims,2021,12,Other criminal offences,1,U,F,0,f,f,0.000000,
victims,2021,12,Other criminal offences,1,U,U,0,f,f,0.000000,
victims,2021,TOTAL,Total criminal offences,0,0-13,M,1267,f,f,0.004999,
victims,2021,TOTAL,Total criminal offences,0,0-13,F,1139,f,f,0.004494,
victims,2021,TOTAL,Total criminal offences,0,0-13,U,4,f,f,0.000016,
victims,2021,TOTAL,Total criminal offences,0,14-17,M,3023,f,t,0.011928,
victims,2021,TOTAL,Total criminal offences,0,14-17,F,2825,f,t,0.011147,
victims,2021,TOTAL,Total criminal offences,0,14-17,U,1,f,t,0.000004,
victims,2021,TOTAL,Total criminal offences,0,18-30,M,29463,f,t,0.116253,
victims,2021,TOTAL,Total criminal offences,0,18-30,F,30656,f,t,0.120961,
victims,2021,TOTAL,Total criminal offences,0,18-30,U,13,f,t,0.000051,
victims,2021,TOTAL,Total criminal offences,0,31-40,M,27544,f,t,0.108681,
victims,2021,TOTAL,Total criminal offences,0,31-40,F,25357,f,t,0.100052,
victims,2021,TOTAL,Total criminal offences,0,31-40,U,17,f,t,0.000067,
victims,2021,TOTAL,Total criminal offences,0,41-64,M,56969,f,t,0.224785,
victims,2021,TOTAL,Total criminal offences,0,41-64,F,46550,f,t,0.183674,
victims,2021,TOTAL,Total criminal offences,0,41-64,U,73,f,t,0.000288,
victims,2021,TOTAL,Total criminal offences,0,65+,M,13794,f,t,0.054428,
victims,2021,TOTAL,Total criminal offences,0,65+,F,13210,f,t,0.052123,
victims,2021,TOTAL,Total criminal offences,0,65+,U,54,f,t,0.000213,
victims,2021,TOTAL,Total criminal offences,0,U,M,1048,f,f,0.004135,
victims,2021,TOTAL,Total criminal offences,0,U,F,109,f,f,0.000430,
victims,2021,TOTAL,Total criminal offences,0,U,U,322,f,f,0.001271,
victims,2022,1,Offences against persons,1,0-13,M,537,f,f,0.015996,
victims,2022,1,Offences against persons,1,0-13,F,383,f,f,0.011409,
victims,2022,1,Offences against persons,1,0-13,U,0,f,f,0.000000,
victims,2022,1,Offences against persons,1,14-17,M,789,f,t,0.023502,
victims,2022,1,Offences against persons,1,14-17,F,752,f,t,0.022400,
victims,2022,1,Offences against persons,1,14-17,U,1,f,t,0.000030,
victims,2022,1,Offences against persons,1,18-30,M,4197,f,t,0.125019,
victims,2022,1,Offences against persons,1,18-30,F,6088,f,t,0.181347,
victims,2022,1,Offences against persons,1,18-30,U,2,f,t,0.000060,
victims,2022,1,Offences against persons,1,31-40,M,3152,f,t,0.093891,
victims,2022,1,Offences against persons,1,31-40,F,5042,f,t,0.150189,
victims,2022,1,Offences against persons,1,31-40,U,1,f,t,0.000030,
victims,2022,1,Offences against persons,1,41-64,M,5100,f,t,0.151917,
victims,2022,1,Offences against persons,1,41-64,F,6102,f,t,0.181764,
victims,2022,1,Offences against persons,1,41-64,U,11,f,t,0.000328,
victims,2022,1,Offences against persons,1,65+,M,571,f,t,0.017009,
victims,2022,1,Offences against persons,1,65+,F,715,f,t,0.021298,
victims,2022,1,Offences against persons,1,65+,U,3,f,t,0.000089,
victims,2022,1,Offences against persons,1,U,M,58,f,f,0.001728,
victims,2022,1,Offences against persons,1,U,F,64,f,f,0.001906,
victims,2022,1,Offences against persons,1,U,U,3,f,f,0.000089,
victims,2022,1.1,Intentional homicide and murder,2,0-13,M,2,f,f,0.010870,
victims,2022,1.1,Intentional homicide and murder,2,0-13,F,3,f,f,0.016304,
victims,2022,1.1,Intentional homicide and murder,2,0-13,U,0,f,f,0.000000,
victims,2022,1.1,Intentional homicide and murder,2,14-17,M,8,f,t,0.043478,
victims,2022,1.1,Intentional homicide and murder,2,14-17,F,0,f,t,0.000000,
victims,2022,1.1,Intentional homicide and murder,2,14-17,U,0,f,t,0.000000,
victims,2022,1.1,Intentional homicide and murder,2,18-30,M,52,f,t,0.282609,
victims,2022,1.1,Intentional homicide and murder,2,18-30,F,12,f,t,0.065217,
victims,2022,1.1,Intentional homicide and murder,2,18-30,U,0,f,t,0.000000,
victims,2022,1.1,Intentional homicide and murder,2,31-40,M,30,f,t,0.163043,
victims,2022,1.1,Intentional homicide and murder,2,31-40,F,7,f,t,0.038043,
victims,2022,1.1,Intentional homicide and murder,2,31-40,U,0,f,t,0.000000,
victims,2022,1.1,Intentional homicide and murder,2,41-64,M,31,f,t,0.168478,
victims,2022,1.1,Intentional homicide and murder,2,41-64,F,16,f,t,0.086957,
victims,2022,1.1,Intentional homicide and murder,2,41-64,U,0,f,t,0.000000,
victims,2022,1.1,Intentional homicide and murder,2,65+,M,5,f,t,0.027174,
victims,2022,1.1,Intentional homicide and murder,2,65+,F,9,f,t,0.048913,
victims,2022,1.1,Intentional homicide and murder,2,65+,U,0,f,t,0.000000,
victims,2022,1.1,Intentional homicide and murder,2,U,M,9,f,f,0.048913,
victims,2022,1.1,Intentional homicide and murder,2,U,F,0,f,f,0.000000,
victims,2022,1.1,Intentional homicide and murder,2,U,U,0,f,f,0.000000,
victims,2022,1.1.1,Completed intentional homicide and murder,3,0-13,M,1,f,f,0.021739,
victims,2022,1.1.1,Completed intentional homicide and murder,3,0-13,F,1,f,f,0.021739,
victims,2022,1.1.1,Completed intentional homicide and murder,3,0-13,U,0,f,f,0.000000,
victims,2022,1.1.1,Completed intentional homicide and murder,3,14-17,M,3,f,t,0.065217,
victims,2022,1.1.1,Completed intentional homicide and murder,3,14-17,F,0,f,t,0.000000,
victims,2022,1.1.1,Completed intentional homicide and murder,3,14-17,U,0,f,t,0.000000,
victims,2022,1.1.1,Completed intentional homicide and murder,3,18-30,M,7,f,t,0.152174,
victims,2022,1.1.1,Completed intentional homicide and murder,3,18-30,F,6,f,t,0.130435,
victims,2022,1.1.1,Completed intentional homicide and murder,3,18-30,U,0,f,t,0.000000,
victims,2022,1.1.1,Completed intentional homicide and murder,3,31-40,M,4,f,t,0.086957,
victims,2022,1.1.1,Completed intentional homicide and murder,3,31-40,F,2,f,t,0.043478,
victims,2022,1.1.1,Completed intentional homicide and murder,3,31-40,U,0,f,t,0.000000,
victims,2022,1.1.1,Completed intentional homicide and murder,3,41-64,M,7,f,t,0.152174,
victims,2022,1.1.1,Completed intentional homicide and murder,3,41-64,F,4,f,t,0.086957,
victims,2022,1.1.1,Completed intentional homicide and murder,3,41-64,U,0,f,t,0.000000,
victims,2022,1.1.1,Completed intentional homicide and murder,3,65+,M,1,f,t,0.021739,
victims,2022,1.1.1,Completed intentional homicide and murder,3,65+,F,6,f,t,0.130435,
victims,2022,1.1.1,Completed intentional homicide and murder,3,65+,U,0,f,t,0.000000,
victims,2022,1.1.1,Completed intentional homicide and murder,3,U,M,4,f,f,0.086957,
victims,2022,1.1.1,Completed intentional homicide and murder,3,U,F,0,f,f,0.000000,
victims,2022,1.1.1,Completed intentional homicide and murder,3,U,U,0,f,f,0.000000,
victims,2022,1.2,Bodily injury,2,0-13,M,267,f,f,0.019413,
victims,2022,1.2,Bodily injury,2,0-13,F,156,f,f,0.011342,
victims,2022,1.2,Bodily injury,2,0-13,U,0,f,f,0.000000,
victims,2022,1.2,Bodily injury,2,14-17,M,607,f,t,0.044133,
victims,2022,1.2,Bodily injury,2,14-17,F,343,f,t,0.024938,
victims,2022,1.2,Bodily injury,2,14-17,U,0,f,t,0.000000,
victims,2022,1.2,Bodily injury,2,18-30,M,2839,f,t,0.206413,
victims,2022,1.2,Bodily injury,2,18-30,F,1268,f,t,0.092191,
victims,2022,1.2,Bodily injury,2,18-30,U,2,f,t,0.000145,
victims,2022,1.2,Bodily injury,2,31-40,M,1984,f,t,0.144249,
victims,2022,1.2,Bodily injury,2,31-40,F,801,f,t,0.058238,
victims,2022,1.2,Bodily injury,2,31-40,U,0,f,t,0.000000,
victims,2022,1.2,Bodily injury,2,41-64,M,3469,f,t,0.252218,
victims,2022,1.2,Bodily injury,2,41-64,F,1457,f,t,0.105933,
victims,2022,1.2,Bodily injury,2,41-64,U,8,f,t,0.000582,
victims,2022,1.2,Bodily injury,2,65+,M,332,f,t,0.024138,
victims,2022,1.2,Bodily injury,2,65+,F,173,f,t,0.012578,
victims,2022,1.2,Bodily injury,2,65+,U,3,f,t,0.000218,
victims,2022,1.2,Bodily injury,2,U,M,35,f,f,0.002545,
victims,2022,1.2,Bodily injury,2,U,F,8,f,f,0.000582,
victims,2022,1.2,Bodily injury,2,U,U,2,f,f,0.000145,
victims,2022,1.3,Domestic violence in the family setting,2,0-13,M,255,f,f,0.013375,
victims,2022,1.3,Domestic violence in the family setting,2,0-13,F,212,f,f,0.011120,
victims,2022,1.3,Domestic violence in the family setting,2,0-13,U,0,f,f,0.000000,
victims,2022,1.3,Domestic violence in the family setting,2,14-17,M,161,f,t,0.008445,
victims,2022,1.3,Domestic violence in the family setting,2,14-17,F,393,f,t,0.020614,
victims,2022,1.3,Domestic violence in the family setting,2,14-17,U,1,f,t,0.000052,
victims,2022,1.3,Domestic violence in the family setting,2,18-30,M,1209,f,t,0.063415,
victims,2022,1.3,Domestic violence in the family setting,2,18-30,F,4759,f,t,0.249620,
victims,2022,1.3,Domestic violence in the family setting,2,18-30,U,0,f,t,0.000000,
victims,2022,1.3,Domestic violence in the family setting,2,31-40,M,1073,f,t,0.056281,
victims,2022,1.3,Domestic violence in the family setting,2,31-40,F,4183,f,t,0.219407,
victims,2022,1.3,Domestic violence in the family setting,2,31-40,U,1,f,t,0.000052,
victims,2022,1.3,Domestic violence in the family setting,2,41-64,M,1488,f,t,0.078049,
victims,2022,1.3,Domestic violence in the family setting,2,41-64,F,4530,f,t,0.237608,
victims,2022,1.3,Domestic violence in the family setting,2,41-64,U,3,f,t,0.000157,
victims,2022,1.3,Domestic violence in the family setting,2,65+,M,221,f,t,0.011592,
victims,2022,1.3,Domestic violence in the family setting,2,65+,F,508,f,t,0.026646,
victims,2022,1.3,Domestic violence in the family setting,2,65+,U,0,f,t,0.000000,
victims,2022,1.3,Domestic violence in the family setting,2,U,M,11,f,f,0.000577,
victims,2022,1.3,Domestic violence in the family setting,2,U,F,56,f,f,0.002937,
victims,2022,1.3,Domestic violence in the family setting,2,U,U,1,f,f,0.000052,
victims,2022,1.4,Other offences against persons,2,0-13,M,13,f,f,0.022887,
victims,2022,1.4,Other offences against persons,2,0-13,F,12,f,f,0.021127,
victims,2022,1.4,Other offences against persons,2,0-13,U,0,f,f,0.000000,
victims,2022,1.4,Other offences against persons,2,14-17,M,13,f,t,0.022887,
victims,2022,1.4,Other offences against persons,2,14-17,F,16,f,t,0.028169,
victims,2022,1.4,Other offences against persons,2,14-17,U,0,f,t,0.000000,
victims,2022,1.4,Other offences against persons,2,18-30,M,97,f,t,0.170775,
victims,2022,1.4,Other offences against persons,2,18-30,F,49,f,t,0.086268,
victims,2022,1.4,Other offences against persons,2,18-30,U,0,f,t,0.000000,
victims,2022,1.4,Other offences against persons,2,31-40,M,65,f,t,0.114437,
victims,2022,1.4,Other offences against persons,2,31-40,F,51,f,t,0.089789,
victims,2022,1.4,Other offences against persons,2,31-40,U,0,f,t,0.000000,
victims,2022,1.4,Other offences against persons,2,41-64,M,112,f,t,0.197183,
victims,2022,1.4,Other offences against persons,2,41-64,F,99,f,t,0.174296,
victims,2022,1.4,Other offences against persons,2,41-64,U,0,f,t,0.000000,
victims,2022,1.4,Other offences against persons,2,65+,M,13,f,t,0.022887,
victims,2022,1.4,Other offences against persons,2,65+,F,25,f,t,0.044014,
victims,2022,1.4,Other offences against persons,2,65+,U,0,f,t,0.000000,
victims,2022,1.4,Other offences against persons,2,U,M,3,f,f,0.005282,
victims,2022,1.4,Other offences against persons,2,U,F,0,f,f,0.000000,
victims,2022,1.4,Other offences against persons,2,U,U,0,f,f,0.000000,
victims,2022,2,Offences against personal liberty,1,0-13,M,170,f,f,0.009885,
victims,2022,2,Offences against personal liberty,1,0-13,F,223,f,f,0.012967,
victims,2022,2,Offences against personal liberty,1,0-13,U,0,f,f,0.000000,
victims,2022,2,Offences against personal liberty,1,14-17,M,398,f,t,0.023142,
victims,2022,2,Offences against personal liberty,1,14-17,F,409,f,t,0.023782,
victims,2022,2,Offences against personal liberty,1,14-17,U,0,f,t,0.000000,
victims,2022,2,Offences against personal liberty,1,18-30,M,2109,f,t,0.122631,
victims,2022,2,Offences against personal liberty,1,18-30,F,1866,f,t,0.108501,
victims,2022,2,Offences against personal liberty,1,18-30,U,0,f,t,0.000000,
victims,2022,2,Offences against personal liberty,1,31-40,M,2049,f,t,0.119142,
victims,2022,2,Offences against personal liberty,1,31-40,F,1785,f,t,0.103791,
victims,2022,2,Offences against personal liberty,1,31-40,U,3,f,t,0.000174,
victims,2022,2,Offences against personal liberty,1,41-64,M,4047,f,t,0.235318,
victims,2022,2,Offences against personal liberty,1,41-64,F,3061,f,t,0.177986,
victims,2022,2,Offences against personal liberty,1,41-64,U,13,f,t,0.000756,
victims,2022,2,Offences against personal liberty,1,65+,M,530,f,t,0.030818,
victims,2022,2,Offences against personal liberty,1,65+,F,382,f,t,0.022212,
victims,2022,2,Offences against personal liberty,1,65+,U,7,f,t,0.000407,
victims,2022,2,Offences against personal liberty,1,U,M,112,f,f,0.006512,
victims,2022,2,Offences against personal liberty,1,U,F,28,f,f,0.001628,
victims,2022,2,Offences against personal liberty,1,U,U,6,f,f,0.000349,
victims,2022,2.1,Habitual domestic abuse,2,0-13,M,15,f,f,0.012255,
victims,2022,2.1,Habitual domestic abuse,2,0-13,F,24,f,f,0.019608,
victims,2022,2.1,Habitual domestic abuse,2,0-13,U,0,f,f,0.000000,
victims,2022,2.1,Habitual domestic abuse,2,14-17,M,15,f,t,0.012255,
victims,2022,2.1,Habitual domestic abuse,2,14-17,F,37,f,t,0.030229,
victims,2022,2.1,Habitual domestic abuse,2,14-17,U,0,f,t,0.000000,
victims,2022,2.1,Habitual domestic abuse,2,18-30,M,25,f,t,0.020425,
victims,2022,2.1,Habitual domestic abuse,2,18-30,F,298,f,t,0.243464,
victims,2022,2.1,Habitual domestic abuse,2,18-30,U,0,f,t,0.000000,
victims,2022,2.1,Habitual domestic abuse,2,31-40,M,23,f,t,0.018791,
victims,2022,2.1,Habitual domestic abuse,2,31-40,F,288,f,t,0.235294,
victims,2022,2.1,Habitual domestic abuse,2,31-40,U,0,f,t,0.000000,
victims,2022,2.1,Habitual domestic abuse,2,41-64,M,65,f,t,0.053105,
victims,2022,2.1,Habitual domestic abuse,2,41-64,F,369,f,t,0.301471,
victims,2022,2.1,Habitual domestic abuse,2,41-64,U,0,f,t,0.000000,
victims,2022,2.1,Habitual domestic abuse,2,65+,M,17,f,t,0.013889,
victims,2022,2.1,Habitual domestic abuse,2,65+,F,47,f,t,0.038399,
victims,2022,2.1,Habitual domestic abuse,2,65+,U,0,f,t,0.000000,
victims,2022,2.1,Habitual domestic abuse,2,U,M,0,f,f,0.000000,
victims,2022,2.1,Habitual domestic abuse,2,U,F,1,f,f,0.000817,
victims,2022,2.1,Habitual domestic abuse,2,U,U,0,f,f,0.000000,
victims,2022,2.2,Other offences against personal liberty,2,0-13,M,155,f,f,0.009703,
victims,2022,2.2,Other offences against personal liberty,2,0-13,F,199,f,f,0.012458,
victims,2022,2.2,Other offences against personal liberty,2,0-13,U,0,f,f,0.000000,
victims,2022,2.2,Other offences against personal liberty,2,14-17,M,383,f,t,0.023976,
victims,2022,2.2,Other offences against personal liberty,2,14-17,F,372,f,t,0.023288,
victims,2022,2.2,Other offences against personal liberty,2,14-17,U,0,f,t,0.000000,
victims,2022,2.2,Other offences against personal liberty,2,18-30,M,2084,f,t,0.130462,
victims,2022,2.2,Other offences against personal liberty,2,18-30,F,1568,f,t,0.098160,
victims,2022,2.2,Other offences against personal liberty,2,18-30,U,0,f,t,0.000000,
victims,2022,2.2,Other offences against personal liberty,2,31-40,M,2026,f,t,0.126831,
victims,2022,2.2,Other offences against personal liberty,2,31-40,F,1497,f,t,0.093715,
victims,2022,2.2,Other offences against personal liberty,2,31-40,U,3,f,t,0.000188,
victims,2022,2.2,Other offences against personal liberty,2,41-64,M,3982,f,t,0.249280,
victims,2022,2.2,Other offences against personal liberty,2,41-64,F,2692,f,t,0.168524,
victims,2022,2.2,Other offences against personal liberty,2,41-64,U,13,f,t,0.000814,
victims,2022,2.2,Other offences against personal liberty,2,65+,M,513,f,t,0.032115,
victims,2022,2.2,Other offences against personal liberty,2,65+,F,335,f,t,0.020972,
victims,2022,2.2,Other offences against personal liberty,2,65+,U,7,f,t,0.000438,
victims,2022,2.2,Other offences against personal liberty,2,U,M,112,f,f,0.007011,
victims,2022,2.2,Other offences against personal liberty,2,U,F,27,f,f,0.001690,
victims,2022,2.2,Other offences against personal liberty,2,U,U,6,f,f,0.000376,
victims,2022,3,Offences against sexual freedom,1,0-13,M,106,f,f,0.040396,
victims,2022,3,Offences against sexual freedom,1,0-13,F,397,f,f,0.151296,
victims,2022,3,Offences against sexual freedom,1,0-13,U,1,f,f,0.000381,
victims,2022,3,Offences against sexual freedom,1,14-17,M,89,f,t,0.033918,
victims,2022,3,Offences against sexual freedom,1,14-17,F,584,f,t,0.222561,
victims,2022,3,Offences against sexual freedom,1,14-17,U,0,f,t,0.000000,
victims,2022,3,Offences against sexual freedom,1,18-30,M,90,f,t,0.034299,
victims,2022,3,Offences against sexual freedom,1,18-30,F,828,f,t,0.315549,
victims,2022,3,Offences against sexual freedom,1,18-30,U,0,f,t,0.000000,
victims,2022,3,Offences against sexual freedom,1,31-40,M,37,f,t,0.014101,
victims,2022,3,Offences against sexual freedom,1,31-40,F,244,f,t,0.092988,
victims,2022,3,Offences against sexual freedom,1,31-40,U,1,f,t,0.000381,
victims,2022,3,Offences against sexual freedom,1,41-64,M,23,f,t,0.008765,
victims,2022,3,Offences against sexual freedom,1,41-64,F,211,f,t,0.080412,
victims,2022,3,Offences against sexual freedom,1,41-64,U,0,f,t,0.000000,
victims,2022,3,Offences against sexual freedom,1,65+,M,0,f,t,0.000000,
victims,2022,3,Offences against sexual freedom,1,65+,F,7,f,t,0.002668,
victims,2022,3,Offences against sexual freedom,1,65+,U,0,f,t,0.000000,
victims,2022,3,Offences against sexual freedom,1,U,M,0,f,f,0.000000,
victims,2022,3,Offences against sexual freedom,1,U,F,6,f,f,0.002287,
victims,2022,3,Offences against sexual freedom,1,U,U,0,f,f,0.000000,
victims,2022,3.1,Sexual assault,2,0-13,M,52,f,f,0.032059,
victims,2022,3.1,Sexual assault,2,0-13,F,263,f,f,0.162145,
victims,2022,3.1,Sexual assault,2,0-13,U,0,f,f,0.000000,
victims,2022,3.1,Sexual assault,2,14-17,M,45,f,t,0.027744,
victims,2022,3.1,Sexual assault,2,14-17,F,323,f,t,0.199137,
victims,2022,3.1,Sexual assault,2,14-17,U,0,f,t,0.000000,
victims,2022,3.1,Sexual assault,2,18-30,M,63,f,t,0.038841,
victims,2022,3.1,Sexual assault,2,18-30,F,526,f,t,0.324291,
victims,2022,3.1,Sexual assault,2,18-30,U,0,f,t,0.000000,
victims,2022,3.1,Sexual assault,2,31-40,M,23,f,t,0.014180,
victims,2022,3.1,Sexual assault,2,31-40,F,161,f,t,0.099260,
victims,2022,3.1,Sexual assault,2,31-40,U,1,f,t,0.000617,
victims,2022,3.1,Sexual assault,2,41-64,M,16,f,t,0.009864,
victims,2022,3.1,Sexual assault,2,41-64,F,144,f,t,0.088779,
victims,2022,3.1,Sexual assault,2,41-64,U,0,f,t,0.000000,
victims,2022,3.1,Sexual assault,2,65+,M,0,f,t,0.000000,
victims,2022,3.1,Sexual assault,2,65+,F,3,f,t,0.001850,
victims,2022,3.1,Sexual assault,2,65+,U,0,f,t,0.000000,
victims,2022,3.1,Sexual assault,2,U,M,0,f,f,0.000000,
victims,2022,3.1,Sexual assault,2,U,F,2,f,f,0.001233,
victims,2022,3.1,Sexual assault,2,U,U,0,f,f,0.000000,
victims,2022,3.2,Sexual assault with penetration,2,0-13,M,11,f,f,0.017572,
victims,2022,3.2,Sexual assault with penetration,2,0-13,F,55,f,f,0.087859,
victims,2022,3.2,Sexual assault with penetration,2,0-13,U,0,f,f,0.000000,
victims,2022,3.2,Sexual assault with penetration,2,14-17,M,13,f,t,0.020767,
victims,2022,3.2,Sexual assault with penetration,2,14-17,F,163,f,t,0.260383,
victims,2022,3.2,Sexual assault with penetration,2,14-17,U,0,f,t,0.000000,
victims,2022,3.2,Sexual assault with penetration,2,18-30,M,24,f,t,0.038339,
victims,2022,3.2,Sexual assault with penetration,2,18-30,F,222,f,t,0.354633,
victims,2022,3.2,Sexual assault with penetration,2,18-30,U,0,f,t,0.000000,
victims,2022,3.2,Sexual assault with penetration,2,31-40,M,12,f,t,0.019169,
victims,2022,3.2,Sexual assault with penetration,2,31-40,F,63,f,t,0.100639,
victims,2022,3.2,Sexual assault with penetration,2,31-40,U,0,f,t,0.000000,
victims,2022,3.2,Sexual assault with penetration,2,41-64,M,7,f,t,0.011182,
victims,2022,3.2,Sexual assault with penetration,2,41-64,F,53,f,t,0.084665,
victims,2022,3.2,Sexual assault with penetration,2,41-64,U,0,f,t,0.000000,
victims,2022,3.2,Sexual assault with penetration,2,65+,M,0,f,t,0.000000,
victims,2022,3.2,Sexual assault with penetration,2,65+,F,3,f,t,0.004792,
victims,2022,3.2,Sexual assault with penetration,2,65+,U,0,f,t,0.000000,
victims,2022,3.2,Sexual assault with penetration,2,U,M,0,f,f,0.000000,
victims,2022,3.2,Sexual assault with penetration,2,U,F,0,f,f,0.000000,
victims,2022,3.2,Sexual assault with penetration,2,U,U,0,f,f,0.000000,
victims,2022,3.3,Corruption of minors,2,0-13,M,7,f,f,0.170732,
victims,2022,3.3,Corruption of minors,2,0-13,F,12,f,f,0.292683,
victims,2022,3.3,Corruption of minors,2,0-13,U,0,f,f,0.000000,
victims,2022,3.3,Corruption of minors,2,14-17,M,7,f,t,0.170732,
victims,2022,3.3,Corruption of minors,2,14-17,F,14,f,t,0.341463,
victims,2022,3.3,Corruption of minors,2,14-17,U,0,f,t,0.000000,
victims,2022,3.3,Corruption of minors,2,18-30,M,0,f,t,0.000000,
victims,2022,3.3,Corruption of minors,2,18-30,F,1,f,t,0.024390,
victims,2022,3.3,Corruption of minors,2,18-30,U,0,f,t,0.000000,
victims,2022,3.3,Corruption of minors,2,31-40,M,0,f,t,0.000000,
victims,2022,3.3,Corruption of minors,2,31-40,F,0,f,t,0.000000,
victims,2022,3.3,Corruption of minors,2,31-40,U,0,f,t,0.000000,
victims,2022,3.3,Corruption of minors,2,41-64,M,0,f,t,0.000000,
victims,2022,3.3,Corruption of minors,2,41-64,F,0,f,t,0.000000,
victims,2022,3.3,Corruption of minors,2,41-64,U,0,f,t,0.000000,
victims,2022,3.3,Corruption of minors,2,65+,M,0,f,t,0.000000,
victims,2022,3.3,Corruption of minors,2,65+,F,0,f,t,0.000000,
victims,2022,3.3,Corruption of minors,2,65+,U,0,f,t,0.000000,
victims,2022,3.3,Corruption of minors,2,U,M,0,f,f,0.000000,
victims,2022,3.3,Corruption of minors,2,U,F,0,f,f,0.000000,
victims,2022,3.3,Corruption of minors,2,U,U,0,f,f,0.000000,
victims,2022,3.4,Child pornography,2,0-13,M,3,f,f,0.214286,
victims,2022,3.4,Child pornography,2,0-13,F,3,f,f,0.214286,
victims,2022,3.4,Child pornography,2,0-13,U,0,f,f,0.000000,
victims,2022,3.4,Child pornography,2,14-17,M,1,f,t,0.071429,
victims,2022,3.4,Child pornography,2,14-17,F,6,f,t,0.428571,
victims,2022,3.4,Child pornography,2,14-17,U,0,f,t,0.000000,
victims,2022,3.4,Child pornography,2,18-30,M,1,f,t,0.071429,
victims,2022,3.4,Child pornography,2,18-30,F,0,f,t,0.000000,
victims,2022,3.4,Child pornography,2,18-30,U,0,f,t,0.000000,
victims,2022,3.4,Child pornography,2,31-40,M,0,f,t,0.000000,
victims,2022,3.4,Child pornography,2,31-40,F,0,f,t,0.000000,
victims,2022,3.4,Child pornography,2,31-40,U,0,f,t,0.000000,
victims,2022,3.4,Child pornography,2,41-64,M,0,f,t,0.000000,
victims,2022,3.4,Child pornography,2,41-64,F,0,f,t,0.000000,
victims,2022,3.4,Child pornography,2,41-64,U,0,f,t,0.000000,
victims,2022,3.4,Child pornography,2,65+,M,0,f,t,0.000000,
victims,2022,3.4,Child pornography,2,65+,F,0,f,t,0.000000,
victims,2022,3.4,Child pornography,2,65+,U,0,f,t,0.000000,
victims,2022,3.4,Child pornography,2,U,M,0,f,f,0.000000,
victims,2022,3.4,Child pornography,2,U,F,0,f,f,0.000000,
victims,2022,3.4,Child pornography,2,U,U,0,f,f,0.000000,
victims,2022,3.5,Other offences against sexual freedom,2,0-13,M,33,f,f,0.102804,
victims,2022,3.5,Other offences against sexual freedom,2,0-13,F,64,f,f,0.199377,
victims,2022,3.5,Other offences against sexual freedom,2,0-13,U,1,f,f,0.003115,
victims,2022,3.5,Other offences against sexual freedom,2,14-17,M,23,f,t,0.071651,
victims,2022,3.5,Other offences against sexual freedom,2,14-17,F,78,f,t,0.242991,
victims,2022,3.5,Other offences against sexual freedom,2,14-17,U,0,f,t,0.000000,
victims,2022,3.5,Other offences against sexual freedom,2,18-30,M,2,f,t,0.006231,
victims,2022,3.5,Other offences against sexual freedom,2,18-30,F,79,f,t,0.246106,
victims,2022,3.5,Other offences against sexual freedom,2,18-30,U,0,f,t,0.000000,
victims,2022,3.5,Other offences against sexual freedom,2,31-40,M,2,f,t,0.006231,
victims,2022,3.5,Other offences against sexual freedom,2,31-40,F,20,f,t,0.062305,
victims,2022,3.5,Other offences against sexual freedom,2,31-40,U,0,f,t,0.000000,
victims,2022,3.5,Other offences against sexual freedom,2,41-64,M,0,f,t,0.000000,
victims,2022,3.5,Other offences against sexual freedom,2,41-64,F,14,f,t,0.043614,
victims,2022,3.5,Other offences against sexual freedom,2,41-64,U,0,f,t,0.000000,
victims,2022,3.5,Other offences against sexual freedom,2,65+,M,0,f,t,0.000000,
victims,2022,3.5,Other offences against sexual freedom,2,65+,F,1,f,t,0.003115,
victims,2022,3.5,Other offences against sexual freedom,2,65+,U,0,f,t,0.000000,
victims,2022,3.5,Other offences against sexual freedom,2,U,M,0,f,f,0.000000,
victims,2022,3.5,Other offences against sexual freedom,2,U,F,4,f,f,0.012461,
victims,2022,3.5,Other offences against sexual freedom,2,U,U,0,f,f,0.000000,
victims,2022,4,Offences against family relations,1,0-13,M,136,f,f,0.156142,
victims,2022,4,Offences against family relations,1,0-13,F,99,f,f,0.113662,
victims,2022,4,Offences against family relations,1,0-13,U,0,f,f,0.000000,
victims,2022,4,Offences against family relations,1,14-17,M,19,f,t,0.021814,
victims,2022,4,Offences against family relations,1,14-17,F,23,f,t,0.026406,
victims,2022,4,Offences against family relations,1,14-17,U,0,f,t,0.000000,
victims,2022,4,Offences against family relations,1,18-30,M,10,f,t,0.011481,
victims,2022,4,Offences against family relations,1,18-30,F,61,f,t,0.070034,
victims,2022,4,Offences against family relations,1,18-30,U,0,f,t,0.000000,
victims,2022,4,Offences against family relations,1,31-40,M,31,f,t,0.035591,
victims,2022,4,Offences against family relations,1,31-40,F,203,f,t,0.233065,
victims,2022,4,Offences against family relations,1,31-40,U,0,f,t,0.000000,
victims,2022,4,Offences against family relations,1,41-64,M,70,f,t,0.080367,
victims,2022,4,Offences against family relations,1,41-64,F,198,f,t,0.227325,
victims,2022,4,Offences against family relations,1,41-64,U,0,f,t,0.000000,
victims,2022,4,Offences against family relations,1,65+,M,3,f,t,0.003444,
victims,2022,4,Offences against family relations,1,65+,F,14,f,t,0.016073,
victims,2022,4,Offences against family relations,1,65+,U,0,f,t,0.000000,
victims,2022,4,Offences against family relations,1,U,M,3,f,f,0.003444,
victims,2022,4,Offences against family relations,1,U,F,1,f,f,0.001148,
victims,2022,4,Offences against family relations,1,U,U,0,f,f,0.000000,
victims,2022,5,Property offences,1,0-13,M,288,f,f,0.001245,
victims,2022,5,Property offences,1,0-13,F,137,f,f,0.000592,
victims,2022,5,Property offences,1,0-13,U,0,f,f,0.000000,
victims,2022,5,Property offences,1,14-17,M,1687,f,t,0.007292,
victims,2022,5,Property offences,1,14-17,F,1233,f,t,0.005330,
victims,2022,5,Property offences,1,14-17,U,4,f,t,0.000017,
victims,2022,5,Property offences,1,18-30,M,28781,f,t,0.124409,
victims,2022,5,Property offences,1,18-30,F,27817,f,t,0.120242,
victims,2022,5,Property offences,1,18-30,U,6,f,t,0.000026,
victims,2022,5,Property offences,1,31-40,M,25076,f,t,0.108394,
victims,2022,5,Property offences,1,31-40,F,19676,f,t,0.085052,
victims,2022,5,Property offences,1,31-40,U,4,f,t,0.000017,
victims,2022,5,Property offences,1,41-64,M,56784,f,t,0.245455,
victims,2022,5,Property offences,1,41-64,F,41585,f,t,0.179756,
victims,2022,5,Property offences,1,41-64,U,29,f,t,0.000125,
victims,2022,5,Property offences,1,65+,M,14162,f,t,0.061217,
victims,2022,5,Property offences,1,65+,F,13618,f,t,0.058865,
victims,2022,5,Property offences,1,65+,U,17,f,t,0.000073,
victims,2022,5,Property offences,1,U,M,289,f,f,0.001249,
victims,2022,5,Property offences,1,U,F,131,f,f,0.000566,
victims,2022,5,Property offences,1,U,U,18,f,f,0.000078,
victims,2022,5.1,Theft,2,0-13,M,96,f,f,0.000968,
victims,2022,5.1,Theft,2,0-13,F,89,f,f,0.000897,
victims,2022,5.1,Theft,2,0-13,U,0,f,f,0.000000,
victims,2022,5.1,Theft,2,14-17,M,655,f,t,0.006603,
victims,2022,5.1,Theft,2,14-17,F,914,f,t,0.009213,
victims,2022,5.1,Theft,2,14-17,U,2,f,t,0.000020,
victims,2022,5.1,Theft,2,18-30,M,12843,f,t,0.129461,
victims,2022,5.1,Theft,2,18-30,F,15898,f,t,0.160256,
victims,2022,5.1,Theft,2,18-30,U,5,f,t,0.000050,
victims,2022,5.1,Theft,2,31-40,M,9264,f,t,0.093383,
victims,2022,5.1,Theft,2,31-40,F,9180,f,t,0.092537,
victims,2022,5.1,Theft,2,31-40,U,3,f,t,0.000030,
victims,2022,5.1,Theft,2,41-64,M,19528,f,t,0.196847,
victims,2022,5.1,Theft,2,41-64,F,17526,f,t,0.176666,
victims,2022,5.1,Theft,2,41-64,U,17,f,t,0.000171,
victims,2022,5.1,Theft,2,65+,M,5405,f,t,0.054484,
victims,2022,5.1,Theft,2,65+,F,7506,f,t,0.075662,
victims,2022,5.1,Theft,2,65+,U,11,f,t,0.000111,
victims,2022,5.1,Theft,2,U,M,159,f,f,0.001603,
victims,2022,5.1,Theft,2,U,F,96,f,f,0.000968,
victims,2022,5.1,Theft,2,U,U,7,f,f,0.000071,
victims,2022,5.2,Burglary involving forced entry,2,0-13,M,2,f,f,0.000075,
victims,2022,5.2,Burglary involving forced entry,2,0-13,F,1,f,f,0.000038,
victims,2022,5.2,Burglary involving forced entry,2,0-13,U,0,f,f,0.000000,
victims,2022,5.2,Burglary involving forced entry,2,14-17,M,24,f,t,0.000905,
victims,2022,5.2,Burglary involving forced entry,2,14-17,F,6,f,t,0.000226,
victims,2022,5.2,Burglary involving forced entry,2,14-17,U,0,f,t,0.000000,
victims,2022,5.2,Burglary involving forced entry,2,18-30,M,2944,f,t,0.110990,
victims,2022,5.2,Burglary involving forced entry,2,18-30,F,1339,f,t,0.050481,
victims,2022,5.2,Burglary involving forced entry,2,18-30,U,0,f,t,0.000000,
victims,2022,5.2,Burglary involving forced entry,2,31-40,M,4220,f,t,0.159095,
victims,2022,5.2,Burglary involving forced entry,2,31-40,F,1795,f,t,0.067672,
victims,2022,5.2,Burglary involving forced entry,2,31-40,U,0,f,t,0.000000,
victims,2022,5.2,Burglary involving forced entry,2,41-64,M,10134,f,t,0.382055,
victims,2022,5.2,Burglary involving forced entry,2,41-64,F,3793,f,t,0.142997,
victims,2022,5.2,Burglary involving forced entry,2,41-64,U,1,f,t,0.000038,
victims,2022,5.2,Burglary involving forced entry,2,65+,M,1465,f,t,0.055231,
victims,2022,5.2,Burglary involving forced entry,2,65+,F,769,f,t,0.028992,
victims,2022,5.2,Burglary involving forced entry,2,65+,U,0,f,t,0.000000,
victims,2022,5.2,Burglary involving forced entry,2,U,M,24,f,f,0.000905,
victims,2022,5.2,Burglary involving forced entry,2,U,F,4,f,f,0.000151,
victims,2022,5.2,Burglary involving forced entry,2,U,U,4,f,f,0.000151,
victims,2022,5.2.1,Theft from vehicles by forced entry,3,0-13,M,1,f,f,0.000061,
victims,2022,5.2.1,Theft from vehicles by forced entry,3,0-13,F,1,f,f,0.000061,
victims,2022,5.2.1,Theft from vehicles by forced entry,3,0-13,U,0,f,f,0.000000,
victims,2022,5.2.1,Theft from vehicles by forced entry,3,14-17,M,7,f,t,0.000428,
victims,2022,5.2.1,Theft from vehicles by forced entry,3,14-17,F,3,f,t,0.000183,
victims,2022,5.2.1,Theft from vehicles by forced entry,3,14-17,U,0,f,t,0.000000,
victims,2022,5.2.1,Theft from vehicles by forced entry,3,18-30,M,2233,f,t,0.136575,
victims,2022,5.2.1,Theft from vehicles by forced entry,3,18-30,F,820,f,t,0.050153,
victims,2022,5.2.1,Theft from vehicles by forced entry,3,18-30,U,0,f,t,0.000000,
victims,2022,5.2.1,Theft from vehicles by forced entry,3,31-40,M,3009,f,t,0.184037,
victims,2022,5.2.1,Theft from vehicles by forced entry,3,31-40,F,1028,f,t,0.062875,
victims,2022,5.2.1,Theft from vehicles by forced entry,3,31-40,U,0,f,t,0.000000,
victims,2022,5.2.1,Theft from vehicles by forced entry,3,41-64,M,6789,f,t,0.415229,
victims,2022,5.2.1,Theft from vehicles by forced entry,3,41-64,F,1758,f,t,0.107523,
victims,2022,5.2.1,Theft from vehicles by forced entry,3,41-64,U,0,f,t,0.000000,
victims,2022,5.2.1,Theft from vehicles by forced entry,3,65+,M,569,f,t,0.034801,
victims,2022,5.2.1,Theft from vehicles by forced entry,3,65+,F,122,f,t,0.007462,
victims,2022,5.2.1,Theft from vehicles by forced entry,3,65+,U,0,f,t,0.000000,
victims,2022,5.2.1,Theft from vehicles by forced entry,3,U,M,9,f,f,0.000550,
victims,2022,5.2.1,Theft from vehicles by forced entry,3,U,F,0,f,f,0.000000,
victims,2022,5.2.1,Theft from vehicles by forced entry,3,U,U,1,f,f,0.000061,
victims,2022,5.2.2,Domestic burglary,3,0-13,M,1,f,f,0.000175,
victims,2022,5.2.2,Domestic burglary,3,0-13,F,0,f,f,0.000000,
victims,2022,5.2.2,Domestic burglary,3,0-13,U,0,f,f,0.000000,
victims,2022,5.2.2,Domestic burglary,3,14-17,M,1,f,t,0.000175,
victims,2022,5.2.2,Domestic burglary,3,14-17,F,0,f,t,0.000000,
victims,2022,5.2.2,Domestic burglary,3,14-17,U,0,f,t,0.000000,
victims,2022,5.2.2,Domestic burglary,3,18-30,M,320,f,t,0.056121,
victims,2022,5.2.2,Domestic burglary,3,18-30,F,318,f,t,0.055770,
victims,2022,5.2.2,Domestic burglary,3,18-30,U,0,f,t,0.000000,
victims,2022,5.2.2,Domestic burglary,3,31-40,M,552,f,t,0.096808,
victims,2022,5.2.2,Domestic burglary,3,31-40,F,430,f,t,0.075412,
victims,2022,5.2.2,Domestic burglary,3,31-40,U,0,f,t,0.000000,
victims,2022,5.2.2,Domestic burglary,3,41-64,M,1511,f,t,0.264995,
victims,2022,5.2.2,Domestic burglary,3,41-64,F,1256,f,t,0.220274,
victims,2022,5.2.2,Domestic burglary,3,41-64,U,0,f,t,0.000000,
victims,2022,5.2.2,Domestic burglary,3,65+,M,711,f,t,0.124693,
victims,2022,5.2.2,Domestic burglary,3,65+,F,593,f,t,0.103999,
victims,2022,5.2.2,Domestic burglary,3,65+,U,0,f,t,0.000000,
victims,2022,5.2.2,Domestic burglary,3,U,M,3,f,f,0.000526,
victims,2022,5.2.2,Domestic burglary,3,U,F,3,f,f,0.000526,
victims,2022,5.2.2,Domestic burglary,3,U,U,3,f,f,0.000526,
victims,2022,5.2.3,Burglary of commercial premises,3,0-13,M,0,f,f,0.000000,
victims,2022,5.2.3,Burglary of commercial premises,3,0-13,F,0,f,f,0.000000,
victims,2022,5.2.3,Burglary of commercial premises,3,0-13,U,0,f,f,0.000000,
victims,2022,5.2.3,Burglary of commercial premises,3,14-17,M,1,f,t,0.000398,
victims,2022,5.2.3,Burglary of commercial premises,3,14-17,F,0,f,t,0.000000,
victims,2022,5.2.3,Burglary of commercial premises,3,14-17,U,0,f,t,0.000000,
victims,2022,5.2.3,Burglary of commercial premises,3,18-30,M,185,f,t,0.073676,
victims,2022,5.2.3,Burglary of commercial premises,3,18-30,F,95,f,t,0.037834,
victims,2022,5.2.3,Burglary of commercial premises,3,18-30,U,0,f,t,0.000000,
victims,2022,5.2.3,Burglary of commercial premises,3,31-40,M,359,f,t,0.142971,
victims,2022,5.2.3,Burglary of commercial premises,3,31-40,F,228,f,t,0.090800,
victims,2022,5.2.3,Burglary of commercial premises,3,31-40,U,0,f,t,0.000000,
victims,2022,5.2.3,Burglary of commercial premises,3,41-64,M,992,f,t,0.395062,
victims,2022,5.2.3,Burglary of commercial premises,3,41-64,F,515,f,t,0.205098,
victims,2022,5.2.3,Burglary of commercial premises,3,41-64,U,1,f,t,0.000398,
victims,2022,5.2.3,Burglary of commercial premises,3,65+,M,99,f,t,0.039427,
victims,2022,5.2.3,Burglary of commercial premises,3,65+,F,28,f,t,0.011151,
victims,2022,5.2.3,Burglary of commercial premises,3,65+,U,0,f,t,0.000000,
victims,2022,5.2.3,Burglary of commercial premises,3,U,M,8,f,f,0.003186,
victims,2022,5.2.3,Burglary of commercial premises,3,U,F,0,f,f,0.000000,
victims,2022,5.2.3,Burglary of commercial premises,3,U,U,0,f,f,0.000000,
victims,2022,5.3,Robbery with violence or intimidation,2,0-13,M,165,f,f,0.012808,
victims,2022,5.3,Robbery with violence or intimidation,2,0-13,F,36,f,f,0.002794,
victims,2022,5.3,Robbery with violence or intimidation,2,0-13,U,0,f,f,0.000000,
victims,2022,5.3,Robbery with violence or intimidation,2,14-17,M,869,f,t,0.067453,
victims,2022,5.3,Robbery with violence or intimidation,2,14-17,F,206,f,t,0.015990,
victims,2022,5.3,Robbery with violence or intimidation,2,14-17,U,2,f,t,0.000155,
victims,2022,5.3,Robbery with violence or intimidation,2,18-30,M,3369,f,t,0.261507,
victims,2022,5.3,Robbery with violence or intimidation,2,18-30,F,1485,f,t,0.115268,
victims,2022,5.3,Robbery with violence or intimidation,2,18-30,U,1,f,t,0.000078,
victims,2022,5.3,Robbery with violence or intimidation,2,31-40,M,1371,f,t,0.106419,
victims,2022,5.3,Robbery with violence or intimidation,2,31-40,F,667,f,t,0.051774,
victims,2022,5.3,Robbery with violence or intimidation,2,31-40,U,1,f,t,0.000078,
victims,2022,5.3,Robbery with violence or intimidation,2,41-64,M,2168,f,t,0.168284,
victims,2022,5.3,Robbery with violence or intimidation,2,41-64,F,1355,f,t,0.105177,
victims,2022,5.3,Robbery with violence or intimidation,2,41-64,U,4,f,t,0.000310,
victims,2022,5.3,Robbery with violence or intimidation,2,65+,M,526,f,t,0.040829,
victims,2022,5.3,Robbery with violence or intimidation,2,65+,F,589,f,t,0.045719,
victims,2022,5.3,Robbery with violence or intimidation,2,65+,U,2,f,t,0.000155,
victims,2022,5.3,Robbery with violence or intimidation,2,U,M,51,f,f,0.003959,
victims,2022,5.3,Robbery with violence or intimidation,2,U,F,12,f,f,0.000931,
victims,2022,5.3,Robbery with violence or intimidation,2,U,U,4,f,f,0.000310,
victims,2022,5.3.1,Street robbery,3,0-13,M,123,f,f,0.014123,
victims,2022,5.3.1,Street robbery,3,0-13,F,25,f,f,0.002871,
victims,2022,5.3.1,Street robbery,3,0-13,U,0,f,f,0.000000,
victims,2022,5.3.1,Street robbery,3,14-17,M,601,f,t,0.069009,
victims,2022,5.3.1,Street robbery,3,14-17,F,120,f,t,0.013779,
victims,2022,5.3.1,Street robbery,3,14-17,U,2,f,t,0.000230,
victims,2022,5.3.1,Street robbery,3,18-30,M,2419,f,t,0.277759,
victims,2022,5.3.1,Street robbery,3,18-30,F,925,f,t,0.106212,
victims,2022,5.3.1,Street robbery,3,18-30,U,1,f,t,0.000115,
victims,2022,5.3.1,Street robbery,3,31-40,M,986,f,t,0.113216,
victims,2022,5.3.1,Street robbery,3,31-40,F,423,f,t,0.048570,
victims,2022,5.3.1,Street robbery,3,31-40,U,1,f,t,0.000115,
victims,2022,5.3.1,Street robbery,3,41-64,M,1470,f,t,0.168791,
victims,2022,5.3.1,Street robbery,3,41-64,F,846,f,t,0.097141,
victims,2022,5.3.1,Street robbery,3,41-64,U,3,f,t,0.000344,
victims,2022,5.3.1,Street robbery,3,65+,M,335,f,t,0.038466,
victims,2022,5.3.1,Street robbery,3,65+,F,401,f,t,0.046044,
victims,2022,5.3.1,Street robbery,3,65+,U,2,f,t,0.000230,
victims,2022,5.3.1,Street robbery,3,U,M,20,f,f,0.002296,
victims,2022,5.3.1,Street robbery,3,U,F,6,f,f,0.000689,
victims,2022,5.3.1,Street robbery,3,U,U,0,f,f,0.000000,
victims,2022,5.3.2,Robbery in dwellings,3,0-13,M,6,f,f,0.010084,
victims,2022,5.3.2,Robbery in dwellings,3,0-13,F,1,f,f,0.001681,
victims,2022,5.3.2,Robbery in dwellings,3,0-13,U,0,f,f,0.000000,
victims,2022,5.3.2,Robbery in dwellings,3,14-17,M,19,f,t,0.031933,
victims,2022,5.3.2,Robbery in dwellings,3,14-17,F,4,f,t,0.006723,
victims,2022,5.3.2,Robbery in dwellings,3,14-17,U,0,f,t,0.000000,
victims,2022,5.3.2,Robbery in dwellings,3,18-30,M,65,f,t,0.109244,
victims,2022,5.3.2,Robbery in dwellings,3,18-30,F,27,f,t,0.045378,
victims,2022,5.3.2,Robbery in dwellings,3,18-30,U,0,f,t,0.000000,
victims,2022,5.3.2,Robbery in dwellings,3,31-40,M,47,f,t,0.078992,
victims,2022,5.3.2,Robbery in dwellings,3,31-40,F,30,f,t,0.050420,
victims,2022,5.3.2,Robbery in dwellings,3,31-40,U,0,f,t,0.000000,
victims,2022,5.3.2,Robbery in dwellings,3,41-64,M,112,f,t,0.188235,
victims,2022,5.3.2,Robbery in dwellings,3,41-64,F,79,f,t,0.132773,
victims,2022,5.3.2,Robbery in dwellings,3,41-64,U,1,f,t,0.001681,
victims,2022,5.3.2,Robbery in dwellings,3,65+,M,84,f,t,0.141176,
victims,2022,5.3.2,Robbery in dwellings,3,65+,F,117,f,t,0.196639,
victims,2022,5.3.2,Robbery in dwellings,3,65+,U,0,f,t,0.000000,
victims,2022,5.3.2,Robbery in dwellings,3,U,M,2,f,f,0.003361,
victims,2022,5.3.2,Robbery in dwellings,3,U,F,1,f,f,0.001681,
victims,2022,5.3.2,Robbery in dwellings,3,U,U,0,f,f,0.000000,
victims,2022,5.3.3,Robbery of commercial premises,3,0-13,M,9,f,f,0.005344,
victims,2022,5.3.3,Robbery of commercial premises,3,0-13,F,0,f,f,0.000000,
victims,2022,5.3.3,Robbery of commercial premises,3,0-13,U,0,f,f,0.000000,
victims,2022,5.3.3,Robbery of commercial premises,3,14-17,M,15,f,t,0.008907,
victims,2022,5.3.3,Robbery of commercial premises,3,14-17,F,5,f,t,0.002969,
victims,2022,5.3.3,Robbery of commercial premises,3,14-17,U,0,f,t,0.000000,
victims,2022,5.3.3,Robbery of commercial premises,3,18-30,M,298,f,t,0.176960,
victims,2022,5.3.3,Robbery of commercial premises,3,18-30,F,297,f,t,0.176366,
victims,2022,5.3.3,Robbery of commercial premises,3,18-30,U,0,f,t,0.000000,
victims,2022,5.3.3,Robbery of commercial premises,3,31-40,M,211,f,t,0.125297,
victims,2022,5.3.3,Robbery of commercial premises,3,31-40,F,150,f,t,0.089074,
victims,2022,5.3.3,Robbery of commercial premises,3,31-40,U,0,f,t,0.000000,
victims,2022,5.3.3,Robbery of commercial premises,3,41-64,M,338,f,t,0.200713,
victims,2022,5.3.3,Robbery of commercial premises,3,41-64,F,274,f,t,0.162708,
victims,2022,5.3.3,Robbery of commercial premises,3,41-64,U,0,f,t,0.000000,
victims,2022,5.3.3,Robbery of commercial premises,3,65+,M,30,f,t,0.017815,
victims,2022,5.3.3,Robbery of commercial premises,3,65+,F,26,f,t,0.015439,
victims,2022,5.3.3,Robbery of commercial premises,3,65+,U,0,f,t,0.000000,
victims,2022,5.3.3,Robbery of commercial premises,3,U,M,22,f,f,0.013064,
victims,2022,5.3.3,Robbery of commercial premises,3,U,F,5,f,f,0.002969,
victims,2022,5.3.3,Robbery of commercial premises,3,U,U,4,f,f,0.002375,
victims,2022,5.4,Vehicle theft,2,0-13,M,1,f,f,0.000173,
victims,2022,5.4,Vehicle theft,2,0-13,F,0,f,f,0.000000,
victims,2022,5.4,Vehicle theft,2,0-13,U,0,f,f,0.000000,
victims,2022,5.4,Vehicle theft,2,14-17,M,2,f,t,0.000345,
victims,2022,5.4,Vehicle theft,2,14-17,F,1,f,t,0.000173,
victims,2022,5.4,Vehicle theft,2,14-17,U,0,f,t,0.000000,
victims,2022,5.4,Vehicle theft,2,18-30,M,808,f,t,0.139431,
victims,2022,5.4,Vehicle theft,2,18-30,F,271,f,t,0.046764,
victims,2022,5.4,Vehicle theft,2,18-30,U,0,f,t,0.000000,
victims,2022,5.4,Vehicle theft,2,31-40,M,1113,f,t,0.192062,
victims,2022,5.4,Vehicle theft,2,31-40,F,382,f,t,0.065919,
victims,2022,5.4,Vehicle theft,2,31-40,U,0,f,t,0.000000,
victims,2022,5.4,Vehicle theft,2,41-64,M,2263,f,t,0.390509,
victims,2022,5.4,Vehicle theft,2,41-64,F,626,f,t,0.108024,
victims,2022,5.4,Vehicle theft,2,41-64,U,0,f,t,0.000000,
victims,2022,5.4,Vehicle theft,2,65+,M,253,f,t,0.043658,
victims,2022,5.4,Vehicle theft,2,65+,F,64,f,t,0.011044,
victims,2022,5.4,Vehicle theft,2,65+,U,0,f,t,0.000000,
victims,2022,5.4,Vehicle theft,2,U,M,8,f,f,0.001381,
victims,2022,5.4,Vehicle theft,2,U,F,3,f,f,0.000518,
victims,2022,5.4,Vehicle theft,2,U,U,0,f,f,0.000000,
victims,2022,5.5,Fraud,2,0-13,M,13,f,f,0.000226,
victims,2022,5.5,Fraud,2,0-13,F,6,f,f,0.000104,
victims,2022,5.5,Fraud,2,0-13,U,0,f,f,0.000000,
victims,2022,5.5,Fraud,2,14-17,M,62,f,t,0.001080,
victims,2022,5.5,Fraud,2,14-17,F,57,f,t,0.000993,
victims,2022,5.5,Fraud,2,14-17,U,0,f,t,0.000000,
victims,2022,5.5,Fraud,2,18-30,M,6068,f,t,0.105666,
victims,2022,5.5,Fraud,2,18-30,F,7075,f,t,0.123202,
victims,2022,5.5,Fraud,2,18-30,U,0,f,t,0.000000,
victims,2022,5.5,Fraud,2,31-40,M,5199,f,t,0.090534,
victims,2022,5.5,Fraud,2,31-40,F,5450,f,t,0.094905,
victims,2022,5.5,Fraud,2,31-40,U,0,f,t,0.000000,
victims,2022,5.5,Fraud,2,41-64,M,12642,f,t,0.220144,
victims,2022,5.5,Fraud,2,41-64,F,12864,f,t,0.224010,
victims,2022,5.5,Fraud,2,41-64,U,4,f,t,0.000070,
victims,2022,5.5,Fraud,2,65+,M,4355,f,t,0.075837,
victims,2022,5.5,Fraud,2,65+,F,3590,f,t,0.062515,
victims,2022,5.5,Fraud,2,65+,U,4,f,t,0.000070,
victims,2022,5.5,Fraud,2,U,M,23,f,f,0.000401,
victims,2022,5.5,Fraud,2,U,F,12,f,f,0.000209,
victims,2022,5.5,Fraud,2,U,U,2,f,f,0.000035,
victims,2022,5.5.1,Computer enabled fraud,3,0-13,M,9,f,f,0.000209,
victims,2022,5.5.1,Computer enabled fraud,3,0-13,F,5,f,f,0.000116,
victims,2022,5.5.1,Computer enabled fraud,3,0-13,U,0,f,f,0.000000,
victims,2022,5.5.1,Computer enabled fraud,3,14-17,M,46,f,t,0.001069,
victims,2022,5.5.1,Computer enabled fraud,3,14-17,F,50,f,t,0.001162,
victims,2022,5.5.1,Computer enabled fraud,3,14-17,U,0,f,t,0.000000,
victims,2022,5.5.1,Computer enabled fraud,3,18-30,M,4521,f,t,0.105098,
victims,2022,5.5.1,Computer enabled fraud,3,18-30,F,5513,f,t,0.128159,
victims,2022,5.5.1,Computer enabled fraud,3,18-30,U,0,f,t,0.000000,
victims,2022,5.5.1,Computer enabled fraud,3,31-40,M,3847,f,t,0.089430,
victims,2022,5.5.1,Computer enabled fraud,3,31-40,F,4284,f,t,0.099589,
victims,2022,5.5.1,Computer enabled fraud,3,31-40,U,0,f,t,0.000000,
victims,2022,5.5.1,Computer enabled fraud,3,41-64,M,9386,f,t,0.218193,
victims,2022,5.5.1,Computer enabled fraud,3,41-64,F,10022,f,t,0.232978,
victims,2022,5.5.1,Computer enabled fraud,3,41-64,U,1,f,t,0.000023,
victims,2022,5.5.1,Computer enabled fraud,3,65+,M,3009,f,t,0.069949,
victims,2022,5.5.1,Computer enabled fraud,3,65+,F,2309,f,t,0.053676,
victims,2022,5.5.1,Computer enabled fraud,3,65+,U,1,f,t,0.000023,
victims,2022,5.5.1,Computer enabled fraud,3,U,M,8,f,f,0.000186,
victims,2022,5.5.1,Computer enabled fraud,3,U,F,4,f,f,0.000093,
victims,2022,5.5.1,Computer enabled fraud,3,U,U,2,f,f,0.000046,
victims,2022,5.6,Criminal damage,2,0-13,M,2,f,f,0.000085,
victims,2022,5.6,Criminal damage,2,0-13,F,0,f,f,0.000000,
victims,2022,5.6,Criminal damage,2,0-13,U,0,f,f,0.000000,
victims,2022,5.6,Criminal damage,2,14-17,M,12,f,t,0.000509,
victims,2022,5.6,Criminal damage,2,14-17,F,7,f,t,0.000297,
victims,2022,5.6,Criminal damage,2,14-17,U,0,f,t,0.000000,
victims,2022,5.6,Criminal damage,2,18-30,M,1790,f,t,0.075992,
victims,2022,5.6,Criminal damage,2,18-30,F,1105,f,t,0.046911,
victims,2022,5.6,Criminal damage,2,18-30,U,0,f,t,0.000000,
victims,2022,5.6,Criminal damage,2,31-40,M,3197,f,t,0.135725,
victims,2022,5.6,Criminal damage,2,31-40,F,1758,f,t,0.074634,
victims,2022,5.6,Criminal damage,2,31-40,U,0,f,t,0.000000,
victims,2022,5.6,Criminal damage,2,41-64,M,8482,f,t,0.360093,
victims,2022,5.6,Criminal damage,2,41-64,F,4475,f,t,0.189981,
victims,2022,5.6,Criminal damage,2,41-64,U,2,f,t,0.000085,
victims,2022,5.6,Criminal damage,2,65+,M,1842,f,t,0.078200,
victims,2022,5.6,Criminal damage,2,65+,F,872,f,t,0.037020,
victims,2022,5.6,Criminal damage,2,65+,U,0,f,t,0.000000,
victims,2022,5.6,Criminal damage,2,U,M,9,f,f,0.000382,
victims,2022,5.6,Criminal damage,2,U,F,1,f,f,0.000042,
victims,2022,5.6,Criminal damage,2,U,U,1,f,f,0.000042,
victims,2022,5.7,Offences against intellectual and industrial property,2,0-13,M,0,f,f,0.000000,
victims,2022,5.7,Offences against intellectual and industrial property,2,0-13,F,0,f,f,0.000000,
victims,2022,5.7,Offences against intellectual and industrial property,2,0-13,U,0,f,f,0.000000,
victims,2022,5.7,Offences against intellectual and industrial property,2,14-17,M,0,f,t,0.000000,
victims,2022,5.7,Offences against intellectual and industrial property,2,14-17,F,0,f,t,0.000000,
victims,2022,5.7,Offences against intellectual and industrial property,2,14-17,U,0,f,t,0.000000,
victims,2022,5.7,Offences against intellectual and industrial property,2,18-30,M,2,f,t,0.068966,
victims,2022,5.7,Offences against intellectual and industrial property,2,18-30,F,2,f,t,0.068966,
victims,2022,5.7,Offences against intellectual and industrial property,2,18-30,U,0,f,t,0.000000,
victims,2022,5.7,Offences against intellectual and industrial property,2,31-40,M,2,f,t,0.068966,
victims,2022,5.7,Offences against intellectual and industrial property,2,31-40,F,3,f,t,0.103448,
victims,2022,5.7,Offences against intellectual and industrial property,2,31-40,U,0,f,t,0.000000,
victims,2022,5.7,Offences against intellectual and industrial property,2,41-64,M,10,f,t,0.344828,
victims,2022,5.7,Offences against intellectual and industrial property,2,41-64,F,5,f,t,0.172414,
victims,2022,5.7,Offences against intellectual and industrial property,2,41-64,U,0,f,t,0.000000,
victims,2022,5.7,Offences against intellectual and industrial property,2,65+,M,0,f,t,0.000000,
victims,2022,5.7,Offences against intellectual and industrial property,2,65+,F,0,f,t,0.000000,
victims,2022,5.7,Offences against intellectual and industrial property,2,65+,U,0,f,t,0.000000,
victims,2022,5.7,Offences against intellectual and industrial property,2,U,M,3,f,f,0.103448,
victims,2022,5.7,Offences against intellectual and industrial property,2,U,F,2,f,f,0.068966,
victims,2022,5.7,Offences against intellectual and industrial property,2,U,U,0,f,f,0.000000,
victims,2022,5.8,Money laundering,2,0-13,M,0,f,f,0.000000,
victims,2022,5.8,Money laundering,2,0-13,F,0,f,f,0.000000,
victims,2022,5.8,Money laundering,2,0-13,U,0,f,f,0.000000,
victims,2022,5.8,Money laundering,2,14-17,M,0,f,t,0.000000,
victims,2022,5.8,Money laundering,2,14-17,F,0,f,t,0.000000,
victims,2022,5.8,Money laundering,2,14-17,U,0,f,t,0.000000,
victims,2022,5.8,Money laundering,2,18-30,M,6,f,t,0.375000,
victims,2022,5.8,Money laundering,2,18-30,F,3,f,t,0.187500,
victims,2022,5.8,Money laundering,2,18-30,U,0,f,t,0.000000,
victims,2022,5.8,Money laundering,2,31-40,M,2,f,t,0.125000,
victims,2022,5.8,Money laundering,2,31-40,F,4,f,t,0.250000,
victims,2022,5.8,Money laundering,2,31-40,U,0,f,t,0.000000,
victims,2022,5.8,Money laundering,2,41-64,M,0,f,t,0.000000,
victims,2022,5.8,Money laundering,2,41-64,F,1,f,t,0.062500,
victims,2022,5.8,Money laundering,2,41-64,U,0,f,t,0.000000,
victims,2022,5.8,Money laundering,2,65+,M,0,f,t,0.000000,
victims,2022,5.8,Money laundering,2,65+,F,0,f,t,0.000000,
victims,2022,5.8,Money laundering,2,65+,U,0,f,t,0.000000,
victims,2022,5.8,Money laundering,2,U,M,0,f,f,0.000000,
victims,2022,5.8,Money laundering,2,U,F,0,f,f,0.000000,
victims,2022,5.8,Money laundering,2,U,U,0,f,f,0.000000,
victims,2022,5.9,Other property offences,2,0-13,M,9,f,f,0.001523,
victims,2022,5.9,Other property offences,2,0-13,F,5,f,f,0.000846,
victims,2022,5.9,Other property offences,2,0-13,U,0,f,f,0.000000,
victims,2022,5.9,Other property offences,2,14-17,M,63,f,t,0.010662,
victims,2022,5.9,Other property offences,2,14-17,F,42,f,t,0.007108,
victims,2022,5.9,Other property offences,2,14-17,U,0,f,t,0.000000,
victims,2022,5.9,Other property offences,2,18-30,M,951,f,t,0.160941,
victims,2022,5.9,Other property offences,2,18-30,F,639,f,t,0.108140,
victims,2022,5.9,Other property offences,2,18-30,U,0,f,t,0.000000,
victims,2022,5.9,Other property offences,2,31-40,M,708,f,t,0.119817,
victims,2022,5.9,Other property offences,2,31-40,F,437,f,t,0.073955,
victims,2022,5.9,Other property offences,2,31-40,U,0,f,t,0.000000,
victims,2022,5.9,Other property offences,2,41-64,M,1557,f,t,0.263496,
victims,2022,5.9,Other property offences,2,41-64,F,940,f,t,0.159079,
victims,2022,5.9,Other property offences,2,41-64,U,1,f,t,0.000169,
victims,2022,5.9,Other property offences,2,65+,M,316,f,t,0.053478,
victims,2022,5.9,Other property offences,2,65+,F,228,f,t,0.038585,
victims,2022,5.9,Other property offences,2,65+,U,0,f,t,0.000000,
victims,2022,5.9,Other property offences,2,U,M,12,f,f,0.002031,
victims,2022,5.9,Other property offences,2,U,F,1,f,f,0.000169,
victims,2022,5.9,Other property offences,2,U,U,0,f,f,0.000000,
victims,2022,6,Offences against public safety,1,0-13,M,2,f,f,0.011429,
victims,2022,6,Offences against public safety,1,0-13,F,1,f,f,0.005714,
victims,2022,6,Offences against public safety,1,0-13,U,0,f,f,0.000000,
victims,2022,6,Offences against public safety,1,14-17,M,0,f,t,0.000000,
victims,2022,6,Offences against public safety,1,14-17,F,2,f,t,0.011429,
victims,2022,6,Offences against public safety,1,14-17,U,0,f,t,0.000000,
victims,2022,6,Offences against public safety,1,18-30,M,37,f,t,0.211429,
victims,2022,6,Offences against public safety,1,18-30,F,14,f,t,0.080000,
victims,2022,6,Offences against public safety,1,18-30,U,0,f,t,0.000000,
victims,2022,6,Offences against public safety,1,31-40,M,27,f,t,0.154286,
victims,2022,6,Offences against public safety,1,31-40,F,11,f,t,0.062857,
victims,2022,6,Offences against public safety,1,31-40,U,0,f,t,0.000000,
victims,2022,6,Offences against public safety,1,41-64,M,58,f,t,0.331429,
victims,2022,6,Offences against public safety,1,41-64,F,17,f,t,0.097143,
victims,2022,6,Offences against public safety,1,41-64,U,0,f,t,0.000000,
victims,2022,6,Offences against public safety,1,65+,M,5,f,t,0.028571,
victims,2022,6,Offences against public safety,1,65+,F,1,f,t,0.005714,
victims,2022,6,Offences against public safety,1,65+,U,0,f,t,0.000000,
victims,2022,6,Offences against public safety,1,U,M,0,f,f,0.000000,
victims,2022,6,Offences against public safety,1,U,F,0,f,f,0.000000,
victims,2022,6,Offences against public safety,1,U,U,0,f,f,0.000000,
victims,2022,6.1,Drug trafficking,2,0-13,M,0,f,f,0.000000,
victims,2022,6.1,Drug trafficking,2,0-13,F,0,f,f,0.000000,
victims,2022,6.1,Drug trafficking,2,0-13,U,0,f,f,0.000000,
victims,2022,6.1,Drug trafficking,2,14-17,M,0,f,t,0.000000,
victims,2022,6.1,Drug trafficking,2,14-17,F,1,f,t,0.041667,
victims,2022,6.1,Drug trafficking,2,14-17,U,0,f,t,0.000000,
victims,2022,6.1,Drug trafficking,2,18-30,M,8,f,t,0.333333,
victims,2022,6.1,Drug trafficking,2,18-30,F,1,f,t,0.041667,
victims,2022,6.1,Drug trafficking,2,18-30,U,0,f,t,0.000000,
victims,2022,6.1,Drug trafficking,2,31-40,M,4,f,t,0.166667,
victims,2022,6.1,Drug trafficking,2,31-40,F,1,f,t,0.041667,
victims,2022,6.1,Drug trafficking,2,31-40,U,0,f,t,0.000000,
victims,2022,6.1,Drug trafficking,2,41-64,M,6,f,t,0.250000,
victims,2022,6.1,Drug trafficking,2,41-64,F,3,f,t,0.125000,
victims,2022,6.1,Drug trafficking,2,41-64,U,0,f,t,0.000000,
victims,2022,6.1,Drug trafficking,2,65+,M,0,f,t,0.000000,
victims,2022,6.1,Drug trafficking,2,65+,F,0,f,t,0.000000,
victims,2022,6.1,Drug trafficking,2,65+,U,0,f,t,0.000000,
victims,2022,6.1,Drug trafficking,2,U,M,0,f,f,0.000000,
victims,2022,6.1,Drug trafficking,2,U,F,0,f,f,0.000000,
victims,2022,6.1,Drug trafficking,2,U,U,0,f,f,0.000000,
victims,2022,6.2,Road safety offences,2,0-13,M,0,f,f,0.000000,
victims,2022,6.2,Road safety offences,2,0-13,F,0,f,f,0.000000,
victims,2022,6.2,Road safety offences,2,0-13,U,0,f,f,0.000000,
victims,2022,6.2,Road safety offences,2,14-17,M,0,f,t,0.000000,
victims,2022,6.2,Road safety offences,2,14-17,F,0,f,t,0.000000,
victims,2022,6.2,Road safety offences,2,14-17,U,0,f,t,0.000000,
victims,2022,6.2,Road safety offences,2,18-30,M,19,f,t,0.267606,
victims,2022,6.2,Road safety offences,2,18-30,F,2,f,t,0.028169,
victims,2022,6.2,Road safety offences,2,18-30,U,0,f,t,0.000000,
victims,2022,6.2,Road safety offences,2,31-40,M,8,f,t,0.112676,
victims,2022,6.2,Road safety offences,2,31-40,F,5,f,t,0.070423,
victims,2022,6.2,Road safety offences,2,31-40,U,0,f,t,0.000000,
victims,2022,6.2,Road safety offences,2,41-64,M,26,f,t,0.366197,
victims,2022,6.2,Road safety offences,2,41-64,F,9,f,t,0.126761,
victims,2022,6.2,Road safety offences,2,41-64,U,0,f,t,0.000000,
victims,2022,6.2,Road safety offences,2,65+,M,2,f,t,0.028169,
victims,2022,6.2,Road safety offences,2,65+,F,0,f,t,0.000000,
victims,2022,6.2,Road safety offences,2,65+,U,0,f,t,0.000000,
victims,2022,6.2,Road safety offences,2,U,M,0,f,f,0.000000,
victims,2022,6.2,Road safety offences,2,U,F,0,f,f,0.000000,
victims,2022,6.2,Road safety offences,2,U,U,0,f,f,0.000000,
victims,2022,6.3,Other offences against public safety,2,0-13,M,2,f,f,0.025000,
victims,2022,6.3,Other offences against public safety,2,0-13,F,1,f,f,0.012500,
victims,2022,6.3,Other offences against public safety,2,0-13,U,0,f,f,0.000000,
victims,2022,6.3,Other offences against public safety,2,14-17,M,0,f,t,0.000000,
victims,2022,6.3,Other offences against public safety,2,14-17,F,1,f,t,0.012500,
victims,2022,6.3,Other offences against public safety,2,14-17,U,0,f,t,0.000000,
victims,2022,6.3,Other offences against public safety,2,18-30,M,10,f,t,0.125000,
victims,2022,6.3,Other offences against public safety,2,18-30,F,11,f,t,0.137500,
victims,2022,6.3,Other offences against public safety,2,18-30,U,0,f,t,0.000000,
victims,2022,6.3,Other offences against public safety,2,31-40,M,15,f,t,0.187500,
victims,2022,6.3,Other offences against public safety,2,31-40,F,5,f,t,0.062500,
victims,2022,6.3,Other offences against public safety,2,31-40,U,0,f,t,0.000000,
victims,2022,6.3,Other offences against public safety,2,41-64,M,26,f,t,0.325000,
victims,2022,6.3,Other offences against public safety,2,41-64,F,5,f,t,0.062500,
victims,2022,6.3,Other offences against public safety,2,41-64,U,0,f,t,0.000000,
victims,2022,6.3,Other offences against public safety,2,65+,M,3,f,t,0.037500,
victims,2022,6.3,Other offences against public safety,2,65+,F,1,f,t,0.012500,
victims,2022,6.3,Other offences against public safety,2,65+,U,0,f,t,0.000000,
victims,2022,6.3,Other offences against public safety,2,U,M,0,f,f,0.000000,
victims,2022,6.3,Other offences against public safety,2,U,F,0,f,f,0.000000,
victims,2022,6.3,Other offences against public safety,2,U,U,0,f,f,0.000000,
victims,2022,7,Forgery offences,1,0-13,M,5,f,f,0.001003,
victims,2022,7,Forgery offences,1,0-13,F,3,f,f,0.000602,
victims,2022,7,Forgery offences,1,0-13,U,0,f,f,0.000000,
victims,2022,7,Forgery offences,1,14-17,M,11,f,t,0.002206,
victims,2022,7,Forgery offences,1,14-17,F,15,f,t,0.003008,
victims,2022,7,Forgery offences,1,14-17,U,0,f,t,0.000000,
victims,2022,7,Forgery offences,1,18-30,M,538,f,t,0.107880,
victims,2022,7,Forgery offences,1,18-30,F,676,f,t,0.135552,
victims,2022,7,Forgery offences,1,18-30,U,0,f,t,0.000000,
victims,2022,7,Forgery offences,1,31-40,M,599,f,t,0.120112,
victims,2022,7,Forgery offences,1,31-40,F,538,f,t,0.107880,
victims,2022,7,Forgery offences,1,31-40,U,0,f,t,0.000000,
victims,2022,7,Forgery offences,1,41-64,M,1351,f,t,0.270904,
victims,2022,7,Forgery offences,1,41-64,F,917,f,t,0.183878,
victims,2022,7,Forgery offences,1,41-64,U,2,f,t,0.000401,
victims,2022,7,Forgery offences,1,65+,M,196,f,t,0.039302,
victims,2022,7,Forgery offences,1,65+,F,127,f,t,0.025466,
victims,2022,7,Forgery offences,1,65+,U,0,f,t,0.000000,
victims,2022,7,Forgery offences,1,U,M,4,f,f,0.000802,
victims,2022,7,Forgery offences,1,U,F,5,f,f,0.001003,
victims,2022,7,Forgery offences,1,U,U,0,f,f,0.000000,
victims,2022,8,Offences against the public administration,1,0-13,M,0,f,f,0.000000,
victims,2022,8,Offences against the public administration,1,0-13,F,0,f,f,0.000000,
victims,2022,8,Offences against the public administration,1,0-13,U,0,f,f,0.000000,
victims,2022,8,Offences against the public administration,1,14-17,M,0,f,t,0.000000,
victims,2022,8,Offences against the public administration,1,14-17,F,0,f,t,0.000000,
victims,2022,8,Offences against the public administration,1,14-17,U,0,f,t,0.000000,
victims,2022,8,Offences against the public administration,1,18-30,M,2,f,t,0.117647,
victims,2022,8,Offences against the public administration,1,18-30,F,6,f,t,0.352941,
victims,2022,8,Offences against the public administration,1,18-30,U,0,f,t,0.000000,
victims,2022,8,Offences against the public administration,1,31-40,M,0,f,t,0.000000,
victims,2022,8,Offences against the public administration,1,31-40,F,1,f,t,0.058824,
victims,2022,8,Offences against the public administration,1,31-40,U,0,f,t,0.000000,
victims,2022,8,Offences against the public administration,1,41-64,M,2,f,t,0.117647,
victims,2022,8,Offences against the public administration,1,41-64,F,4,f,t,0.235294,
victims,2022,8,Offences against the public administration,1,41-64,U,0,f,t,0.000000,
victims,2022,8,Offences against the public administration,1,65+,M,1,f,t,0.058824,
victims,2022,8,Offences against the public administration,1,65+,F,0,f,t,0.000000,
victims,2022,8,Offences against the public administration,1,65+,U,0,f,t,0.000000,
victims,2022,8,Offences against the public administration,1,U,M,0,f,f,0.000000,
victims,2022,8,Offences against the public administration,1,U,F,0,f,f,0.000000,
victims,2022,8,Offences against the public administration,1,U,U,1,f,f,0.058824,
victims,2022,9,Offences against the administration of justice,1,0-13,M,2,f,f,0.000635,
victims,2022,9,Offences against the administration of justice,1,0-13,F,6,f,f,0.001904,
victims,2022,9,Offences against the administration of justice,1,0-13,U,0,f,f,0.000000,
victims,2022,9,Offences against the administration of justice,1,14-17,M,5,f,t,0.001587,
victims,2022,9,Offences against the administration of justice,1,14-17,F,69,f,t,0.021898,
victims,2022,9,Offences against the administration of justice,1,14-17,U,0,f,t,0.000000,
victims,2022,9,Offences against the administration of justice,1,18-30,M,88,f,t,0.027928,
victims,2022,9,Offences against the administration of justice,1,18-30,F,796,f,t,0.252618,
victims,2022,9,Offences against the administration of justice,1,18-30,U,0,f,t,0.000000,
victims,2022,9,Offences against the administration of justice,1,31-40,M,108,f,t,0.034275,
victims,2022,9,Offences against the administration of justice,1,31-40,F,817,f,t,0.259283,
victims,2022,9,Offences against the administration of justice,1,31-40,U,0,f,t,0.000000,
victims,2022,9,Offences against the administration of justice,1,41-64,M,146,f,t,0.046334,
victims,2022,9,Offences against the administration of justice,1,41-64,F,884,f,t,0.280546,
victims,2022,9,Offences against the administration of justice,1,41-64,U,0,f,t,0.000000,
victims,2022,9,Offences against the administration of justice,1,65+,M,47,f,t,0.014916,
victims,2022,9,Offences against the administration of justice,1,65+,F,105,f,t,0.033323,
victims,2022,9,Offences against the administration of justice,1,65+,U,0,f,t,0.000000,
victims,2022,9,Offences against the administration of justice,1,U,M,13,f,f,0.004126,
victims,2022,9,Offences against the administration of justice,1,U,F,62,f,f,0.019676,
victims,2022,9,Offences against the administration of justice,1,U,U,3,f,f,0.000952,
victims,2022,10,Offences against public order,1,0-13,M,1,f,f,0.000464,
victims,2022,10,Offences against public order,1,0-13,F,0,f,f,0.000000,
victims,2022,10,Offences against public order,1,0-13,U,0,f,f,0.000000,
victims,2022,10,Offences against public order,1,14-17,M,1,f,t,0.000464,
victims,2022,10,Offences against public order,1,14-17,F,0,f,t,0.000000,
victims,2022,10,Offences against public order,1,14-17,U,0,f,t,0.000000,
victims,2022,10,Offences against public order,1,18-30,M,135,f,t,0.062587,
victims,2022,10,Offences against public order,1,18-30,F,29,f,t,0.013445,
victims,2022,10,Offences against public order,1,18-30,U,1,f,t,0.000464,
victims,2022,10,Offences against public order,1,31-40,M,398,f,t,0.184516,
victims,2022,10,Offences against public order,1,31-40,F,38,f,t,0.017617,
victims,2022,10,Offences against public order,1,31-40,U,3,f,t,0.001391,
victims,2022,10,Offences against public order,1,41-64,M,196,f,t,0.090867,
victims,2022,10,Offences against public order,1,41-64,F,24,f,t,0.011127,
victims,2022,10,Offences against public order,1,41-64,U,6,f,t,0.002782,
victims,2022,10,Offences against public order,1,65+,M,0,f,t,0.000000,
victims,2022,10,Offences against public order,1,65+,F,1,f,t,0.000464,
victims,2022,10,Offences against public order,1,65+,U,0,f,t,0.000000,
victims,2022,10,Offences against public order,1,U,M,1100,f,f,0.509968,
victims,2022,10,Offences against public order,1,U,F,37,f,f,0.017153,
victims,2022,10,Offences against public order,1,U,U,187,f,f,0.086694,
victims,2022,11,Offences under special legislation,1,0-13,M,0,f,f,,
victims,2022,11,Offences under special legislation,1,0-13,F,0,f,f,,
victims,2022,11,Offences under special legislation,1,0-13,U,0,f,f,,
victims,2022,11,Offences under special legislation,1,14-17,M,0,f,t,,
victims,2022,11,Offences under special legislation,1,14-17,F,0,f,t,,
victims,2022,11,Offences under special legislation,1,14-17,U,0,f,t,,
victims,2022,11,Offences under special legislation,1,18-30,M,0,f,t,,
victims,2022,11,Offences under special legislation,1,18-30,F,0,f,t,,
victims,2022,11,Offences under special legislation,1,18-30,U,0,f,t,,
victims,2022,11,Offences under special legislation,1,31-40,M,0,f,t,,
victims,2022,11,Offences under special legislation,1,31-40,F,0,f,t,,
victims,2022,11,Offences under special legislation,1,31-40,U,0,f,t,,
victims,2022,11,Offences under special legislation,1,41-64,M,0,f,t,,
victims,2022,11,Offences under special legislation,1,41-64,F,0,f,t,,
victims,2022,11,Offences under special legislation,1,41-64,U,0,f,t,,
victims,2022,11,Offences under special legislation,1,65+,M,0,f,t,,
victims,2022,11,Offences under special legislation,1,65+,F,0,f,t,,
victims,2022,11,Offences under special legislation,1,65+,U,0,f,t,,
victims,2022,11,Offences under special legislation,1,U,M,0,f,f,,
victims,2022,11,Offences under special legislation,1,U,F,0,f,f,,
victims,2022,11,Offences under special legislation,1,U,U,0,f,f,,
victims,2022,12,Other criminal offences,1,0-13,M,2,f,f,0.003279,
victims,2022,12,Other criminal offences,1,0-13,F,9,f,f,0.014754,
victims,2022,12,Other criminal offences,1,0-13,U,0,f,f,0.000000,
victims,2022,12,Other criminal offences,1,14-17,M,3,f,t,0.004918,
victims,2022,12,Other criminal offences,1,14-17,F,5,f,t,0.008197,
victims,2022,12,Other criminal offences,1,14-17,U,0,f,t,0.000000,
victims,2022,12,Other criminal offences,1,18-30,M,69,f,t,0.113115,
victims,2022,12,Other criminal offences,1,18-30,F,63,f,t,0.103279,
victims,2022,12,Other criminal offences,1,18-30,U,0,f,t,0.000000,
victims,2022,12,Other criminal offences,1,31-40,M,73,f,t,0.119672,
victims,2022,12,Other criminal offences,1,31-40,F,75,f,t,0.122951,
victims,2022,12,Other criminal offences,1,31-40,U,0,f,t,0.000000,
victims,2022,12,Other criminal offences,1,41-64,M,127,f,t,0.208197,
victims,2022,12,Other criminal offences,1,41-64,F,148,f,t,0.242623,
victims,2022,12,Other criminal offences,1,41-64,U,0,f,t,0.000000,
victims,2022,12,Other criminal offences,1,65+,M,18,f,t,0.029508,
victims,2022,12,Other criminal offences,1,65+,F,14,f,t,0.022951,
victims,2022,12,Other criminal offences,1,65+,U,1,f,t,0.001639,
victims,2022,12,Other criminal offences,1,U,M,3,f,f,0.004918,
victims,2022,12,Other criminal offences,1,U,F,0,f,f,0.000000,
victims,2022,12,Other criminal offences,1,U,U,0,f,f,0.000000,
victims,2022,TOTAL,Total criminal offences,0,0-13,M,1249,f,f,0.004210,
victims,2022,TOTAL,Total criminal offences,0,0-13,F,1258,f,f,0.004240,
victims,2022,TOTAL,Total criminal offences,0,0-13,U,1,f,f,0.000003,
victims,2022,TOTAL,Total criminal offences,0,14-17,M,3002,f,t,0.010118,
victims,2022,TOTAL,Total criminal offences,0,14-17,F,3092,f,t,0.010421,
victims,2022,TOTAL,Total criminal offences,0,14-17,U,5,f,t,0.000017,
victims,2022,TOTAL,Total criminal offences,0,18-30,M,36056,f,t,0.121522,
victims,2022,TOTAL,Total criminal offences,0,18-30,F,38244,f,t,0.128897,
victims,2022,TOTAL,Total criminal offences,0,18-30,U,9,f,t,0.000030,
victims,2022,TOTAL,Total criminal offences,0,31-40,M,31550,f,t,0.106335,
victims,2022,TOTAL,Total criminal offences,0,31-40,F,28430,f,t,0.095820,
victims,2022,TOTAL,Total criminal offences,0,31-40,U,12,f,t,0.000040,
victims,2022,TOTAL,Total criminal offences,0,41-64,M,67904,f,t,0.228862,
victims,2022,TOTAL,Total criminal offences,0,41-64,F,53151,f,t,0.179139,
victims,2022,TOTAL,Total criminal offences,0,41-64,U,61,f,t,0.000206,
victims,2022,TOTAL,Total criminal offences,0,65+,M,15533,f,t,0.052352,
victims,2022,TOTAL,Total criminal offences,0,65+,F,14984,f,t,0.050502,
victims,2022,TOTAL,Total criminal offences,0,65+,U,28,f,t,0.000094,
victims,2022,TOTAL,Total criminal offences,0,U,M,1582,f,f,0.005332,
victims,2022,TOTAL,Total criminal offences,0,U,F,334,f,f,0.001126,
victims,2022,TOTAL,Total criminal offences,0,U,U,218,f,f,0.000735,
victims,2023,1,Offences against persons,1,0-13,M,551,f,f,0.015716,
victims,2023,1,Offences against persons,1,0-13,F,485,f,f,0.013833,
victims,2023,1,Offences against persons,1,0-13,U,0,f,f,0.000000,
victims,2023,1,Offences against persons,1,14-17,M,807,f,t,0.023018,
victims,2023,1,Offences against persons,1,14-17,F,829,f,t,0.023645,
victims,2023,1,Offences against persons,1,14-17,U,1,f,t,0.000029,
victims,2023,1,Offences against persons,1,18-30,M,4134,f,t,0.117912,
victims,2023,1,Offences against persons,1,18-30,F,6240,f,t,0.177981,
victims,2023,1,Offences against persons,1,18-30,U,0,f,t,0.000000,
victims,2023,1,Offences against persons,1,31-40,M,3252,f,t,0.092755,
victims,2023,1,Offences against persons,1,31-40,F,5424,f,t,0.154706,
victims,2023,1,Offences against persons,1,31-40,U,1,f,t,0.000029,
victims,2023,1,Offences against persons,1,41-64,M,5128,f,t,0.146264,
victims,2023,1,Offences against persons,1,41-64,F,6627,f,t,0.189019,
victims,2023,1,Offences against persons,1,41-64,U,13,f,t,0.000371,
victims,2023,1,Offences against persons,1,65+,M,669,f,t,0.019082,
victims,2023,1,Offences against persons,1,65+,F,748,f,t,0.021335,
victims,2023,1,Offences against persons,1,65+,U,3,f,t,0.000086,
victims,2023,1,Offences against persons,1,U,M,78,f,f,0.002225,
victims,2023,1,Offences against persons,1,U,F,67,f,f,0.001911,
victims,2023,1,Offences against persons,1,U,U,3,f,f,0.000086,
victims,2023,1.1,Intentional homicide and murder,2,0-13,M,2,f,f,0.009709,
victims,2023,1.1,Intentional homicide and murder,2,0-13,F,1,f,f,0.004854,
victims,2023,1.1,Intentional homicide and murder,2,0-13,U,0,f,f,0.000000,
victims,2023,1.1,Intentional homicide and murder,2,14-17,M,4,f,t,0.019417,
victims,2023,1.1,Intentional homicide and murder,2,14-17,F,0,f,t,0.000000,
victims,2023,1.1,Intentional homicide and murder,2,14-17,U,0,f,t,0.000000,
victims,2023,1.1,Intentional homicide and murder,2,18-30,M,61,f,t,0.296117,
victims,2023,1.1,Intentional homicide and murder,2,18-30,F,12,f,t,0.058252,
victims,2023,1.1,Intentional homicide and murder,2,18-30,U,0,f,t,0.000000,
victims,2023,1.1,Intentional homicide and murder,2,31-40,M,42,f,t,0.203883,
victims,2023,1.1,Intentional homicide and murder,2,31-40,F,14,f,t,0.067961,
victims,2023,1.1,Intentional homicide and murder,2,31-40,U,0,f,t,0.000000,
victims,2023,1.1,Intentional homicide and murder,2,41-64,M,41,f,t,0.199029,
victims,2023,1.1,Intentional homicide and murder,2,41-64,F,16,f,t,0.077670,
victims,2023,1.1,Intentional homicide and murder,2,41-64,U,0,f,t,0.000000,
victims,2023,1.1,Intentional homicide and murder,2,65+,M,5,f,t,0.024272,
victims,2023,1.1,Intentional homicide and murder,2,65+,F,4,f,t,0.019417,
victims,2023,1.1,Intentional homicide and murder,2,65+,U,0,f,t,0.000000,
victims,2023,1.1,Intentional homicide and murder,2,U,M,4,f,f,0.019417,
victims,2023,1.1,Intentional homicide and murder,2,U,F,0,f,f,0.000000,
victims,2023,1.1,Intentional homicide and murder,2,U,U,0,f,f,0.000000,
victims,2023,1.1.1,Completed intentional homicide and murder,3,0-13,M,0,f,f,0.000000,
victims,2023,1.1.1,Completed intentional homicide and murder,3,0-13,F,1,f,f,0.030303,
victims,2023,1.1.1,Completed intentional homicide and murder,3,0-13,U,0,f,f,0.000000,
victims,2023,1.1.1,Completed intentional homicide and murder,3,14-17,M,0,f,t,0.000000,
victims,2023,1.1.1,Completed intentional homicide and murder,3,14-17,F,0,f,t,0.000000,
victims,2023,1.1.1,Completed intentional homicide and murder,3,14-17,U,0,f,t,0.000000,
victims,2023,1.1.1,Completed intentional homicide and murder,3,18-30,M,4,f,t,0.121212,
victims,2023,1.1.1,Completed intentional homicide and murder,3,18-30,F,1,f,t,0.030303,
victims,2023,1.1.1,Completed intentional homicide and murder,3,18-30,U,0,f,t,0.000000,
victims,2023,1.1.1,Completed intentional homicide and murder,3,31-40,M,3,f,t,0.090909,
victims,2023,1.1.1,Completed intentional homicide and murder,3,31-40,F,7,f,t,0.212121,
victims,2023,1.1.1,Completed intentional homicide and murder,3,31-40,U,0,f,t,0.000000,
victims,2023,1.1.1,Completed intentional homicide and murder,3,41-64,M,6,f,t,0.181818,
victims,2023,1.1.1,Completed intentional homicide and murder,3,41-64,F,7,f,t,0.212121,
victims,2023,1.1.1,Completed intentional homicide and murder,3,41-64,U,0,f,t,0.000000,
victims,2023,1.1.1,Completed intentional homicide and murder,3,65+,M,3,f,t,0.090909,
victims,2023,1.1.1,Completed intentional homicide and murder,3,65+,F,1,f,t,0.030303,
victims,2023,1.1.1,Completed intentional homicide and murder,3,65+,U,0,f,t,0.000000,
victims,2023,1.1.1,Completed intentional homicide and murder,3,U,M,0,f,f,0.000000,
victims,2023,1.1.1,Completed intentional homicide and murder,3,U,F,0,f,f,0.000000,
victims,2023,1.1.1,Completed intentional homicide and murder,3,U,U,0,f,f,0.000000,
victims,2023,1.2,Bodily injury,2,0-13,M,248,f,f,0.017965,
victims,2023,1.2,Bodily injury,2,0-13,F,179,f,f,0.012966,
victims,2023,1.2,Bodily injury,2,0-13,U,0,f,f,0.000000,
victims,2023,1.2,Bodily injury,2,14-17,M,580,f,t,0.042014,
victims,2023,1.2,Bodily injury,2,14-17,F,365,f,t,0.026440,
victims,2023,1.2,Bodily injury,2,14-17,U,0,f,t,0.000000,
victims,2023,1.2,Bodily injury,2,18-30,M,2714,f,t,0.196595,
victims,2023,1.2,Bodily injury,2,18-30,F,1251,f,t,0.090619,
victims,2023,1.2,Bodily injury,2,18-30,U,0,f,t,0.000000,
victims,2023,1.2,Bodily injury,2,31-40,M,1921,f,t,0.139152,
victims,2023,1.2,Bodily injury,2,31-40,F,905,f,t,0.065556,
victims,2023,1.2,Bodily injury,2,31-40,U,0,f,t,0.000000,
victims,2023,1.2,Bodily injury,2,41-64,M,3380,f,t,0.244839,
victims,2023,1.2,Bodily injury,2,41-64,F,1612,f,t,0.116769,
victims,2023,1.2,Bodily injury,2,41-64,U,10,f,t,0.000724,
victims,2023,1.2,Bodily injury,2,65+,M,376,f,t,0.027237,
victims,2023,1.2,Bodily injury,2,65+,F,196,f,t,0.014198,
victims,2023,1.2,Bodily injury,2,65+,U,3,f,t,0.000217,
victims,2023,1.2,Bodily injury,2,U,M,53,f,f,0.003839,
victims,2023,1.2,Bodily injury,2,U,F,10,f,f,0.000724,
victims,2023,1.2,Bodily injury,2,U,U,2,f,f,0.000145,
victims,2023,1.3,Domestic violence in the family setting,2,0-13,M,277,f,f,0.013548,
victims,2023,1.3,Domestic violence in the family setting,2,0-13,F,296,f,f,0.014477,
victims,2023,1.3,Domestic violence in the family setting,2,0-13,U,0,f,f,0.000000,
victims,2023,1.3,Domestic violence in the family setting,2,14-17,M,200,f,t,0.009782,
victims,2023,1.3,Domestic violence in the family setting,2,14-17,F,448,f,t,0.021911,
victims,2023,1.3,Domestic violence in the family setting,2,14-17,U,1,f,t,0.000049,
victims,2023,1.3,Domestic violence in the family setting,2,18-30,M,1279,f,t,0.062555,
victims,2023,1.3,Domestic violence in the family setting,2,18-30,F,4911,f,t,0.240194,
victims,2023,1.3,Domestic violence in the family setting,2,18-30,U,0,f,t,0.000000,
victims,2023,1.3,Domestic violence in the family setting,2,31-40,M,1236,f,t,0.060452,
victims,2023,1.3,Domestic violence in the family setting,2,31-40,F,4441,f,t,0.217206,
victims,2023,1.3,Domestic violence in the family setting,2,31-40,U,1,f,t,0.000049,
victims,2023,1.3,Domestic violence in the family setting,2,41-64,M,1581,f,t,0.077326,
victims,2023,1.3,Domestic violence in the family setting,2,41-64,F,4897,f,t,0.239509,
victims,2023,1.3,Domestic violence in the family setting,2,41-64,U,3,f,t,0.000147,
victims,2023,1.3,Domestic violence in the family setting,2,65+,M,267,f,t,0.013059,
victims,2023,1.3,Domestic violence in the family setting,2,65+,F,530,f,t,0.025922,
victims,2023,1.3,Domestic violence in the family setting,2,65+,U,0,f,t,0.000000,
victims,2023,1.3,Domestic violence in the family setting,2,U,M,20,f,f,0.000978,
victims,2023,1.3,Domestic violence in the family setting,2,U,F,57,f,f,0.002788,
victims,2023,1.3,Domestic violence in the family setting,2,U,U,1,f,f,0.000049,
victims,2023,1.4,Other offences against persons,2,0-13,M,24,f,f,0.039801,
victims,2023,1.4,Other offences against persons,2,0-13,F,9,f,f,0.014925,
victims,2023,1.4,Other offences against persons,2,0-13,U,0,f,f,0.000000,
victims,2023,1.4,Other offences against persons,2,14-17,M,23,f,t,0.038143,
victims,2023,1.4,Other offences against persons,2,14-17,F,16,f,t,0.026534,
victims,2023,1.4,Other offences against persons,2,14-17,U,0,f,t,0.000000,
victims,2023,1.4,Other offences against persons,2,18-30,M,80,f,t,0.132670,
victims,2023,1.4,Other offences against persons,2,18-30,F,66,f,t,0.109453,
victims,2023,1.4,Other offences against persons,2,18-30,U,0,f,t,0.000000,
victims,2023,1.4,Other offences against persons,2,31-40,M,53,f,t,0.087894,
victims,2023,1.4,Other offences against persons,2,31-40,F,64,f,t,0.106136,
victims,2023,1.4,Other offences against persons,2,31-40,U,0,f,t,0.000000,
victims,2023,1.4,Other offences against persons,2,41-64,M,126,f,t,0.208955,
victims,2023,1.4,Other offences against persons,2,41-64,F,102,f,t,0.169154,
victims,2023,1.4,Other offences against persons,2,41-64,U,0,f,t,0.000000,
victims,2023,1.4,Other offences against persons,2,65+,M,21,f,t,0.034826,
victims,2023,1.4,Other offences against persons,2,65+,F,18,f,t,0.029851,
victims,2023,1.4,Other offences against persons,2,65+,U,0,f,t,0.000000,
victims,2023,1.4,Other offences against persons,2,U,M,1,f,f,0.001658,
victims,2023,1.4,Other offences against persons,2,U,F,0,f,f,0.000000,
victims,2023,1.4,Other offences against persons,2,U,U,0,f,f,0.000000,
victims,2023,2,Offences against personal liberty,1,0-13,M,269,f,f,0.014651,
victims,2023,2,Offences against personal liberty,1,0-13,F,252,f,f,0.013725,
victims,2023,2,Offences against personal liberty,1,0-13,U,0,f,f,0.000000,
victims,2023,2,Offences against personal liberty,1,14-17,M,438,f,t,0.023856,
victims,2023,2,Offences against personal liberty,1,14-17,F,420,f,t,0.022876,
victims,2023,2,Offences against personal liberty,1,14-17,U,0,f,t,0.000000,
victims,2023,2,Offences against personal liberty,1,18-30,M,2278,f,t,0.124074,
victims,2023,2,Offences against personal liberty,1,18-30,F,2000,f,t,0.108932,
victims,2023,2,Offences against personal liberty,1,18-30,U,0,f,t,0.000000,
victims,2023,2,Offences against personal liberty,1,31-40,M,2171,f,t,0.118246,
victims,2023,2,Offences against personal liberty,1,31-40,F,1923,f,t,0.104739,
victims,2023,2,Offences against personal liberty,1,31-40,U,0,f,t,0.000000,
victims,2023,2,Offences against personal liberty,1,41-64,M,4087,f,t,0.222603,
victims,2023,2,Offences against personal liberty,1,41-64,F,3394,f,t,0.184858,
victims,2023,2,Offences against personal liberty,1,41-64,U,17,f,t,0.000926,
victims,2023,2,Offences against personal liberty,1,65+,M,549,f,t,0.029902,
victims,2023,2,Offences against personal liberty,1,65+,F,423,f,t,0.023039,
victims,2023,2,Offences against personal liberty,1,65+,U,6,f,t,0.000327,
victims,2023,2,Offences against personal liberty,1,U,M,95,f,f,0.005174,
victims,2023,2,Offences against personal liberty,1,U,F,31,f,f,0.001688,
victims,2023,2,Offences against personal liberty,1,U,U,7,f,f,0.000381,
victims,2023,2.1,Habitual domestic abuse,2,0-13,M,42,f,f,0.029851,
victims,2023,2.1,Habitual domestic abuse,2,0-13,F,27,f,f,0.019190,
victims,2023,2.1,Habitual domestic abuse,2,0-13,U,0,f,f,0.000000,
victims,2023,2.1,Habitual domestic abuse,2,14-17,M,11,f,t,0.007818,
victims,2023,2.1,Habitual domestic abuse,2,14-17,F,37,f,t,0.026297,
victims,2023,2.1,Habitual domestic abuse,2,14-17,U,0,f,t,0.000000,
victims,2023,2.1,Habitual domestic abuse,2,18-30,M,38,f,t,0.027008,
victims,2023,2.1,Habitual domestic abuse,2,18-30,F,309,f,t,0.219616,
victims,2023,2.1,Habitual domestic abuse,2,18-30,U,0,f,t,0.000000,
victims,2023,2.1,Habitual domestic abuse,2,31-40,M,24,f,t,0.017058,
victims,2023,2.1,Habitual domestic abuse,2,31-40,F,334,f,t,0.237385,
victims,2023,2.1,Habitual domestic abuse,2,31-40,U,0,f,t,0.000000,
victims,2023,2.1,Habitual domestic abuse,2,41-64,M,48,f,t,0.034115,
victims,2023,2.1,Habitual domestic abuse,2,41-64,F,452,f,t,0.321251,
victims,2023,2.1,Habitual domestic abuse,2,41-64,U,0,f,t,0.000000,
victims,2023,2.1,Habitual domestic abuse,2,65+,M,15,f,t,0.010661,
victims,2023,2.1,Habitual domestic abuse,2,65+,F,61,f,t,0.043355,
victims,2023,2.1,Habitual domestic abuse,2,65+,U,1,f,t,0.000711,
victims,2023,2.1,Habitual domestic abuse,2,U,M,1,f,f,0.000711,
victims,2023,2.1,Habitual domestic abuse,2,U,F,7,f,f,0.004975,
victims,2023,2.1,Habitual domestic abuse,2,U,U,0,f,f,0.000000,
victims,2023,2.2,Other offences against personal liberty,2,0-13,M,227,f,f,0.013390,
victims,2023,2.2,Other offences against personal liberty,2,0-13,F,225,f,f,0.013272,
victims,2023,2.2,Other offences against personal liberty,2,0-13,U,0,f,f,0.000000,
victims,2023,2.2,Other offences against personal liberty,2,14-17,M,427,f,t,0.025187,
victims,2023,2.2,Other offences against personal liberty,2,14-17,F,383,f,t,0.022592,
victims,2023,2.2,Other offences against personal liberty,2,14-17,U,0,f,t,0.000000,
victims,2023,2.2,Other offences against personal liberty,2,18-30,M,2240,f,t,0.132130,
victims,2023,2.2,Other offences against personal liberty,2,18-30,F,1691,f,t,0.099746,
victims,2023,2.2,Other offences against personal liberty,2,18-30,U,0,f,t,0.000000,
victims,2023,2.2,Other offences against personal liberty,2,31-40,M,2147,f,t,0.126644,
victims,2023,2.2,Other offences against personal liberty,2,31-40,F,1589,f,t,0.093730,
victims,2023,2.2,Other offences against personal liberty,2,31-40,U,0,f,t,0.000000,
victims,2023,2.2,Other offences against personal liberty,2,41-64,M,4039,f,t,0.238247,
victims,2023,2.2,Other offences against personal liberty,2,41-64,F,2942,f,t,0.173539,
victims,2023,2.2,Other offences against personal liberty,2,41-64,U,17,f,t,0.001003,
victims,2023,2.2,Other offences against personal liberty,2,65+,M,534,f,t,0.031499,
victims,2023,2.2,Other offences against personal liberty,2,65+,F,362,f,t,0.021353,
victims,2023,2.2,Other offences against personal liberty,2,65+,U,5,f,t,0.000295,
victims,2023,2.2,Other offences against personal liberty,2,U,M,94,f,f,0.005545,
victims,2023,2.2,Other offences against personal liberty,2,U,F,24,f,f,0.001416,
victims,2023,2.2,Other offences against personal liberty,2,U,U,7,f,f,0.000413,
victims,2023,3,Offences against sexual freedom,1,0-13,M,135,f,f,0.045363,
victims,2023,3,Offences against sexual freedom,1,0-13,F,435,f,f,0.146169,
victims,2023,3,Offences against sexual freedom,1,0-13,U,0,f,f,0.000000,
victims,2023,3,Offences against sexual freedom,1,14-17,M,83,f,t,0.027890,
victims,2023,3,Offences against sexual freedom,1,14-17,F,616,f,t,0.206989,
victims,2023,3,Offences against sexual freedom,1,14-17,U,1,f,t,0.000336,
victims,2023,3,Offences against sexual freedom,1,18-30,M,96,f,t,0.032258,
victims,2023,3,Offences against sexual freedom,1,18-30,F,909,f,t,0.305444,
victims,2023,3,Offences against sexual freedom,1,18-30,U,0,f,t,0.000000,
victims,2023,3,Offences against sexual freedom,1,31-40,M,33,f,t,0.011089,
victims,2023,3,Offences against sexual freedom,1,31-40,F,299,f,t,0.100470,
victims,2023,3,Offences against sexual freedom,1,31-40,U,3,f,t,0.001008,
victims,2023,3,Offences against sexual freedom,1,41-64,M,25,f,t,0.008401,
victims,2023,3,Offences against sexual freedom,1,41-64,F,304,f,t,0.102151,
victims,2023,3,Offences against sexual freedom,1,41-64,U,0,f,t,0.000000,
victims,2023,3,Offences against sexual freedom,1,65+,M,3,f,t,0.001008,
victims,2023,3,Offences against sexual freedom,1,65+,F,23,f,t,0.007728,
victims,2023,3,Offences against sexual freedom,1,65+,U,0,f,t,0.000000,
victims,2023,3,Offences against sexual freedom,1,U,M,3,f,f,0.001008,
victims,2023,3,Offences against sexual freedom,1,U,F,8,f,f,0.002688,
victims,2023,3,Offences against sexual freedom,1,U,U,0,f,f,0.000000,
victims,2023,3.1,Sexual assault,2,0-13,M,54,f,f,0.029428,
victims,2023,3.1,Sexual assault,2,0-13,F,274,f,f,0.149319,
victims,2023,3.1,Sexual assault,2,0-13,U,0,f,f,0.000000,
victims,2023,3.1,Sexual assault,2,14-17,M,34,f,t,0.018529,
victims,2023,3.1,Sexual assault,2,14-17,F,368,f,t,0.200545,
victims,2023,3.1,Sexual assault,2,14-17,U,0,f,t,0.000000,
victims,2023,3.1,Sexual assault,2,18-30,M,67,f,t,0.036512,
victims,2023,3.1,Sexual assault,2,18-30,F,573,f,t,0.312262,
victims,2023,3.1,Sexual assault,2,18-30,U,0,f,t,0.000000,
victims,2023,3.1,Sexual assault,2,31-40,M,27,f,t,0.014714,
victims,2023,3.1,Sexual assault,2,31-40,F,179,f,t,0.097548,
victims,2023,3.1,Sexual assault,2,31-40,U,1,f,t,0.000545,
victims,2023,3.1,Sexual assault,2,41-64,M,20,f,t,0.010899,
victims,2023,3.1,Sexual assault,2,41-64,F,212,f,t,0.115531,
victims,2023,3.1,Sexual assault,2,41-64,U,0,f,t,0.000000,
victims,2023,3.1,Sexual assault,2,65+,M,3,f,t,0.001635,
victims,2023,3.1,Sexual assault,2,65+,F,17,f,t,0.009264,
victims,2023,3.1,Sexual assault,2,65+,U,0,f,t,0.000000,
victims,2023,3.1,Sexual assault,2,U,M,3,f,f,0.001635,
victims,2023,3.1,Sexual assault,2,U,F,3,f,f,0.001635,
victims,2023,3.1,Sexual assault,2,U,U,0,f,f,0.000000,
victims,2023,3.2,Sexual assault with penetration,2,0-13,M,9,f,f,0.013453,
victims,2023,3.2,Sexual assault with penetration,2,0-13,F,47,f,f,0.070254,
victims,2023,3.2,Sexual assault with penetration,2,0-13,U,0,f,f,0.000000,
victims,2023,3.2,Sexual assault with penetration,2,14-17,M,12,f,t,0.017937,
victims,2023,3.2,Sexual assault with penetration,2,14-17,F,147,f,t,0.219731,
victims,2023,3.2,Sexual assault with penetration,2,14-17,U,0,f,t,0.000000,
victims,2023,3.2,Sexual assault with penetration,2,18-30,M,25,f,t,0.037369,
victims,2023,3.2,Sexual assault with penetration,2,18-30,F,265,f,t,0.396114,
victims,2023,3.2,Sexual assault with penetration,2,18-30,U,0,f,t,0.000000,
victims,2023,3.2,Sexual assault with penetration,2,31-40,M,3,f,t,0.004484,
victims,2023,3.2,Sexual assault with penetration,2,31-40,F,83,f,t,0.124066,
victims,2023,3.2,Sexual assault with penetration,2,31-40,U,1,f,t,0.001495,
victims,2023,3.2,Sexual assault with penetration,2,41-64,M,4,f,t,0.005979,
victims,2023,3.2,Sexual assault with penetration,2,41-64,F,67,f,t,0.100149,
victims,2023,3.2,Sexual assault with penetration,2,41-64,U,0,f,t,0.000000,
victims,2023,3.2,Sexual assault with penetration,2,65+,M,0,f,t,0.000000,
victims,2023,3.2,Sexual assault with penetration,2,65+,F,4,f,t,0.005979,
victims,2023,3.2,Sexual assault with penetration,2,65+,U,0,f,t,0.000000,
victims,2023,3.2,Sexual assault with penetration,2,U,M,0,f,f,0.000000,
victims,2023,3.2,Sexual assault with penetration,2,U,F,2,f,f,0.002990,
victims,2023,3.2,Sexual assault with penetration,2,U,U,0,f,f,0.000000,
victims,2023,3.3,Corruption of minors,2,0-13,M,9,f,f,0.183673,
victims,2023,3.3,Corruption of minors,2,0-13,F,11,f,f,0.224490,
victims,2023,3.3,Corruption of minors,2,0-13,U,0,f,f,0.000000,
victims,2023,3.3,Corruption of minors,2,14-17,M,13,f,t,0.265306,
victims,2023,3.3,Corruption of minors,2,14-17,F,16,f,t,0.326531,
victims,2023,3.3,Corruption of minors,2,14-17,U,0,f,t,0.000000,
victims,2023,3.3,Corruption of minors,2,18-30,M,0,f,t,0.000000,
victims,2023,3.3,Corruption of minors,2,18-30,F,0,f,t,0.000000,
victims,2023,3.3,Corruption of minors,2,18-30,U,0,f,t,0.000000,
victims,2023,3.3,Corruption of minors,2,31-40,M,0,f,t,0.000000,
victims,2023,3.3,Corruption of minors,2,31-40,F,0,f,t,0.000000,
victims,2023,3.3,Corruption of minors,2,31-40,U,0,f,t,0.000000,
victims,2023,3.3,Corruption of minors,2,41-64,M,0,f,t,0.000000,
victims,2023,3.3,Corruption of minors,2,41-64,F,0,f,t,0.000000,
victims,2023,3.3,Corruption of minors,2,41-64,U,0,f,t,0.000000,
victims,2023,3.3,Corruption of minors,2,65+,M,0,f,t,0.000000,
victims,2023,3.3,Corruption of minors,2,65+,F,0,f,t,0.000000,
victims,2023,3.3,Corruption of minors,2,65+,U,0,f,t,0.000000,
victims,2023,3.3,Corruption of minors,2,U,M,0,f,f,0.000000,
victims,2023,3.3,Corruption of minors,2,U,F,0,f,f,0.000000,
victims,2023,3.3,Corruption of minors,2,U,U,0,f,f,0.000000,
victims,2023,3.4,Child pornography,2,0-13,M,8,f,f,0.235294,
victims,2023,3.4,Child pornography,2,0-13,F,10,f,f,0.294118,
victims,2023,3.4,Child pornography,2,0-13,U,0,f,f,0.000000,
victims,2023,3.4,Child pornography,2,14-17,M,2,f,t,0.058824,
victims,2023,3.4,Child pornography,2,14-17,F,10,f,t,0.294118,
victims,2023,3.4,Child pornography,2,14-17,U,0,f,t,0.000000,
victims,2023,3.4,Child pornography,2,18-30,M,0,f,t,0.000000,
victims,2023,3.4,Child pornography,2,18-30,F,3,f,t,0.088235,
victims,2023,3.4,Child pornography,2,18-30,U,0,f,t,0.000000,
victims,2023,3.4,Child pornography,2,31-40,M,0,f,t,0.000000,
victims,2023,3.4,Child pornography,2,31-40,F,0,f,t,0.000000,
victims,2023,3.4,Child pornography,2,31-40,U,0,f,t,0.000000,
victims,2023,3.4,Child pornography,2,41-64,M,0,f,t,0.000000,
victims,2023,3.4,Child pornography,2,41-64,F,0,f,t,0.000000,
victims,2023,3.4,Child pornography,2,41-64,U,0,f,t,0.000000,
victims,2023,3.4,Child pornography,2,65+,M,0,f,t,0.000000,
victims,2023,3.4,Child pornography,2,65+,F,0,f,t,0.000000,
victims,2023,3.4,Child pornography,2,65+,U,0,f,t,0.000000,
victims,2023,3.4,Child pornography,2,U,M,0,f,f,0.000000,
victims,2023,3.4,Child pornography,2,U,F,1,f,f,0.029412,
victims,2023,3.4,Child pornography,2,U,U,0,f,f,0.000000,
victims,2023,3.5,Other offences against sexual freedom,2,0-13,M,55,f,f,0.141388,
victims,2023,3.5,Other offences against sexual freedom,2,0-13,F,93,f,f,0.239075,
victims,2023,3.5,Other offences against sexual freedom,2,0-13,U,0,f,f,0.000000,
victims,2023,3.5,Other offences against sexual freedom,2,14-17,M,22,f,t,0.056555,
victims,2023,3.5,Other offences against sexual freedom,2,14-17,F,75,f,t,0.192802,
victims,2023,3.5,Other offences against sexual freedom,2,14-17,U,1,f,t,0.002571,
victims,2023,3.5,Other offences against sexual freedom,2,18-30,M,4,f,t,0.010283,
victims,2023,3.5,Other offences against sexual freedom,2,18-30,F,68,f,t,0.174807,
victims,2023,3.5,Other offences against sexual freedom,2,18-30,U,0,f,t,0.000000,
victims,2023,3.5,Other offences against sexual freedom,2,31-40,M,3,f,t,0.007712,
victims,2023,3.5,Other offences against sexual freedom,2,31-40,F,37,f,t,0.095116,
victims,2023,3.5,Other offences against sexual freedom,2,31-40,U,1,f,t,0.002571,
victims,2023,3.5,Other offences against sexual freedom,2,41-64,M,1,f,t,0.002571,
victims,2023,3.5,Other offences against sexual freedom,2,41-64,F,25,f,t,0.064267,
victims,2023,3.5,Other offences against sexual freedom,2,41-64,U,0,f,t,0.000000,
victims,2023,3.5,Other offences against sexual freedom,2,65+,M,0,f,t,0.000000,
victims,2023,3.5,Other offences against sexual freedom,2,65+,F,2,f,t,0.005141,
victims,2023,3.5,Other offences against sexual freedom,2,65+,U,0,f,t,0.000000,
victims,2023,3.5,Other offences against sexual freedom,2,U,M,0,f,f,0.000000,
victims,2023,3.5,Other offences against sexual freedom,2,U,F,2,f,f,0.005141,
victims,2023,3.5,Other offences against sexual freedom,2,U,U,0,f,f,0.000000,
victims,2023,4,Offences against family relations,1,0-13,M,113,f,f,0.156293,
victims,2023,4,Offences against family relations,1,0-13,F,79,f,f,0.109267,
victims,2023,4,Offences against family relations,1,0-13,U,1,f,f,0.001383,
victims,2023,4,Offences against family relations,1,14-17,M,13,f,t,0.017981,
victims,2023,4,Offences against family relations,1,14-17,F,15,f,t,0.020747,
victims,2023,4,Offences against family relations,1,14-17,U,0,f,t,0.000000,
victims,2023,4,Offences against family relations,1,18-30,M,8,f,t,0.011065,
victims,2023,4,Offences against family relations,1,18-30,F,57,f,t,0.078838,
victims,2023,4,Offences against family relations,1,18-30,U,0,f,t,0.000000,
victims,2023,4,Offences against family relations,1,31-40,M,22,f,t,0.030429,
victims,2023,4,Offences against family relations,1,31-40,F,151,f,t,0.208852,
victims,2023,4,Offences against family relations,1,31-40,U,0,f,t,0.000000,
victims,2023,4,Offences against family relations,1,41-64,M,55,f,t,0.076072,
victims,2023,4,Offences against family relations,1,41-64,F,197,f,t,0.272476,
victims,2023,4,Offences against family relations,1,41-64,U,0,f,t,0.000000,
victims,2023,4,Offences against family relations,1,65+,M,4,f,t,0.005533,
victims,2023,4,Offences against family relations,1,65+,F,5,f,t,0.006916,
victims,2023,4,Offences against family relations,1,65+,U,0,f,t,0.000000,
victims,2023,4,Offences against family relations,1,U,M,0,f,f,0.000000,
victims,2023,4,Offences against family relations,1,U,F,3,f,f,0.004149,
victims,2023,4,Offences against family relations,1,U,U,0,f,f,0.000000,
victims,2023,5,Property offences,1,0-13,M,244,f,f,0.001055,
victims,2023,5,Property offences,1,0-13,F,128,f,f,0.000554,
victims,2023,5,Property offences,1,0-13,U,0,f,f,0.000000,
victims,2023,5,Property offences,1,14-17,M,1791,f,t,0.007746,
victims,2023,5,Property offences,1,14-17,F,1182,f,t,0.005112,
victims,2023,5,Property offences,1,14-17,U,1,f,t,0.000004,
victims,2023,5,Property offences,1,18-30,M,27278,f,t,0.117973,
victims,2023,5,Property offences,1,18-30,F,26796,f,t,0.115889,
victims,2023,5,Property offences,1,18-30,U,10,f,t,0.000043,
victims,2023,5,Property offences,1,31-40,M,24641,f,t,0.106569,
victims,2023,5,Property offences,1,31-40,F,20238,f,t,0.087526,
victims,2023,5,Property offences,1,31-40,U,3,f,t,0.000013,
victims,2023,5,Property offences,1,41-64,M,56220,f,t,0.243143,
victims,2023,5,Property offences,1,41-64,F,42473,f,t,0.183689,
victims,2023,5,Property offences,1,41-64,U,8,f,t,0.000035,
victims,2023,5,Property offences,1,65+,M,15033,f,t,0.065015,
victims,2023,5,Property offences,1,65+,F,14736,f,t,0.063731,
victims,2023,5,Property offences,1,65+,U,7,f,t,0.000030,
victims,2023,5,Property offences,1,U,M,319,f,f,0.001380,
victims,2023,5,Property offences,1,U,F,98,f,f,0.000424,
victims,2023,5,Property offences,1,U,U,16,f,f,0.000069,
victims,2023,5.1,Theft,2,0-13,M,106,f,f,0.001125,
victims,2023,5.1,Theft,2,0-13,F,85,f,f,0.000902,
victims,2023,5.1,Theft,2,0-13,U,0,f,f,0.000000,
victims,2023,5.1,Theft,2,14-17,M,750,f,t,0.007958,
victims,2023,5.1,Theft,2,14-17,F,892,f,t,0.009464,
victims,2023,5.1,Theft,2,14-17,U,0,f,t,0.000000,
victims,2023,5.1,Theft,2,18-30,M,12055,f,t,0.127906,
victims,2023,5.1,Theft,2,18-30,F,15128,f,t,0.160511,
victims,2023,5.1,Theft,2,18-30,U,9,f,t,0.000095,
victims,2023,5.1,Theft,2,31-40,M,8920,f,t,0.094643,
victims,2023,5.1,Theft,2,31-40,F,9395,f,t,0.099683,
victims,2023,5.1,Theft,2,31-40,U,2,f,t,0.000021,
victims,2023,5.1,Theft,2,41-64,M,18090,f,t,0.191938,
victims,2023,5.1,Theft,2,41-64,F,16444,f,t,0.174474,
victims,2023,5.1,Theft,2,41-64,U,2,f,t,0.000021,
victims,2023,5.1,Theft,2,65+,M,5131,f,t,0.054441,
victims,2023,5.1,Theft,2,65+,F,7008,f,t,0.074356,
victims,2023,5.1,Theft,2,65+,U,1,f,t,0.000011,
victims,2023,5.1,Theft,2,U,M,169,f,f,0.001793,
victims,2023,5.1,Theft,2,U,F,53,f,f,0.000562,
victims,2023,5.1,Theft,2,U,U,9,f,f,0.000095,
victims,2023,5.2,Burglary involving forced entry,2,0-13,M,3,f,f,0.000113,
victims,2023,5.2,Burglary involving forced entry,2,0-13,F,4,f,f,0.000151,
victims,2023,5.2,Burglary involving forced entry,2,0-13,U,0,f,f,0.000000,
victims,2023,5.2,Burglary involving forced entry,2,14-17,M,33,f,t,0.001242,
victims,2023,5.2,Burglary involving forced entry,2,14-17,F,11,f,t,0.000414,
victims,2023,5.2,Burglary involving forced entry,2,14-17,U,0,f,t,0.000000,
victims,2023,5.2,Burglary involving forced entry,2,18-30,M,2804,f,t,0.105556,
victims,2023,5.2,Burglary involving forced entry,2,18-30,F,1347,f,t,0.050708,
victims,2023,5.2,Burglary involving forced entry,2,18-30,U,0,f,t,0.000000,
victims,2023,5.2,Burglary involving forced entry,2,31-40,M,4233,f,t,0.159351,
victims,2023,5.2,Burglary involving forced entry,2,31-40,F,1774,f,t,0.066782,
victims,2023,5.2,Burglary involving forced entry,2,31-40,U,0,f,t,0.000000,
victims,2023,5.2,Burglary involving forced entry,2,41-64,M,10263,f,t,0.386350,
victims,2023,5.2,Burglary involving forced entry,2,41-64,F,3857,f,t,0.145197,
victims,2023,5.2,Burglary involving forced entry,2,41-64,U,0,f,t,0.000000,
victims,2023,5.2,Burglary involving forced entry,2,65+,M,1457,f,t,0.054849,
victims,2023,5.2,Burglary involving forced entry,2,65+,F,741,f,t,0.027895,
victims,2023,5.2,Burglary involving forced entry,2,65+,U,0,f,t,0.000000,
victims,2023,5.2,Burglary involving forced entry,2,U,M,27,f,f,0.001016,
victims,2023,5.2,Burglary involving forced entry,2,U,F,8,f,f,0.000301,
victims,2023,5.2,Burglary involving forced entry,2,U,U,2,f,f,0.000075,
victims,2023,5.2.1,Theft from vehicles by forced entry,3,0-13,M,1,f,f,0.000061,
victims,2023,5.2.1,Theft from vehicles by forced entry,3,0-13,F,1,f,f,0.000061,
victims,2023,5.2.1,Theft from vehicles by forced entry,3,0-13,U,0,f,f,0.000000,
victims,2023,5.2.1,Theft from vehicles by forced entry,3,14-17,M,14,f,t,0.000859,
victims,2023,5.2.1,Theft from vehicles by forced entry,3,14-17,F,5,f,t,0.000307,
victims,2023,5.2.1,Theft from vehicles by forced entry,3,14-17,U,0,f,t,0.000000,
victims,2023,5.2.1,Theft from vehicles by forced entry,3,18-30,M,2068,f,t,0.126902,
victims,2023,5.2.1,Theft from vehicles by forced entry,3,18-30,F,822,f,t,0.050442,
victims,2023,5.2.1,Theft from vehicles by forced entry,3,18-30,U,0,f,t,0.000000,
victims,2023,5.2.1,Theft from vehicles by forced entry,3,31-40,M,3032,f,t,0.186058,
victims,2023,5.2.1,Theft from vehicles by forced entry,3,31-40,F,1086,f,t,0.066642,
victims,2023,5.2.1,Theft from vehicles by forced entry,3,31-40,U,0,f,t,0.000000,
victims,2023,5.2.1,Theft from vehicles by forced entry,3,41-64,M,6747,f,t,0.414028,
victims,2023,5.2.1,Theft from vehicles by forced entry,3,41-64,F,1831,f,t,0.112359,
victims,2023,5.2.1,Theft from vehicles by forced entry,3,41-64,U,0,f,t,0.000000,
victims,2023,5.2.1,Theft from vehicles by forced entry,3,65+,M,554,f,t,0.033996,
victims,2023,5.2.1,Theft from vehicles by forced entry,3,65+,F,120,f,t,0.007364,
victims,2023,5.2.1,Theft from vehicles by forced entry,3,65+,U,0,f,t,0.000000,
victims,2023,5.2.1,Theft from vehicles by forced entry,3,U,M,12,f,f,0.000736,
victims,2023,5.2.1,Theft from vehicles by forced entry,3,U,F,3,f,f,0.000184,
victims,2023,5.2.1,Theft from vehicles by forced entry,3,U,U,0,f,f,0.000000,
victims,2023,5.2.2,Domestic burglary,3,0-13,M,1,f,f,0.000196,
victims,2023,5.2.2,Domestic burglary,3,0-13,F,1,f,f,0.000196,
victims,2023,5.2.2,Domestic burglary,3,0-13,U,0,f,f,0.000000,
victims,2023,5.2.2,Domestic burglary,3,14-17,M,3,f,t,0.000588,
victims,2023,5.2.2,Domestic burglary,3,14-17,F,0,f,t,0.000000,
victims,2023,5.2.2,Domestic burglary,3,14-17,U,0,f,t,0.000000,
victims,2023,5.2.2,Domestic burglary,3,18-30,M,293,f,t,0.057440,
victims,2023,5.2.2,Domestic burglary,3,18-30,F,268,f,t,0.052539,
victims,2023,5.2.2,Domestic burglary,3,18-30,U,0,f,t,0.000000,
victims,2023,5.2.2,Domestic burglary,3,31-40,M,488,f,t,0.095668,
victims,2023,5.2.2,Domestic burglary,3,31-40,F,346,f,t,0.067830,
victims,2023,5.2.2,Domestic burglary,3,31-40,U,0,f,t,0.000000,
victims,2023,5.2.2,Domestic burglary,3,41-64,M,1331,f,t,0.260929,
victims,2023,5.2.2,Domestic burglary,3,41-64,F,1107,f,t,0.217016,
victims,2023,5.2.2,Domestic burglary,3,41-64,U,0,f,t,0.000000,
victims,2023,5.2.2,Domestic burglary,3,65+,M,692,f,t,0.135660,
victims,2023,5.2.2,Domestic burglary,3,65+,F,567,f,t,0.111155,
victims,2023,5.2.2,Domestic burglary,3,65+,U,0,f,t,0.000000,
victims,2023,5.2.2,Domestic burglary,3,U,M,1,f,f,0.000196,
victims,2023,5.2.2,Domestic burglary,3,U,F,1,f,f,0.000196,
victims,2023,5.2.2,Domestic burglary,3,U,U,2,f,f,0.000392,
victims,2023,5.2.3,Burglary of commercial premises,3,0-13,M,0,f,f,0.000000,
victims,2023,5.2.3,Burglary of commercial premises,3,0-13,F,1,f,f,0.000344,
victims,2023,5.2.3,Burglary of commercial premises,3,0-13,U,0,f,f,0.000000,
victims,2023,5.2.3,Burglary of commercial premises,3,14-17,M,1,f,t,0.000344,
victims,2023,5.2.3,Burglary of commercial premises,3,14-17,F,1,f,t,0.000344,
victims,2023,5.2.3,Burglary of commercial premises,3,14-17,U,0,f,t,0.000000,
victims,2023,5.2.3,Burglary of commercial premises,3,18-30,M,165,f,t,0.056779,
victims,2023,5.2.3,Burglary of commercial premises,3,18-30,F,120,f,t,0.041294,
victims,2023,5.2.3,Burglary of commercial premises,3,18-30,U,0,f,t,0.000000,
victims,2023,5.2.3,Burglary of commercial premises,3,31-40,M,412,f,t,0.141776,
victims,2023,5.2.3,Burglary of commercial premises,3,31-40,F,231,f,t,0.079491,
victims,2023,5.2.3,Burglary of commercial premises,3,31-40,U,0,f,t,0.000000,
victims,2023,5.2.3,Burglary of commercial premises,3,41-64,M,1194,f,t,0.410874,
victims,2023,5.2.3,Burglary of commercial premises,3,41-64,F,613,f,t,0.210943,
victims,2023,5.2.3,Burglary of commercial premises,3,41-64,U,0,f,t,0.000000,
victims,2023,5.2.3,Burglary of commercial premises,3,65+,M,125,f,t,0.043014,
victims,2023,5.2.3,Burglary of commercial premises,3,65+,F,30,f,t,0.010323,
victims,2023,5.2.3,Burglary of commercial premises,3,65+,U,0,f,t,0.000000,
victims,2023,5.2.3,Burglary of commercial premises,3,U,M,9,f,f,0.003097,
victims,2023,5.2.3,Burglary of commercial premises,3,U,F,4,f,f,0.001376,
victims,2023,5.2.3,Burglary of commercial premises,3,U,U,0,f,f,0.000000,
victims,2023,5.3,Robbery with violence or intimidation,2,0-13,M,106,f,f,0.008773,
victims,2023,5.3,Robbery with violence or intimidation,2,0-13,F,19,f,f,0.001572,
victims,2023,5.3,Robbery with violence or intimidation,2,0-13,U,0,f,f,0.000000,
victims,2023,5.3,Robbery with violence or intimidation,2,14-17,M,829,f,t,0.068609,
victims,2023,5.3,Robbery with violence or intimidation,2,14-17,F,160,f,t,0.013242,
victims,2023,5.3,Robbery with violence or intimidation,2,14-17,U,1,f,t,0.000083,
victims,2023,5.3,Robbery with violence or intimidation,2,18-30,M,3025,f,t,0.250352,
victims,2023,5.3,Robbery with violence or intimidation,2,18-30,F,1274,f,t,0.105437,
victims,2023,5.3,Robbery with violence or intimidation,2,18-30,U,0,f,t,0.000000,
victims,2023,5.3,Robbery with violence or intimidation,2,31-40,M,1416,f,t,0.117189,
victims,2023,5.3,Robbery with violence or intimidation,2,31-40,F,649,f,t,0.053712,
victims,2023,5.3,Robbery with violence or intimidation,2,31-40,U,0,f,t,0.000000,
victims,2023,5.3,Robbery with violence or intimidation,2,41-64,M,2220,f,t,0.183729,
victims,2023,5.3,Robbery with violence or intimidation,2,41-64,F,1258,f,t,0.104113,
victims,2023,5.3,Robbery with violence or intimidation,2,41-64,U,3,f,t,0.000248,
victims,2023,5.3,Robbery with violence or intimidation,2,65+,M,489,f,t,0.040470,
victims,2023,5.3,Robbery with violence or intimidation,2,65+,F,555,f,t,0.045932,
victims,2023,5.3,Robbery with violence or intimidation,2,65+,U,2,f,t,0.000166,
victims,2023,5.3,Robbery with violence or intimidation,2,U,M,62,f,f,0.005131,
victims,2023,5.3,Robbery with violence or intimidation,2,U,F,14,f,f,0.001159,
victims,2023,5.3,Robbery with violence or intimidation,2,U,U,1,f,f,0.000083,
victims,2023,5.3.1,Street robbery,3,0-13,M,79,f,f,0.009536,
victims,2023,5.3.1,Street robbery,3,0-13,F,8,f,f,0.000966,
victims,2023,5.3.1,Street robbery,3,0-13,U,0,f,f,0.000000,
victims,2023,5.3.1,Street robbery,3,14-17,M,645,f,t,0.077861,
victims,2023,5.3.1,Street robbery,3,14-17,F,96,f,t,0.011589,
victims,2023,5.3.1,Street robbery,3,14-17,U,1,f,t,0.000121,
victims,2023,5.3.1,Street robbery,3,18-30,M,2220,f,t,0.267986,
victims,2023,5.3.1,Street robbery,3,18-30,F,809,f,t,0.097658,
victims,2023,5.3.1,Street robbery,3,18-30,U,0,f,t,0.000000,
victims,2023,5.3.1,Street robbery,3,31-40,M,1036,f,t,0.125060,
victims,2023,5.3.1,Street robbery,3,31-40,F,390,f,t,0.047079,
victims,2023,5.3.1,Street robbery,3,31-40,U,0,f,t,0.000000,
victims,2023,5.3.1,Street robbery,3,41-64,M,1498,f,t,0.180831,
victims,2023,5.3.1,Street robbery,3,41-64,F,803,f,t,0.096934,
victims,2023,5.3.1,Street robbery,3,41-64,U,1,f,t,0.000121,
victims,2023,5.3.1,Street robbery,3,65+,M,311,f,t,0.037542,
victims,2023,5.3.1,Street robbery,3,65+,F,351,f,t,0.042371,
victims,2023,5.3.1,Street robbery,3,65+,U,1,f,t,0.000121,
victims,2023,5.3.1,Street robbery,3,U,M,28,f,f,0.003380,
victims,2023,5.3.1,Street robbery,3,U,F,7,f,f,0.000845,
victims,2023,5.3.1,Street robbery,3,U,U,0,f,f,0.000000,
victims,2023,5.3.2,Robbery in dwellings,3,0-13,M,1,f,f,0.001534,
victims,2023,5.3.2,Robbery in dwellings,3,0-13,F,1,f,f,0.001534,
victims,2023,5.3.2,Robbery in dwellings,3,0-13,U,0,f,f,0.000000,
victims,2023,5.3.2,Robbery in dwellings,3,14-17,M,8,f,t,0.012270,
victims,2023,5.3.2,Robbery in dwellings,3,14-17,F,5,f,t,0.007669,
victims,2023,5.3.2,Robbery in dwellings,3,14-17,U,0,f,t,0.000000,
victims,2023,5.3.2,Robbery in dwellings,3,18-30,M,66,f,t,0.101227,
victims,2023,5.3.2,Robbery in dwellings,3,18-30,F,39,f,t,0.059816,
victims,2023,5.3.2,Robbery in dwellings,3,18-30,U,0,f,t,0.000000,
victims,2023,5.3.2,Robbery in dwellings,3,31-40,M,58,f,t,0.088957,
victims,2023,5.3.2,Robbery in dwellings,3,31-40,F,37,f,t,0.056748,
victims,2023,5.3.2,Robbery in dwellings,3,31-40,U,0,f,t,0.000000,
victims,2023,5.3.2,Robbery in dwellings,3,41-64,M,99,f,t,0.151840,
victims,2023,5.3.2,Robbery in dwellings,3,41-64,F,96,f,t,0.147239,
victims,2023,5.3.2,Robbery in dwellings,3,41-64,U,0,f,t,0.000000,
victims,2023,5.3.2,Robbery in dwellings,3,65+,M,105,f,t,0.161043,
victims,2023,5.3.2,Robbery in dwellings,3,65+,F,131,f,t,0.200920,
victims,2023,5.3.2,Robbery in dwellings,3,65+,U,1,f,t,0.001534,
victims,2023,5.3.2,Robbery in dwellings,3,U,M,4,f,f,0.006135,
victims,2023,5.3.2,Robbery in dwellings,3,U,F,1,f,f,0.001534,
victims,2023,5.3.2,Robbery in dwellings,3,U,U,0,f,f,0.000000,
victims,2023,5.3.3,Robbery of commercial premises,3,0-13,M,3,f,f,0.001992,
victims,2023,5.3.3,Robbery of commercial premises,3,0-13,F,2,f,f,0.001328,
victims,2023,5.3.3,Robbery of commercial premises,3,0-13,U,0,f,f,0.000000,
victims,2023,5.3.3,Robbery of commercial premises,3,14-17,M,7,f,t,0.004648,
victims,2023,5.3.3,Robbery of commercial premises,3,14-17,F,3,f,t,0.001992,
victims,2023,5.3.3,Robbery of commercial premises,3,14-17,U,0,f,t,0.000000,
victims,2023,5.3.3,Robbery of commercial premises,3,18-30,M,260,f,t,0.172643,
victims,2023,5.3.3,Robbery of commercial premises,3,18-30,F,230,f,t,0.152722,
victims,2023,5.3.3,Robbery of commercial premises,3,18-30,U,0,f,t,0.000000,
victims,2023,5.3.3,Robbery of commercial premises,3,31-40,M,200,f,t,0.132802,
victims,2023,5.3.3,Robbery of commercial premises,3,31-40,F,137,f,t,0.090969,
victims,2023,5.3.3,Robbery of commercial premises,3,31-40,U,0,f,t,0.000000,
victims,2023,5.3.3,Robbery of commercial premises,3,41-64,M,375,f,t,0.249004,
victims,2023,5.3.3,Robbery of commercial premises,3,41-64,F,216,f,t,0.143426,
victims,2023,5.3.3,Robbery of commercial premises,3,41-64,U,1,f,t,0.000664,
victims,2023,5.3.3,Robbery of commercial premises,3,65+,M,22,f,t,0.014608,
victims,2023,5.3.3,Robbery of commercial premises,3,65+,F,21,f,t,0.013944,
victims,2023,5.3.3,Robbery of commercial premises,3,65+,U,0,f,t,0.000000,
victims,2023,5.3.3,Robbery of commercial premises,3,U,M,26,f,f,0.017264,
victims,2023,5.3.3,Robbery of commercial premises,3,U,F,3,f,f,0.001992,
victims,2023,5.3.3,Robbery of commercial premises,3,U,U,0,f,f,0.000000,
victims,2023,5.4,Vehicle theft,2,0-13,M,1,f,f,0.000186,
victims,2023,5.4,Vehicle theft,2,0-13,F,0,f,f,0.000000,
victims,2023,5.4,Vehicle theft,2,0-13,U,0,f,f,0.000000,
victims,2023,5.4,Vehicle theft,2,14-17,M,4,f,t,0.000745,
victims,2023,5.4,Vehicle theft,2,14-17,F,1,f,t,0.000186,
victims,2023,5.4,Vehicle theft,2,14-17,U,0,f,t,0.000000,
victims,2023,5.4,Vehicle theft,2,18-30,M,635,f,t,0.118250,
victims,2023,5.4,Vehicle theft,2,18-30,F,246,f,t,0.045810,
victims,2023,5.4,Vehicle theft,2,18-30,U,1,f,t,0.000186,
victims,2023,5.4,Vehicle theft,2,31-40,M,1017,f,t,0.189385,
victims,2023,5.4,Vehicle theft,2,31-40,F,301,f,t,0.056052,
victims,2023,5.4,Vehicle theft,2,31-40,U,0,f,t,0.000000,
victims,2023,5.4,Vehicle theft,2,41-64,M,2204,f,t,0.410428,
victims,2023,5.4,Vehicle theft,2,41-64,F,599,f,t,0.111546,
victims,2023,5.4,Vehicle theft,2,41-64,U,0,f,t,0.000000,
victims,2023,5.4,Vehicle theft,2,65+,M,273,f,t,0.050838,
victims,2023,5.4,Vehicle theft,2,65+,F,81,f,t,0.015084,
victims,2023,5.4,Vehicle theft,2,65+,U,0,f,t,0.000000,
victims,2023,5.4,Vehicle theft,2,U,M,4,f,f,0.000745,
victims,2023,5.4,Vehicle theft,2,U,F,2,f,f,0.000372,
victims,2023,5.4,Vehicle theft,2,U,U,1,f,f,0.000186,
victims,2023,5.5,Fraud,2,0-13,M,10,f,f,0.000156,
victims,2023,5.5,Fraud,2,0-13,F,9,f,f,0.000140,
victims,2023,5.5,Fraud,2,0-13,U,0,f,f,0.000000,
victims,2023,5.5,Fraud,2,14-17,M,68,f,t,0.001061,
victims,2023,5.5,Fraud,2,14-17,F,70,f,t,0.001092,
victims,2023,5.5,Fraud,2,14-17,U,0,f,t,0.000000,
victims,2023,5.5,Fraud,2,18-30,M,5877,f,t,0.091692,
victims,2023,5.5,Fraud,2,18-30,F,7064,f,t,0.110211,
victims,2023,5.5,Fraud,2,18-30,U,0,f,t,0.000000,
victims,2023,5.5,Fraud,2,31-40,M,5465,f,t,0.085264,
victims,2023,5.5,Fraud,2,31-40,F,6006,f,t,0.093705,
victims,2023,5.5,Fraud,2,31-40,U,1,f,t,0.000016,
victims,2023,5.5,Fraud,2,41-64,M,13678,f,t,0.213402,
victims,2023,5.5,Fraud,2,41-64,F,15008,f,t,0.234152,
victims,2023,5.5,Fraud,2,41-64,U,2,f,t,0.000031,
victims,2023,5.5,Fraud,2,65+,M,5634,f,t,0.087901,
victims,2023,5.5,Fraud,2,65+,F,5167,f,t,0.080615,
victims,2023,5.5,Fraud,2,65+,U,4,f,t,0.000062,
victims,2023,5.5,Fraud,2,U,M,16,f,f,0.000250,
victims,2023,5.5,Fraud,2,U,F,15,f,f,0.000234,
victims,2023,5.5,Fraud,2,U,U,1,f,f,0.000016,
victims,2023,5.5.1,Computer enabled fraud,3,0-13,M,7,f,f,0.000140,
victims,2023,5.5.1,Computer enabled fraud,3,0-13,F,6,f,f,0.000120,
victims,2023,5.5.1,Computer enabled fraud,3,0-13,U,0,f,f,0.000000,
victims,2023,5.5.1,Computer enabled fraud,3,14-17,M,51,f,t,0.001016,
victims,2023,5.5.1,Computer enabled fraud,3,14-17,F,52,f,t,0.001036,
victims,2023,5.5.1,Computer enabled fraud,3,14-17,U,0,f,t,0.000000,
victims,2023,5.5.1,Computer enabled fraud,3,18-30,M,4395,f,t,0.087597,
victims,2023,5.5.1,Computer enabled fraud,3,18-30,F,5323,f,t,0.106093,
victims,2023,5.5.1,Computer enabled fraud,3,18-30,U,0,f,t,0.000000,
victims,2023,5.5.1,Computer enabled fraud,3,31-40,M,4123,f,t,0.082176,
victims,2023,5.5.1,Computer enabled fraud,3,31-40,F,4950,f,t,0.098659,
victims,2023,5.5.1,Computer enabled fraud,3,31-40,U,0,f,t,0.000000,
victims,2023,5.5.1,Computer enabled fraud,3,41-64,M,10788,f,t,0.215016,
victims,2023,5.5.1,Computer enabled fraud,3,41-64,F,12529,f,t,0.249716,
victims,2023,5.5.1,Computer enabled fraud,3,41-64,U,1,f,t,0.000020,
victims,2023,5.5.1,Computer enabled fraud,3,65+,M,4226,f,t,0.084229,
victims,2023,5.5.1,Computer enabled fraud,3,65+,F,3705,f,t,0.073844,
victims,2023,5.5.1,Computer enabled fraud,3,65+,U,2,f,t,0.000040,
victims,2023,5.5.1,Computer enabled fraud,3,U,M,5,f,f,0.000100,
victims,2023,5.5.1,Computer enabled fraud,3,U,F,9,f,f,0.000179,
victims,2023,5.5.1,Computer enabled fraud,3,U,U,1,f,f,0.000020,
victims,2023,5.6,Criminal damage,2,0-13,M,5,f,f,0.000223,
victims,2023,5.6,Criminal damage,2,0-13,F,1,f,f,0.000045,
victims,2023,5.6,Criminal damage,2,0-13,U,0,f,f,0.000000,
victims,2023,5.6,Criminal damage,2,14-17,M,6,f,t,0.000267,
victims,2023,5.6,Criminal damage,2,14-17,F,4,f,t,0.000178,
victims,2023,5.6,Criminal damage,2,14-17,U,0,f,t,0.000000,
victims,2023,5.6,Criminal damage,2,18-30,M,1644,f,t,0.073272,
victims,2023,5.6,Criminal damage,2,18-30,F,1037,f,t,0.046218,
victims,2023,5.6,Criminal damage,2,18-30,U,0,f,t,0.000000,
victims,2023,5.6,Criminal damage,2,31-40,M,2880,f,t,0.128359,
victims,2023,5.6,Criminal damage,2,31-40,F,1643,f,t,0.073227,
victims,2023,5.6,Criminal damage,2,31-40,U,0,f,t,0.000000,
victims,2023,5.6,Criminal damage,2,41-64,M,8283,f,t,0.369167,
victims,2023,5.6,Criminal damage,2,41-64,F,4274,f,t,0.190489,
victims,2023,5.6,Criminal damage,2,41-64,U,1,f,t,0.000045,
victims,2023,5.6,Criminal damage,2,65+,M,1738,f,t,0.077461,
victims,2023,5.6,Criminal damage,2,65+,F,907,f,t,0.040424,
victims,2023,5.6,Criminal damage,2,65+,U,0,f,t,0.000000,
victims,2023,5.6,Criminal damage,2,U,M,11,f,f,0.000490,
victims,2023,5.6,Criminal damage,2,U,F,2,f,f,0.000089,
victims,2023,5.6,Criminal damage,2,U,U,1,f,f,0.000045,
victims,2023,5.7,Offences against intellectual and industrial property,2,0-13,M,0,f,f,0.000000,
victims,2023,5.7,Offences against intellectual and industrial property,2,0-13,F,0,f,f,0.000000,
victims,2023,5.7,Offences against intellectual and industrial property,2,0-13,U,0,f,f,0.000000,
victims,2023,5.7,Offences against intellectual and industrial property,2,14-17,M,0,f,t,0.000000,
victims,2023,5.7,Offences against intellectual and industrial property,2,14-17,F,0,f,t,0.000000,
victims,2023,5.7,Offences against intellectual and industrial property,2,14-17,U,0,f,t,0.000000,
victims,2023,5.7,Offences against intellectual and industrial property,2,18-30,M,0,f,t,0.000000,
victims,2023,5.7,Offences against intellectual and industrial property,2,18-30,F,0,f,t,0.000000,
victims,2023,5.7,Offences against intellectual and industrial property,2,18-30,U,0,f,t,0.000000,
victims,2023,5.7,Offences against intellectual and industrial property,2,31-40,M,1,f,t,0.047619,
victims,2023,5.7,Offences against intellectual and industrial property,2,31-40,F,2,f,t,0.095238,
victims,2023,5.7,Offences against intellectual and industrial property,2,31-40,U,0,f,t,0.000000,
victims,2023,5.7,Offences against intellectual and industrial property,2,41-64,M,14,f,t,0.666667,
victims,2023,5.7,Offences against intellectual and industrial property,2,41-64,F,1,f,t,0.047619,
victims,2023,5.7,Offences against intellectual and industrial property,2,41-64,U,0,f,t,0.000000,
victims,2023,5.7,Offences against intellectual and industrial property,2,65+,M,1,f,t,0.047619,
victims,2023,5.7,Offences against intellectual and industrial property,2,65+,F,0,f,t,0.000000,
victims,2023,5.7,Offences against intellectual and industrial property,2,65+,U,0,f,t,0.000000,
victims,2023,5.7,Offences against intellectual and industrial property,2,U,M,1,f,f,0.047619,
victims,2023,5.7,Offences against intellectual and industrial property,2,U,F,1,f,f,0.047619,
victims,2023,5.7,Offences against intellectual and industrial property,2,U,U,0,f,f,0.000000,
victims,2023,5.8,Money laundering,2,0-13,M,0,f,f,0.000000,
victims,2023,5.8,Money laundering,2,0-13,F,0,f,f,0.000000,
victims,2023,5.8,Money laundering,2,0-13,U,0,f,f,0.000000,
victims,2023,5.8,Money laundering,2,14-17,M,0,f,t,0.000000,
victims,2023,5.8,Money laundering,2,14-17,F,0,f,t,0.000000,
victims,2023,5.8,Money laundering,2,14-17,U,0,f,t,0.000000,
victims,2023,5.8,Money laundering,2,18-30,M,3,f,t,0.130435,
victims,2023,5.8,Money laundering,2,18-30,F,1,f,t,0.043478,
victims,2023,5.8,Money laundering,2,18-30,U,0,f,t,0.000000,
victims,2023,5.8,Money laundering,2,31-40,M,3,f,t,0.130435,
victims,2023,5.8,Money laundering,2,31-40,F,3,f,t,0.130435,
victims,2023,5.8,Money laundering,2,31-40,U,0,f,t,0.000000,
victims,2023,5.8,Money laundering,2,41-64,M,3,f,t,0.130435,
victims,2023,5.8,Money laundering,2,41-64,F,4,f,t,0.173913,
victims,2023,5.8,Money laundering,2,41-64,U,0,f,t,0.000000,
victims,2023,5.8,Money laundering,2,65+,M,5,f,t,0.217391,
victims,2023,5.8,Money laundering,2,65+,F,1,f,t,0.043478,
victims,2023,5.8,Money laundering,2,65+,U,0,f,t,0.000000,
victims,2023,5.8,Money laundering,2,U,M,0,f,f,0.000000,
victims,2023,5.8,Money laundering,2,U,F,0,f,f,0.000000,
victims,2023,5.8,Money laundering,2,U,U,0,f,f,0.000000,
victims,2023,5.9,Other property offences,2,0-13,M,13,f,f,0.002038,
victims,2023,5.9,Other property offences,2,0-13,F,10,f,f,0.001567,
victims,2023,5.9,Other property offences,2,0-13,U,0,f,f,0.000000,
victims,2023,5.9,Other property offences,2,14-17,M,101,f,t,0.015831,
victims,2023,5.9,Other property offences,2,14-17,F,44,f,t,0.006897,
victims,2023,5.9,Other property offences,2,14-17,U,0,f,t,0.000000,
victims,2023,5.9,Other property offences,2,18-30,M,1235,f,t,0.193574,
victims,2023,5.9,Other property offences,2,18-30,F,699,f,t,0.109561,
victims,2023,5.9,Other property offences,2,18-30,U,0,f,t,0.000000,
victims,2023,5.9,Other property offences,2,31-40,M,706,f,t,0.110658,
victims,2023,5.9,Other property offences,2,31-40,F,465,f,t,0.072884,
victims,2023,5.9,Other property offences,2,31-40,U,0,f,t,0.000000,
victims,2023,5.9,Other property offences,2,41-64,M,1465,f,t,0.229624,
victims,2023,5.9,Other property offences,2,41-64,F,1028,f,t,0.161129,
victims,2023,5.9,Other property offences,2,41-64,U,0,f,t,0.000000,
victims,2023,5.9,Other property offences,2,65+,M,305,f,t,0.047806,
victims,2023,5.9,Other property offences,2,65+,F,276,f,t,0.043260,
victims,2023,5.9,Other property offences,2,65+,U,0,f,t,0.000000,
victims,2023,5.9,Other property offences,2,U,M,29,f,f,0.004545,
victims,2023,5.9,Other property offences,2,U,F,3,f,f,0.000470,
victims,2023,5.9,Other property offences,2,U,U,1,f,f,0.000157,
victims,2023,6,Offences against public safety,1,0-13,M,1,f,f,0.007692,
victims,2023,6,Offences against public safety,1,0-13,F,0,f,f,0.000000,
victims,2023,6,Offences against public safety,1,0-13,U,0,f,f,0.000000,
victims,2023,6,Offences against public safety,1,14-17,M,3,f,t,0.023077,
victims,2023,6,Offences against public safety,1,14-17,F,2,f,t,0.015385,
victims,2023,6,Offences against public safety,1,14-17,U,0,f,t,0.000000,
victims,2023,6,Offences against public safety,1,18-30,M,24,f,t,0.184615,
victims,2023,6,Offences against public safety,1,18-30,F,14,f,t,0.107692,
victims,2023,6,Offences against public safety,1,18-30,U,1,f,t,0.007692,
victims,2023,6,Offences against public safety,1,31-40,M,23,f,t,0.176923,
victims,2023,6,Offences against public safety,1,31-40,F,9,f,t,0.069231,
victims,2023,6,Offences against public safety,1,31-40,U,0,f,t,0.000000,
victims,2023,6,Offences against public safety,1,41-64,M,33,f,t,0.253846,
victims,2023,6,Offences against public safety,1,41-64,F,14,f,t,0.107692,
victims,2023,6,Offences against public safety,1,41-64,U,0,f,t,0.000000,
victims,2023,6,Offences against public safety,1,65+,M,0,f,t,0.000000,
victims,2023,6,Offences against public safety,1,65+,F,3,f,t,0.023077,
victims,2023,6,Offences against public safety,1,65+,U,0,f,t,0.000000,
victims,2023,6,Offences against public safety,1,U,M,1,f,f,0.007692,
victims,2023,6,Offences against public safety,1,U,F,1,f,f,0.007692,
victims,2023,6,Offences against public safety,1,U,U,1,f,f,0.007692,
victims,2023,6.1,Drug trafficking,2,0-13,M,0,f,f,0.000000,
victims,2023,6.1,Drug trafficking,2,0-13,F,0,f,f,0.000000,
victims,2023,6.1,Drug trafficking,2,0-13,U,0,f,f,0.000000,
victims,2023,6.1,Drug trafficking,2,14-17,M,1,f,t,0.050000,
victims,2023,6.1,Drug trafficking,2,14-17,F,0,f,t,0.000000,
victims,2023,6.1,Drug trafficking,2,14-17,U,0,f,t,0.000000,
victims,2023,6.1,Drug trafficking,2,18-30,M,7,f,t,0.350000,
victims,2023,6.1,Drug trafficking,2,18-30,F,0,f,t,0.000000,
victims,2023,6.1,Drug trafficking,2,18-30,U,0,f,t,0.000000,
victims,2023,6.1,Drug trafficking,2,31-40,M,6,f,t,0.300000,
victims,2023,6.1,Drug trafficking,2,31-40,F,0,f,t,0.000000,
victims,2023,6.1,Drug trafficking,2,31-40,U,0,f,t,0.000000,
victims,2023,6.1,Drug trafficking,2,41-64,M,4,f,t,0.200000,
victims,2023,6.1,Drug trafficking,2,41-64,F,2,f,t,0.100000,
victims,2023,6.1,Drug trafficking,2,41-64,U,0,f,t,0.000000,
victims,2023,6.1,Drug trafficking,2,65+,M,0,f,t,0.000000,
victims,2023,6.1,Drug trafficking,2,65+,F,0,f,t,0.000000,
victims,2023,6.1,Drug trafficking,2,65+,U,0,f,t,0.000000,
victims,2023,6.1,Drug trafficking,2,U,M,0,f,f,0.000000,
victims,2023,6.1,Drug trafficking,2,U,F,0,f,f,0.000000,
victims,2023,6.1,Drug trafficking,2,U,U,0,f,f,0.000000,
victims,2023,6.2,Road safety offences,2,0-13,M,0,f,f,0.000000,
victims,2023,6.2,Road safety offences,2,0-13,F,0,f,f,0.000000,
victims,2023,6.2,Road safety offences,2,0-13,U,0,f,f,0.000000,
victims,2023,6.2,Road safety offences,2,14-17,M,0,f,t,0.000000,
victims,2023,6.2,Road safety offences,2,14-17,F,0,f,t,0.000000,
victims,2023,6.2,Road safety offences,2,14-17,U,0,f,t,0.000000,
victims,2023,6.2,Road safety offences,2,18-30,M,4,f,t,0.095238,
victims,2023,6.2,Road safety offences,2,18-30,F,3,f,t,0.071429,
victims,2023,6.2,Road safety offences,2,18-30,U,1,f,t,0.023810,
victims,2023,6.2,Road safety offences,2,31-40,M,10,f,t,0.238095,
victims,2023,6.2,Road safety offences,2,31-40,F,3,f,t,0.071429,
victims,2023,6.2,Road safety offences,2,31-40,U,0,f,t,0.000000,
victims,2023,6.2,Road safety offences,2,41-64,M,15,f,t,0.357143,
victims,2023,6.2,Road safety offences,2,41-64,F,4,f,t,0.095238,
victims,2023,6.2,Road safety offences,2,41-64,U,0,f,t,0.000000,
victims,2023,6.2,Road safety offences,2,65+,M,0,f,t,0.000000,
victims,2023,6.2,Road safety offences,2,65+,F,0,f,t,0.000000,
victims,2023,6.2,Road safety offences,2,65+,U,0,f,t,0.000000,
victims,2023,6.2,Road safety offences,2,U,M,0,f,f,0.000000,
victims,2023,6.2,Road safety offences,2,U,F,1,f,f,0.023810,
victims,2023,6.2,Road safety offences,2,U,U,1,f,f,0.023810,
victims,2023,6.3,Other offences against public safety,2,0-13,M,1,f,f,0.014706,
victims,2023,6.3,Other offences against public safety,2,0-13,F,0,f,f,0.000000,
victims,2023,6.3,Other offences against public safety,2,0-13,U,0,f,f,0.000000,
victims,2023,6.3,Other offences against public safety,2,14-17,M,2,f,t,0.029412,
victims,2023,6.3,Other offences against public safety,2,14-17,F,2,f,t,0.029412,
victims,2023,6.3,Other offences against public safety,2,14-17,U,0,f,t,0.000000,
victims,2023,6.3,Other offences against public safety,2,18-30,M,13,f,t,0.191176,
victims,2023,6.3,Other offences against public safety,2,18-30,F,11,f,t,0.161765,
victims,2023,6.3,Other offences against public safety,2,18-30,U,0,f,t,0.000000,
victims,2023,6.3,Other offences against public safety,2,31-40,M,7,f,t,0.102941,
victims,2023,6.3,Other offences against public safety,2,31-40,F,6,f,t,0.088235,
victims,2023,6.3,Other offences against public safety,2,31-40,U,0,f,t,0.000000,
victims,2023,6.3,Other offences against public safety,2,41-64,M,14,f,t,0.205882,
victims,2023,6.3,Other offences against public safety,2,41-64,F,8,f,t,0.117647,
victims,2023,6.3,Other offences against public safety,2,41-64,U,0,f,t,0.000000,
victims,2023,6.3,Other offences against public safety,2,65+,M,0,f,t,0.000000,
victims,2023,6.3,Other offences against public safety,2,65+,F,3,f,t,0.044118,
victims,2023,6.3,Other offences against public safety,2,65+,U,0,f,t,0.000000,
victims,2023,6.3,Other offences against public safety,2,U,M,1,f,f,0.014706,
victims,2023,6.3,Other offences against public safety,2,U,F,0,f,f,0.000000,
victims,2023,6.3,Other offences against public safety,2,U,U,0,f,f,0.000000,
victims,2023,7,Forgery offences,1,0-13,M,4,f,f,0.000665,
victims,2023,7,Forgery offences,1,0-13,F,0,f,f,0.000000,
victims,2023,7,Forgery offences,1,0-13,U,0,f,f,0.000000,
victims,2023,7,Forgery offences,1,14-17,M,5,f,t,0.000831,
victims,2023,7,Forgery offences,1,14-17,F,11,f,t,0.001828,
victims,2023,7,Forgery offences,1,14-17,U,0,f,t,0.000000,
victims,2023,7,Forgery offences,1,18-30,M,648,f,t,0.107695,
victims,2023,7,Forgery offences,1,18-30,F,663,f,t,0.110188,
victims,2023,7,Forgery offences,1,18-30,U,1,f,t,0.000166,
victims,2023,7,Forgery offences,1,31-40,M,769,f,t,0.127805,
victims,2023,7,Forgery offences,1,31-40,F,609,f,t,0.101213,
victims,2023,7,Forgery offences,1,31-40,U,0,f,t,0.000000,
victims,2023,7,Forgery offences,1,41-64,M,1625,f,t,0.270068,
victims,2023,7,Forgery offences,1,41-64,F,1222,f,t,0.203091,
victims,2023,7,Forgery offences,1,41-64,U,3,f,t,0.000499,
victims,2023,7,Forgery offences,1,65+,M,271,f,t,0.045039,
victims,2023,7,Forgery offences,1,65+,F,180,f,t,0.029915,
victims,2023,7,Forgery offences,1,65+,U,1,f,t,0.000166,
victims,2023,7,Forgery offences,1,U,M,3,f,f,0.000499,
victims,2023,7,Forgery offences,1,U,F,0,f,f,0.000000,
victims,2023,7,Forgery offences,1,U,U,2,f,f,0.000332,
victims,2023,8,Offences against the public administration,1,0-13,M,0,f,f,0.000000,
victims,2023,8,Offences against the public administration,1,0-13,F,0,f,f,0.000000,
victims,2023,8,Offences against the public administration,1,0-13,U,0,f,f,0.000000,
victims,2023,8,Offences against the public administration,1,14-17,M,1,f,t,0.071429,
victims,2023,8,Offences against the public administration,1,14-17,F,1,f,t,0.071429,
victims,2023,8,Offences against the public administration,1,14-17,U,0,f,t,0.000000,
victims,2023,8,Offences against the public administration,1,18-30,M,1,f,t,0.071429,
victims,2023,8,Offences against the public administration,1,18-30,F,2,f,t,0.142857,
victims,2023,8,Offences against the public administration,1,18-30,U,0,f,t,0.000000,
victims,2023,8,Offences against the public administration,1,31-40,M,2,f,t,0.142857,
victims,2023,8,Offences against the public administration,1,31-40,F,1,f,t,0.071429,
victims,2023,8,Offences against the public administration,1,31-40,U,0,f,t,0.000000,
victims,2023,8,Offences against the public administration,1,41-64,M,1,f,t,0.071429,
victims,2023,8,Offences against the public administration,1,41-64,F,5,f,t,0.357143,
victims,2023,8,Offences against the public administration,1,41-64,U,0,f,t,0.000000,
victims,2023,8,Offences against the public administration,1,65+,M,0,f,t,0.000000,
victims,2023,8,Offences against the public administration,1,65+,F,0,f,t,0.000000,
victims,2023,8,Offences against the public administration,1,65+,U,0,f,t,0.000000,
victims,2023,8,Offences against the public administration,1,U,M,0,f,f,0.000000,
victims,2023,8,Offences against the public administration,1,U,F,0,f,f,0.000000,
victims,2023,8,Offences against the public administration,1,U,U,0,f,f,0.000000,
victims,2023,9,Offences against the administration of justice,1,0-13,M,4,f,f,0.001175,
victims,2023,9,Offences against the administration of justice,1,0-13,F,18,f,f,0.005286,
victims,2023,9,Offences against the administration of justice,1,0-13,U,0,f,f,0.000000,
victims,2023,9,Offences against the administration of justice,1,14-17,M,8,f,t,0.002349,
victims,2023,9,Offences against the administration of justice,1,14-17,F,60,f,t,0.017621,
victims,2023,9,Offences against the administration of justice,1,14-17,U,0,f,t,0.000000,
victims,2023,9,Offences against the administration of justice,1,18-30,M,80,f,t,0.023495,
victims,2023,9,Offences against the administration of justice,1,18-30,F,863,f,t,0.253451,
victims,2023,9,Offences against the administration of justice,1,18-30,U,1,f,t,0.000294,
victims,2023,9,Offences against the administration of justice,1,31-40,M,141,f,t,0.041410,
victims,2023,9,Offences against the administration of justice,1,31-40,F,781,f,t,0.229369,
victims,2023,9,Offences against the administration of justice,1,31-40,U,1,f,t,0.000294,
victims,2023,9,Offences against the administration of justice,1,41-64,M,179,f,t,0.052570,
victims,2023,9,Offences against the administration of justice,1,41-64,F,990,f,t,0.290749,
victims,2023,9,Offences against the administration of justice,1,41-64,U,1,f,t,0.000294,
victims,2023,9,Offences against the administration of justice,1,65+,M,54,f,t,0.015859,
victims,2023,9,Offences against the administration of justice,1,65+,F,127,f,t,0.037298,
victims,2023,9,Offences against the administration of justice,1,65+,U,0,f,t,0.000000,
victims,2023,9,Offences against the administration of justice,1,U,M,25,f,f,0.007342,
victims,2023,9,Offences against the administration of justice,1,U,F,66,f,f,0.019383,
victims,2023,9,Offences against the administration of justice,1,U,U,6,f,f,0.001762,
victims,2023,10,Offences against public order,1,0-13,M,5,f,f,0.002392,
victims,2023,10,Offences against public order,1,0-13,F,0,f,f,0.000000,
victims,2023,10,Offences against public order,1,0-13,U,0,f,f,0.000000,
victims,2023,10,Offences against public order,1,14-17,M,5,f,t,0.002392,
victims,2023,10,Offences against public order,1,14-17,F,0,f,t,0.000000,
victims,2023,10,Offences against public order,1,14-17,U,0,f,t,0.000000,
victims,2023,10,Offences against public order,1,18-30,M,155,f,t,0.074163,
victims,2023,10,Offences against public order,1,18-30,F,31,f,t,0.014833,
victims,2023,10,Offences against public order,1,18-30,U,3,f,t,0.001435,
victims,2023,10,Offences against public order,1,31-40,M,485,f,t,0.232057,
victims,2023,10,Offences against public order,1,31-40,F,45,f,t,0.021531,
victims,2023,10,Offences against public order,1,31-40,U,2,f,t,0.000957,
victims,2023,10,Offences against public order,1,41-64,M,216,f,t,0.103349,
victims,2023,10,Offences against public order,1,41-64,F,31,f,t,0.014833,
victims,2023,10,Offences against public order,1,41-64,U,2,f,t,0.000957,
victims,2023,10,Offences against public order,1,65+,M,0,f,t,0.000000,
victims,2023,10,Offences against public order,1,65+,F,1,f,t,0.000478,
victims,2023,10,Offences against public order,1,65+,U,0,f,t,0.000000,
victims,2023,10,Offences against public order,1,U,M,928,f,f,0.444019,
victims,2023,10,Offences against public order,1,U,F,57,f,f,0.027273,
victims,2023,10,Offences against public order,1,U,U,124,f,f,0.059330,
victims,2023,11,Offences under special legislation,1,0-13,M,0,f,f,,
victims,2023,11,Offences under special legislation,1,0-13,F,0,f,f,,
victims,2023,11,Offences under special legislation,1,0-13,U,0,f,f,,
victims,2023,11,Offences under special legislation,1,14-17,M,0,f,t,,
victims,2023,11,Offences under special legislation,1,14-17,F,0,f,t,,
victims,2023,11,Offences under special legislation,1,14-17,U,0,f,t,,
victims,2023,11,Offences under special legislation,1,18-30,M,0,f,t,,
victims,2023,11,Offences under special legislation,1,18-30,F,0,f,t,,
victims,2023,11,Offences under special legislation,1,18-30,U,0,f,t,,
victims,2023,11,Offences under special legislation,1,31-40,M,0,f,t,,
victims,2023,11,Offences under special legislation,1,31-40,F,0,f,t,,
victims,2023,11,Offences under special legislation,1,31-40,U,0,f,t,,
victims,2023,11,Offences under special legislation,1,41-64,M,0,f,t,,
victims,2023,11,Offences under special legislation,1,41-64,F,0,f,t,,
victims,2023,11,Offences under special legislation,1,41-64,U,0,f,t,,
victims,2023,11,Offences under special legislation,1,65+,M,0,f,t,,
victims,2023,11,Offences under special legislation,1,65+,F,0,f,t,,
victims,2023,11,Offences under special legislation,1,65+,U,0,f,t,,
victims,2023,11,Offences under special legislation,1,U,M,0,f,f,,
victims,2023,11,Offences under special legislation,1,U,F,0,f,f,,
victims,2023,11,Offences under special legislation,1,U,U,0,f,f,,
victims,2023,12,Other criminal offences,1,0-13,M,3,f,f,0.005556,
victims,2023,12,Other criminal offences,1,0-13,F,9,f,f,0.016667,
victims,2023,12,Other criminal offences,1,0-13,U,0,f,f,0.000000,
victims,2023,12,Other criminal offences,1,14-17,M,5,f,t,0.009259,
victims,2023,12,Other criminal offences,1,14-17,F,19,f,t,0.035185,
victims,2023,12,Other criminal offences,1,14-17,U,0,f,t,0.000000,
victims,2023,12,Other criminal offences,1,18-30,M,72,f,t,0.133333,
victims,2023,12,Other criminal offences,1,18-30,F,47,f,t,0.087037,
victims,2023,12,Other criminal offences,1,18-30,U,0,f,t,0.000000,
victims,2023,12,Other criminal offences,1,31-40,M,74,f,t,0.137037,
victims,2023,12,Other criminal offences,1,31-40,F,55,f,t,0.101852,
victims,2023,12,Other criminal offences,1,31-40,U,0,f,t,0.000000,
victims,2023,12,Other criminal offences,1,41-64,M,113,f,t,0.209259,
victims,2023,12,Other criminal offences,1,41-64,F,119,f,t,0.220370,
victims,2023,12,Other criminal offences,1,41-64,U,1,f,t,0.001852,
victims,2023,12,Other criminal offences,1,65+,M,10,f,t,0.018519,
victims,2023,12,Other criminal offences,1,65+,F,11,f,t,0.020370,
victims,2023,12,Other criminal offences,1,65+,U,0,f,t,0.000000,
victims,2023,12,Other criminal offences,1,U,M,0,f,f,0.000000,
victims,2023,12,Other criminal offences,1,U,F,2,f,f,0.003704,
victims,2023,12,Other criminal offences,1,U,U,0,f,f,0.000000,
victims,2023,TOTAL,Total criminal offences,0,0-13,M,1329,f,f,0.004422,
victims,2023,TOTAL,Total criminal offences,0,0-13,F,1406,f,f,0.004678,
victims,2023,TOTAL,Total criminal offences,0,0-13,U,1,f,f,0.000003,
victims,2023,TOTAL,Total criminal offences,0,14-17,M,3159,f,t,0.010511,
victims,2023,TOTAL,Total criminal offences,0,14-17,F,3155,f,t,0.010498,
victims,2023,TOTAL,Total criminal offences,0,14-17,U,3,f,t,0.000010,
victims,2023,TOTAL,Total criminal offences,0,18-30,M,34774,f,t,0.115706,
victims,2023,TOTAL,Total criminal offences,0,18-30,F,37622,f,t,0.125183,
victims,2023,TOTAL,Total criminal offences,0,18-30,U,16,f,t,0.000053,
victims,2023,TOTAL,Total criminal offences,0,31-40,M,31613,f,t,0.105188,
victims,2023,TOTAL,Total criminal offences,0,31-40,F,29535,f,t,0.098274,
victims,2023,TOTAL,Total criminal offences,0,31-40,U,10,f,t,0.000033,
victims,2023,TOTAL,Total criminal offences,0,41-64,M,67682,f,t,0.225204,
victims,2023,TOTAL,Total criminal offences,0,41-64,F,55376,f,t,0.184257,
victims,2023,TOTAL,Total criminal offences,0,41-64,U,45,f,t,0.000150,
victims,2023,TOTAL,Total criminal offences,0,65+,M,16593,f,t,0.055211,
victims,2023,TOTAL,Total criminal offences,0,65+,F,16257,f,t,0.054093,
victims,2023,TOTAL,Total criminal offences,0,65+,U,17,f,t,0.000057,
victims,2023,TOTAL,Total criminal offences,0,U,M,1452,f,f,0.004831,
victims,2023,TOTAL,Total criminal offences,0,U,F,333,f,f,0.001108,
victims,2023,TOTAL,Total criminal offences,0,U,U,159,f,f,0.000529,
victims,2024,1,Offences against persons,1,0-13,M,619,f,f,0.016873,
victims,2024,1,Offences against persons,1,0-13,F,428,f,f,0.011667,
victims,2024,1,Offences against persons,1,0-13,U,1,f,f,0.000027,
victims,2024,1,Offences against persons,1,14-17,M,884,f,t,0.024096,
victims,2024,1,Offences against persons,1,14-17,F,816,f,t,0.022243,
victims,2024,1,Offences against persons,1,14-17,U,1,f,t,0.000027,
victims,2024,1,Offences against persons,1,18-30,M,4497,f,t,0.122581,
victims,2024,1,Offences against persons,1,18-30,F,6307,f,t,0.171918,
victims,2024,1,Offences against persons,1,18-30,U,4,f,t,0.000109,
victims,2024,1,Offences against persons,1,31-40,M,3416,f,t,0.093115,
victims,2024,1,Offences against persons,1,31-40,F,5656,f,t,0.154173,
victims,2024,1,Offences against persons,1,31-40,U,5,f,t,0.000136,
victims,2024,1,Offences against persons,1,41-64,M,5411,f,t,0.147495,
victims,2024,1,Offences against persons,1,41-64,F,6940,f,t,0.189173,
victims,2024,1,Offences against persons,1,41-64,U,4,f,t,0.000109,
victims,2024,1,Offences against persons,1,65+,M,701,f,t,0.019108,
victims,2024,1,Offences against persons,1,65+,F,840,f,t,0.022897,
victims,2024,1,Offences against persons,1,65+,U,1,f,t,0.000027,
victims,2024,1,Offences against persons,1,U,M,79,f,f,0.002153,
victims,2024,1,Offences against persons,1,U,F,74,f,f,0.002017,
victims,2024,1,Offences against persons,1,U,U,2,f,f,0.000055,
victims,2024,1.1,Intentional homicide and murder,2,0-13,M,1,f,f,0.005525,
victims,2024,1.1,Intentional homicide and murder,2,0-13,F,0,f,f,0.000000,
victims,2024,1.1,Intentional homicide and murder,2,0-13,U,0,f,f,0.000000,
victims,2024,1.1,Intentional homicide and murder,2,14-17,M,4,f,t,0.022099,
victims,2024,1.1,Intentional homicide and murder,2,14-17,F,0,f,t,0.000000,
victims,2024,1.1,Intentional homicide and murder,2,14-17,U,0,f,t,0.000000,
victims,2024,1.1,Intentional homicide and murder,2,18-30,M,53,f,t,0.292818,
victims,2024,1.1,Intentional homicide and murder,2,18-30,F,6,f,t,0.033149,
victims,2024,1.1,Intentional homicide and murder,2,18-30,U,0,f,t,0.000000,
victims,2024,1.1,Intentional homicide and murder,2,31-40,M,38,f,t,0.209945,
victims,2024,1.1,Intentional homicide and murder,2,31-40,F,6,f,t,0.033149,
victims,2024,1.1,Intentional homicide and murder,2,31-40,U,0,f,t,0.000000,
victims,2024,1.1,Intentional homicide and murder,2,41-64,M,52,f,t,0.287293,
victims,2024,1.1,Intentional homicide and murder,2,41-64,F,8,f,t,0.044199,
victims,2024,1.1,Intentional homicide and murder,2,41-64,U,0,f,t,0.000000,
victims,2024,1.1,Intentional homicide and murder,2,65+,M,6,f,t,0.033149,
victims,2024,1.1,Intentional homicide and murder,2,65+,F,5,f,t,0.027624,
victims,2024,1.1,Intentional homicide and murder,2,65+,U,0,f,t,0.000000,
victims,2024,1.1,Intentional homicide and murder,2,U,M,2,f,f,0.011050,
victims,2024,1.1,Intentional homicide and murder,2,U,F,0,f,f,0.000000,
victims,2024,1.1,Intentional homicide and murder,2,U,U,0,f,f,0.000000,
victims,2024,1.1.1,Completed intentional homicide and murder,3,0-13,M,0,f,f,0.000000,
victims,2024,1.1.1,Completed intentional homicide and murder,3,0-13,F,0,f,f,0.000000,
victims,2024,1.1.1,Completed intentional homicide and murder,3,0-13,U,0,f,f,0.000000,
victims,2024,1.1.1,Completed intentional homicide and murder,3,14-17,M,0,f,t,0.000000,
victims,2024,1.1.1,Completed intentional homicide and murder,3,14-17,F,0,f,t,0.000000,
victims,2024,1.1.1,Completed intentional homicide and murder,3,14-17,U,0,f,t,0.000000,
victims,2024,1.1.1,Completed intentional homicide and murder,3,18-30,M,3,f,t,0.142857,
victims,2024,1.1.1,Completed intentional homicide and murder,3,18-30,F,2,f,t,0.095238,
victims,2024,1.1.1,Completed intentional homicide and murder,3,18-30,U,0,f,t,0.000000,
victims,2024,1.1.1,Completed intentional homicide and murder,3,31-40,M,2,f,t,0.095238,
victims,2024,1.1.1,Completed intentional homicide and murder,3,31-40,F,1,f,t,0.047619,
victims,2024,1.1.1,Completed intentional homicide and murder,3,31-40,U,0,f,t,0.000000,
victims,2024,1.1.1,Completed intentional homicide and murder,3,41-64,M,6,f,t,0.285714,
victims,2024,1.1.1,Completed intentional homicide and murder,3,41-64,F,2,f,t,0.095238,
victims,2024,1.1.1,Completed intentional homicide and murder,3,41-64,U,0,f,t,0.000000,
victims,2024,1.1.1,Completed intentional homicide and murder,3,65+,M,2,f,t,0.095238,
victims,2024,1.1.1,Completed intentional homicide and murder,3,65+,F,3,f,t,0.142857,
victims,2024,1.1.1,Completed intentional homicide and murder,3,65+,U,0,f,t,0.000000,
victims,2024,1.1.1,Completed intentional homicide and murder,3,U,M,0,f,f,0.000000,
victims,2024,1.1.1,Completed intentional homicide and murder,3,U,F,0,f,f,0.000000,
victims,2024,1.1.1,Completed intentional homicide and murder,3,U,U,0,f,f,0.000000,
victims,2024,1.2,Bodily injury,2,0-13,M,258,f,f,0.018057,
victims,2024,1.2,Bodily injury,2,0-13,F,160,f,f,0.011198,
victims,2024,1.2,Bodily injury,2,0-13,U,0,f,f,0.000000,
victims,2024,1.2,Bodily injury,2,14-17,M,646,f,t,0.045213,
victims,2024,1.2,Bodily injury,2,14-17,F,296,f,t,0.020717,
victims,2024,1.2,Bodily injury,2,14-17,U,0,f,t,0.000000,
victims,2024,1.2,Bodily injury,2,18-30,M,2825,f,t,0.197718,
victims,2024,1.2,Bodily injury,2,18-30,F,1202,f,t,0.084127,
victims,2024,1.2,Bodily injury,2,18-30,U,2,f,t,0.000140,
victims,2024,1.2,Bodily injury,2,31-40,M,2021,f,t,0.141447,
victims,2024,1.2,Bodily injury,2,31-40,F,983,f,t,0.068799,
victims,2024,1.2,Bodily injury,2,31-40,U,0,f,t,0.000000,
victims,2024,1.2,Bodily injury,2,41-64,M,3521,f,t,0.246431,
victims,2024,1.2,Bodily injury,2,41-64,F,1699,f,t,0.118911,
victims,2024,1.2,Bodily injury,2,41-64,U,0,f,t,0.000000,
victims,2024,1.2,Bodily injury,2,65+,M,389,f,t,0.027226,
victims,2024,1.2,Bodily injury,2,65+,F,222,f,t,0.015538,
victims,2024,1.2,Bodily injury,2,65+,U,0,f,t,0.000000,
victims,2024,1.2,Bodily injury,2,U,M,49,f,f,0.003429,
victims,2024,1.2,Bodily injury,2,U,F,14,f,f,0.000980,
victims,2024,1.2,Bodily injury,2,U,U,1,f,f,0.000070,
victims,2024,1.3,Domestic violence in the family setting,2,0-13,M,339,f,f,0.015795,
victims,2024,1.3,Domestic violence in the family setting,2,0-13,F,252,f,f,0.011742,
victims,2024,1.3,Domestic violence in the family setting,2,0-13,U,1,f,f,0.000047,
victims,2024,1.3,Domestic violence in the family setting,2,14-17,M,212,f,t,0.009878,
victims,2024,1.3,Domestic violence in the family setting,2,14-17,F,503,f,t,0.023437,
victims,2024,1.3,Domestic violence in the family setting,2,14-17,U,1,f,t,0.000047,
victims,2024,1.3,Domestic violence in the family setting,2,18-30,M,1502,f,t,0.069984,
victims,2024,1.3,Domestic violence in the family setting,2,18-30,F,5034,f,t,0.234554,
victims,2024,1.3,Domestic violence in the family setting,2,18-30,U,2,f,t,0.000093,
victims,2024,1.3,Domestic violence in the family setting,2,31-40,M,1270,f,t,0.059174,
victims,2024,1.3,Domestic violence in the family setting,2,31-40,F,4590,f,t,0.213866,
victims,2024,1.3,Domestic violence in the family setting,2,31-40,U,5,f,t,0.000233,
victims,2024,1.3,Domestic violence in the family setting,2,41-64,M,1683,f,t,0.078418,
victims,2024,1.3,Domestic violence in the family setting,2,41-64,F,5114,f,t,0.238282,
victims,2024,1.3,Domestic violence in the family setting,2,41-64,U,4,f,t,0.000186,
victims,2024,1.3,Domestic violence in the family setting,2,65+,M,281,f,t,0.013093,
victims,2024,1.3,Domestic violence in the family setting,2,65+,F,586,f,t,0.027304,
victims,2024,1.3,Domestic violence in the family setting,2,65+,U,1,f,t,0.000047,
victims,2024,1.3,Domestic violence in the family setting,2,U,M,22,f,f,0.001025,
victims,2024,1.3,Domestic violence in the family setting,2,U,F,59,f,f,0.002749,
victims,2024,1.3,Domestic violence in the family setting,2,U,U,1,f,f,0.000047,
victims,2024,1.4,Other offences against persons,2,0-13,M,21,f,f,0.027815,
victims,2024,1.4,Other offences against persons,2,0-13,F,16,f,f,0.021192,
victims,2024,1.4,Other offences against persons,2,0-13,U,0,f,f,0.000000,
victims,2024,1.4,Other offences against persons,2,14-17,M,22,f,t,0.029139,
victims,2024,1.4,Other offences against persons,2,14-17,F,17,f,t,0.022517,
victims,2024,1.4,Other offences against persons,2,14-17,U,0,f,t,0.000000,
victims,2024,1.4,Other offences against persons,2,18-30,M,117,f,t,0.154967,
victims,2024,1.4,Other offences against persons,2,18-30,F,65,f,t,0.086093,
victims,2024,1.4,Other offences against persons,2,18-30,U,0,f,t,0.000000,
victims,2024,1.4,Other offences against persons,2,31-40,M,87,f,t,0.115232,
victims,2024,1.4,Other offences against persons,2,31-40,F,77,f,t,0.101987,
victims,2024,1.4,Other offences against persons,2,31-40,U,0,f,t,0.000000,
victims,2024,1.4,Other offences against persons,2,41-64,M,155,f,t,0.205298,
victims,2024,1.4,Other offences against persons,2,41-64,F,119,f,t,0.157616,
victims,2024,1.4,Other offences against persons,2,41-64,U,0,f,t,0.000000,
victims,2024,1.4,Other offences against persons,2,65+,M,25,f,t,0.033113,
victims,2024,1.4,Other offences against persons,2,65+,F,27,f,t,0.035762,
victims,2024,1.4,Other offences against persons,2,65+,U,0,f,t,0.000000,
victims,2024,1.4,Other offences against persons,2,U,M,6,f,f,0.007947,
victims,2024,1.4,Other offences against persons,2,U,F,1,f,f,0.001325,
victims,2024,1.4,Other offences against persons,2,U,U,0,f,f,0.000000,
victims,2024,2,Offences against personal liberty,1,0-13,M,201,f,f,0.010475,
victims,2024,2,Offences against personal liberty,1,0-13,F,213,f,f,0.011100,
victims,2024,2,Offences against personal liberty,1,0-13,U,1,f,f,0.000052,
victims,2024,2,Offences against personal liberty,1,14-17,M,403,f,t,0.021002,
victims,2024,2,Offences against personal liberty,1,14-17,F,378,f,t,0.019699,
victims,2024,2,Offences against personal liberty,1,14-17,U,0,f,t,0.000000,
victims,2024,2,Offences against personal liberty,1,18-30,M,2328,f,t,0.121320,
victims,2024,2,Offences against personal liberty,1,18-30,F,2130,f,t,0.111001,
victims,2024,2,Offences against personal liberty,1,18-30,U,1,f,t,0.000052,
victims,2024,2,Offences against personal liberty,1,31-40,M,2233,f,t,0.116369,
victims,2024,2,Offences against personal liberty,1,31-40,F,2032,f,t,0.105894,
victims,2024,2,Offences against personal liberty,1,31-40,U,0,f,t,0.000000,
victims,2024,2,Offences against personal liberty,1,41-64,M,4308,f,t,0.224504,
victims,2024,2,Offences against personal liberty,1,41-64,F,3621,f,t,0.188702,
victims,2024,2,Offences against personal liberty,1,41-64,U,1,f,t,0.000052,
victims,2024,2,Offences against personal liberty,1,65+,M,654,f,t,0.034082,
victims,2024,2,Offences against personal liberty,1,65+,F,509,f,t,0.026526,
victims,2024,2,Offences against personal liberty,1,65+,U,0,f,t,0.000000,
victims,2024,2,Offences against personal liberty,1,U,M,139,f,f,0.007244,
victims,2024,2,Offences against personal liberty,1,U,F,33,f,f,0.001720,
victims,2024,2,Offences against personal liberty,1,U,U,4,f,f,0.000208,
victims,2024,2.1,Habitual domestic abuse,2,0-13,M,41,f,f,0.029862,
victims,2024,2.1,Habitual domestic abuse,2,0-13,F,27,f,f,0.019665,
victims,2024,2.1,Habitual domestic abuse,2,0-13,U,0,f,f,0.000000,
victims,2024,2.1,Habitual domestic abuse,2,14-17,M,16,f,t,0.011653,
victims,2024,2.1,Habitual domestic abuse,2,14-17,F,48,f,t,0.034960,
victims,2024,2.1,Habitual domestic abuse,2,14-17,U,0,f,t,0.000000,
victims,2024,2.1,Habitual domestic abuse,2,18-30,M,29,f,t,0.021122,
victims,2024,2.1,Habitual domestic abuse,2,18-30,F,300,f,t,0.218500,
victims,2024,2.1,Habitual domestic abuse,2,18-30,U,0,f,t,0.000000,
victims,2024,2.1,Habitual domestic abuse,2,31-40,M,30,f,t,0.021850,
victims,2024,2.1,Habitual domestic abuse,2,31-40,F,321,f,t,0.233795,
victims,2024,2.1,Habitual domestic abuse,2,31-40,U,0,f,t,0.000000,
victims,2024,2.1,Habitual domestic abuse,2,41-64,M,54,f,t,0.039330,
victims,2024,2.1,Habitual domestic abuse,2,41-64,F,427,f,t,0.310998,
victims,2024,2.1,Habitual domestic abuse,2,41-64,U,1,f,t,0.000728,
victims,2024,2.1,Habitual domestic abuse,2,65+,M,22,f,t,0.016023,
victims,2024,2.1,Habitual domestic abuse,2,65+,F,55,f,t,0.040058,
victims,2024,2.1,Habitual domestic abuse,2,65+,U,0,f,t,0.000000,
victims,2024,2.1,Habitual domestic abuse,2,U,M,0,f,f,0.000000,
victims,2024,2.1,Habitual domestic abuse,2,U,F,2,f,f,0.001457,
victims,2024,2.1,Habitual domestic abuse,2,U,U,0,f,f,0.000000,
victims,2024,2.2,Other offences against personal liberty,2,0-13,M,160,f,f,0.008981,
victims,2024,2.2,Other offences against personal liberty,2,0-13,F,186,f,f,0.010440,
victims,2024,2.2,Other offences against personal liberty,2,0-13,U,1,f,f,0.000056,
victims,2024,2.2,Other offences against personal liberty,2,14-17,M,387,f,t,0.021722,
victims,2024,2.2,Other offences against personal liberty,2,14-17,F,330,f,t,0.018523,
victims,2024,2.2,Other offences against personal liberty,2,14-17,U,0,f,t,0.000000,
victims,2024,2.2,Other offences against personal liberty,2,18-30,M,2299,f,t,0.129041,
victims,2024,2.2,Other offences against personal liberty,2,18-30,F,1830,f,t,0.102717,
victims,2024,2.2,Other offences against personal liberty,2,18-30,U,1,f,t,0.000056,
victims,2024,2.2,Other offences against personal liberty,2,31-40,M,2203,f,t,0.123653,
victims,2024,2.2,Other offences against personal liberty,2,31-40,F,1711,f,t,0.096037,
victims,2024,2.2,Other offences against personal liberty,2,31-40,U,0,f,t,0.000000,
victims,2024,2.2,Other offences against personal liberty,2,41-64,M,4254,f,t,0.238774,
victims,2024,2.2,Other offences against personal liberty,2,41-64,F,3194,f,t,0.179277,
victims,2024,2.2,Other offences against personal liberty,2,41-64,U,0,f,t,0.000000,
victims,2024,2.2,Other offences against personal liberty,2,65+,M,632,f,t,0.035474,
victims,2024,2.2,Other offences against personal liberty,2,65+,F,454,f,t,0.025483,
victims,2024,2.2,Other offences against personal liberty,2,65+,U,0,f,t,0.000000,
victims,2024,2.2,Other offences against personal liberty,2,U,M,139,f,f,0.007802,
victims,2024,2.2,Other offences against personal liberty,2,U,F,31,f,f,0.001740,
victims,2024,2.2,Other offences against personal liberty,2,U,U,4,f,f,0.000225,
victims,2024,3,Offences against sexual freedom,1,0-13,M,136,f,f,0.042781,
victims,2024,3,Offences against sexual freedom,1,0-13,F,407,f,f,0.128028,
victims,2024,3,Offences against sexual freedom,1,0-13,U,1,f,f,0.000315,
victims,2024,3,Offences against sexual freedom,1,14-17,M,125,f,t,0.039321,
victims,2024,3,Offences against sexual freedom,1,14-17,F,627,f,t,0.197232,
victims,2024,3,Offences against sexual freedom,1,14-17,U,0,f,t,0.000000,
victims,2024,3,Offences against sexual freedom,1,18-30,M,126,f,t,0.039635,
victims,2024,3,Offences against sexual freedom,1,18-30,F,1004,f,t,0.315823,
victims,2024,3,Offences against sexual freedom,1,18-30,U,2,f,t,0.000629,
victims,2024,3,Offences against sexual freedom,1,31-40,M,35,f,t,0.011010,
victims,2024,3,Offences against sexual freedom,1,31-40,F,333,f,t,0.104750,
victims,2024,3,Offences against sexual freedom,1,31-40,U,0,f,t,0.000000,
victims,2024,3,Offences against sexual freedom,1,41-64,M,37,f,t,0.011639,
victims,2024,3,Offences against sexual freedom,1,41-64,F,313,f,t,0.098459,
victims,2024,3,Offences against sexual freedom,1,41-64,U,0,f,t,0.000000,
victims,2024,3,Offences against sexual freedom,1,65+,M,5,f,t,0.001573,
victims,2024,3,Offences against sexual freedom,1,65+,F,23,f,t,0.007235,
victims,2024,3,Offences against sexual freedom,1,65+,U,0,f,t,0.000000,
victims,2024,3,Offences against sexual freedom,1,U,M,2,f,f,0.000629,
victims,2024,3,Offences against sexual freedom,1,U,F,3,f,f,0.000944,
victims,2024,3,Offences against sexual freedom,1,U,U,0,f,f,0.000000,
victims,2024,3.1,Sexual assault,2,0-13,M,73,f,f,0.036906,
victims,2024,3.1,Sexual assault,2,0-13,F,283,f,f,0.143074,
victims,2024,3.1,Sexual assault,2,0-13,U,0,f,f,0.000000,
victims,2024,3.1,Sexual assault,2,14-17,M,46,f,t,0.023256,
victims,2024,3.1,Sexual assault,2,14-17,F,314,f,t,0.158746,
victims,2024,3.1,Sexual assault,2,14-17,U,0,f,t,0.000000,
victims,2024,3.1,Sexual assault,2,18-30,M,92,f,t,0.046512,
victims,2024,3.1,Sexual assault,2,18-30,F,679,f,t,0.343276,
victims,2024,3.1,Sexual assault,2,18-30,U,0,f,t,0.000000,
victims,2024,3.1,Sexual assault,2,31-40,M,25,f,t,0.012639,
victims,2024,3.1,Sexual assault,2,31-40,F,201,f,t,0.101618,
victims,2024,3.1,Sexual assault,2,31-40,U,0,f,t,0.000000,
victims,2024,3.1,Sexual assault,2,41-64,M,30,f,t,0.015167,
victims,2024,3.1,Sexual assault,2,41-64,F,211,f,t,0.106673,
victims,2024,3.1,Sexual assault,2,41-64,U,0,f,t,0.000000,
victims,2024,3.1,Sexual assault,2,65+,M,2,f,t,0.001011,
victims,2024,3.1,Sexual assault,2,65+,F,17,f,t,0.008595,
victims,2024,3.1,Sexual assault,2,65+,U,0,f,t,0.000000,
victims,2024,3.1,Sexual assault,2,U,M,2,f,f,0.001011,
victims,2024,3.1,Sexual assault,2,U,F,3,f,f,0.001517,
victims,2024,3.1,Sexual assault,2,U,U,0,f,f,0.000000,
victims,2024,3.2,Sexual assault with penetration,2,0-13,M,11,f,f,0.015919,
victims,2024,3.2,Sexual assault with penetration,2,0-13,F,46,f,f,0.066570,
victims,2024,3.2,Sexual assault with penetration,2,0-13,U,0,f,f,0.000000,
victims,2024,3.2,Sexual assault with penetration,2,14-17,M,10,f,t,0.014472,
victims,2024,3.2,Sexual assault with penetration,2,14-17,F,169,f,t,0.244573,
victims,2024,3.2,Sexual assault with penetration,2,14-17,U,0,f,t,0.000000,
victims,2024,3.2,Sexual assault with penetration,2,18-30,M,27,f,t,0.039074,
victims,2024,3.2,Sexual assault with penetration,2,18-30,F,241,f,t,0.348770,
victims,2024,3.2,Sexual assault with penetration,2,18-30,U,1,f,t,0.001447,
victims,2024,3.2,Sexual assault with penetration,2,31-40,M,9,f,t,0.013025,
victims,2024,3.2,Sexual assault with penetration,2,31-40,F,89,f,t,0.128799,
victims,2024,3.2,Sexual assault with penetration,2,31-40,U,0,f,t,0.000000,
victims,2024,3.2,Sexual assault with penetration,2,41-64,M,6,f,t,0.008683,
victims,2024,3.2,Sexual assault with penetration,2,41-64,F,76,f,t,0.109986,
victims,2024,3.2,Sexual assault with penetration,2,41-64,U,0,f,t,0.000000,
victims,2024,3.2,Sexual assault with penetration,2,65+,M,2,f,t,0.002894,
victims,2024,3.2,Sexual assault with penetration,2,65+,F,4,f,t,0.005789,
victims,2024,3.2,Sexual assault with penetration,2,65+,U,0,f,t,0.000000,
victims,2024,3.2,Sexual assault with penetration,2,U,M,0,f,f,0.000000,
victims,2024,3.2,Sexual assault with penetration,2,U,F,0,f,f,0.000000,
victims,2024,3.2,Sexual assault with penetration,2,U,U,0,f,f,0.000000,
victims,2024,3.3,Corruption of minors,2,0-13,M,5,f,f,0.087719,
victims,2024,3.3,Corruption of minors,2,0-13,F,7,f,f,0.122807,
victims,2024,3.3,Corruption of minors,2,0-13,U,0,f,f,0.000000,
victims,2024,3.3,Corruption of minors,2,14-17,M,18,f,t,0.315789,
victims,2024,3.3,Corruption of minors,2,14-17,F,23,f,t,0.403509,
victims,2024,3.3,Corruption of minors,2,14-17,U,0,f,t,0.000000,
victims,2024,3.3,Corruption of minors,2,18-30,M,0,f,t,0.000000,
victims,2024,3.3,Corruption of minors,2,18-30,F,3,f,t,0.052632,
victims,2024,3.3,Corruption of minors,2,18-30,U,0,f,t,0.000000,
victims,2024,3.3,Corruption of minors,2,31-40,M,0,f,t,0.000000,
victims,2024,3.3,Corruption of minors,2,31-40,F,0,f,t,0.000000,
victims,2024,3.3,Corruption of minors,2,31-40,U,0,f,t,0.000000,
victims,2024,3.3,Corruption of minors,2,41-64,M,0,f,t,0.000000,
victims,2024,3.3,Corruption of minors,2,41-64,F,0,f,t,0.000000,
victims,2024,3.3,Corruption of minors,2,41-64,U,0,f,t,0.000000,
victims,2024,3.3,Corruption of minors,2,65+,M,1,f,t,0.017544,
victims,2024,3.3,Corruption of minors,2,65+,F,0,f,t,0.000000,
victims,2024,3.3,Corruption of minors,2,65+,U,0,f,t,0.000000,
victims,2024,3.3,Corruption of minors,2,U,M,0,f,f,0.000000,
victims,2024,3.3,Corruption of minors,2,U,F,0,f,f,0.000000,
victims,2024,3.3,Corruption of minors,2,U,U,0,f,f,0.000000,
victims,2024,3.4,Child pornography,2,0-13,M,8,f,f,0.160000,
victims,2024,3.4,Child pornography,2,0-13,F,11,f,f,0.220000,
victims,2024,3.4,Child pornography,2,0-13,U,0,f,f,0.000000,
victims,2024,3.4,Child pornography,2,14-17,M,5,f,t,0.100000,
victims,2024,3.4,Child pornography,2,14-17,F,19,f,t,0.380000,
victims,2024,3.4,Child pornography,2,14-17,U,0,f,t,0.000000,
victims,2024,3.4,Child pornography,2,18-30,M,0,f,t,0.000000,
victims,2024,3.4,Child pornography,2,18-30,F,6,f,t,0.120000,
victims,2024,3.4,Child pornography,2,18-30,U,0,f,t,0.000000,
victims,2024,3.4,Child pornography,2,31-40,M,0,f,t,0.000000,
victims,2024,3.4,Child pornography,2,31-40,F,1,f,t,0.020000,
victims,2024,3.4,Child pornography,2,31-40,U,0,f,t,0.000000,
victims,2024,3.4,Child pornography,2,41-64,M,0,f,t,0.000000,
victims,2024,3.4,Child pornography,2,41-64,F,0,f,t,0.000000,
victims,2024,3.4,Child pornography,2,41-64,U,0,f,t,0.000000,
victims,2024,3.4,Child pornography,2,65+,M,0,f,t,0.000000,
victims,2024,3.4,Child pornography,2,65+,F,0,f,t,0.000000,
victims,2024,3.4,Child pornography,2,65+,U,0,f,t,0.000000,
victims,2024,3.4,Child pornography,2,U,M,0,f,f,0.000000,
victims,2024,3.4,Child pornography,2,U,F,0,f,f,0.000000,
victims,2024,3.4,Child pornography,2,U,U,0,f,f,0.000000,
victims,2024,3.5,Other offences against sexual freedom,2,0-13,M,39,f,f,0.096774,
victims,2024,3.5,Other offences against sexual freedom,2,0-13,F,60,f,f,0.148883,
victims,2024,3.5,Other offences against sexual freedom,2,0-13,U,1,f,f,0.002481,
victims,2024,3.5,Other offences against sexual freedom,2,14-17,M,46,f,t,0.114144,
victims,2024,3.5,Other offences against sexual freedom,2,14-17,F,102,f,t,0.253102,
victims,2024,3.5,Other offences against sexual freedom,2,14-17,U,0,f,t,0.000000,
victims,2024,3.5,Other offences against sexual freedom,2,18-30,M,7,f,t,0.017370,
victims,2024,3.5,Other offences against sexual freedom,2,18-30,F,75,f,t,0.186104,
victims,2024,3.5,Other offences against sexual freedom,2,18-30,U,1,f,t,0.002481,
victims,2024,3.5,Other offences against sexual freedom,2,31-40,M,1,f,t,0.002481,
victims,2024,3.5,Other offences against sexual freedom,2,31-40,F,42,f,t,0.104218,
victims,2024,3.5,Other offences against sexual freedom,2,31-40,U,0,f,t,0.000000,
victims,2024,3.5,Other offences against sexual freedom,2,41-64,M,1,f,t,0.002481,
victims,2024,3.5,Other offences against sexual freedom,2,41-64,F,26,f,t,0.064516,
victims,2024,3.5,Other offences against sexual freedom,2,41-64,U,0,f,t,0.000000,
victims,2024,3.5,Other offences against sexual freedom,2,65+,M,0,f,t,0.000000,
victims,2024,3.5,Other offences against sexual freedom,2,65+,F,2,f,t,0.004963,
victims,2024,3.5,Other offences against sexual freedom,2,65+,U,0,f,t,0.000000,
victims,2024,3.5,Other offences against sexual freedom,2,U,M,0,f,f,0.000000,
victims,2024,3.5,Other offences against sexual freedom,2,U,F,0,f,f,0.000000,
victims,2024,3.5,Other offences against sexual freedom,2,U,U,0,f,f,0.000000,
victims,2024,4,Offences against family relations,1,0-13,M,119,f,f,0.159091,
victims,2024,4,Offences against family relations,1,0-13,F,69,f,f,0.092246,
victims,2024,4,Offences against family relations,1,0-13,U,0,f,f,0.000000,
victims,2024,4,Offences against family relations,1,14-17,M,19,f,t,0.025401,
victims,2024,4,Offences against family relations,1,14-17,F,26,f,t,0.034759,
victims,2024,4,Offences against family relations,1,14-17,U,0,f,t,0.000000,
victims,2024,4,Offences against family relations,1,18-30,M,6,f,t,0.008021,
victims,2024,4,Offences against family relations,1,18-30,F,50,f,t,0.066845,
victims,2024,4,Offences against family relations,1,18-30,U,0,f,t,0.000000,
victims,2024,4,Offences against family relations,1,31-40,M,24,f,t,0.032086,
victims,2024,4,Offences against family relations,1,31-40,F,166,f,t,0.221925,
victims,2024,4,Offences against family relations,1,31-40,U,0,f,t,0.000000,
victims,2024,4,Offences against family relations,1,41-64,M,50,f,t,0.066845,
victims,2024,4,Offences against family relations,1,41-64,F,200,f,t,0.267380,
victims,2024,4,Offences against family relations,1,41-64,U,0,f,t,0.000000,
victims,2024,4,Offences against family relations,1,65+,M,4,f,t,0.005348,
victims,2024,4,Offences against family relations,1,65+,F,10,f,t,0.013369,
victims,2024,4,Offences against family relations,1,65+,U,0,f,t,0.000000,
victims,2024,4,Offences against family relations,1,U,M,2,f,f,0.002674,
victims,2024,4,Offences against family relations,1,U,F,3,f,f,0.004011,
victims,2024,4,Offences against family relations,1,U,U,0,f,f,0.000000,
victims,2024,5,Property offences,1,0-13,M,186,f,f,0.000842,
victims,2024,5,Property offences,1,0-13,F,88,f,f,0.000398,
victims,2024,5,Property offences,1,0-13,U,0,f,f,0.000000,
victims,2024,5,Property offences,1,14-17,M,1419,f,t,0.006421,
victims,2024,5,Property offences,1,14-17,F,1100,f,t,0.004978,
victims,2024,5,Property offences,1,14-17,U,0,f,t,0.000000,
victims,2024,5,Property offences,1,18-30,M,26428,f,t,0.119594,
victims,2024,5,Property offences,1,18-30,F,24243,f,t,0.109706,
victims,2024,5,Property offences,1,18-30,U,3,f,t,0.000014,
victims,2024,5,Property offences,1,31-40,M,23862,f,t,0.107982,
victims,2024,5,Property offences,1,31-40,F,19806,f,t,0.089628,
victims,2024,5,Property offences,1,31-40,U,0,f,t,0.000000,
victims,2024,5,Property offences,1,41-64,M,54518,f,t,0.246709,
victims,2024,5,Property offences,1,41-64,F,39637,f,t,0.179368,
victims,2024,5,Property offences,1,41-64,U,8,f,t,0.000036,
victims,2024,5,Property offences,1,65+,M,14714,f,t,0.066585,
victims,2024,5,Property offences,1,65+,F,14219,f,t,0.064345,
victims,2024,5,Property offences,1,65+,U,1,f,t,0.000005,
victims,2024,5,Property offences,1,U,M,481,f,f,0.002177,
victims,2024,5,Property offences,1,U,F,152,f,f,0.000688,
victims,2024,5,Property offences,1,U,U,116,f,f,0.000525,
victims,2024,5.1,Theft,2,0-13,M,77,f,f,0.000887,
victims,2024,5.1,Theft,2,0-13,F,57,f,f,0.000656,
victims,2024,5.1,Theft,2,0-13,U,0,f,f,0.000000,
victims,2024,5.1,Theft,2,14-17,M,650,f,t,0.007485,
victims,2024,5.1,Theft,2,14-17,F,859,f,t,0.009892,
victims,2024,5.1,Theft,2,14-17,U,0,f,t,0.000000,
victims,2024,5.1,Theft,2,18-30,M,11192,f,t,0.128888,
victims,2024,5.1,Theft,2,18-30,F,13258,f,t,0.152680,
victims,2024,5.1,Theft,2,18-30,U,2,f,t,0.000023,
victims,2024,5.1,Theft,2,31-40,M,8394,f,t,0.096666,
victims,2024,5.1,Theft,2,31-40,F,9468,f,t,0.109034,
victims,2024,5.1,Theft,2,31-40,U,0,f,t,0.000000,
victims,2024,5.1,Theft,2,41-64,M,16591,f,t,0.191064,
victims,2024,5.1,Theft,2,41-64,F,14276,f,t,0.164404,
victims,2024,5.1,Theft,2,41-64,U,2,f,t,0.000023,
victims,2024,5.1,Theft,2,65+,M,4946,f,t,0.056959,
victims,2024,5.1,Theft,2,65+,F,6702,f,t,0.077181,
victims,2024,5.1,Theft,2,65+,U,0,f,t,0.000000,
victims,2024,5.1,Theft,2,U,M,223,f,f,0.002568,
victims,2024,5.1,Theft,2,U,F,94,f,f,0.001083,
victims,2024,5.1,Theft,2,U,U,44,f,f,0.000507,
victims,2024,5.2,Burglary involving forced entry,2,0-13,M,4,f,f,0.000145,
victims,2024,5.2,Burglary involving forced entry,2,0-13,F,3,f,f,0.000109,
victims,2024,5.2,Burglary involving forced entry,2,0-13,U,0,f,f,0.000000,
victims,2024,5.2,Burglary involving forced entry,2,14-17,M,17,f,t,0.000616,
victims,2024,5.2,Burglary involving forced entry,2,14-17,F,12,f,t,0.000435,
victims,2024,5.2,Burglary involving forced entry,2,14-17,U,0,f,t,0.000000,
victims,2024,5.2,Burglary involving forced entry,2,18-30,M,2863,f,t,0.103762,
victims,2024,5.2,Burglary involving forced entry,2,18-30,F,1393,f,t,0.050486,
victims,2024,5.2,Burglary involving forced entry,2,18-30,U,0,f,t,0.000000,
victims,2024,5.2,Burglary involving forced entry,2,31-40,M,4277,f,t,0.155009,
victims,2024,5.2,Burglary involving forced entry,2,31-40,F,2014,f,t,0.072992,
victims,2024,5.2,Burglary involving forced entry,2,31-40,U,0,f,t,0.000000,
victims,2024,5.2,Burglary involving forced entry,2,41-64,M,10530,f,t,0.381632,
victims,2024,5.2,Burglary involving forced entry,2,41-64,F,4094,f,t,0.148376,
victims,2024,5.2,Burglary involving forced entry,2,41-64,U,0,f,t,0.000000,
victims,2024,5.2,Burglary involving forced entry,2,65+,M,1483,f,t,0.053747,
victims,2024,5.2,Burglary involving forced entry,2,65+,F,805,f,t,0.029175,
victims,2024,5.2,Burglary involving forced entry,2,65+,U,0,f,t,0.000000,
victims,2024,5.2,Burglary involving forced entry,2,U,M,75,f,f,0.002718,
victims,2024,5.2,Burglary involving forced entry,2,U,F,12,f,f,0.000435,
victims,2024,5.2,Burglary involving forced entry,2,U,U,10,f,f,0.000362,
victims,2024,5.2.1,Theft from vehicles by forced entry,3,0-13,M,3,f,f,0.000173,
victims,2024,5.2.1,Theft from vehicles by forced entry,3,0-13,F,1,f,f,0.000058,
victims,2024,5.2.1,Theft from vehicles by forced entry,3,0-13,U,0,f,f,0.000000,
victims,2024,5.2.1,Theft from vehicles by forced entry,3,14-17,M,9,f,t,0.000519,
victims,2024,5.2.1,Theft from vehicles by forced entry,3,14-17,F,7,f,t,0.000404,
victims,2024,5.2.1,Theft from vehicles by forced entry,3,14-17,U,0,f,t,0.000000,
victims,2024,5.2.1,Theft from vehicles by forced entry,3,18-30,M,2141,f,t,0.123514,
victims,2024,5.2.1,Theft from vehicles by forced entry,3,18-30,F,930,f,t,0.053652,
victims,2024,5.2.1,Theft from vehicles by forced entry,3,18-30,U,0,f,t,0.000000,
victims,2024,5.2.1,Theft from vehicles by forced entry,3,31-40,M,3115,f,t,0.179705,
victims,2024,5.2.1,Theft from vehicles by forced entry,3,31-40,F,1220,f,t,0.070382,
victims,2024,5.2.1,Theft from vehicles by forced entry,3,31-40,U,0,f,t,0.000000,
victims,2024,5.2.1,Theft from vehicles by forced entry,3,41-64,M,7051,f,t,0.406773,
victims,2024,5.2.1,Theft from vehicles by forced entry,3,41-64,F,2085,f,t,0.120284,
victims,2024,5.2.1,Theft from vehicles by forced entry,3,41-64,U,0,f,t,0.000000,
victims,2024,5.2.1,Theft from vehicles by forced entry,3,65+,M,578,f,t,0.033345,
victims,2024,5.2.1,Theft from vehicles by forced entry,3,65+,F,149,f,t,0.008596,
victims,2024,5.2.1,Theft from vehicles by forced entry,3,65+,U,0,f,t,0.000000,
victims,2024,5.2.1,Theft from vehicles by forced entry,3,U,M,40,f,f,0.002308,
victims,2024,5.2.1,Theft from vehicles by forced entry,3,U,F,4,f,f,0.000231,
victims,2024,5.2.1,Theft from vehicles by forced entry,3,U,U,1,f,f,0.000058,
victims,2024,5.2.2,Domestic burglary,3,0-13,M,0,f,f,0.000000,
victims,2024,5.2.2,Domestic burglary,3,0-13,F,0,f,f,0.000000,
victims,2024,5.2.2,Domestic burglary,3,0-13,U,0,f,f,0.000000,
victims,2024,5.2.2,Domestic burglary,3,14-17,M,1,f,t,0.000191,
victims,2024,5.2.2,Domestic burglary,3,14-17,F,0,f,t,0.000000,
victims,2024,5.2.2,Domestic burglary,3,14-17,U,0,f,t,0.000000,
victims,2024,5.2.2,Domestic burglary,3,18-30,M,297,f,t,0.056755,
victims,2024,5.2.2,Domestic burglary,3,18-30,F,270,f,t,0.051596,
victims,2024,5.2.2,Domestic burglary,3,18-30,U,0,f,t,0.000000,
victims,2024,5.2.2,Domestic burglary,3,31-40,M,449,f,t,0.085802,
victims,2024,5.2.2,Domestic burglary,3,31-40,F,402,f,t,0.076820,
victims,2024,5.2.2,Domestic burglary,3,31-40,U,0,f,t,0.000000,
victims,2024,5.2.2,Domestic burglary,3,41-64,M,1381,f,t,0.263902,
victims,2024,5.2.2,Domestic burglary,3,41-64,F,1136,f,t,0.217084,
victims,2024,5.2.2,Domestic burglary,3,41-64,U,0,f,t,0.000000,
victims,2024,5.2.2,Domestic burglary,3,65+,M,697,f,t,0.133193,
victims,2024,5.2.2,Domestic burglary,3,65+,F,587,f,t,0.112173,
victims,2024,5.2.2,Domestic burglary,3,65+,U,0,f,t,0.000000,
victims,2024,5.2.2,Domestic burglary,3,U,M,7,f,f,0.001338,
victims,2024,5.2.2,Domestic burglary,3,U,F,2,f,f,0.000382,
victims,2024,5.2.2,Domestic burglary,3,U,U,4,f,f,0.000764,
victims,2024,5.2.3,Burglary of commercial premises,3,0-13,M,0,f,f,0.000000,
victims,2024,5.2.3,Burglary of commercial premises,3,0-13,F,1,f,f,0.000346,
victims,2024,5.2.3,Burglary of commercial premises,3,0-13,U,0,f,f,0.000000,
victims,2024,5.2.3,Burglary of commercial premises,3,14-17,M,0,f,t,0.000000,
victims,2024,5.2.3,Burglary of commercial premises,3,14-17,F,1,f,t,0.000346,
victims,2024,5.2.3,Burglary of commercial premises,3,14-17,U,0,f,t,0.000000,
victims,2024,5.2.3,Burglary of commercial premises,3,18-30,M,188,f,t,0.065007,
victims,2024,5.2.3,Burglary of commercial premises,3,18-30,F,103,f,t,0.035615,
victims,2024,5.2.3,Burglary of commercial premises,3,18-30,U,0,f,t,0.000000,
victims,2024,5.2.3,Burglary of commercial premises,3,31-40,M,419,f,t,0.144882,
victims,2024,5.2.3,Burglary of commercial premises,3,31-40,F,277,f,t,0.095781,
victims,2024,5.2.3,Burglary of commercial premises,3,31-40,U,0,f,t,0.000000,
victims,2024,5.2.3,Burglary of commercial premises,3,41-64,M,1139,f,t,0.393845,
victims,2024,5.2.3,Burglary of commercial premises,3,41-64,F,570,f,t,0.197095,
victims,2024,5.2.3,Burglary of commercial premises,3,41-64,U,0,f,t,0.000000,
victims,2024,5.2.3,Burglary of commercial premises,3,65+,M,118,f,t,0.040802,
victims,2024,5.2.3,Burglary of commercial premises,3,65+,F,52,f,t,0.017981,
victims,2024,5.2.3,Burglary of commercial premises,3,65+,U,0,f,t,0.000000,
victims,2024,5.2.3,Burglary of commercial premises,3,U,M,17,f,f,0.005878,
victims,2024,5.2.3,Burglary of commercial premises,3,U,F,4,f,f,0.001383,
victims,2024,5.2.3,Burglary of commercial premises,3,U,U,3,f,f,0.001037,
victims,2024,5.3,Robbery with violence or intimidation,2,0-13,M,74,f,f,0.006637,
victims,2024,5.3,Robbery with violence or intimidation,2,0-13,F,9,f,f,0.000807,
victims,2024,5.3,Robbery with violence or intimidation,2,0-13,U,0,f,f,0.000000,
victims,2024,5.3,Robbery with violence or intimidation,2,14-17,M,596,f,t,0.053458,
victims,2024,5.3,Robbery with violence or intimidation,2,14-17,F,114,f,t,0.010225,
victims,2024,5.3,Robbery with violence or intimidation,2,14-17,U,0,f,t,0.000000,
victims,2024,5.3,Robbery with violence or intimidation,2,18-30,M,2812,f,t,0.252220,
victims,2024,5.3,Robbery with violence or intimidation,2,18-30,F,1045,f,t,0.093730,
victims,2024,5.3,Robbery with violence or intimidation,2,18-30,U,0,f,t,0.000000,
victims,2024,5.3,Robbery with violence or intimidation,2,31-40,M,1515,f,t,0.135887,
victims,2024,5.3,Robbery with violence or intimidation,2,31-40,F,568,f,t,0.050946,
victims,2024,5.3,Robbery with violence or intimidation,2,31-40,U,0,f,t,0.000000,
victims,2024,5.3,Robbery with violence or intimidation,2,41-64,M,2196,f,t,0.196968,
victims,2024,5.3,Robbery with violence or intimidation,2,41-64,F,1123,f,t,0.100727,
victims,2024,5.3,Robbery with violence or intimidation,2,41-64,U,2,f,t,0.000179,
victims,2024,5.3,Robbery with violence or intimidation,2,65+,M,477,f,t,0.042784,
victims,2024,5.3,Robbery with violence or intimidation,2,65+,F,545,f,t,0.048883,
victims,2024,5.3,Robbery with violence or intimidation,2,65+,U,1,f,t,0.000090,
victims,2024,5.3,Robbery with violence or intimidation,2,U,M,57,f,f,0.005113,
victims,2024,5.3,Robbery with violence or intimidation,2,U,F,11,f,f,0.000987,
victims,2024,5.3,Robbery with violence or intimidation,2,U,U,4,f,f,0.000359,
victims,2024,5.3.1,Street robbery,3,0-13,M,59,f,f,0.007725,
victims,2024,5.3.1,Street robbery,3,0-13,F,5,f,f,0.000655,
victims,2024,5.3.1,Street robbery,3,0-13,U,0,f,f,0.000000,
victims,2024,5.3.1,Street robbery,3,14-17,M,461,f,t,0.060356,
victims,2024,5.3.1,Street robbery,3,14-17,F,71,f,t,0.009296,
victims,2024,5.3.1,Street robbery,3,14-17,U,0,f,t,0.000000,
victims,2024,5.3.1,Street robbery,3,18-30,M,2089,f,t,0.273501,
victims,2024,5.3.1,Street robbery,3,18-30,F,653,f,t,0.085494,
victims,2024,5.3.1,Street robbery,3,18-30,U,0,f,t,0.000000,
victims,2024,5.3.1,Street robbery,3,31-40,M,1072,f,t,0.140351,
victims,2024,5.3.1,Street robbery,3,31-40,F,350,f,t,0.045824,
victims,2024,5.3.1,Street robbery,3,31-40,U,0,f,t,0.000000,
victims,2024,5.3.1,Street robbery,3,41-64,M,1515,f,t,0.198350,
victims,2024,5.3.1,Street robbery,3,41-64,F,672,f,t,0.087981,
victims,2024,5.3.1,Street robbery,3,41-64,U,0,f,t,0.000000,
victims,2024,5.3.1,Street robbery,3,65+,M,311,f,t,0.040717,
victims,2024,5.3.1,Street robbery,3,65+,F,351,f,t,0.045954,
victims,2024,5.3.1,Street robbery,3,65+,U,1,f,t,0.000131,
victims,2024,5.3.1,Street robbery,3,U,M,16,f,f,0.002095,
victims,2024,5.3.1,Street robbery,3,U,F,8,f,f,0.001047,
victims,2024,5.3.1,Street robbery,3,U,U,4,f,f,0.000524,
victims,2024,5.3.2,Robbery in dwellings,3,0-13,M,2,f,f,0.003295,
victims,2024,5.3.2,Robbery in dwellings,3,0-13,F,0,f,f,0.000000,
victims,2024,5.3.2,Robbery in dwellings,3,0-13,U,0,f,f,0.000000,
victims,2024,5.3.2,Robbery in dwellings,3,14-17,M,7,f,t,0.011532,
victims,2024,5.3.2,Robbery in dwellings,3,14-17,F,2,f,t,0.003295,
victims,2024,5.3.2,Robbery in dwellings,3,14-17,U,0,f,t,0.000000,
victims,2024,5.3.2,Robbery in dwellings,3,18-30,M,84,f,t,0.138386,
victims,2024,5.3.2,Robbery in dwellings,3,18-30,F,36,f,t,0.059308,
victims,2024,5.3.2,Robbery in dwellings,3,18-30,U,0,f,t,0.000000,
victims,2024,5.3.2,Robbery in dwellings,3,31-40,M,50,f,t,0.082372,
victims,2024,5.3.2,Robbery in dwellings,3,31-40,F,40,f,t,0.065898,
victims,2024,5.3.2,Robbery in dwellings,3,31-40,U,0,f,t,0.000000,
victims,2024,5.3.2,Robbery in dwellings,3,41-64,M,95,f,t,0.156507,
victims,2024,5.3.2,Robbery in dwellings,3,41-64,F,97,f,t,0.159802,
victims,2024,5.3.2,Robbery in dwellings,3,41-64,U,0,f,t,0.000000,
victims,2024,5.3.2,Robbery in dwellings,3,65+,M,84,f,t,0.138386,
victims,2024,5.3.2,Robbery in dwellings,3,65+,F,108,f,t,0.177924,
victims,2024,5.3.2,Robbery in dwellings,3,65+,U,0,f,t,0.000000,
victims,2024,5.3.2,Robbery in dwellings,3,U,M,1,f,f,0.001647,
victims,2024,5.3.2,Robbery in dwellings,3,U,F,1,f,f,0.001647,
victims,2024,5.3.2,Robbery in dwellings,3,U,U,0,f,f,0.000000,
victims,2024,5.3.3,Robbery of commercial premises,3,0-13,M,0,f,f,0.000000,
victims,2024,5.3.3,Robbery of commercial premises,3,0-13,F,2,f,f,0.001347,
victims,2024,5.3.3,Robbery of commercial premises,3,0-13,U,0,f,f,0.000000,
victims,2024,5.3.3,Robbery of commercial premises,3,14-17,M,12,f,t,0.008081,
victims,2024,5.3.3,Robbery of commercial premises,3,14-17,F,2,f,t,0.001347,
victims,2024,5.3.3,Robbery of commercial premises,3,14-17,U,0,f,t,0.000000,
victims,2024,5.3.3,Robbery of commercial premises,3,18-30,M,269,f,t,0.181145,
victims,2024,5.3.3,Robbery of commercial premises,3,18-30,F,189,f,t,0.127273,
victims,2024,5.3.3,Robbery of commercial premises,3,18-30,U,0,f,t,0.000000,
victims,2024,5.3.3,Robbery of commercial premises,3,31-40,M,245,f,t,0.164983,
victims,2024,5.3.3,Robbery of commercial premises,3,31-40,F,111,f,t,0.074747,
victims,2024,5.3.3,Robbery of commercial premises,3,31-40,U,0,f,t,0.000000,
victims,2024,5.3.3,Robbery of commercial premises,3,41-64,M,349,f,t,0.235017,
victims,2024,5.3.3,Robbery of commercial premises,3,41-64,F,224,f,t,0.150842,
victims,2024,5.3.3,Robbery of commercial premises,3,41-64,U,1,f,t,0.000673,
victims,2024,5.3.3,Robbery of commercial premises,3,65+,M,25,f,t,0.016835,
victims,2024,5.3.3,Robbery of commercial premises,3,65+,F,21,f,t,0.014141,
victims,2024,5.3.3,Robbery of commercial premises,3,65+,U,0,f,t,0.000000,
victims,2024,5.3.3,Robbery of commercial premises,3,U,M,34,f,f,0.022896,
victims,2024,5.3.3,Robbery of commercial premises,3,U,F,1,f,f,0.000673,
victims,2024,5.3.3,Robbery of commercial premises,3,U,U,0,f,f,0.000000,
victims,2024,5.4,Vehicle theft,2,0-13,M,1,f,f,0.000191,
victims,2024,5.4,Vehicle theft,2,0-13,F,0,f,f,0.000000,
victims,2024,5.4,Vehicle theft,2,0-13,U,0,f,f,0.000000,
victims,2024,5.4,Vehicle theft,2,14-17,M,1,f,t,0.000191,
victims,2024,5.4,Vehicle theft,2,14-17,F,0,f,t,0.000000,
victims,2024,5.4,Vehicle theft,2,14-17,U,0,f,t,0.000000,
victims,2024,5.4,Vehicle theft,2,18-30,M,602,f,t,0.114689,
victims,2024,5.4,Vehicle theft,2,18-30,F,228,f,t,0.043437,
victims,2024,5.4,Vehicle theft,2,18-30,U,0,f,t,0.000000,
victims,2024,5.4,Vehicle theft,2,31-40,M,940,f,t,0.179082,
victims,2024,5.4,Vehicle theft,2,31-40,F,290,f,t,0.055249,
victims,2024,5.4,Vehicle theft,2,31-40,U,0,f,t,0.000000,
victims,2024,5.4,Vehicle theft,2,41-64,M,2194,f,t,0.417984,
victims,2024,5.4,Vehicle theft,2,41-64,F,652,f,t,0.124214,
victims,2024,5.4,Vehicle theft,2,41-64,U,0,f,t,0.000000,
victims,2024,5.4,Vehicle theft,2,65+,M,255,f,t,0.048581,
victims,2024,5.4,Vehicle theft,2,65+,F,67,f,t,0.012764,
victims,2024,5.4,Vehicle theft,2,65+,U,0,f,t,0.000000,
victims,2024,5.4,Vehicle theft,2,U,M,13,f,f,0.002477,
victims,2024,5.4,Vehicle theft,2,U,F,4,f,f,0.000762,
victims,2024,5.4,Vehicle theft,2,U,U,2,f,f,0.000381,
victims,2024,5.5,Fraud,2,0-13,M,11,f,f,0.000180,
victims,2024,5.5,Fraud,2,0-13,F,8,f,f,0.000131,
victims,2024,5.5,Fraud,2,0-13,U,0,f,f,0.000000,
victims,2024,5.5,Fraud,2,14-17,M,59,f,t,0.000966,
victims,2024,5.5,Fraud,2,14-17,F,67,f,t,0.001097,
victims,2024,5.5,Fraud,2,14-17,U,0,f,t,0.000000,
victims,2024,5.5,Fraud,2,18-30,M,5952,f,t,0.097465,
victims,2024,5.5,Fraud,2,18-30,F,6487,f,t,0.106226,
victims,2024,5.5,Fraud,2,18-30,U,1,f,t,0.000016,
victims,2024,5.5,Fraud,2,31-40,M,5221,f,t,0.085495,
victims,2024,5.5,Fraud,2,31-40,F,5362,f,t,0.087804,
victims,2024,5.5,Fraud,2,31-40,U,0,f,t,0.000000,
victims,2024,5.5,Fraud,2,41-64,M,13404,f,t,0.219493,
victims,2024,5.5,Fraud,2,41-64,F,13923,f,t,0.227992,
victims,2024,5.5,Fraud,2,41-64,U,4,f,t,0.000066,
victims,2024,5.5,Fraud,2,65+,M,5537,f,t,0.090669,
victims,2024,5.5,Fraud,2,65+,F,4986,f,t,0.081647,
victims,2024,5.5,Fraud,2,65+,U,0,f,t,0.000000,
victims,2024,5.5,Fraud,2,U,M,29,f,f,0.000475,
victims,2024,5.5,Fraud,2,U,F,14,f,f,0.000229,
victims,2024,5.5,Fraud,2,U,U,3,f,f,0.000049,
victims,2024,5.5.1,Computer enabled fraud,3,0-13,M,7,f,f,0.000151,
victims,2024,5.5.1,Computer enabled fraud,3,0-13,F,6,f,f,0.000129,
victims,2024,5.5.1,Computer enabled fraud,3,0-13,U,0,f,f,0.000000,
victims,2024,5.5.1,Computer enabled fraud,3,14-17,M,39,f,t,0.000841,
victims,2024,5.5.1,Computer enabled fraud,3,14-17,F,44,f,t,0.000949,
victims,2024,5.5.1,Computer enabled fraud,3,14-17,U,0,f,t,0.000000,
victims,2024,5.5.1,Computer enabled fraud,3,18-30,M,4410,f,t,0.095139,
victims,2024,5.5.1,Computer enabled fraud,3,18-30,F,4785,f,t,0.103230,
victims,2024,5.5.1,Computer enabled fraud,3,18-30,U,0,f,t,0.000000,
victims,2024,5.5.1,Computer enabled fraud,3,31-40,M,3828,f,t,0.082584,
victims,2024,5.5.1,Computer enabled fraud,3,31-40,F,4223,f,t,0.091105,
victims,2024,5.5.1,Computer enabled fraud,3,31-40,U,0,f,t,0.000000,
victims,2024,5.5.1,Computer enabled fraud,3,41-64,M,10328,f,t,0.222812,
victims,2024,5.5.1,Computer enabled fraud,3,41-64,F,11228,f,t,0.242228,
victims,2024,5.5.1,Computer enabled fraud,3,41-64,U,3,f,t,0.000065,
victims,2024,5.5.1,Computer enabled fraud,3,65+,M,4048,f,t,0.087330,
victims,2024,5.5.1,Computer enabled fraud,3,65+,F,3396,f,t,0.073264,
victims,2024,5.5.1,Computer enabled fraud,3,65+,U,0,f,t,0.000000,
victims,2024,5.5.1,Computer enabled fraud,3,U,M,6,f,f,0.000129,
victims,2024,5.5.1,Computer enabled fraud,3,U,F,1,f,f,0.000022,
victims,2024,5.5.1,Computer enabled fraud,3,U,U,1,f,f,0.000022,
victims,2024,5.6,Criminal damage,2,0-13,M,9,f,f,0.000409,
victims,2024,5.6,Criminal damage,2,0-13,F,2,f,f,0.000091,
victims,2024,5.6,Criminal damage,2,0-13,U,0,f,f,0.000000,
victims,2024,5.6,Criminal damage,2,14-17,M,7,f,t,0.000318,
victims,2024,5.6,Criminal damage,2,14-17,F,6,f,t,0.000272,
victims,2024,5.6,Criminal damage,2,14-17,U,0,f,t,0.000000,
victims,2024,5.6,Criminal damage,2,18-30,M,1722,f,t,0.078180,
victims,2024,5.6,Criminal damage,2,18-30,F,1074,f,t,0.048761,
victims,2024,5.6,Criminal damage,2,18-30,U,0,f,t,0.000000,
victims,2024,5.6,Criminal damage,2,31-40,M,2721,f,t,0.123536,
victims,2024,5.6,Criminal damage,2,31-40,F,1561,f,t,0.070871,
victims,2024,5.6,Criminal damage,2,31-40,U,0,f,t,0.000000,
victims,2024,5.6,Criminal damage,2,41-64,M,7991,f,t,0.362799,
victims,2024,5.6,Criminal damage,2,41-64,F,4449,f,t,0.201989,
victims,2024,5.6,Criminal damage,2,41-64,U,0,f,t,0.000000,
victims,2024,5.6,Criminal damage,2,65+,M,1637,f,t,0.074321,
victims,2024,5.6,Criminal damage,2,65+,F,802,f,t,0.036412,
victims,2024,5.6,Criminal damage,2,65+,U,0,f,t,0.000000,
victims,2024,5.6,Criminal damage,2,U,M,32,f,f,0.001453,
victims,2024,5.6,Criminal damage,2,U,F,9,f,f,0.000409,
victims,2024,5.6,Criminal damage,2,U,U,4,f,f,0.000182,
victims,2024,5.7,Offences against intellectual and industrial property,2,0-13,M,0,f,f,0.000000,
victims,2024,5.7,Offences against intellectual and industrial property,2,0-13,F,0,f,f,0.000000,
victims,2024,5.7,Offences against intellectual and industrial property,2,0-13,U,0,f,f,0.000000,
victims,2024,5.7,Offences against intellectual and industrial property,2,14-17,M,0,f,t,0.000000,
victims,2024,5.7,Offences against intellectual and industrial property,2,14-17,F,0,f,t,0.000000,
victims,2024,5.7,Offences against intellectual and industrial property,2,14-17,U,0,f,t,0.000000,
victims,2024,5.7,Offences against intellectual and industrial property,2,18-30,M,2,f,t,0.086957,
victims,2024,5.7,Offences against intellectual and industrial property,2,18-30,F,1,f,t,0.043478,
victims,2024,5.7,Offences against intellectual and industrial property,2,18-30,U,0,f,t,0.000000,
victims,2024,5.7,Offences against intellectual and industrial property,2,31-40,M,0,f,t,0.000000,
victims,2024,5.7,Offences against intellectual and industrial property,2,31-40,F,3,f,t,0.130435,
victims,2024,5.7,Offences against intellectual and industrial property,2,31-40,U,0,f,t,0.000000,
victims,2024,5.7,Offences against intellectual and industrial property,2,41-64,M,6,f,t,0.260870,
victims,2024,5.7,Offences against intellectual and industrial property,2,41-64,F,8,f,t,0.347826,
victims,2024,5.7,Offences against intellectual and industrial property,2,41-64,U,0,f,t,0.000000,
victims,2024,5.7,Offences against intellectual and industrial property,2,65+,M,1,f,t,0.043478,
victims,2024,5.7,Offences against intellectual and industrial property,2,65+,F,0,f,t,0.000000,
victims,2024,5.7,Offences against intellectual and industrial property,2,65+,U,0,f,t,0.000000,
victims,2024,5.7,Offences against intellectual and industrial property,2,U,M,0,f,f,0.000000,
victims,2024,5.7,Offences against intellectual and industrial property,2,U,F,0,f,f,0.000000,
victims,2024,5.7,Offences against intellectual and industrial property,2,U,U,2,f,f,0.086957,
victims,2024,5.8,Money laundering,2,0-13,M,0,f,f,0.000000,
victims,2024,5.8,Money laundering,2,0-13,F,0,f,f,0.000000,
victims,2024,5.8,Money laundering,2,0-13,U,0,f,f,0.000000,
victims,2024,5.8,Money laundering,2,14-17,M,0,f,t,0.000000,
victims,2024,5.8,Money laundering,2,14-17,F,0,f,t,0.000000,
victims,2024,5.8,Money laundering,2,14-17,U,0,f,t,0.000000,
victims,2024,5.8,Money laundering,2,18-30,M,5,f,t,0.294118,
victims,2024,5.8,Money laundering,2,18-30,F,3,f,t,0.176471,
victims,2024,5.8,Money laundering,2,18-30,U,0,f,t,0.000000,
victims,2024,5.8,Money laundering,2,31-40,M,1,f,t,0.058824,
victims,2024,5.8,Money laundering,2,31-40,F,2,f,t,0.117647,
victims,2024,5.8,Money laundering,2,31-40,U,0,f,t,0.000000,
victims,2024,5.8,Money laundering,2,41-64,M,3,f,t,0.176471,
victims,2024,5.8,Money laundering,2,41-64,F,2,f,t,0.117647,
victims,2024,5.8,Money laundering,2,41-64,U,0,f,t,0.000000,
victims,2024,5.8,Money laundering,2,65+,M,0,f,t,0.000000,
victims,2024,5.8,Money laundering,2,65+,F,1,f,t,0.058824,
victims,2024,5.8,Money laundering,2,65+,U,0,f,t,0.000000,
victims,2024,5.8,Money laundering,2,U,M,0,f,f,0.000000,
victims,2024,5.8,Money laundering,2,U,F,0,f,f,0.000000,
victims,2024,5.8,Money laundering,2,U,U,0,f,f,0.000000,
victims,2024,5.9,Other property offences,2,0-13,M,10,f,f,0.001424,
victims,2024,5.9,Other property offences,2,0-13,F,9,f,f,0.001282,
victims,2024,5.9,Other property offences,2,0-13,U,0,f,f,0.000000,
victims,2024,5.9,Other property offences,2,14-17,M,89,f,t,0.012674,
victims,2024,5.9,Other property offences,2,14-17,F,42,f,t,0.005981,
victims,2024,5.9,Other property offences,2,14-17,U,0,f,t,0.000000,
victims,2024,5.9,Other property offences,2,18-30,M,1278,f,t,0.181999,
victims,2024,5.9,Other property offences,2,18-30,F,754,f,t,0.107377,
victims,2024,5.9,Other property offences,2,18-30,U,0,f,t,0.000000,
victims,2024,5.9,Other property offences,2,31-40,M,793,f,t,0.112931,
victims,2024,5.9,Other property offences,2,31-40,F,538,f,t,0.076616,
victims,2024,5.9,Other property offences,2,31-40,U,0,f,t,0.000000,
victims,2024,5.9,Other property offences,2,41-64,M,1603,f,t,0.228283,
victims,2024,5.9,Other property offences,2,41-64,F,1110,f,t,0.158075,
victims,2024,5.9,Other property offences,2,41-64,U,0,f,t,0.000000,
victims,2024,5.9,Other property offences,2,65+,M,378,f,t,0.053831,
victims,2024,5.9,Other property offences,2,65+,F,311,f,t,0.044289,
victims,2024,5.9,Other property offences,2,65+,U,0,f,t,0.000000,
victims,2024,5.9,Other property offences,2,U,M,52,f,f,0.007405,
victims,2024,5.9,Other property offences,2,U,F,8,f,f,0.001139,
victims,2024,5.9,Other property offences,2,U,U,47,f,f,0.006693,
victims,2024,6,Offences against public safety,1,0-13,M,1,f,f,0.005682,
victims,2024,6,Offences against public safety,1,0-13,F,0,f,f,0.000000,
victims,2024,6,Offences against public safety,1,0-13,U,0,f,f,0.000000,
victims,2024,6,Offences against public safety,1,14-17,M,0,f,t,0.000000,
victims,2024,6,Offences against public safety,1,14-17,F,4,f,t,0.022727,
victims,2024,6,Offences against public safety,1,14-17,U,0,f,t,0.000000,
victims,2024,6,Offences against public safety,1,18-30,M,33,f,t,0.187500,
victims,2024,6,Offences against public safety,1,18-30,F,13,f,t,0.073864,
victims,2024,6,Offences against public safety,1,18-30,U,0,f,t,0.000000,
victims,2024,6,Offences against public safety,1,31-40,M,19,f,t,0.107955,
victims,2024,6,Offences against public safety,1,31-40,F,13,f,t,0.073864,
victims,2024,6,Offences against public safety,1,31-40,U,0,f,t,0.000000,
victims,2024,6,Offences against public safety,1,41-64,M,48,f,t,0.272727,
victims,2024,6,Offences against public safety,1,41-64,F,24,f,t,0.136364,
victims,2024,6,Offences against public safety,1,41-64,U,0,f,t,0.000000,
victims,2024,6,Offences against public safety,1,65+,M,6,f,t,0.034091,
victims,2024,6,Offences against public safety,1,65+,F,6,f,t,0.034091,
victims,2024,6,Offences against public safety,1,65+,U,0,f,t,0.000000,
victims,2024,6,Offences against public safety,1,U,M,9,f,f,0.051136,
victims,2024,6,Offences against public safety,1,U,F,0,f,f,0.000000,
victims,2024,6,Offences against public safety,1,U,U,0,f,f,0.000000,
victims,2024,6.1,Drug trafficking,2,0-13,M,0,f,f,0.000000,
victims,2024,6.1,Drug trafficking,2,0-13,F,0,f,f,0.000000,
victims,2024,6.1,Drug trafficking,2,0-13,U,0,f,f,0.000000,
victims,2024,6.1,Drug trafficking,2,14-17,M,0,f,t,0.000000,
victims,2024,6.1,Drug trafficking,2,14-17,F,1,f,t,0.045455,
victims,2024,6.1,Drug trafficking,2,14-17,U,0,f,t,0.000000,
victims,2024,6.1,Drug trafficking,2,18-30,M,6,f,t,0.272727,
victims,2024,6.1,Drug trafficking,2,18-30,F,0,f,t,0.000000,
victims,2024,6.1,Drug trafficking,2,18-30,U,0,f,t,0.000000,
victims,2024,6.1,Drug trafficking,2,31-40,M,2,f,t,0.090909,
victims,2024,6.1,Drug trafficking,2,31-40,F,2,f,t,0.090909,
victims,2024,6.1,Drug trafficking,2,31-40,U,0,f,t,0.000000,
victims,2024,6.1,Drug trafficking,2,41-64,M,4,f,t,0.181818,
victims,2024,6.1,Drug trafficking,2,41-64,F,2,f,t,0.090909,
victims,2024,6.1,Drug trafficking,2,41-64,U,0,f,t,0.000000,
victims,2024,6.1,Drug trafficking,2,65+,M,1,f,t,0.045455,
victims,2024,6.1,Drug trafficking,2,65+,F,2,f,t,0.090909,
victims,2024,6.1,Drug trafficking,2,65+,U,0,f,t,0.000000,
victims,2024,6.1,Drug trafficking,2,U,M,2,f,f,0.090909,
victims,2024,6.1,Drug trafficking,2,U,F,0,f,f,0.000000,
victims,2024,6.1,Drug trafficking,2,U,U,0,f,f,0.000000,
victims,2024,6.2,Road safety offences,2,0-13,M,0,f,f,0.000000,
victims,2024,6.2,Road safety offences,2,0-13,F,0,f,f,0.000000,
victims,2024,6.2,Road safety offences,2,0-13,U,0,f,f,0.000000,
victims,2024,6.2,Road safety offences,2,14-17,M,0,f,t,0.000000,
victims,2024,6.2,Road safety offences,2,14-17,F,0,f,t,0.000000,
victims,2024,6.2,Road safety offences,2,14-17,U,0,f,t,0.000000,
victims,2024,6.2,Road safety offences,2,18-30,M,18,f,t,0.240000,
victims,2024,6.2,Road safety offences,2,18-30,F,9,f,t,0.120000,
victims,2024,6.2,Road safety offences,2,18-30,U,0,f,t,0.000000,
victims,2024,6.2,Road safety offences,2,31-40,M,7,f,t,0.093333,
victims,2024,6.2,Road safety offences,2,31-40,F,4,f,t,0.053333,
victims,2024,6.2,Road safety offences,2,31-40,U,0,f,t,0.000000,
victims,2024,6.2,Road safety offences,2,41-64,M,20,f,t,0.266667,
victims,2024,6.2,Road safety offences,2,41-64,F,9,f,t,0.120000,
victims,2024,6.2,Road safety offences,2,41-64,U,0,f,t,0.000000,
victims,2024,6.2,Road safety offences,2,65+,M,2,f,t,0.026667,
victims,2024,6.2,Road safety offences,2,65+,F,2,f,t,0.026667,
victims,2024,6.2,Road safety offences,2,65+,U,0,f,t,0.000000,
victims,2024,6.2,Road safety offences,2,U,M,4,f,f,0.053333,
victims,2024,6.2,Road safety offences,2,U,F,0,f,f,0.000000,
victims,2024,6.2,Road safety offences,2,U,U,0,f,f,0.000000,
victims,2024,6.3,Other offences against public safety,2,0-13,M,1,f,f,0.012658,
victims,2024,6.3,Other offences against public safety,2,0-13,F,0,f,f,0.000000,
victims,2024,6.3,Other offences against public safety,2,0-13,U,0,f,f,0.000000,
victims,2024,6.3,Other offences against public safety,2,14-17,M,0,f,t,0.000000,
victims,2024,6.3,Other offences against public safety,2,14-17,F,3,f,t,0.037975,
victims,2024,6.3,Other offences against public safety,2,14-17,U,0,f,t,0.000000,
victims,2024,6.3,Other offences against public safety,2,18-30,M,9,f,t,0.113924,
victims,2024,6.3,Other offences against public safety,2,18-30,F,4,f,t,0.050633,
victims,2024,6.3,Other offences against public safety,2,18-30,U,0,f,t,0.000000,
victims,2024,6.3,Other offences against public safety,2,31-40,M,10,f,t,0.126582,
victims,2024,6.3,Other offences against public safety,2,31-40,F,7,f,t,0.088608,
victims,2024,6.3,Other offences against public safety,2,31-40,U,0,f,t,0.000000,
victims,2024,6.3,Other offences against public safety,2,41-64,M,24,f,t,0.303797,
victims,2024,6.3,Other offences against public safety,2,41-64,F,13,f,t,0.164557,
victims,2024,6.3,Other offences against public safety,2,41-64,U,0,f,t,0.000000,
victims,2024,6.3,Other offences against public safety,2,65+,M,3,f,t,0.037975,
victims,2024,6.3,Other offences against public safety,2,65+,F,2,f,t,0.025316,
victims,2024,6.3,Other offences against public safety,2,65+,U,0,f,t,0.000000,
victims,2024,6.3,Other offences against public safety,2,U,M,3,f,f,0.037975,
victims,2024,6.3,Other offences against public safety,2,U,F,0,f,f,0.000000,
victims,2024,6.3,Other offences against public safety,2,U,U,0,f,f,0.000000,
victims,2024,7,Forgery offences,1,0-13,M,4,f,f,0.000631,
victims,2024,7,Forgery offences,1,0-13,F,8,f,f,0.001261,
victims,2024,7,Forgery offences,1,0-13,U,0,f,f,0.000000,
victims,2024,7,Forgery offences,1,14-17,M,15,f,t,0.002365,
victims,2024,7,Forgery offences,1,14-17,F,19,f,t,0.002995,
victims,2024,7,Forgery offences,1,14-17,U,0,f,t,0.000000,
victims,2024,7,Forgery offences,1,18-30,M,733,f,t,0.115560,
victims,2024,7,Forgery offences,1,18-30,F,711,f,t,0.112092,
victims,2024,7,Forgery offences,1,18-30,U,0,f,t,0.000000,
victims,2024,7,Forgery offences,1,31-40,M,751,f,t,0.118398,
victims,2024,7,Forgery offences,1,31-40,F,630,f,t,0.099322,
victims,2024,7,Forgery offences,1,31-40,U,0,f,t,0.000000,
victims,2024,7,Forgery offences,1,41-64,M,1605,f,t,0.253035,
victims,2024,7,Forgery offences,1,41-64,F,1355,f,t,0.213621,
victims,2024,7,Forgery offences,1,41-64,U,0,f,t,0.000000,
victims,2024,7,Forgery offences,1,65+,M,283,f,t,0.044616,
victims,2024,7,Forgery offences,1,65+,F,214,f,t,0.033738,
victims,2024,7,Forgery offences,1,65+,U,0,f,t,0.000000,
victims,2024,7,Forgery offences,1,U,M,5,f,f,0.000788,
victims,2024,7,Forgery offences,1,U,F,10,f,f,0.001577,
victims,2024,7,Forgery offences,1,U,U,0,f,f,0.000000,
victims,2024,8,Offences against the public administration,1,0-13,M,0,f,f,0.000000,
victims,2024,8,Offences against the public administration,1,0-13,F,0,f,f,0.000000,
victims,2024,8,Offences against the public administration,1,0-13,U,0,f,f,0.000000,
victims,2024,8,Offences against the public administration,1,14-17,M,0,f,t,0.000000,
victims,2024,8,Offences against the public administration,1,14-17,F,2,f,t,0.100000,
victims,2024,8,Offences against the public administration,1,14-17,U,0,f,t,0.000000,
victims,2024,8,Offences against the public administration,1,18-30,M,2,f,t,0.100000,
victims,2024,8,Offences against the public administration,1,18-30,F,6,f,t,0.300000,
victims,2024,8,Offences against the public administration,1,18-30,U,0,f,t,0.000000,
victims,2024,8,Offences against the public administration,1,31-40,M,1,f,t,0.050000,
victims,2024,8,Offences against the public administration,1,31-40,F,0,f,t,0.000000,
victims,2024,8,Offences against the public administration,1,31-40,U,0,f,t,0.000000,
victims,2024,8,Offences against the public administration,1,41-64,M,0,f,t,0.000000,
victims,2024,8,Offences against the public administration,1,41-64,F,8,f,t,0.400000,
victims,2024,8,Offences against the public administration,1,41-64,U,0,f,t,0.000000,
victims,2024,8,Offences against the public administration,1,65+,M,1,f,t,0.050000,
victims,2024,8,Offences against the public administration,1,65+,F,0,f,t,0.000000,
victims,2024,8,Offences against the public administration,1,65+,U,0,f,t,0.000000,
victims,2024,8,Offences against the public administration,1,U,M,0,f,f,0.000000,
victims,2024,8,Offences against the public administration,1,U,F,0,f,f,0.000000,
victims,2024,8,Offences against the public administration,1,U,U,0,f,f,0.000000,
victims,2024,9,Offences against the administration of justice,1,0-13,M,19,f,f,0.004307,
victims,2024,9,Offences against the administration of justice,1,0-13,F,8,f,f,0.001814,
victims,2024,9,Offences against the administration of justice,1,0-13,U,0,f,f,0.000000,
victims,2024,9,Offences against the administration of justice,1,14-17,M,9,f,t,0.002040,
victims,2024,9,Offences against the administration of justice,1,14-17,F,64,f,t,0.014509,
victims,2024,9,Offences against the administration of justice,1,14-17,U,0,f,t,0.000000,
victims,2024,9,Offences against the administration of justice,1,18-30,M,110,f,t,0.024938,
victims,2024,9,Offences against the administration of justice,1,18-30,F,906,f,t,0.205396,
victims,2024,9,Offences against the administration of justice,1,18-30,U,0,f,t,0.000000,
victims,2024,9,Offences against the administration of justice,1,31-40,M,150,f,t,0.034006,
victims,2024,9,Offences against the administration of justice,1,31-40,F,1033,f,t,0.234187,
victims,2024,9,Offences against the administration of justice,1,31-40,U,0,f,t,0.000000,
victims,2024,9,Offences against the administration of justice,1,41-64,M,266,f,t,0.060304,
victims,2024,9,Offences against the administration of justice,1,41-64,F,1235,f,t,0.279982,
victims,2024,9,Offences against the administration of justice,1,41-64,U,2,f,t,0.000453,
victims,2024,9,Offences against the administration of justice,1,65+,M,103,f,t,0.023351,
victims,2024,9,Offences against the administration of justice,1,65+,F,150,f,t,0.034006,
victims,2024,9,Offences against the administration of justice,1,65+,U,0,f,t,0.000000,
victims,2024,9,Offences against the administration of justice,1,U,M,206,f,f,0.046701,
victims,2024,9,Offences against the administration of justice,1,U,F,132,f,f,0.029925,
victims,2024,9,Offences against the administration of justice,1,U,U,18,f,f,0.004081,
victims,2024,10,Offences against public order,1,0-13,M,5,f,f,0.001323,
victims,2024,10,Offences against public order,1,0-13,F,0,f,f,0.000000,
victims,2024,10,Offences against public order,1,0-13,U,0,f,f,0.000000,
victims,2024,10,Offences against public order,1,14-17,M,1,f,t,0.000265,
victims,2024,10,Offences against public order,1,14-17,F,0,f,t,0.000000,
victims,2024,10,Offences against public order,1,14-17,U,0,f,t,0.000000,
victims,2024,10,Offences against public order,1,18-30,M,194,f,t,0.051336,
victims,2024,10,Offences against public order,1,18-30,F,30,f,t,0.007939,
victims,2024,10,Offences against public order,1,18-30,U,3,f,t,0.000794,
victims,2024,10,Offences against public order,1,31-40,M,631,f,t,0.166975,
victims,2024,10,Offences against public order,1,31-40,F,43,f,t,0.011379,
victims,2024,10,Offences against public order,1,31-40,U,4,f,t,0.001058,
victims,2024,10,Offences against public order,1,41-64,M,512,f,t,0.135486,
victims,2024,10,Offences against public order,1,41-64,F,36,f,t,0.009526,
victims,2024,10,Offences against public order,1,41-64,U,1,f,t,0.000265,
victims,2024,10,Offences against public order,1,65+,M,1,f,t,0.000265,
victims,2024,10,Offences against public order,1,65+,F,0,f,t,0.000000,
victims,2024,10,Offences against public order,1,65+,U,0,f,t,0.000000,
victims,2024,10,Offences against public order,1,U,M,1955,f,f,0.517333,
victims,2024,10,Offences against public order,1,U,F,79,f,f,0.020905,
victims,2024,10,Offences against public order,1,U,U,284,f,f,0.075152,
victims,2024,11,Offences under special legislation,1,0-13,M,0,f,f,,
victims,2024,11,Offences under special legislation,1,0-13,F,0,f,f,,
victims,2024,11,Offences under special legislation,1,0-13,U,0,f,f,,
victims,2024,11,Offences under special legislation,1,14-17,M,0,f,t,,
victims,2024,11,Offences under special legislation,1,14-17,F,0,f,t,,
victims,2024,11,Offences under special legislation,1,14-17,U,0,f,t,,
victims,2024,11,Offences under special legislation,1,18-30,M,0,f,t,,
victims,2024,11,Offences under special legislation,1,18-30,F,0,f,t,,
victims,2024,11,Offences under special legislation,1,18-30,U,0,f,t,,
victims,2024,11,Offences under special legislation,1,31-40,M,0,f,t,,
victims,2024,11,Offences under special legislation,1,31-40,F,0,f,t,,
victims,2024,11,Offences under special legislation,1,31-40,U,0,f,t,,
victims,2024,11,Offences under special legislation,1,41-64,M,0,f,t,,
victims,2024,11,Offences under special legislation,1,41-64,F,0,f,t,,
victims,2024,11,Offences under special legislation,1,41-64,U,0,f,t,,
victims,2024,11,Offences under special legislation,1,65+,M,0,f,t,,
victims,2024,11,Offences under special legislation,1,65+,F,0,f,t,,
victims,2024,11,Offences under special legislation,1,65+,U,0,f,t,,
victims,2024,11,Offences under special legislation,1,U,M,0,f,f,,
victims,2024,11,Offences under special legislation,1,U,F,0,f,f,,
victims,2024,11,Offences under special legislation,1,U,U,0,f,f,,
victims,2024,12,Other criminal offences,1,0-13,M,2,f,f,0.003344,
victims,2024,12,Other criminal offences,1,0-13,F,5,f,f,0.008361,
victims,2024,12,Other criminal offences,1,0-13,U,0,f,f,0.000000,
victims,2024,12,Other criminal offences,1,14-17,M,11,f,t,0.018395,
victims,2024,12,Other criminal offences,1,14-17,F,13,f,t,0.021739,
victims,2024,12,Other criminal offences,1,14-17,U,0,f,t,0.000000,
victims,2024,12,Other criminal offences,1,18-30,M,86,f,t,0.143813,
victims,2024,12,Other criminal offences,1,18-30,F,67,f,t,0.112040,
victims,2024,12,Other criminal offences,1,18-30,U,0,f,t,0.000000,
victims,2024,12,Other criminal offences,1,31-40,M,74,f,t,0.123746,
victims,2024,12,Other criminal offences,1,31-40,F,58,f,t,0.096990,
victims,2024,12,Other criminal offences,1,31-40,U,0,f,t,0.000000,
victims,2024,12,Other criminal offences,1,41-64,M,126,f,t,0.210702,
victims,2024,12,Other criminal offences,1,41-64,F,125,f,t,0.209030,
victims,2024,12,Other criminal offences,1,41-64,U,0,f,t,0.000000,
victims,2024,12,Other criminal offences,1,65+,M,12,f,t,0.020067,
victims,2024,12,Other criminal offences,1,65+,F,15,f,t,0.025084,
victims,2024,12,Other criminal offences,1,65+,U,0,f,t,0.000000,
victims,2024,12,Other criminal offences,1,U,M,3,f,f,0.005017,
victims,2024,12,Other criminal offences,1,U,F,1,f,f,0.001672,
victims,2024,12,Other criminal offences,1,U,U,0,f,f,0.000000,
victims,2024,TOTAL,Total criminal offences,0,0-13,M,1292,f,f,0.004363,
victims,2024,TOTAL,Total criminal offences,0,0-13,F,1226,f,f,0.004140,
victims,2024,TOTAL,Total criminal offences,0,0-13,U,3,f,f,0.000010,
victims,2024,TOTAL,Total criminal offences,0,14-17,M,2886,f,t,0.009746,
victims,2024,TOTAL,Total criminal offences,0,14-17,F,3049,f,t,0.010297,
victims,2024,TOTAL,Total criminal offences,0,14-17,U,1,f,t,0.000003,
victims,2024,TOTAL,Total criminal offences,0,18-30,M,34543,f,t,0.116656,
victims,2024,TOTAL,Total criminal offences,0,18-30,F,35467,f,t,0.119776,
victims,2024,TOTAL,Total criminal offences,0,18-30,U,13,f,t,0.000044,
victims,2024,TOTAL,Total criminal offences,0,31-40,M,31196,f,t,0.105353,
victims,2024,TOTAL,Total criminal offences,0,31-40,F,29770,f,t,0.100537,
victims,2024,TOTAL,Total criminal offences,0,31-40,U,9,f,t,0.000030,
victims,2024,TOTAL,Total criminal offences,0,41-64,M,66881,f,t,0.225865,
victims,2024,TOTAL,Total criminal offences,0,41-64,F,53494,f,t,0.180656,
victims,2024,TOTAL,Total criminal offences,0,41-64,U,16,f,t,0.000054,
victims,2024,TOTAL,Total criminal offences,0,65+,M,16484,f,t,0.055669,
victims,2024,TOTAL,Total criminal offences,0,65+,F,15986,f,t,0.053987,
victims,2024,TOTAL,Total criminal offences,0,65+,U,2,f,t,0.000007,
victims,2024,TOTAL,Total criminal offences,0,U,M,2881,f,f,0.009729,
victims,2024,TOTAL,Total criminal offences,0,U,F,487,f,f,0.001645,
victims,2024,TOTAL,Total criminal offences,0,U,U,424,f,f,0.001432,
offenders,2019,1,Offences against persons,1,14-17,M,804,f,t,0.049325,
offenders,2019,1,Offences against persons,1,14-17,F,171,f,t,0.010491,
offenders,2019,1,Offences against persons,1,18-30,M,4606,f,t,0.282577,
offenders,2019,1,Offences against persons,1,18-30,F,798,f,t,0.048957,
offenders,2019,1,Offences against persons,1,31-40,M,3898,f,t,0.239141,
offenders,2019,1,Offences against persons,1,31-40,F,695,f,t,0.042638,
offenders,2019,1,Offences against persons,1,41-64,M,4336,f,t,0.266012,
offenders,2019,1,Offences against persons,1,41-64,F,662,f,t,0.040613,
offenders,2019,1,Offences against persons,1,65+,M,297,f,t,0.018221,
offenders,2019,1,Offences against persons,1,65+,F,33,f,t,0.002025,
offenders,2019,1.1,Intentional homicide and murder,2,14-17,M,4,f,t,0.031008,
offenders,2019,1.1,Intentional homicide and murder,2,14-17,F,1,f,t,0.007752,
offenders,2019,1.1,Intentional homicide and murder,2,18-30,M,71,f,t,0.550388,
offenders,2019,1.1,Intentional homicide and murder,2,18-30,F,4,f,t,0.031008,
offenders,2019,1.1,Intentional homicide and murder,2,31-40,M,22,f,t,0.170543,
offenders,2019,1.1,Intentional homicide and murder,2,31-40,F,1,f,t,0.007752,
offenders,2019,1.1,Intentional homicide and murder,2,41-64,M,23,f,t,0.178295,
offenders,2019,1.1,Intentional homicide and murder,2,41-64,F,2,f,t,0.015504,
offenders,2019,1.1,Intentional homicide and murder,2,65+,M,1,f,t,0.007752,
offenders,2019,1.1,Intentional homicide and murder,2,65+,F,0,f,t,0.000000,
offenders,2019,1.1.1,Completed intentional homicide and murder,3,14-17,M,0,f,t,0.000000,
offenders,2019,1.1.1,Completed intentional homicide and murder,3,14-17,F,0,f,t,0.000000,
offenders,2019,1.1.1,Completed intentional homicide and murder,3,18-30,M,13,f,t,0.500000,
offenders,2019,1.1.1,Completed intentional homicide and murder,3,18-30,F,1,f,t,0.038462,
offenders,2019,1.1.1,Completed intentional homicide and murder,3,31-40,M,5,f,t,0.192308,
offenders,2019,1.1.1,Completed intentional homicide and murder,3,31-40,F,0,f,t,0.000000,
offenders,2019,1.1.1,Completed intentional homicide and murder,3,41-64,M,7,f,t,0.269231,
offenders,2019,1.1.1,Completed intentional homicide and murder,3,41-64,F,0,f,t,0.000000,
offenders,2019,1.1.1,Completed intentional homicide and murder,3,65+,M,0,f,t,0.000000,
offenders,2019,1.1.1,Completed intentional homicide and murder,3,65+,F,0,f,t,0.000000,
offenders,2019,1.2,Bodily injury,2,14-17,M,364,f,t,0.095438,
offenders,2019,1.2,Bodily injury,2,14-17,F,57,f,t,0.014945,
offenders,2019,1.2,Bodily injury,2,18-30,M,1380,f,t,0.361825,
offenders,2019,1.2,Bodily injury,2,18-30,F,200,f,t,0.052438,
offenders,2019,1.2,Bodily injury,2,31-40,M,701,f,t,0.183797,
offenders,2019,1.2,Bodily injury,2,31-40,F,154,f,t,0.040378,
offenders,2019,1.2,Bodily injury,2,41-64,M,731,f,t,0.191662,
offenders,2019,1.2,Bodily injury,2,41-64,F,144,f,t,0.037756,
offenders,2019,1.2,Bodily injury,2,65+,M,66,f,t,0.017305,
offenders,2019,1.2,Bodily injury,2,65+,F,17,f,t,0.004457,
offenders,2019,1.3,Domestic violence in the family setting,2,14-17,M,337,f,t,0.028552,
offenders,2019,1.3,Domestic violence in the family setting,2,14-17,F,99,f,t,0.008388,
offenders,2019,1.3,Domestic violence in the family setting,2,18-30,M,2911,f,t,0.246632,
offenders,2019,1.3,Domestic violence in the family setting,2,18-30,F,573,f,t,0.048547,
offenders,2019,1.3,Domestic violence in the family setting,2,31-40,M,3108,f,t,0.263323,
offenders,2019,1.3,Domestic violence in the family setting,2,31-40,F,512,f,t,0.043379,
offenders,2019,1.3,Domestic violence in the family setting,2,41-64,M,3518,f,t,0.298060,
offenders,2019,1.3,Domestic violence in the family setting,2,41-64,F,505,f,t,0.042786,
offenders,2019,1.3,Domestic violence in the family setting,2,65+,M,226,f,t,0.019148,
offenders,2019,1.3,Domestic violence in the family setting,2,65+,F,14,f,t,0.001186,
offenders,2019,1.4,Other offences against persons,2,14-17,M,99,f,t,0.178700,
offenders,2019,1.4,Other offences against persons,2,14-17,F,14,f,t,0.025271,
offenders,2019,1.4,Other offences against persons,2,18-30,M,244,f,t,0.440433,
offenders,2019,1.4,Other offences against persons,2,18-30,F,21,f,t,0.037906,
offenders,2019,1.4,Other offences against persons,2,31-40,M,67,f,t,0.120939,
offenders,2019,1.4,Other offences against persons,2,31-40,F,28,f,t,0.050542,
offenders,2019,1.4,Other offences against persons,2,41-64,M,64,f,t,0.115523,
offenders,2019,1.4,Other offences against persons,2,41-64,F,11,f,t,0.019856,
offenders,2019,1.4,Other offences against persons,2,65+,M,4,f,t,0.007220,
offenders,2019,1.4,Other offences against persons,2,65+,F,2,f,t,0.003610,
offenders,2019,2,Offences against personal liberty,1,14-17,M,264,f,t,0.061711,
offenders,2019,2,Offences against personal liberty,1,14-17,F,48,f,t,0.011220,
offenders,2019,2,Offences against personal liberty,1,18-30,M,1040,f,t,0.243104,
offenders,2019,2,Offences against personal liberty,1,18-30,F,201,f,t,0.046985,
offenders,2019,2,Offences against personal liberty,1,31-40,M,900,f,t,0.210379,
offenders,2019,2,Offences against personal liberty,1,31-40,F,166,f,t,0.038803,
offenders,2019,2,Offences against personal liberty,1,41-64,M,1263,f,t,0.295231,
offenders,2019,2,Offences against personal liberty,1,41-64,F,252,f,t,0.058906,
offenders,2019,2,Offences against personal liberty,1,65+,M,124,f,t,0.028986,
offenders,2019,2,Offences against personal liberty,1,65+,F,20,f,t,0.004675,
offenders,2019,2.1,Habitual domestic abuse,2,14-17,M,40,f,t,0.048019,
offenders,2019,2.1,Habitual domestic abuse,2,14-17,F,3,f,t,0.003601,
offenders,2019,2.1,Habitual domestic abuse,2,18-30,M,185,f,t,0.222089,
offenders,2019,2.1,Habitual domestic abuse,2,18-30,F,25,f,t,0.030012,
offenders,2019,2.1,Habitual domestic abuse,2,31-40,M,221,f,t,0.265306,
offenders,2019,2.1,Habitual domestic abuse,2,31-40,F,23,f,t,0.027611,
offenders,2019,2.1,Habitual domestic abuse,2,41-64,M,285,f,t,0.342137,
offenders,2019,2.1,Habitual domestic abuse,2,41-64,F,28,f,t,0.033613,
offenders,2019,2.1,Habitual domestic abuse,2,65+,M,23,f,t,0.027611,
offenders,2019,2.1,Habitual domestic abuse,2,65+,F,0,f,t,0.000000,
offenders,2019,2.2,Other offences against personal liberty,2,14-17,M,224,f,t,0.065022,
offenders,2019,2.2,Other offences against personal liberty,2,14-17,F,45,f,t,0.013062,
offenders,2019,2.2,Other offences against personal liberty,2,18-30,M,855,f,t,0.248186,
offenders,2019,2.2,Other offences against personal liberty,2,18-30,F,176,f,t,0.051089,
offenders,2019,2.2,Other offences against personal liberty,2,31-40,M,679,f,t,0.197097,
offenders,2019,2.2,Other offences against personal liberty,2,31-40,F,143,f,t,0.041509,
offenders,2019,2.2,Other offences against personal liberty,2,41-64,M,978,f,t,0.283890,
offenders,2019,2.2,Other offences against personal liberty,2,41-64,F,224,f,t,0.065022,
offenders,2019,2.2,Other offences against personal liberty,2,65+,M,101,f,t,0.029318,
offenders,2019,2.2,Other offences against personal liberty,2,65+,F,20,f,t,0.005806,
offenders,2019,3,Offences against sexual freedom,1,14-17,M,93,f,t,0.074163,
offenders,2019,3,Offences against sexual freedom,1,14-17,F,1,f,t,0.000797,
offenders,2019,3,Offences against sexual freedom,1,18-30,M,401,f,t,0.319777,
offenders,2019,3,Offences against sexual freedom,1,18-30,F,8,f,t,0.006380,
offenders,2019,3,Offences against sexual freedom,1,31-40,M,278,f,t,0.221691,
offenders,2019,3,Offences against sexual freedom,1,31-40,F,0,f,t,0.000000,
offenders,2019,3,Offences against sexual freedom,1,41-64,M,383,f,t,0.305423,
offenders,2019,3,Offences against sexual freedom,1,41-64,F,3,f,t,0.002392,
offenders,2019,3,Offences against sexual freedom,1,65+,M,85,f,t,0.067783,
offenders,2019,3,Offences against sexual freedom,1,65+,F,2,f,t,0.001595,
offenders,2019,3.1,Sexual assault,2,14-17,M,39,f,t,0.055163,
offenders,2019,3.1,Sexual assault,2,14-17,F,0,f,t,0.000000,
offenders,2019,3.1,Sexual assault,2,18-30,M,219,f,t,0.309760,
offenders,2019,3.1,Sexual assault,2,18-30,F,2,f,t,0.002829,
offenders,2019,3.1,Sexual assault,2,31-40,M,155,f,t,0.219236,
offenders,2019,3.1,Sexual assault,2,31-40,F,0,f,t,0.000000,
offenders,2019,3.1,Sexual assault,2,41-64,M,223,f,t,0.315417,
offenders,2019,3.1,Sexual assault,2,41-64,F,2,f,t,0.002829,
offenders,2019,3.1,Sexual assault,2,65+,M,66,f,t,0.093352,
offenders,2019,3.1,Sexual assault,2,65+,F,1,f,t,0.001414,
offenders,2019,3.2,Sexual assault with penetration,2,14-17,M,23,f,t,0.073482,
offenders,2019,3.2,Sexual assault with penetration,2,14-17,F,0,f,t,0.000000,
offenders,2019,3.2,Sexual assault with penetration,2,18-30,M,130,f,t,0.415335,
offenders,2019,3.2,Sexual assault with penetration,2,18-30,F,2,f,t,0.006390,
offenders,2019,3.2,Sexual assault with penetration,2,31-40,M,69,f,t,0.220447,
offenders,2019,3.2,Sexual assault with penetration,2,31-40,F,0,f,t,0.000000,
offenders,2019,3.2,Sexual assault with penetration,2,41-64,M,84,f,t,0.268371,
offenders,2019,3.2,Sexual assault with penetration,2,41-64,F,0,f,t,0.000000,
offenders,2019,3.2,Sexual assault with penetration,2,65+,M,5,f,t,0.015974,
offenders,2019,3.2,Sexual assault with penetration,2,65+,F,0,f,t,0.000000,
offenders,2019,3.3,Corruption of minors,2,14-17,M,3,f,t,0.107143,
offenders,2019,3.3,Corruption of minors,2,14-17,F,0,f,t,0.000000,
offenders,2019,3.3,Corruption of minors,2,18-30,M,10,f,t,0.357143,
offenders,2019,3.3,Corruption of minors,2,18-30,F,2,f,t,0.071429,
offenders,2019,3.3,Corruption of minors,2,31-40,M,5,f,t,0.178571,
offenders,2019,3.3,Corruption of minors,2,31-40,F,0,f,t,0.000000,
offenders,2019,3.3,Corruption of minors,2,41-64,M,7,f,t,0.250000,
offenders,2019,3.3,Corruption of minors,2,41-64,F,0,f,t,0.000000,
offenders,2019,3.3,Corruption of minors,2,65+,M,1,f,t,0.035714,
offenders,2019,3.3,Corruption of minors,2,65+,F,0,f,t,0.000000,
offenders,2019,3.4,Child pornography,2,14-17,M,22,f,t,0.275000,
offenders,2019,3.4,Child pornography,2,14-17,F,0,f,t,0.000000,
offenders,2019,3.4,Child pornography,2,18-30,M,15,f,t,0.187500,
offenders,2019,3.4,Child pornography,2,18-30,F,0,f,t,0.000000,
offenders,2019,3.4,Child pornography,2,31-40,M,12,f,t,0.150000,
offenders,2019,3.4,Child pornography,2,31-40,F,0,f,t,0.000000,
offenders,2019,3.4,Child pornography,2,41-64,M,27,f,t,0.337500,
offenders,2019,3.4,Child pornography,2,41-64,F,1,f,t,0.012500,
offenders,2019,3.4,Child pornography,2,65+,M,2,f,t,0.025000,
offenders,2019,3.4,Child pornography,2,65+,F,1,f,t,0.012500,
offenders,2019,3.5,Other offences against sexual freedom,2,14-17,M,6,f,t,0.047619,
offenders,2019,3.5,Other offences against sexual freedom,2,14-17,F,1,f,t,0.007937,
offenders,2019,3.5,Other offences against sexual freedom,2,18-30,M,27,f,t,0.214286,
offenders,2019,3.5,Other offences against sexual freedom,2,18-30,F,2,f,t,0.015873,
offenders,2019,3.5,Other offences against sexual freedom,2,31-40,M,37,f,t,0.293651,
offenders,2019,3.5,Other offences against sexual freedom,2,31-40,F,0,f,t,0.000000,
offenders,2019,3.5,Other offences against sexual freedom,2,41-64,M,42,f,t,0.333333,
offenders,2019,3.5,Other offences against sexual freedom,2,41-64,F,0,f,t,0.000000,
offenders,2019,3.5,Other offences against sexual freedom,2,65+,M,11,f,t,0.087302,
offenders,2019,3.5,Other offences against sexual freedom,2,65+,F,0,f,t,0.000000,
offenders,2019,4,Offences against family relations,1,14-17,M,0,f,t,0.000000,
offenders,2019,4,Offences against family relations,1,14-17,F,0,f,t,0.000000,
offenders,2019,4,Offences against family relations,1,18-30,M,11,f,t,0.062857,
offenders,2019,4,Offences against family relations,1,18-30,F,20,f,t,0.114286,
offenders,2019,4,Offences against family relations,1,31-40,M,38,f,t,0.217143,
offenders,2019,4,Offences against family relations,1,31-40,F,35,f,t,0.200000,
offenders,2019,4,Offences against family relations,1,41-64,M,43,f,t,0.245714,
offenders,2019,4,Offences against family relations,1,41-64,F,18,f,t,0.102857,
offenders,2019,4,Offences against family relations,1,65+,M,9,f,t,0.051429,
offenders,2019,4,Offences against family relations,1,65+,F,1,f,t,0.005714,
offenders,2019,5,Property offences,1,14-17,M,2589,f,t,0.076496,
offenders,2019,5,Property offences,1,14-17,F,611,f,t,0.018053,
offenders,2019,5,Property offences,1,18-30,M,9675,f,t,0.285862,
offenders,2019,5,Property offences,1,18-30,F,3889,f,t,0.114906,
offenders,2019,5,Property offences,1,31-40,M,6143,f,t,0.181504,
offenders,2019,5,Property offences,1,31-40,F,2270,f,t,0.067070,
offenders,2019,5,Property offences,1,41-64,M,5428,f,t,0.160378,
offenders,2019,5,Property offences,1,41-64,F,2496,f,t,0.073748,
offenders,2019,5,Property offences,1,65+,M,469,f,t,0.013857,
offenders,2019,5,Property offences,1,65+,F,275,f,t,0.008125,
offenders,2019,5.1,Theft,2,14-17,M,753,f,t,0.038159,
offenders,2019,5.1,Theft,2,14-17,F,457,f,t,0.023159,
offenders,2019,5.1,Theft,2,18-30,M,4634,f,t,0.234835,
offenders,2019,5.1,Theft,2,18-30,F,2979,f,t,0.150965,
offenders,2019,5.1,Theft,2,31-40,M,3506,f,t,0.177672,
offenders,2019,5.1,Theft,2,31-40,F,1728,f,t,0.087569,
offenders,2019,5.1,Theft,2,41-64,M,3148,f,t,0.159530,
offenders,2019,5.1,Theft,2,41-64,F,1961,f,t,0.099377,
offenders,2019,5.1,Theft,2,65+,M,325,f,t,0.016470,
offenders,2019,5.1,Theft,2,65+,F,242,f,t,0.012264,
offenders,2019,5.2,Burglary involving forced entry,2,14-17,M,372,f,t,0.099439,
offenders,2019,5.2,Burglary involving forced entry,2,14-17,F,16,f,t,0.004277,
offenders,2019,5.2,Burglary involving forced entry,2,18-30,M,1524,f,t,0.407378,
offenders,2019,5.2,Burglary involving forced entry,2,18-30,F,127,f,t,0.033948,
offenders,2019,5.2,Burglary involving forced entry,2,31-40,M,923,f,t,0.246725,
offenders,2019,5.2,Burglary involving forced entry,2,31-40,F,102,f,t,0.027265,
offenders,2019,5.2,Burglary involving forced entry,2,41-64,M,603,f,t,0.161187,
offenders,2019,5.2,Burglary involving forced entry,2,41-64,F,50,f,t,0.013365,
offenders,2019,5.2,Burglary involving forced entry,2,65+,M,23,f,t,0.006148,
offenders,2019,5.2,Burglary involving forced entry,2,65+,F,1,f,t,0.000267,
offenders,2019,5.2.1,Theft from vehicles by forced entry,3,14-17,M,102,f,t,0.093750,
offenders,2019,5.2.1,Theft from vehicles by forced entry,3,14-17,F,2,f,t,0.001838,
offenders,2019,5.2.1,Theft from vehicles by forced entry,3,18-30,M,433,f,t,0.397978,
offenders,2019,5.2.1,Theft from vehicles by forced entry,3,18-30,F,19,f,t,0.017463,
offenders,2019,5.2.1,Theft from vehicles by forced entry,3,31-40,M,296,f,t,0.272059,
offenders,2019,5.2.1,Theft from vehicles by forced entry,3,31-40,F,24,f,t,0.022059,
offenders,2019,5.2.1,Theft from vehicles by forced entry,3,41-64,M,195,f,t,0.179228,
offenders,2019,5.2.1,Theft from vehicles by forced entry,3,41-64,F,9,f,t,0.008272,
offenders,2019,5.2.1,Theft from vehicles by forced entry,3,65+,M,8,f,t,0.007353,
offenders,2019,5.2.1,Theft from vehicles by forced entry,3,65+,F,0,f,t,0.000000,
offenders,2019,5.2.2,Domestic burglary,3,14-17,M,77,f,t,0.082796,
offenders,2019,5.2.2,Domestic burglary,3,14-17,F,7,f,t,0.007527,
offenders,2019,5.2.2,Domestic burglary,3,18-30,M,417,f,t,0.448387,
offenders,2019,5.2.2,Domestic burglary,3,18-30,F,64,f,t,0.068817,
offenders,2019,5.2.2,Domestic burglary,3,31-40,M,172,f,t,0.184946,
offenders,2019,5.2.2,Domestic burglary,3,31-40,F,22,f,t,0.023656,
offenders,2019,5.2.2,Domestic burglary,3,41-64,M,139,f,t,0.149462,
offenders,2019,5.2.2,Domestic burglary,3,41-64,F,24,f,t,0.025806,
offenders,2019,5.2.2,Domestic burglary,3,65+,M,7,f,t,0.007527,
offenders,2019,5.2.2,Domestic burglary,3,65+,F,1,f,t,0.001075,
offenders,2019,5.2.3,Burglary of commercial premises,3,14-17,M,98,f,t,0.104701,
offenders,2019,5.2.3,Burglary of commercial premises,3,14-17,F,2,f,t,0.002137,
offenders,2019,5.2.3,Burglary of commercial premises,3,18-30,M,378,f,t,0.403846,
offenders,2019,5.2.3,Burglary of commercial premises,3,18-30,F,20,f,t,0.021368,
offenders,2019,5.2.3,Burglary of commercial premises,3,31-40,M,276,f,t,0.294872,
offenders,2019,5.2.3,Burglary of commercial premises,3,31-40,F,26,f,t,0.027778,
offenders,2019,5.2.3,Burglary of commercial premises,3,41-64,M,125,f,t,0.133547,
offenders,2019,5.2.3,Burglary of commercial premises,3,41-64,F,8,f,t,0.008547,
offenders,2019,5.2.3,Burglary of commercial premises,3,65+,M,3,f,t,0.003205,
offenders,2019,5.2.3,Burglary of commercial premises,3,65+,F,0,f,t,0.000000,
offenders,2019,5.3,Robbery with violence or intimidation,2,14-17,M,1148,f,t,0.289533,
offenders,2019,5.3,Robbery with violence or intimidation,2,14-17,F,107,f,t,0.026986,
offenders,2019,5.3,Robbery with violence or intimidation,2,18-30,M,1540,f,t,0.388398,
offenders,2019,5.3,Robbery with violence or intimidation,2,18-30,F,175,f,t,0.044136,
offenders,2019,5.3,Robbery with violence or intimidation,2,31-40,M,480,f,t,0.121059,
offenders,2019,5.3,Robbery with violence or intimidation,2,31-40,F,74,f,t,0.018663,
offenders,2019,5.3,Robbery with violence or intimidation,2,41-64,M,372,f,t,0.093821,
offenders,2019,5.3,Robbery with violence or intimidation,2,41-64,F,57,f,t,0.014376,
offenders,2019,5.3,Robbery with violence or intimidation,2,65+,M,11,f,t,0.002774,
offenders,2019,5.3,Robbery with violence or intimidation,2,65+,F,1,f,t,0.000252,
offenders,2019,5.3.1,Street robbery,3,14-17,M,842,f,t,0.322729,
offenders,2019,5.3.1,Street robbery,3,14-17,F,87,f,t,0.033346,
offenders,2019,5.3.1,Street robbery,3,18-30,M,1082,f,t,0.414718,
offenders,2019,5.3.1,Street robbery,3,18-30,F,95,f,t,0.036412,
offenders,2019,5.3.1,Street robbery,3,31-40,M,268,f,t,0.102721,
offenders,2019,5.3.1,Street robbery,3,31-40,F,31,f,t,0.011882,
offenders,2019,5.3.1,Street robbery,3,41-64,M,182,f,t,0.069759,
offenders,2019,5.3.1,Street robbery,3,41-64,F,20,f,t,0.007666,
offenders,2019,5.3.1,Street robbery,3,65+,M,2,f,t,0.000767,
offenders,2019,5.3.1,Street robbery,3,65+,F,0,f,t,0.000000,
offenders,2019,5.3.2,Robbery in dwellings,3,14-17,M,9,f,t,0.069767,
offenders,2019,5.3.2,Robbery in dwellings,3,14-17,F,0,f,t,0.000000,
offenders,2019,5.3.2,Robbery in dwellings,3,18-30,M,50,f,t,0.387597,
offenders,2019,5.3.2,Robbery in dwellings,3,18-30,F,13,f,t,0.100775,
offenders,2019,5.3.2,Robbery in dwellings,3,31-40,M,31,f,t,0.240310,
offenders,2019,5.3.2,Robbery in dwellings,3,31-40,F,5,f,t,0.038760,
offenders,2019,5.3.2,Robbery in dwellings,3,41-64,M,18,f,t,0.139535,
offenders,2019,5.3.2,Robbery in dwellings,3,41-64,F,2,f,t,0.015504,
offenders,2019,5.3.2,Robbery in dwellings,3,65+,M,1,f,t,0.007752,
offenders,2019,5.3.2,Robbery in dwellings,3,65+,F,0,f,t,0.000000,
offenders,2019,5.3.3,Robbery of commercial premises,3,14-17,M,91,f,t,0.124147,
offenders,2019,5.3.3,Robbery of commercial premises,3,14-17,F,8,f,t,0.010914,
offenders,2019,5.3.3,Robbery of commercial premises,3,18-30,M,227,f,t,0.309686,
offenders,2019,5.3.3,Robbery of commercial premises,3,18-30,F,51,f,t,0.069577,
offenders,2019,5.3.3,Robbery of commercial premises,3,31-40,M,144,f,t,0.196453,
offenders,2019,5.3.3,Robbery of commercial premises,3,31-40,F,32,f,t,0.043656,
offenders,2019,5.3.3,Robbery of commercial premises,3,41-64,M,142,f,t,0.193724,
offenders,2019,5.3.3,Robbery of commercial premises,3,41-64,F,29,f,t,0.039563,
offenders,2019,5.3.3,Robbery of commercial premises,3,65+,M,8,f,t,0.010914,
offenders,2019,5.3.3,Robbery of commercial premises,3,65+,F,1,f,t,0.001364,
offenders,2019,5.4,Vehicle theft,2,14-17,M,84,f,t,0.119318,
offenders,2019,5.4,Vehicle theft,2,14-17,F,0,f,t,0.000000,
offenders,2019,5.4,Vehicle theft,2,18-30,M,220,f,t,0.312500,
offenders,2019,5.4,Vehicle theft,2,18-30,F,21,f,t,0.029830,
offenders,2019,5.4,Vehicle theft,2,31-40,M,177,f,t,0.251420,
offenders,2019,5.4,Vehicle theft,2,31-40,F,16,f,t,0.022727,
offenders,2019,5.4,Vehicle theft,2,41-64,M,165,f,t,0.234375,
offenders,2019,5.4,Vehicle theft,2,41-64,F,17,f,t,0.024148,
offenders,2019,5.4,Vehicle theft,2,65+,M,4,f,t,0.005682,
offenders,2019,5.4,Vehicle theft,2,65+,F,0,f,t,0.000000,
offenders,2019,5.5,Fraud,2,14-17,M,26,f,t,0.010256,
offenders,2019,5.5,Fraud,2,14-17,F,9,f,t,0.003550,
offenders,2019,5.5,Fraud,2,18-30,M,719,f,t,0.283629,
offenders,2019,5.5,Fraud,2,18-30,F,304,f,t,0.119921,
offenders,2019,5.5,Fraud,2,31-40,M,483,f,t,0.190533,
offenders,2019,5.5,Fraud,2,31-40,F,173,f,t,0.068245,
offenders,2019,5.5,Fraud,2,41-64,M,535,f,t,0.211045,
offenders,2019,5.5,Fraud,2,41-64,F,223,f,t,0.087968,
offenders,2019,5.5,Fraud,2,65+,M,47,f,t,0.018540,
offenders,2019,5.5,Fraud,2,65+,F,16,f,t,0.006312,
offenders,2019,5.5.1,Computer enabled fraud,3,14-17,M,4,f,t,0.005587,
offenders,2019,5.5.1,Computer enabled fraud,3,14-17,F,0,f,t,0.000000,
offenders,2019,5.5.1,Computer enabled fraud,3,18-30,M,262,f,t,0.365922,
offenders,2019,5.5.1,Computer enabled fraud,3,18-30,F,116,f,t,0.162011,
offenders,2019,5.5.1,Computer enabled fraud,3,31-40,M,131,f,t,0.182961,
offenders,2019,5.5.1,Computer enabled fraud,3,31-40,F,36,f,t,0.050279,
offenders,2019,5.5.1,Computer enabled fraud,3,41-64,M,100,f,t,0.139665,
offenders,2019,5.5.1,Computer enabled fraud,3,41-64,F,53,f,t,0.074022,
offenders,2019,5.5.1,Computer enabled fraud,3,65+,M,12,f,t,0.016760,
offenders,2019,5.5.1,Computer enabled fraud,3,65+,F,2,f,t,0.002793,
offenders,2019,5.6,Criminal damage,2,14-17,M,125,f,t,0.122669,
offenders,2019,5.6,Criminal damage,2,14-17,F,8,f,t,0.007851,
offenders,2019,5.6,Criminal damage,2,18-30,M,410,f,t,0.402355,
offenders,2019,5.6,Criminal damage,2,18-30,F,45,f,t,0.044161,
offenders,2019,5.6,Criminal damage,2,31-40,M,157,f,t,0.154073,
offenders,2019,5.6,Criminal damage,2,31-40,F,33,f,t,0.032385,
offenders,2019,5.6,Criminal damage,2,41-64,M,175,f,t,0.171737,
offenders,2019,5.6,Criminal damage,2,41-64,F,38,f,t,0.037291,
offenders,2019,5.6,Criminal damage,2,65+,M,22,f,t,0.021590,
offenders,2019,5.6,Criminal damage,2,65+,F,6,f,t,0.005888,
offenders,2019,5.7,Offences against intellectual and industrial property,2,14-17,M,1,f,t,0.005988,
offenders,2019,5.7,Offences against intellectual and industrial property,2,14-17,F,0,f,t,0.000000,
offenders,2019,5.7,Offences against intellectual and industrial property,2,18-30,M,23,f,t,0.137725,
offenders,2019,5.7,Offences against intellectual and industrial property,2,18-30,F,6,f,t,0.035928,
offenders,2019,5.7,Offences against intellectual and industrial property,2,31-40,M,60,f,t,0.359281,
offenders,2019,5.7,Offences against intellectual and industrial property,2,31-40,F,8,f,t,0.047904,
offenders,2019,5.7,Offences against intellectual and industrial property,2,41-64,M,63,f,t,0.377246,
offenders,2019,5.7,Offences against intellectual and industrial property,2,41-64,F,4,f,t,0.023952,
offenders,2019,5.7,Offences against intellectual and industrial property,2,65+,M,2,f,t,0.011976,
offenders,2019,5.7,Offences against intellectual and industrial property,2,65+,F,0,f,t,0.000000,
offenders,2019,5.8,Money laundering,2,14-17,M,0,f,t,0.000000,
offenders,2019,5.8,Money laundering,2,14-17,F,0,f,t,0.000000,
offenders,2019,5.8,Money laundering,2,18-30,M,5,f,t,0.070423,
offenders,2019,5.8,Money laundering,2,18-30,F,6,f,t,0.084507,
offenders,2019,5.8,Money laundering,2,31-40,M,10,f,t,0.140845,
offenders,2019,5.8,Money laundering,2,31-40,F,5,f,t,0.070423,
offenders,2019,5.8,Money laundering,2,41-64,M,31,f,t,0.436620,
offenders,2019,5.8,Money laundering,2,41-64,F,10,f,t,0.140845,
offenders,2019,5.8,Money laundering,2,65+,M,2,f,t,0.028169,
offenders,2019,5.8,Money laundering,2,65+,F,2,f,t,0.028169,
offenders,2019,5.9,Other property offences,2,14-17,M,80,f,t,0.041885,
offenders,2019,5.9,Other property offences,2,14-17,F,14,f,t,0.007330,
offenders,2019,5.9,Other property offences,2,18-30,M,600,f,t,0.314136,
offenders,2019,5.9,Other property offences,2,18-30,F,226,f,t,0.118325,
offenders,2019,5.9,Other property offences,2,31-40,M,347,f,t,0.181675,
offenders,2019,5.9,Other property offences,2,31-40,F,131,f,t,0.068586,
offenders,2019,5.9,Other property offences,2,41-64,M,336,f,t,0.175916,
offenders,2019,5.9,Other property offences,2,41-64,F,136,f,t,0.071204,
offenders,2019,5.9,Other property offences,2,65+,M,33,f,t,0.017277,
offenders,2019,5.9,Other property offences,2,65+,F,7,f,t,0.003665,
offenders,2019,6,Offences against public safety,1,14-17,M,198,f,t,0.027038,
offenders,2019,6,Offences against public safety,1,14-17,F,17,f,t,0.002321,
offenders,2019,6,Offences against public safety,1,18-30,M,2437,f,t,0.332787,
offenders,2019,6,Offences against public safety,1,18-30,F,282,f,t,0.038509,
offenders,2019,6,Offences against public safety,1,31-40,M,1880,f,t,0.256725,
offenders,2019,6,Offences against public safety,1,31-40,F,187,f,t,0.025536,
offenders,2019,6,Offences against public safety,1,41-64,M,2009,f,t,0.274341,
offenders,2019,6,Offences against public safety,1,41-64,F,219,f,t,0.029906,
offenders,2019,6,Offences against public safety,1,65+,M,82,f,t,0.011198,
offenders,2019,6,Offences against public safety,1,65+,F,12,f,t,0.001639,
offenders,2019,6.1,Drug trafficking,2,14-17,M,125,f,t,0.042445,
offenders,2019,6.1,Drug trafficking,2,14-17,F,14,f,t,0.004754,
offenders,2019,6.1,Drug trafficking,2,18-30,M,1177,f,t,0.399660,
offenders,2019,6.1,Drug trafficking,2,18-30,F,139,f,t,0.047199,
offenders,2019,6.1,Drug trafficking,2,31-40,M,655,f,t,0.222411,
offenders,2019,6.1,Drug trafficking,2,31-40,F,82,f,t,0.027844,
offenders,2019,6.1,Drug trafficking,2,41-64,M,620,f,t,0.210526,
offenders,2019,6.1,Drug trafficking,2,41-64,F,97,f,t,0.032937,
offenders,2019,6.1,Drug trafficking,2,65+,M,30,f,t,0.010187,
offenders,2019,6.1,Drug trafficking,2,65+,F,6,f,t,0.002037,
offenders,2019,6.2,Road safety offences,2,14-17,M,47,f,t,0.011247,
offenders,2019,6.2,Road safety offences,2,14-17,F,2,f,t,0.000479,
offenders,2019,6.2,Road safety offences,2,18-30,M,1194,f,t,0.285714,
offenders,2019,6.2,Road safety offences,2,18-30,F,130,f,t,0.031108,
offenders,2019,6.2,Road safety offences,2,31-40,M,1193,f,t,0.285475,
offenders,2019,6.2,Road safety offences,2,31-40,F,99,f,t,0.023690,
offenders,2019,6.2,Road safety offences,2,41-64,M,1349,f,t,0.322804,
offenders,2019,6.2,Road safety offences,2,41-64,F,109,f,t,0.026083,
offenders,2019,6.2,Road safety offences,2,65+,M,50,f,t,0.011965,
offenders,2019,6.2,Road safety offences,2,65+,F,6,f,t,0.001436,
offenders,2019,6.3,Other offences against public safety,2,14-17,M,26,f,t,0.130653,
offenders,2019,6.3,Other offences against public safety,2,14-17,F,1,f,t,0.005025,
offenders,2019,6.3,Other offences against public safety,2,18-30,M,66,f,t,0.331658,
offenders,2019,6.3,Other offences against public safety,2,18-30,F,13,f,t,0.065327,
offenders,2019,6.3,Other offences against public safety,2,31-40,M,32,f,t,0.160804,
offenders,2019,6.3,Other offences against public safety,2,31-40,F,6,f,t,0.030151,
offenders,2019,6.3,Other offences against public safety,2,41-64,M,40,f,t,0.201005,
offenders,2019,6.3,Other offences against public safety,2,41-64,F,13,f,t,0.065327,
offenders,2019,6.3,Other offences against public safety,2,65+,M,2,f,t,0.010050,
offenders,2019,6.3,Other offences against public safety,2,65+,F,0,f,t,0.000000,
offenders,2019,7,Forgery offences,1,14-17,M,23,f,t,0.012176,
offenders,2019,7,Forgery offences,1,14-17,F,9,f,t,0.004764,
offenders,2019,7,Forgery offences,1,18-30,M,573,f,t,0.303335,
offenders,2019,7,Forgery offences,1,18-30,F,194,f,t,0.102700,
offenders,2019,7,Forgery offences,1,31-40,M,438,f,t,0.231869,
offenders,2019,7,Forgery offences,1,31-40,F,140,f,t,0.074113,
offenders,2019,7,Forgery offences,1,41-64,M,356,f,t,0.188460,
offenders,2019,7,Forgery offences,1,41-64,F,128,f,t,0.067761,
offenders,2019,7,Forgery offences,1,65+,M,18,f,t,0.009529,
offenders,2019,7,Forgery offences,1,65+,F,10,f,t,0.005294,
offenders,2019,8,Offences against the public administration,1,14-17,M,0,f,t,0.000000,
offenders,2019,8,Offences against the public administration,1,14-17,F,0,f,t,0.000000,
offenders,2019,8,Offences against the public administration,1,18-30,M,3,f,t,0.042254,
offenders,2019,8,Offences against the public administration,1,18-30,F,0,f,t,0.000000,
offenders,2019,8,Offences against the public administration,1,31-40,M,7,f,t,0.098592,
offenders,2019,8,Offences against the public administration,1,31-40,F,1,f,t,0.014085,
offenders,2019,8,Offences against the public administration,1,41-64,M,38,f,t,0.535211,
offenders,2019,8,Offences against the public administration,1,41-64,F,9,f,t,0.126761,
offenders,2019,8,Offences against the public administration,1,65+,M,9,f,t,0.126761,
offenders,2019,8,Offences against the public administration,1,65+,F,4,f,t,0.056338,
offenders,2019,9,Offences against the administration of justice,1,14-17,M,26,f,t,0.008186,
offenders,2019,9,Offences against the administration of justice,1,14-17,F,3,f,t,0.000945,
offenders,2019,9,Offences against the administration of justice,1,18-30,M,857,f,t,0.269836,
offenders,2019,9,Offences against the administration of justice,1,18-30,F,144,f,t,0.045340,
offenders,2019,9,Offences against the administration of justice,1,31-40,M,837,f,t,0.263539,
offenders,2019,9,Offences against the administration of justice,1,31-40,F,109,f,t,0.034320,
offenders,2019,9,Offences against the administration of justice,1,41-64,M,985,f,t,0.310139,
offenders,2019,9,Offences against the administration of justice,1,41-64,F,145,f,t,0.045655,
offenders,2019,9,Offences against the administration of justice,1,65+,M,58,f,t,0.018262,
offenders,2019,9,Offences against the administration of justice,1,65+,F,12,f,t,0.003778,
offenders,2019,10,Offences against public order,1,14-17,M,206,f,t,0.055631,
offenders,2019,10,Offences against public order,1,14-17,F,39,f,t,0.010532,
offenders,2019,10,Offences against public order,1,18-30,M,1431,f,t,0.386443,
offenders,2019,10,Offences against public order,1,18-30,F,221,f,t,0.059681,
offenders,2019,10,Offences against public order,1,31-40,M,724,f,t,0.195517,
offenders,2019,10,Offences against public order,1,31-40,F,180,f,t,0.048609,
offenders,2019,10,Offences against public order,1,41-64,M,678,f,t,0.183095,
offenders,2019,10,Offences against public order,1,41-64,F,181,f,t,0.048879,
offenders,2019,10,Offences against public order,1,65+,M,35,f,t,0.009452,
offenders,2019,10,Offences against public order,1,65+,F,8,f,t,0.002160,
offenders,2019,11,Offences under special legislation,1,14-17,M,0,f,t,0.000000,
offenders,2019,11,Offences under special legislation,1,14-17,F,0,f,t,0.000000,
offenders,2019,11,Offences under special legislation,1,18-30,M,8,f,t,0.222222,
offenders,2019,11,Offences under special legislation,1,18-30,F,3,f,t,0.083333,
offenders,2019,11,Offences under special legislation,1,31-40,M,5,f,t,0.138889,
offenders,2019,11,Offences under special legislation,1,31-40,F,1,f,t,0.027778,
offenders,2019,11,Offences under special legislation,1,41-64,M,13,f,t,0.361111,
offenders,2019,11,Offences under special legislation,1,41-64,F,2,f,t,0.055556,
offenders,2019,11,Offences under special legislation,1,65+,M,4,f,t,0.111111,
offenders,2019,11,Offences under special legislation,1,65+,F,0,f,t,0.000000,
offenders,2019,12,Other criminal offences,1,14-17,M,5,f,t,0.008292,
offenders,2019,12,Other criminal offences,1,14-17,F,1,f,t,0.001658,
offenders,2019,12,Other criminal offences,1,18-30,M,78,f,t,0.129353,
offenders,2019,12,Other criminal offences,1,18-30,F,13,f,t,0.021559,
offenders,2019,12,Other criminal offences,1,31-40,M,125,f,t,0.207297,
offenders,2019,12,Other criminal offences,1,31-40,F,28,f,t,0.046434,
offenders,2019,12,Other criminal offences,1,41-64,M,239,f,t,0.396352,
offenders,2019,12,Other criminal offences,1,41-64,F,69,f,t,0.114428,
offenders,2019,12,Other criminal offences,1,65+,M,37,f,t,0.061360,
offenders,2019,12,Other criminal offences,1,65+,F,8,f,t,0.013267,
offenders,2019,TOTAL,Total criminal offences,0,14-17,M,4208,f,t,0.057919,
offenders,2019,TOTAL,Total criminal offences,0,14-17,F,900,f,t,0.012388,
offenders,2019,TOTAL,Total criminal offences,0,18-30,M,21120,f,t,0.290697,
offenders,2019,TOTAL,Total criminal offences,0,18-30,F,5773,f,t,0.079460,
offenders,2019,TOTAL,Total criminal offences,0,31-40,M,15273,f,t,0.210218,
offenders,2019,TOTAL,Total criminal offences,0,31-40,F,3812,f,t,0.052469,
offenders,2019,TOTAL,Total criminal offences,0,41-64,M,15771,f,t,0.217073,
offenders,2019,TOTAL,Total criminal offences,0,41-64,F,4184,f,t,0.057589,
offenders,2019,TOTAL,Total criminal offences,0,65+,M,1227,f,t,0.016888,
offenders,2019,TOTAL,Total criminal offences,0,65+,F,385,f,t,0.005299,
offenders,2020,1,Offences against persons,1,14-17,M,626,f,t,0.040110,
offenders,2020,1,Offences against persons,1,14-17,F,173,f,t,0.011085,
offenders,2020,1,Offences against persons,1,18-30,M,4197,f,t,0.268918,
offenders,2020,1,Offences against persons,1,18-30,F,894,f,t,0.057282,
offenders,2020,1,Offences against persons,1,31-40,M,3556,f,t,0.227846,
offenders,2020,1,Offences against persons,1,31-40,F,734,f,t,0.047030,
offenders,2020,1,Offences against persons,1,41-64,M,4361,f,t,0.279426,
offenders,2020,1,Offences against persons,1,41-64,F,724,f,t,0.046389,
offenders,2020,1,Offences against persons,1,65+,M,308,f,t,0.019735,
offenders,2020,1,Offences against persons,1,65+,F,34,f,t,0.002179,
offenders,2020,1.1,Intentional homicide and murder,2,14-17,M,17,f,t,0.104938,
offenders,2020,1.1,Intentional homicide and murder,2,14-17,F,3,f,t,0.018519,
offenders,2020,1.1,Intentional homicide and murder,2,18-30,M,62,f,t,0.382716,
offenders,2020,1.1,Intentional homicide and murder,2,18-30,F,6,f,t,0.037037,
offenders,2020,1.1,Intentional homicide and murder,2,31-40,M,26,f,t,0.160494,
offenders,2020,1.1,Intentional homicide and murder,2,31-40,F,3,f,t,0.018519,
offenders,2020,1.1,Intentional homicide and murder,2,41-64,M,36,f,t,0.222222,
offenders,2020,1.1,Intentional homicide and murder,2,41-64,F,4,f,t,0.024691,
offenders,2020,1.1,Intentional homicide and murder,2,65+,M,5,f,t,0.030864,
offenders,2020,1.1,Intentional homicide and murder,2,65+,F,0,f,t,0.000000,
offenders,2020,1.1.1,Completed intentional homicide and murder,3,14-17,M,9,f,t,0.155172,
offenders,2020,1.1.1,Completed intentional homicide and murder,3,14-17,F,1,f,t,0.017241,
offenders,2020,1.1.1,Completed intentional homicide and murder,3,18-30,M,25,f,t,0.431034,
offenders,2020,1.1.1,Completed intentional homicide and murder,3,18-30,F,2,f,t,0.034483,
offenders,2020,1.1.1,Completed intentional homicide and murder,3,31-40,M,3,f,t,0.051724,
offenders,2020,1.1.1,Completed intentional homicide and murder,3,31-40,F,2,f,t,0.034483,
offenders,2020,1.1.1,Completed intentional homicide and murder,3,41-64,M,12,f,t,0.206897,
offenders,2020,1.1.1,Completed intentional homicide and murder,3,41-64,F,2,f,t,0.034483,
offenders,2020,1.1.1,Completed intentional homicide and murder,3,65+,M,2,f,t,0.034483,
offenders,2020,1.1.1,Completed intentional homicide and murder,3,65+,F,0,f,t,0.000000,
offenders,2020,1.2,Bodily injury,2,14-17,M,239,f,t,0.081514,
offenders,2020,1.2,Bodily injury,2,14-17,F,54,f,t,0.018417,
offenders,2020,1.2,Bodily injury,2,18-30,M,982,f,t,0.334925,
offenders,2020,1.2,Bodily injury,2,18-30,F,148,f,t,0.050477,
offenders,2020,1.2,Bodily injury,2,31-40,M,559,f,t,0.190655,
offenders,2020,1.2,Bodily injury,2,31-40,F,121,f,t,0.041269,
offenders,2020,1.2,Bodily injury,2,41-64,M,637,f,t,0.217258,
offenders,2020,1.2,Bodily injury,2,41-64,F,128,f,t,0.043656,
offenders,2020,1.2,Bodily injury,2,65+,M,53,f,t,0.018076,
offenders,2020,1.2,Bodily injury,2,65+,F,11,f,t,0.003752,
offenders,2020,1.3,Domestic violence in the family setting,2,14-17,M,290,f,t,0.024157,
offenders,2020,1.3,Domestic violence in the family setting,2,14-17,F,107,f,t,0.008913,
offenders,2020,1.3,Domestic violence in the family setting,2,18-30,M,2918,f,t,0.243065,
offenders,2020,1.3,Domestic violence in the family setting,2,18-30,F,711,f,t,0.059225,
offenders,2020,1.3,Domestic violence in the family setting,2,31-40,M,2909,f,t,0.242316,
offenders,2020,1.3,Domestic violence in the family setting,2,31-40,F,596,f,t,0.049646,
offenders,2020,1.3,Domestic violence in the family setting,2,41-64,M,3633,f,t,0.302624,
offenders,2020,1.3,Domestic violence in the family setting,2,41-64,F,575,f,t,0.047897,
offenders,2020,1.3,Domestic violence in the family setting,2,65+,M,245,f,t,0.020408,
offenders,2020,1.3,Domestic violence in the family setting,2,65+,F,21,f,t,0.001749,
offenders,2020,1.4,Other offences against persons,2,14-17,M,80,f,t,0.157480,
offenders,2020,1.4,Other offences against persons,2,14-17,F,9,f,t,0.017717,
offenders,2020,1.4,Other offences against persons,2,18-30,M,235,f,t,0.462598,
offenders,2020,1.4,Other offences against persons,2,18-30,F,29,f,t,0.057087,
offenders,2020,1.4,Other offences against persons,2,31-40,M,62,f,t,0.122047,
offenders,2020,1.4,Other offences against persons,2,31-40,F,14,f,t,0.027559,
offenders,2020,1.4,Other offences against persons,2,41-64,M,55,f,t,0.108268,
offenders,2020,1.4,Other offences against persons,2,41-64,F,17,f,t,0.033465,
offenders,2020,1.4,Other offences against persons,2,65+,M,5,f,t,0.009843,
offenders,2020,1.4,Other offences against persons,2,65+,F,2,f,t,0.003937,
offenders,2020,2,Offences against personal liberty,1,14-17,M,210,f,t,0.044548,
offenders,2020,2,Offences against personal liberty,1,14-17,F,67,f,t,0.014213,
offenders,2020,2,Offences against personal liberty,1,18-30,M,1069,f,t,0.226771,
offenders,2020,2,Offences against personal liberty,1,18-30,F,199,f,t,0.042215,
offenders,2020,2,Offences against personal liberty,1,31-40,M,1011,f,t,0.214468,
offenders,2020,2,Offences against personal liberty,1,31-40,F,218,f,t,0.046245,
offenders,2020,2,Offences against personal liberty,1,41-64,M,1461,f,t,0.309928,
offenders,2020,2,Offences against personal liberty,1,41-64,F,309,f,t,0.065549,
offenders,2020,2,Offences against personal liberty,1,65+,M,133,f,t,0.028214,
offenders,2020,2,Offences against personal liberty,1,65+,F,37,f,t,0.007849,
offenders,2020,2.1,Habitual domestic abuse,2,14-17,M,20,f,t,0.024600,
offenders,2020,2.1,Habitual domestic abuse,2,14-17,F,12,f,t,0.014760,
offenders,2020,2.1,Habitual domestic abuse,2,18-30,M,182,f,t,0.223862,
offenders,2020,2.1,Habitual domestic abuse,2,18-30,F,17,f,t,0.020910,
offenders,2020,2.1,Habitual domestic abuse,2,31-40,M,206,f,t,0.253383,
offenders,2020,2.1,Habitual domestic abuse,2,31-40,F,30,f,t,0.036900,
offenders,2020,2.1,Habitual domestic abuse,2,41-64,M,291,f,t,0.357934,
offenders,2020,2.1,Habitual domestic abuse,2,41-64,F,26,f,t,0.031980,
offenders,2020,2.1,Habitual domestic abuse,2,65+,M,27,f,t,0.033210,
offenders,2020,2.1,Habitual domestic abuse,2,65+,F,2,f,t,0.002460,
offenders,2020,2.2,Other offences against personal liberty,2,14-17,M,190,f,t,0.048705,
offenders,2020,2.2,Other offences against personal liberty,2,14-17,F,55,f,t,0.014099,
offenders,2020,2.2,Other offences against personal liberty,2,18-30,M,887,f,t,0.227378,
offenders,2020,2.2,Other offences against personal liberty,2,18-30,F,182,f,t,0.046655,
offenders,2020,2.2,Other offences against personal liberty,2,31-40,M,805,f,t,0.206357,
offenders,2020,2.2,Other offences against personal liberty,2,31-40,F,188,f,t,0.048193,
offenders,2020,2.2,Other offences against personal liberty,2,41-64,M,1170,f,t,0.299923,
offenders,2020,2.2,Other offences against personal liberty,2,41-64,F,283,f,t,0.072546,
offenders,2020,2.2,Other offences against personal liberty,2,65+,M,106,f,t,0.027173,
offenders,2020,2.2,Other offences against personal liberty,2,65+,F,35,f,t,0.008972,
offenders,2020,3,Offences against sexual freedom,1,14-17,M,78,f,t,0.066838,
offenders,2020,3,Offences against sexual freedom,1,14-17,F,2,f,t,0.001714,
offenders,2020,3,Offences against sexual freedom,1,18-30,M,317,f,t,0.271637,
offenders,2020,3,Offences against sexual freedom,1,18-30,F,14,f,t,0.011997,
offenders,2020,3,Offences against sexual freedom,1,31-40,M,295,f,t,0.252785,
offenders,2020,3,Offences against sexual freedom,1,31-40,F,3,f,t,0.002571,
offenders,2020,3,Offences against sexual freedom,1,41-64,M,396,f,t,0.339332,
offenders,2020,3,Offences against sexual freedom,1,41-64,F,7,f,t,0.005998,
offenders,2020,3,Offences against sexual freedom,1,65+,M,55,f,t,0.047129,
offenders,2020,3,Offences against sexual freedom,1,65+,F,0,f,t,0.000000,
offenders,2020,3.1,Sexual assault,2,14-17,M,46,f,t,0.072327,
offenders,2020,3.1,Sexual assault,2,14-17,F,0,f,t,0.000000,
offenders,2020,3.1,Sexual assault,2,18-30,M,151,f,t,0.237421,
offenders,2020,3.1,Sexual assault,2,18-30,F,6,f,t,0.009434,
offenders,2020,3.1,Sexual assault,2,31-40,M,159,f,t,0.250000,
offenders,2020,3.1,Sexual assault,2,31-40,F,2,f,t,0.003145,
offenders,2020,3.1,Sexual assault,2,41-64,M,234,f,t,0.367925,
offenders,2020,3.1,Sexual assault,2,41-64,F,1,f,t,0.001572,
offenders,2020,3.1,Sexual assault,2,65+,M,37,f,t,0.058176,
offenders,2020,3.1,Sexual assault,2,65+,F,0,f,t,0.000000,
offenders,2020,3.2,Sexual assault with penetration,2,14-17,M,21,f,t,0.063830,
offenders,2020,3.2,Sexual assault with penetration,2,14-17,F,0,f,t,0.000000,
offenders,2020,3.2,Sexual assault with penetration,2,18-30,M,121,f,t,0.367781,
offenders,2020,3.2,Sexual assault with penetration,2,18-30,F,2,f,t,0.006079,
offenders,2020,3.2,Sexual assault with penetration,2,31-40,M,89,f,t,0.270517,
offenders,2020,3.2,Sexual assault with penetration,2,31-40,F,0,f,t,0.000000,
offenders,2020,3.2,Sexual assault with penetration,2,41-64,M,90,f,t,0.273556,
offenders,2020,3.2,Sexual assault with penetration,2,41-64,F,0,f,t,0.000000,
offenders,2020,3.2,Sexual assault with penetration,2,65+,M,6,f,t,0.018237,
offenders,2020,3.2,Sexual assault with penetration,2,65+,F,0,f,t,0.000000,
offenders,2020,3.3,Corruption of minors,2,14-17,M,0,f,t,0.000000,
offenders,2020,3.3,Corruption of minors,2,14-17,F,0,f,t,0.000000,
offenders,2020,3.3,Corruption of minors,2,18-30,M,9,f,t,0.409091,
offenders,2020,3.3,Corruption of minors,2,18-30,F,0,f,t,0.000000,
offenders,2020,3.3,Corruption of minors,2,31-40,M,4,f,t,0.181818,
offenders,2020,3.3,Corruption of minors,2,31-40,F,0,f,t,0.000000,
offenders,2020,3.3,Corruption of minors,2,41-64,M,7,f,t,0.318182,
offenders,2020,3.3,Corruption of minors,2,41-64,F,1,f,t,0.045455,
offenders,2020,3.3,Corruption of minors,2,65+,M,1,f,t,0.045455,
offenders,2020,3.3,Corruption of minors,2,65+,F,0,f,t,0.000000,
offenders,2020,3.4,Child pornography,2,14-17,M,4,f,t,0.076923,
offenders,2020,3.4,Child pornography,2,14-17,F,1,f,t,0.019231,
offenders,2020,3.4,Child pornography,2,18-30,M,10,f,t,0.192308,
offenders,2020,3.4,Child pornography,2,18-30,F,0,f,t,0.000000,
offenders,2020,3.4,Child pornography,2,31-40,M,11,f,t,0.211538,
offenders,2020,3.4,Child pornography,2,31-40,F,0,f,t,0.000000,
offenders,2020,3.4,Child pornography,2,41-64,M,21,f,t,0.403846,
offenders,2020,3.4,Child pornography,2,41-64,F,0,f,t,0.000000,
offenders,2020,3.4,Child pornography,2,65+,M,5,f,t,0.096154,
offenders,2020,3.4,Child pornography,2,65+,F,0,f,t,0.000000,
offenders,2020,3.5,Other offences against sexual freedom,2,14-17,M,7,f,t,0.054688,
offenders,2020,3.5,Other offences against sexual freedom,2,14-17,F,1,f,t,0.007813,
offenders,2020,3.5,Other offences against sexual freedom,2,18-30,M,26,f,t,0.203125,
offenders,2020,3.5,Other offences against sexual freedom,2,18-30,F,6,f,t,0.046875,
offenders,2020,3.5,Other offences against sexual freedom,2,31-40,M,32,f,t,0.250000,
offenders,2020,3.5,Other offences against sexual freedom,2,31-40,F,1,f,t,0.007813,
offenders,2020,3.5,Other offences against sexual freedom,2,41-64,M,44,f,t,0.343750,
offenders,2020,3.5,Other offences against sexual freedom,2,41-64,F,5,f,t,0.039063,
offenders,2020,3.5,Other offences against sexual freedom,2,65+,M,6,f,t,0.046875,
offenders,2020,3.5,Other offences against sexual freedom,2,65+,F,0,f,t,0.000000,
offenders,2020,4,Offences against family relations,1,14-17,M,0,f,t,0.000000,
offenders,2020,4,Offences against family relations,1,14-17,F,0,f,t,0.000000,
offenders,2020,4,Offences against family relations,1,18-30,M,12,f,t,0.090226,
offenders,2020,4,Offences against family relations,1,18-30,F,19,f,t,0.142857,
offenders,2020,4,Offences against family relations,1,31-40,M,20,f,t,0.150376,
offenders,2020,4,Offences against family relations,1,31-40,F,12,f,t,0.090226,
offenders,2020,4,Offences against family relations,1,41-64,M,38,f,t,0.285714,
offenders,2020,4,Offences against family relations,1,41-64,F,20,f,t,0.150376,
offenders,2020,4,Offences against family relations,1,65+,M,6,f,t,0.045113,
offenders,2020,4,Offences against family relations,1,65+,F,6,f,t,0.045113,
offenders,2020,5,Property offences,1,14-17,M,2268,f,t,0.084845,
offenders,2020,5,Property offences,1,14-17,F,432,f,t,0.016161,
offenders,2020,5,Property offences,1,18-30,M,8035,f,t,0.300587,
offenders,2020,5,Property offences,1,18-30,F,2530,f,t,0.094647,
offenders,2020,5,Property offences,1,31-40,M,5001,f,t,0.187086,
offenders,2020,5,Property offences,1,31-40,F,1836,f,t,0.068684,
offenders,2020,5,Property offences,1,41-64,M,4326,f,t,0.161835,
offenders,2020,5,Property offences,1,41-64,F,1778,f,t,0.066515,
offenders,2020,5,Property offences,1,65+,M,329,f,t,0.012308,
offenders,2020,5,Property offences,1,65+,F,196,f,t,0.007332,
offenders,2020,5.1,Theft,2,14-17,M,516,f,t,0.037755,
offenders,2020,5.1,Theft,2,14-17,F,270,f,t,0.019756,
offenders,2020,5.1,Theft,2,18-30,M,3270,f,t,0.239262,
offenders,2020,5.1,Theft,2,18-30,F,1776,f,t,0.129948,
offenders,2020,5.1,Theft,2,31-40,M,2513,f,t,0.183874,
offenders,2020,5.1,Theft,2,31-40,F,1293,f,t,0.094607,
offenders,2020,5.1,Theft,2,41-64,M,2305,f,t,0.168654,
offenders,2020,5.1,Theft,2,41-64,F,1326,f,t,0.097022,
offenders,2020,5.1,Theft,2,65+,M,226,f,t,0.016536,
offenders,2020,5.1,Theft,2,65+,F,172,f,t,0.012585,
offenders,2020,5.2,Burglary involving forced entry,2,14-17,M,439,f,t,0.116693,
offenders,2020,5.2,Burglary involving forced entry,2,14-17,F,33,f,t,0.008772,
offenders,2020,5.2,Burglary involving forced entry,2,18-30,M,1540,f,t,0.409357,
offenders,2020,5.2,Burglary involving forced entry,2,18-30,F,103,f,t,0.027379,
offenders,2020,5.2,Burglary involving forced entry,2,31-40,M,934,f,t,0.248272,
offenders,2020,5.2,Burglary involving forced entry,2,31-40,F,81,f,t,0.021531,
offenders,2020,5.2,Burglary involving forced entry,2,41-64,M,574,f,t,0.152578,
offenders,2020,5.2,Burglary involving forced entry,2,41-64,F,47,f,t,0.012493,
offenders,2020,5.2,Burglary involving forced entry,2,65+,M,11,f,t,0.002924,
offenders,2020,5.2,Burglary involving forced entry,2,65+,F,0,f,t,0.000000,
offenders,2020,5.2.1,Theft from vehicles by forced entry,3,14-17,M,89,f,t,0.097695,
offenders,2020,5.2.1,Theft from vehicles by forced entry,3,14-17,F,4,f,t,0.004391,
offenders,2020,5.2.1,Theft from vehicles by forced entry,3,18-30,M,350,f,t,0.384193,
offenders,2020,5.2.1,Theft from vehicles by forced entry,3,18-30,F,22,f,t,0.024149,
offenders,2020,5.2.1,Theft from vehicles by forced entry,3,31-40,M,242,f,t,0.265642,
offenders,2020,5.2.1,Theft from vehicles by forced entry,3,31-40,F,19,f,t,0.020856,
offenders,2020,5.2.1,Theft from vehicles by forced entry,3,41-64,M,172,f,t,0.188804,
offenders,2020,5.2.1,Theft from vehicles by forced entry,3,41-64,F,11,f,t,0.012075,
offenders,2020,5.2.1,Theft from vehicles by forced entry,3,65+,M,2,f,t,0.002195,
offenders,2020,5.2.1,Theft from vehicles by forced entry,3,65+,F,0,f,t,0.000000,
offenders,2020,5.2.2,Domestic burglary,3,14-17,M,97,f,t,0.094912,
offenders,2020,5.2.2,Domestic burglary,3,14-17,F,18,f,t,0.017613,
offenders,2020,5.2.2,Domestic burglary,3,18-30,M,500,f,t,0.489237,
offenders,2020,5.2.2,Domestic burglary,3,18-30,F,38,f,t,0.037182,
offenders,2020,5.2.2,Domestic burglary,3,31-40,M,214,f,t,0.209393,
offenders,2020,5.2.2,Domestic burglary,3,31-40,F,13,f,t,0.012720,
offenders,2020,5.2.2,Domestic burglary,3,41-64,M,115,f,t,0.112524,
offenders,2020,5.2.2,Domestic burglary,3,41-64,F,21,f,t,0.020548,
offenders,2020,5.2.2,Domestic burglary,3,65+,M,6,f,t,0.005871,
offenders,2020,5.2.2,Domestic burglary,3,65+,F,0,f,t,0.000000,
offenders,2020,5.2.3,Burglary of commercial premises,3,14-17,M,148,f,t,0.141898,
offenders,2020,5.2.3,Burglary of commercial premises,3,14-17,F,6,f,t,0.005753,
offenders,2020,5.2.3,Burglary of commercial premises,3,18-30,M,385,f,t,0.369128,
offenders,2020,5.2.3,Burglary of commercial premises,3,18-30,F,23,f,t,0.022052,
offenders,2020,5.2.3,Burglary of commercial premises,3,31-40,M,293,f,t,0.280920,
offenders,2020,5.2.3,Burglary of commercial premises,3,31-40,F,34,f,t,0.032598,
offenders,2020,5.2.3,Burglary of commercial premises,3,41-64,M,144,f,t,0.138063,
offenders,2020,5.2.3,Burglary of commercial premises,3,41-64,F,8,f,t,0.007670,
offenders,2020,5.2.3,Burglary of commercial premises,3,65+,M,2,f,t,0.001918,
offenders,2020,5.2.3,Burglary of commercial premises,3,65+,F,0,f,t,0.000000,
offenders,2020,5.3,Robbery with violence or intimidation,2,14-17,M,952,f,t,0.260323,
offenders,2020,5.3,Robbery with violence or intimidation,2,14-17,F,91,f,t,0.024884,
offenders,2020,5.3,Robbery with violence or intimidation,2,18-30,M,1455,f,t,0.397867,
offenders,2020,5.3,Robbery with violence or intimidation,2,18-30,F,135,f,t,0.036916,
offenders,2020,5.3,Robbery with violence or intimidation,2,31-40,M,467,f,t,0.127700,
offenders,2020,5.3,Robbery with violence or intimidation,2,31-40,F,87,f,t,0.023790,
offenders,2020,5.3,Robbery with violence or intimidation,2,41-64,M,396,f,t,0.108285,
offenders,2020,5.3,Robbery with violence or intimidation,2,41-64,F,69,f,t,0.018868,
offenders,2020,5.3,Robbery with violence or intimidation,2,65+,M,3,f,t,0.000820,
offenders,2020,5.3,Robbery with violence or intimidation,2,65+,F,2,f,t,0.000547,
offenders,2020,5.3.1,Street robbery,3,14-17,M,678,f,t,0.300932,
offenders,2020,5.3.1,Street robbery,3,14-17,F,69,f,t,0.030626,
offenders,2020,5.3.1,Street robbery,3,18-30,M,955,f,t,0.423879,
offenders,2020,5.3.1,Street robbery,3,18-30,F,67,f,t,0.029738,
offenders,2020,5.3.1,Street robbery,3,31-40,M,250,f,t,0.110963,
offenders,2020,5.3.1,Street robbery,3,31-40,F,28,f,t,0.012428,
offenders,2020,5.3.1,Street robbery,3,41-64,M,180,f,t,0.079893,
offenders,2020,5.3.1,Street robbery,3,41-64,F,25,f,t,0.011096,
offenders,2020,5.3.1,Street robbery,3,65+,M,1,f,t,0.000444,
offenders,2020,5.3.1,Street robbery,3,65+,F,0,f,t,0.000000,
offenders,2020,5.3.2,Robbery in dwellings,3,14-17,M,17,f,t,0.092896,
offenders,2020,5.3.2,Robbery in dwellings,3,14-17,F,1,f,t,0.005464,
offenders,2020,5.3.2,Robbery in dwellings,3,18-30,M,68,f,t,0.371585,
offenders,2020,5.3.2,Robbery in dwellings,3,18-30,F,10,f,t,0.054645,
offenders,2020,5.3.2,Robbery in dwellings,3,31-40,M,38,f,t,0.207650,
offenders,2020,5.3.2,Robbery in dwellings,3,31-40,F,13,f,t,0.071038,
offenders,2020,5.3.2,Robbery in dwellings,3,41-64,M,27,f,t,0.147541,
offenders,2020,5.3.2,Robbery in dwellings,3,41-64,F,8,f,t,0.043716,
offenders,2020,5.3.2,Robbery in dwellings,3,65+,M,0,f,t,0.000000,
offenders,2020,5.3.2,Robbery in dwellings,3,65+,F,1,f,t,0.005464,
offenders,2020,5.3.3,Robbery of commercial premises,3,14-17,M,75,f,t,0.102180,
offenders,2020,5.3.3,Robbery of commercial premises,3,14-17,F,9,f,t,0.012262,
offenders,2020,5.3.3,Robbery of commercial premises,3,18-30,M,229,f,t,0.311989,
offenders,2020,5.3.3,Robbery of commercial premises,3,18-30,F,42,f,t,0.057221,
offenders,2020,5.3.3,Robbery of commercial premises,3,31-40,M,141,f,t,0.192098,
offenders,2020,5.3.3,Robbery of commercial premises,3,31-40,F,40,f,t,0.054496,
offenders,2020,5.3.3,Robbery of commercial premises,3,41-64,M,170,f,t,0.231608,
offenders,2020,5.3.3,Robbery of commercial premises,3,41-64,F,28,f,t,0.038147,
offenders,2020,5.3.3,Robbery of commercial premises,3,65+,M,0,f,t,0.000000,
offenders,2020,5.3.3,Robbery of commercial premises,3,65+,F,0,f,t,0.000000,
offenders,2020,5.4,Vehicle theft,2,14-17,M,114,f,t,0.182692,
offenders,2020,5.4,Vehicle theft,2,14-17,F,1,f,t,0.001603,
offenders,2020,5.4,Vehicle theft,2,18-30,M,163,f,t,0.261218,
offenders,2020,5.4,Vehicle theft,2,18-30,F,14,f,t,0.022436,
offenders,2020,5.4,Vehicle theft,2,31-40,M,172,f,t,0.275641,
offenders,2020,5.4,Vehicle theft,2,31-40,F,20,f,t,0.032051,
offenders,2020,5.4,Vehicle theft,2,41-64,M,112,f,t,0.179487,
offenders,2020,5.4,Vehicle theft,2,41-64,F,21,f,t,0.033654,
offenders,2020,5.4,Vehicle theft,2,65+,M,6,f,t,0.009615,
offenders,2020,5.4,Vehicle theft,2,65+,F,1,f,t,0.001603,
offenders,2020,5.5,Fraud,2,14-17,M,28,f,t,0.014293,
offenders,2020,5.5,Fraud,2,14-17,F,7,f,t,0.003573,
offenders,2020,5.5,Fraud,2,18-30,M,583,f,t,0.297601,
offenders,2020,5.5,Fraud,2,18-30,F,214,f,t,0.109239,
offenders,2020,5.5,Fraud,2,31-40,M,392,f,t,0.200102,
offenders,2020,5.5,Fraud,2,31-40,F,174,f,t,0.088821,
offenders,2020,5.5,Fraud,2,41-64,M,381,f,t,0.194487,
offenders,2020,5.5,Fraud,2,41-64,F,139,f,t,0.070955,
offenders,2020,5.5,Fraud,2,65+,M,34,f,t,0.017356,
offenders,2020,5.5,Fraud,2,65+,F,7,f,t,0.003573,
offenders,2020,5.5.1,Computer enabled fraud,3,14-17,M,21,f,t,0.022388,
offenders,2020,5.5.1,Computer enabled fraud,3,14-17,F,3,f,t,0.003198,
offenders,2020,5.5.1,Computer enabled fraud,3,18-30,M,317,f,t,0.337953,
offenders,2020,5.5.1,Computer enabled fraud,3,18-30,F,121,f,t,0.128998,
offenders,2020,5.5.1,Computer enabled fraud,3,31-40,M,178,f,t,0.189765,
offenders,2020,5.5.1,Computer enabled fraud,3,31-40,F,89,f,t,0.094883,
offenders,2020,5.5.1,Computer enabled fraud,3,41-64,M,131,f,t,0.139659,
offenders,2020,5.5.1,Computer enabled fraud,3,41-64,F,56,f,t,0.059701,
offenders,2020,5.5.1,Computer enabled fraud,3,65+,M,19,f,t,0.020256,
offenders,2020,5.5.1,Computer enabled fraud,3,65+,F,3,f,t,0.003198,
offenders,2020,5.6,Criminal damage,2,14-17,M,125,f,t,0.142531,
offenders,2020,5.6,Criminal damage,2,14-17,F,10,f,t,0.011403,
offenders,2020,5.6,Criminal damage,2,18-30,M,313,f,t,0.356899,
offenders,2020,5.6,Criminal damage,2,18-30,F,39,f,t,0.044470,
offenders,2020,5.6,Criminal damage,2,31-40,M,136,f,t,0.155074,
offenders,2020,5.6,Criminal damage,2,31-40,F,26,f,t,0.029647,
offenders,2020,5.6,Criminal damage,2,41-64,M,165,f,t,0.188141,
offenders,2020,5.6,Criminal damage,2,41-64,F,32,f,t,0.036488,
offenders,2020,5.6,Criminal damage,2,65+,M,25,f,t,0.028506,
offenders,2020,5.6,Criminal damage,2,65+,F,6,f,t,0.006842,
offenders,2020,5.7,Offences against intellectual and industrial property,2,14-17,M,0,f,t,0.000000,
offenders,2020,5.7,Offences against intellectual and industrial property,2,14-17,F,0,f,t,0.000000,
offenders,2020,5.7,Offences against intellectual and industrial property,2,18-30,M,12,f,t,0.169014,
offenders,2020,5.7,Offences against intellectual and industrial property,2,18-30,F,4,f,t,0.056338,
offenders,2020,5.7,Offences against intellectual and industrial property,2,31-40,M,21,f,t,0.295775,
offenders,2020,5.7,Offences against intellectual and industrial property,2,31-40,F,8,f,t,0.112676,
offenders,2020,5.7,Offences against intellectual and industrial property,2,41-64,M,22,f,t,0.309859,
offenders,2020,5.7,Offences against intellectual and industrial property,2,41-64,F,4,f,t,0.056338,
offenders,2020,5.7,Offences against intellectual and industrial property,2,65+,M,0,f,t,0.000000,
offenders,2020,5.7,Offences against intellectual and industrial property,2,65+,F,0,f,t,0.000000,
offenders,2020,5.8,Money laundering,2,14-17,M,0,f,t,0.000000,
offenders,2020,5.8,Money laundering,2,14-17,F,0,f,t,0.000000,
offenders,2020,5.8,Money laundering,2,18-30,M,24,f,t,0.226415,
offenders,2020,5.8,Money laundering,2,18-30,F,4,f,t,0.037736,
offenders,2020,5.8,Money laundering,2,31-40,M,12,f,t,0.113208,
offenders,2020,5.8,Money laundering,2,31-40,F,10,f,t,0.094340,
offenders,2020,5.8,Money laundering,2,41-64,M,41,f,t,0.386792,
offenders,2020,5.8,Money laundering,2,41-64,F,12,f,t,0.113208,
offenders,2020,5.8,Money laundering,2,65+,M,2,f,t,0.018868,
offenders,2020,5.8,Money laundering,2,65+,F,1,f,t,0.009434,
offenders,2020,5.9,Other property offences,2,14-17,M,94,f,t,0.046813,
offenders,2020,5.9,Other property offences,2,14-17,F,20,f,t,0.009960,
offenders,2020,5.9,Other property offences,2,18-30,M,675,f,t,0.336155,
offenders,2020,5.9,Other property offences,2,18-30,F,241,f,t,0.120020,
offenders,2020,5.9,Other property offences,2,31-40,M,354,f,t,0.176295,
offenders,2020,5.9,Other property offences,2,31-40,F,137,f,t,0.068227,
offenders,2020,5.9,Other property offences,2,41-64,M,330,f,t,0.164343,
offenders,2020,5.9,Other property offences,2,41-64,F,128,f,t,0.063745,
offenders,2020,5.9,Other property offences,2,65+,M,22,f,t,0.010956,
offenders,2020,5.9,Other property offences,2,65+,F,7,f,t,0.003486,
offenders,2020,6,Offences against public safety,1,14-17,M,141,f,t,0.021484,
offenders,2020,6,Offences against public safety,1,14-17,F,9,f,t,0.001371,
offenders,2020,6,Offences against public safety,1,18-30,M,2240,f,t,0.341307,
offenders,2020,6,Offences against public safety,1,18-30,F,232,f,t,0.035350,
offenders,2020,6,Offences against public safety,1,31-40,M,1703,f,t,0.259485,
offenders,2020,6,Offences against public safety,1,31-40,F,152,f,t,0.023160,
offenders,2020,6,Offences against public safety,1,41-64,M,1812,f,t,0.276093,
offenders,2020,6,Offences against public safety,1,41-64,F,195,f,t,0.029712,
offenders,2020,6,Offences against public safety,1,65+,M,71,f,t,0.010818,
offenders,2020,6,Offences against public safety,1,65+,F,8,f,t,0.001219,
offenders,2020,6.1,Drug trafficking,2,14-17,M,92,f,t,0.033225,
offenders,2020,6.1,Drug trafficking,2,14-17,F,5,f,t,0.001806,
offenders,2020,6.1,Drug trafficking,2,18-30,M,1072,f,t,0.387143,
offenders,2020,6.1,Drug trafficking,2,18-30,F,122,f,t,0.044059,
offenders,2020,6.1,Drug trafficking,2,31-40,M,676,f,t,0.244131,
offenders,2020,6.1,Drug trafficking,2,31-40,F,77,f,t,0.027808,
offenders,2020,6.1,Drug trafficking,2,41-64,M,613,f,t,0.221380,
offenders,2020,6.1,Drug trafficking,2,41-64,F,93,f,t,0.033586,
offenders,2020,6.1,Drug trafficking,2,65+,M,15,f,t,0.005417,
offenders,2020,6.1,Drug trafficking,2,65+,F,4,f,t,0.001445,
offenders,2020,6.2,Road safety offences,2,14-17,M,44,f,t,0.012277,
offenders,2020,6.2,Road safety offences,2,14-17,F,4,f,t,0.001116,
offenders,2020,6.2,Road safety offences,2,18-30,M,1109,f,t,0.309431,
offenders,2020,6.2,Road safety offences,2,18-30,F,97,f,t,0.027065,
offenders,2020,6.2,Road safety offences,2,31-40,M,979,f,t,0.273158,
offenders,2020,6.2,Road safety offences,2,31-40,F,65,f,t,0.018136,
offenders,2020,6.2,Road safety offences,2,41-64,M,1140,f,t,0.318080,
offenders,2020,6.2,Road safety offences,2,41-64,F,92,f,t,0.025670,
offenders,2020,6.2,Road safety offences,2,65+,M,52,f,t,0.014509,
offenders,2020,6.2,Road safety offences,2,65+,F,2,f,t,0.000558,
offenders,2020,6.3,Other offences against public safety,2,14-17,M,5,f,t,0.023810,
offenders,2020,6.3,Other offences against public safety,2,14-17,F,0,f,t,0.000000,
offenders,2020,6.3,Other offences against public safety,2,18-30,M,59,f,t,0.280952,
offenders,2020,6.3,Other offences against public safety,2,18-30,F,13,f,t,0.061905,
offenders,2020,6.3,Other offences against public safety,2,31-40,M,48,f,t,0.228571,
offenders,2020,6.3,Other offences against public safety,2,31-40,F,10,f,t,0.047619,
offenders,2020,6.3,Other offences against public safety,2,41-64,M,59,f,t,0.280952,
offenders,2020,6.3,Other offences against public safety,2,41-64,F,10,f,t,0.047619,
offenders,2020,6.3,Other offences against public safety,2,65+,M,4,f,t,0.019048,
offenders,2020,6.3,Other offences against public safety,2,65+,F,2,f,t,0.009524,
offenders,2020,7,Forgery offences,1,14-17,M,25,f,t,0.016036,
offenders,2020,7,Forgery offences,1,14-17,F,8,f,t,0.005131,
offenders,2020,7,Forgery offences,1,18-30,M,482,f,t,0.309173,
offenders,2020,7,Forgery offences,1,18-30,F,125,f,t,0.080180,
offenders,2020,7,Forgery offences,1,31-40,M,375,f,t,0.240539,
offenders,2020,7,Forgery offences,1,31-40,F,112,f,t,0.071841,
offenders,2020,7,Forgery offences,1,41-64,M,287,f,t,0.184092,
offenders,2020,7,Forgery offences,1,41-64,F,127,f,t,0.081462,
offenders,2020,7,Forgery offences,1,65+,M,13,f,t,0.008339,
offenders,2020,7,Forgery offences,1,65+,F,5,f,t,0.003207,
offenders,2020,8,Offences against the public administration,1,14-17,M,0,f,t,0.000000,
offenders,2020,8,Offences against the public administration,1,14-17,F,0,f,t,0.000000,
offenders,2020,8,Offences against the public administration,1,18-30,M,3,f,t,0.157895,
offenders,2020,8,Offences against the public administration,1,18-30,F,0,f,t,0.000000,
offenders,2020,8,Offences against the public administration,1,31-40,M,5,f,t,0.263158,
offenders,2020,8,Offences against the public administration,1,31-40,F,0,f,t,0.000000,
offenders,2020,8,Offences against the public administration,1,41-64,M,7,f,t,0.368421,
offenders,2020,8,Offences against the public administration,1,41-64,F,2,f,t,0.105263,
offenders,2020,8,Offences against the public administration,1,65+,M,2,f,t,0.105263,
offenders,2020,8,Offences against the public administration,1,65+,F,0,f,t,0.000000,
offenders,2020,9,Offences against the administration of justice,1,14-17,M,24,f,t,0.007396,
offenders,2020,9,Offences against the administration of justice,1,14-17,F,9,f,t,0.002773,
offenders,2020,9,Offences against the administration of justice,1,18-30,M,947,f,t,0.291834,
offenders,2020,9,Offences against the administration of justice,1,18-30,F,102,f,t,0.031433,
offenders,2020,9,Offences against the administration of justice,1,31-40,M,846,f,t,0.260709,
offenders,2020,9,Offences against the administration of justice,1,31-40,F,99,f,t,0.030508,
offenders,2020,9,Offences against the administration of justice,1,41-64,M,1021,f,t,0.314638,
offenders,2020,9,Offences against the administration of justice,1,41-64,F,138,f,t,0.042527,
offenders,2020,9,Offences against the administration of justice,1,65+,M,50,f,t,0.015408,
offenders,2020,9,Offences against the administration of justice,1,65+,F,9,f,t,0.002773,
offenders,2020,10,Offences against public order,1,14-17,M,291,f,t,0.053267,
offenders,2020,10,Offences against public order,1,14-17,F,54,f,t,0.009885,
offenders,2020,10,Offences against public order,1,18-30,M,2028,f,t,0.371225,
offenders,2020,10,Offences against public order,1,18-30,F,332,f,t,0.060772,
offenders,2020,10,Offences against public order,1,31-40,M,1065,f,t,0.194948,
offenders,2020,10,Offences against public order,1,31-40,F,237,f,t,0.043383,
offenders,2020,10,Offences against public order,1,41-64,M,1162,f,t,0.212704,
offenders,2020,10,Offences against public order,1,41-64,F,248,f,t,0.045396,
offenders,2020,10,Offences against public order,1,65+,M,42,f,t,0.007688,
offenders,2020,10,Offences against public order,1,65+,F,4,f,t,0.000732,
offenders,2020,11,Offences under special legislation,1,14-17,M,0,f,t,0.000000,
offenders,2020,11,Offences under special legislation,1,14-17,F,0,f,t,0.000000,
offenders,2020,11,Offences under special legislation,1,18-30,M,6,f,t,0.187500,
offenders,2020,11,Offences under special legislation,1,18-30,F,0,f,t,0.000000,
offenders,2020,11,Offences under special legislation,1,31-40,M,9,f,t,0.281250,
offenders,2020,11,Offences under special legislation,1,31-40,F,0,f,t,0.000000,
offenders,2020,11,Offences under special legislation,1,41-64,M,15,f,t,0.468750,
offenders,2020,11,Offences under special legislation,1,41-64,F,1,f,t,0.031250,
offenders,2020,11,Offences under special legislation,1,65+,M,1,f,t,0.031250,
offenders,2020,11,Offences under special legislation,1,65+,F,0,f,t,0.000000,
offenders,2020,12,Other criminal offences,1,14-17,M,7,f,t,0.014706,
offenders,2020,12,Other criminal offences,1,14-17,F,0,f,t,0.000000,
offenders,2020,12,Other criminal offences,1,18-30,M,42,f,t,0.088235,
offenders,2020,12,Other criminal offences,1,18-30,F,16,f,t,0.033613,
offenders,2020,12,Other criminal offences,1,31-40,M,88,f,t,0.184874,
offenders,2020,12,Other criminal offences,1,31-40,F,30,f,t,0.063025,
offenders,2020,12,Other criminal offences,1,41-64,M,201,f,t,0.422269,
offenders,2020,12,Other criminal offences,1,41-64,F,54,f,t,0.113445,
offenders,2020,12,Other criminal offences,1,65+,M,30,f,t,0.063025,
offenders,2020,12,Other criminal offences,1,65+,F,8,f,t,0.016807,
offenders,2020,TOTAL,Total criminal offences,0,14-17,M,3670,f,t,0.055852,
offenders,2020,TOTAL,Total criminal offences,0,14-17,F,754,f,t,0.011475,
offenders,2020,TOTAL,Total criminal offences,0,18-30,M,19378,f,t,0.294906,
offenders,2020,TOTAL,Total criminal offences,0,18-30,F,4463,f,t,0.067921,
offenders,2020,TOTAL,Total criminal offences,0,31-40,M,13974,f,t,0.212665,
offenders,2020,TOTAL,Total criminal offences,0,31-40,F,3433,f,t,0.052246,
offenders,2020,TOTAL,Total criminal offences,0,41-64,M,15087,f,t,0.229603,
offenders,2020,TOTAL,Total criminal offences,0,41-64,F,3603,f,t,0.054833,
offenders,2020,TOTAL,Total criminal offences,0,65+,M,1040,f,t,0.015827,
offenders,2020,TOTAL,Total criminal offences,0,65+,F,307,f,t,0.004672,
offenders,2021,1,Offences against persons,1,14-17,M,794,f,t,0.043812,
offenders,2021,1,Offences against persons,1,14-17,F,216,f,t,0.011919,
offenders,2021,1,Offences against persons,1,18-30,M,4983,f,t,0.274954,
offenders,2021,1,Offences against persons,1,18-30,F,1142,f,t,0.063014,
offenders,2021,1,Offences against persons,1,31-40,M,4030,f,t,0.222369,
offenders,2021,1,Offences against persons,1,31-40,F,902,f,t,0.049771,
offenders,2021,1,Offences against persons,1,41-64,M,4756,f,t,0.262429,
offenders,2021,1,Offences against persons,1,41-64,F,943,f,t,0.052033,
offenders,2021,1,Offences against persons,1,65+,M,320,f,t,0.017657,
offenders,2021,1,Offences against persons,1,65+,F,37,f,t,0.002042,
offenders,2021,1.1,Intentional homicide and murder,2,14-17,M,18,f,t,0.109091,
offenders,2021,1.1,Intentional homicide and murder,2,14-17,F,1,f,t,0.006061,
offenders,2021,1.1,Intentional homicide and murder,2,18-30,M,59,f,t,0.357576,
offenders,2021,1.1,Intentional homicide and murder,2,18-30,F,7,f,t,0.042424,
offenders,2021,1.1,Intentional homicide and murder,2,31-40,M,25,f,t,0.151515,
offenders,2021,1.1,Intentional homicide and murder,2,31-40,F,1,f,t,0.006061,
offenders,2021,1.1,Intentional homicide and murder,2,41-64,M,46,f,t,0.278788,
offenders,2021,1.1,Intentional homicide and murder,2,41-64,F,4,f,t,0.024242,
offenders,2021,1.1,Intentional homicide and murder,2,65+,M,4,f,t,0.024242,
offenders,2021,1.1,Intentional homicide and murder,2,65+,F,0,f,t,0.000000,
offenders,2021,1.1.1,Completed intentional homicide and murder,3,14-17,M,5,f,t,0.094340,
offenders,2021,1.1.1,Completed intentional homicide and murder,3,14-17,F,0,f,t,0.000000,
offenders,2021,1.1.1,Completed intentional homicide and murder,3,18-30,M,12,f,t,0.226415,
offenders,2021,1.1.1,Completed intentional homicide and murder,3,18-30,F,3,f,t,0.056604,
offenders,2021,1.1.1,Completed intentional homicide and murder,3,31-40,M,7,f,t,0.132075,
offenders,2021,1.1.1,Completed intentional homicide and murder,3,31-40,F,1,f,t,0.018868,
offenders,2021,1.1.1,Completed intentional homicide and murder,3,41-64,M,20,f,t,0.377358,
offenders,2021,1.1.1,Completed intentional homicide and murder,3,41-64,F,2,f,t,0.037736,
offenders,2021,1.1.1,Completed intentional homicide and murder,3,65+,M,3,f,t,0.056604,
offenders,2021,1.1.1,Completed intentional homicide and murder,3,65+,F,0,f,t,0.000000,
offenders,2021,1.2,Bodily injury,2,14-17,M,335,f,t,0.093211,
offenders,2021,1.2,Bodily injury,2,14-17,F,71,f,t,0.019755,
offenders,2021,1.2,Bodily injury,2,18-30,M,1252,f,t,0.348358,
offenders,2021,1.2,Bodily injury,2,18-30,F,199,f,t,0.055370,
offenders,2021,1.2,Bodily injury,2,31-40,M,606,f,t,0.168614,
offenders,2021,1.2,Bodily injury,2,31-40,F,141,f,t,0.039232,
offenders,2021,1.2,Bodily injury,2,41-64,M,777,f,t,0.216194,
offenders,2021,1.2,Bodily injury,2,41-64,F,148,f,t,0.041180,
offenders,2021,1.2,Bodily injury,2,65+,M,53,f,t,0.014747,
offenders,2021,1.2,Bodily injury,2,65+,F,12,f,t,0.003339,
offenders,2021,1.3,Domestic violence in the family setting,2,14-17,M,285,f,t,0.020951,
offenders,2021,1.3,Domestic violence in the family setting,2,14-17,F,137,f,t,0.010071,
offenders,2021,1.3,Domestic violence in the family setting,2,18-30,M,3348,f,t,0.246122,
offenders,2021,1.3,Domestic violence in the family setting,2,18-30,F,875,f,t,0.064324,
offenders,2021,1.3,Domestic violence in the family setting,2,31-40,M,3309,f,t,0.243255,
offenders,2021,1.3,Domestic violence in the family setting,2,31-40,F,732,f,t,0.053812,
offenders,2021,1.3,Domestic violence in the family setting,2,41-64,M,3863,f,t,0.283981,
offenders,2021,1.3,Domestic violence in the family setting,2,41-64,F,771,f,t,0.056679,
offenders,2021,1.3,Domestic violence in the family setting,2,65+,M,259,f,t,0.019040,
offenders,2021,1.3,Domestic violence in the family setting,2,65+,F,24,f,t,0.001764,
offenders,2021,1.4,Other offences against persons,2,14-17,M,156,f,t,0.204993,
offenders,2021,1.4,Other offences against persons,2,14-17,F,7,f,t,0.009198,
offenders,2021,1.4,Other offences against persons,2,18-30,M,324,f,t,0.425756,
offenders,2021,1.4,Other offences against persons,2,18-30,F,61,f,t,0.080158,
offenders,2021,1.4,Other offences against persons,2,31-40,M,90,f,t,0.118265,
offenders,2021,1.4,Other offences against persons,2,31-40,F,28,f,t,0.036794,
offenders,2021,1.4,Other offences against persons,2,41-64,M,70,f,t,0.091984,
offenders,2021,1.4,Other offences against persons,2,41-64,F,20,f,t,0.026281,
offenders,2021,1.4,Other offences against persons,2,65+,M,4,f,t,0.005256,
offenders,2021,1.4,Other offences against persons,2,65+,F,1,f,t,0.001314,
offenders,2021,2,Offences against personal liberty,1,14-17,M,295,f,t,0.055441,
offenders,2021,2,Offences against personal liberty,1,14-17,F,55,f,t,0.010336,
offenders,2021,2,Offences against personal liberty,1,18-30,M,1262,f,t,0.237173,
offenders,2021,2,Offences against personal liberty,1,18-30,F,213,f,t,0.040030,
offenders,2021,2,Offences against personal liberty,1,31-40,M,1140,f,t,0.214245,
offenders,2021,2,Offences against personal liberty,1,31-40,F,208,f,t,0.039090,
offenders,2021,2,Offences against personal liberty,1,41-64,M,1648,f,t,0.309716,
offenders,2021,2,Offences against personal liberty,1,41-64,F,365,f,t,0.068596,
offenders,2021,2,Offences against personal liberty,1,65+,M,119,f,t,0.022364,
offenders,2021,2,Offences against personal liberty,1,65+,F,16,f,t,0.003007,
offenders,2021,2.1,Habitual domestic abuse,2,14-17,M,25,f,t,0.027233,
offenders,2021,2.1,Habitual domestic abuse,2,14-17,F,8,f,t,0.008715,
offenders,2021,2.1,Habitual domestic abuse,2,18-30,M,172,f,t,0.187364,
offenders,2021,2.1,Habitual domestic abuse,2,18-30,F,30,f,t,0.032680,
offenders,2021,2.1,Habitual domestic abuse,2,31-40,M,234,f,t,0.254902,
offenders,2021,2.1,Habitual domestic abuse,2,31-40,F,26,f,t,0.028322,
offenders,2021,2.1,Habitual domestic abuse,2,41-64,M,356,f,t,0.387800,
offenders,2021,2.1,Habitual domestic abuse,2,41-64,F,39,f,t,0.042484,
offenders,2021,2.1,Habitual domestic abuse,2,65+,M,27,f,t,0.029412,
offenders,2021,2.1,Habitual domestic abuse,2,65+,F,1,f,t,0.001089,
offenders,2021,2.2,Other offences against personal liberty,2,14-17,M,270,f,t,0.061322,
offenders,2021,2.2,Other offences against personal liberty,2,14-17,F,47,f,t,0.010675,
offenders,2021,2.2,Other offences against personal liberty,2,18-30,M,1090,f,t,0.247558,
offenders,2021,2.2,Other offences against personal liberty,2,18-30,F,183,f,t,0.041563,
offenders,2021,2.2,Other offences against personal liberty,2,31-40,M,906,f,t,0.205769,
offenders,2021,2.2,Other offences against personal liberty,2,31-40,F,182,f,t,0.041335,
offenders,2021,2.2,Other offences against personal liberty,2,41-64,M,1292,f,t,0.293436,
offenders,2021,2.2,Other offences against personal liberty,2,41-64,F,326,f,t,0.074040,
offenders,2021,2.2,Other offences against personal liberty,2,65+,M,92,f,t,0.020895,
offenders,2021,2.2,Other offences against personal liberty,2,65+,F,15,f,t,0.003407,
offenders,2021,3,Offences against sexual freedom,1,14-17,M,102,f,t,0.068687,
offenders,2021,3,Offences against sexual freedom,1,14-17,F,0,f,t,0.000000,
offenders,2021,3,Offences against sexual freedom,1,18-30,M,504,f,t,0.339394,
offenders,2021,3,Offences against sexual freedom,1,18-30,F,13,f,t,0.008754,
offenders,2021,3,Offences against sexual freedom,1,31-40,M,317,f,t,0.213468,
offenders,2021,3,Offences against sexual freedom,1,31-40,F,7,f,t,0.004714,
offenders,2021,3,Offences against sexual freedom,1,41-64,M,472,f,t,0.317845,
offenders,2021,3,Offences against sexual freedom,1,41-64,F,12,f,t,0.008081,
offenders,2021,3,Offences against sexual freedom,1,65+,M,56,f,t,0.037710,
offenders,2021,3,Offences against sexual freedom,1,65+,F,2,f,t,0.001347,
offenders,2021,3.1,Sexual assault,2,14-17,M,71,f,t,0.085132,
offenders,2021,3.1,Sexual assault,2,14-17,F,0,f,t,0.000000,
offenders,2021,3.1,Sexual assault,2,18-30,M,257,f,t,0.308153,
offenders,2021,3.1,Sexual assault,2,18-30,F,4,f,t,0.004796,
offenders,2021,3.1,Sexual assault,2,31-40,M,173,f,t,0.207434,
offenders,2021,3.1,Sexual assault,2,31-40,F,5,f,t,0.005995,
offenders,2021,3.1,Sexual assault,2,41-64,M,282,f,t,0.338129,
offenders,2021,3.1,Sexual assault,2,41-64,F,2,f,t,0.002398,
offenders,2021,3.1,Sexual assault,2,65+,M,39,f,t,0.046763,
offenders,2021,3.1,Sexual assault,2,65+,F,1,f,t,0.001199,
offenders,2021,3.2,Sexual assault with penetration,2,14-17,M,27,f,t,0.065854,
offenders,2021,3.2,Sexual assault with penetration,2,14-17,F,0,f,t,0.000000,
offenders,2021,3.2,Sexual assault with penetration,2,18-30,M,185,f,t,0.451220,
offenders,2021,3.2,Sexual assault with penetration,2,18-30,F,2,f,t,0.004878,
offenders,2021,3.2,Sexual assault with penetration,2,31-40,M,89,f,t,0.217073,
offenders,2021,3.2,Sexual assault with penetration,2,31-40,F,0,f,t,0.000000,
offenders,2021,3.2,Sexual assault with penetration,2,41-64,M,98,f,t,0.239024,
offenders,2021,3.2,Sexual assault with penetration,2,41-64,F,1,f,t,0.002439,
offenders,2021,3.2,Sexual assault with penetration,2,65+,M,8,f,t,0.019512,
offenders,2021,3.2,Sexual assault with penetration,2,65+,F,0,f,t,0.000000,
offenders,2021,3.3,Corruption of minors,2,14-17,M,1,f,t,0.040000,
offenders,2021,3.3,Corruption of minors,2,14-17,F,0,f,t,0.000000,
offenders,2021,3.3,Corruption of minors,2,18-30,M,11,f,t,0.440000,
offenders,2021,3.3,Corruption of minors,2,18-30,F,1,f,t,0.040000,
offenders,2021,3.3,Corruption of minors,2,31-40,M,5,f,t,0.200000,
offenders,2021,3.3,Corruption of minors,2,31-40,F,0,f,t,0.000000,
offenders,2021,3.3,Corruption of minors,2,41-64,M,6,f,t,0.240000,
offenders,2021,3.3,Corruption of minors,2,41-64,F,1,f,t,0.040000,
offenders,2021,3.3,Corruption of minors,2,65+,M,0,f,t,0.000000,
offenders,2021,3.3,Corruption of minors,2,65+,F,0,f,t,0.000000,
offenders,2021,3.4,Child pornography,2,14-17,M,0,f,t,0.000000,
offenders,2021,3.4,Child pornography,2,14-17,F,0,f,t,0.000000,
offenders,2021,3.4,Child pornography,2,18-30,M,19,f,t,0.271429,
offenders,2021,3.4,Child pornography,2,18-30,F,0,f,t,0.000000,
offenders,2021,3.4,Child pornography,2,31-40,M,16,f,t,0.228571,
offenders,2021,3.4,Child pornography,2,31-40,F,0,f,t,0.000000,
offenders,2021,3.4,Child pornography,2,41-64,M,30,f,t,0.428571,
offenders,2021,3.4,Child pornography,2,41-64,F,2,f,t,0.028571,
offenders,2021,3.4,Child pornography,2,65+,M,3,f,t,0.042857,
offenders,2021,3.4,Child pornography,2,65+,F,0,f,t,0.000000,
offenders,2021,3.5,Other offences against sexual freedom,2,14-17,M,3,f,t,0.020548,
offenders,2021,3.5,Other offences against sexual freedom,2,14-17,F,0,f,t,0.000000,
offenders,2021,3.5,Other offences against sexual freedom,2,18-30,M,32,f,t,0.219178,
offenders,2021,3.5,Other offences against sexual freedom,2,18-30,F,6,f,t,0.041096,
offenders,2021,3.5,Other offences against sexual freedom,2,31-40,M,34,f,t,0.232877,
offenders,2021,3.5,Other offences against sexual freedom,2,31-40,F,2,f,t,0.013699,
offenders,2021,3.5,Other offences against sexual freedom,2,41-64,M,56,f,t,0.383562,
offenders,2021,3.5,Other offences against sexual freedom,2,41-64,F,6,f,t,0.041096,
offenders,2021,3.5,Other offences against sexual freedom,2,65+,M,6,f,t,0.041096,
offenders,2021,3.5,Other offences against sexual freedom,2,65+,F,1,f,t,0.006849,
offenders,2021,4,Offences against family relations,1,14-17,M,1,f,t,0.005102,
offenders,2021,4,Offences against family relations,1,14-17,F,0,f,t,0.000000,
offenders,2021,4,Offences against family relations,1,18-30,M,25,f,t,0.127551,
offenders,2021,4,Offences against family relations,1,18-30,F,24,f,t,0.122449,
offenders,2021,4,Offences against family relations,1,31-40,M,40,f,t,0.204082,
offenders,2021,4,Offences against family relations,1,31-40,F,35,f,t,0.178571,
offenders,2021,4,Offences against family relations,1,41-64,M,39,f,t,0.198980,
offenders,2021,4,Offences against family relations,1,41-64,F,19,f,t,0.096939,
offenders,2021,4,Offences against family relations,1,65+,M,13,f,t,0.066327,
offenders,2021,4,Offences against family relations,1,65+,F,0,f,t,0.000000,
offenders,2021,5,Property offences,1,14-17,M,2104,f,t,0.072156,
offenders,2021,5,Property offences,1,14-17,F,505,f,t,0.017319,
offenders,2021,5,Property offences,1,18-30,M,8802,f,t,0.301862,
offenders,2021,5,Property offences,1,18-30,F,3072,f,t,0.105353,
offenders,2021,5,Property offences,1,31-40,M,5123,f,t,0.175692,
offenders,2021,5,Property offences,1,31-40,F,1930,f,t,0.066189,
offenders,2021,5,Property offences,1,41-64,M,4806,f,t,0.164820,
offenders,2021,5,Property offences,1,41-64,F,2154,f,t,0.073871,
offenders,2021,5,Property offences,1,65+,M,411,f,t,0.014095,
offenders,2021,5,Property offences,1,65+,F,252,f,t,0.008642,
offenders,2021,5.1,Theft,2,14-17,M,500,f,t,0.031880,
offenders,2021,5.1,Theft,2,14-17,F,359,f,t,0.022890,
offenders,2021,5.1,Theft,2,18-30,M,3655,f,t,0.233040,
offenders,2021,5.1,Theft,2,18-30,F,2206,f,t,0.140653,
offenders,2021,5.1,Theft,2,31-40,M,2637,f,t,0.168133,
offenders,2021,5.1,Theft,2,31-40,F,1421,f,t,0.090602,
offenders,2021,5.1,Theft,2,41-64,M,2701,f,t,0.172214,
offenders,2021,5.1,Theft,2,41-64,F,1678,f,t,0.106988,
offenders,2021,5.1,Theft,2,65+,M,304,f,t,0.019383,
offenders,2021,5.1,Theft,2,65+,F,223,f,t,0.014218,
offenders,2021,5.2,Burglary involving forced entry,2,14-17,M,349,f,t,0.099402,
offenders,2021,5.2,Burglary involving forced entry,2,14-17,F,13,f,t,0.003703,
offenders,2021,5.2,Burglary involving forced entry,2,18-30,M,1482,f,t,0.422102,
offenders,2021,5.2,Burglary involving forced entry,2,18-30,F,110,f,t,0.031330,
offenders,2021,5.2,Burglary involving forced entry,2,31-40,M,822,f,t,0.234121,
offenders,2021,5.2,Burglary involving forced entry,2,31-40,F,90,f,t,0.025634,
offenders,2021,5.2,Burglary involving forced entry,2,41-64,M,581,f,t,0.165480,
offenders,2021,5.2,Burglary involving forced entry,2,41-64,F,54,f,t,0.015380,
offenders,2021,5.2,Burglary involving forced entry,2,65+,M,10,f,t,0.002848,
offenders,2021,5.2,Burglary involving forced entry,2,65+,F,0,f,t,0.000000,
offenders,2021,5.2.1,Theft from vehicles by forced entry,3,14-17,M,90,f,t,0.100559,
offenders,2021,5.2.1,Theft from vehicles by forced entry,3,14-17,F,2,f,t,0.002235,
offenders,2021,5.2.1,Theft from vehicles by forced entry,3,18-30,M,381,f,t,0.425698,
offenders,2021,5.2.1,Theft from vehicles by forced entry,3,18-30,F,16,f,t,0.017877,
offenders,2021,5.2.1,Theft from vehicles by forced entry,3,31-40,M,189,f,t,0.211173,
offenders,2021,5.2.1,Theft from vehicles by forced entry,3,31-40,F,25,f,t,0.027933,
offenders,2021,5.2.1,Theft from vehicles by forced entry,3,41-64,M,178,f,t,0.198883,
offenders,2021,5.2.1,Theft from vehicles by forced entry,3,41-64,F,10,f,t,0.011173,
offenders,2021,5.2.1,Theft from vehicles by forced entry,3,65+,M,4,f,t,0.004469,
offenders,2021,5.2.1,Theft from vehicles by forced entry,3,65+,F,0,f,t,0.000000,
offenders,2021,5.2.2,Domestic burglary,3,14-17,M,77,f,t,0.087600,
offenders,2021,5.2.2,Domestic burglary,3,14-17,F,5,f,t,0.005688,
offenders,2021,5.2.2,Domestic burglary,3,18-30,M,368,f,t,0.418658,
offenders,2021,5.2.2,Domestic burglary,3,18-30,F,62,f,t,0.070535,
offenders,2021,5.2.2,Domestic burglary,3,31-40,M,184,f,t,0.209329,
offenders,2021,5.2.2,Domestic burglary,3,31-40,F,31,f,t,0.035267,
offenders,2021,5.2.2,Domestic burglary,3,41-64,M,123,f,t,0.139932,
offenders,2021,5.2.2,Domestic burglary,3,41-64,F,26,f,t,0.029579,
offenders,2021,5.2.2,Domestic burglary,3,65+,M,3,f,t,0.003413,
offenders,2021,5.2.2,Domestic burglary,3,65+,F,0,f,t,0.000000,
offenders,2021,5.2.3,Burglary of commercial premises,3,14-17,M,100,f,t,0.115741,
offenders,2021,5.2.3,Burglary of commercial premises,3,14-17,F,4,f,t,0.004630,
offenders,2021,5.2.3,Burglary of commercial premises,3,18-30,M,385,f,t,0.445602,
offenders,2021,5.2.3,Burglary of commercial premises,3,18-30,F,18,f,t,0.020833,
offenders,2021,5.2.3,Burglary of commercial premises,3,31-40,M,195,f,t,0.225694,
offenders,2021,5.2.3,Burglary of commercial premises,3,31-40,F,22,f,t,0.025463,
offenders,2021,5.2.3,Burglary of commercial premises,3,41-64,M,130,f,t,0.150463,
offenders,2021,5.2.3,Burglary of commercial premises,3,41-64,F,8,f,t,0.009259,
offenders,2021,5.2.3,Burglary of commercial premises,3,65+,M,2,f,t,0.002315,
offenders,2021,5.2.3,Burglary of commercial premises,3,65+,F,0,f,t,0.000000,
offenders,2021,5.3,Robbery with violence or intimidation,2,14-17,M,950,f,t,0.236436,
offenders,2021,5.3,Robbery with violence or intimidation,2,14-17,F,94,f,t,0.023395,
offenders,2021,5.3,Robbery with violence or intimidation,2,18-30,M,1659,f,t,0.412892,
offenders,2021,5.3,Robbery with violence or intimidation,2,18-30,F,184,f,t,0.045794,
offenders,2021,5.3,Robbery with violence or intimidation,2,31-40,M,510,f,t,0.126929,
offenders,2021,5.3,Robbery with violence or intimidation,2,31-40,F,97,f,t,0.024141,
offenders,2021,5.3,Robbery with violence or intimidation,2,41-64,M,424,f,t,0.105525,
offenders,2021,5.3,Robbery with violence or intimidation,2,41-64,F,90,f,t,0.022399,
offenders,2021,5.3,Robbery with violence or intimidation,2,65+,M,9,f,t,0.002240,
offenders,2021,5.3,Robbery with violence or intimidation,2,65+,F,1,f,t,0.000249,
offenders,2021,5.3.1,Street robbery,3,14-17,M,697,f,t,0.273548,
offenders,2021,5.3.1,Street robbery,3,14-17,F,60,f,t,0.023548,
offenders,2021,5.3.1,Street robbery,3,18-30,M,1142,f,t,0.448195,
offenders,2021,5.3.1,Street robbery,3,18-30,F,105,f,t,0.041209,
offenders,2021,5.3.1,Street robbery,3,31-40,M,296,f,t,0.116170,
offenders,2021,5.3.1,Street robbery,3,31-40,F,40,f,t,0.015699,
offenders,2021,5.3.1,Street robbery,3,41-64,M,183,f,t,0.071821,
offenders,2021,5.3.1,Street robbery,3,41-64,F,24,f,t,0.009419,
offenders,2021,5.3.1,Street robbery,3,65+,M,0,f,t,0.000000,
offenders,2021,5.3.1,Street robbery,3,65+,F,1,f,t,0.000392,
offenders,2021,5.3.2,Robbery in dwellings,3,14-17,M,20,f,t,0.110497,
offenders,2021,5.3.2,Robbery in dwellings,3,14-17,F,2,f,t,0.011050,
offenders,2021,5.3.2,Robbery in dwellings,3,18-30,M,71,f,t,0.392265,
offenders,2021,5.3.2,Robbery in dwellings,3,18-30,F,8,f,t,0.044199,
offenders,2021,5.3.2,Robbery in dwellings,3,31-40,M,32,f,t,0.176796,
offenders,2021,5.3.2,Robbery in dwellings,3,31-40,F,10,f,t,0.055249,
offenders,2021,5.3.2,Robbery in dwellings,3,41-64,M,30,f,t,0.165746,
offenders,2021,5.3.2,Robbery in dwellings,3,41-64,F,7,f,t,0.038674,
offenders,2021,5.3.2,Robbery in dwellings,3,65+,M,1,f,t,0.005525,
offenders,2021,5.3.2,Robbery in dwellings,3,65+,F,0,f,t,0.000000,
offenders,2021,5.3.3,Robbery of commercial premises,3,14-17,M,62,f,t,0.081046,
offenders,2021,5.3.3,Robbery of commercial premises,3,14-17,F,7,f,t,0.009150,
offenders,2021,5.3.3,Robbery of commercial premises,3,18-30,M,229,f,t,0.299346,
offenders,2021,5.3.3,Robbery of commercial premises,3,18-30,F,54,f,t,0.070588,
offenders,2021,5.3.3,Robbery of commercial premises,3,31-40,M,143,f,t,0.186928,
offenders,2021,5.3.3,Robbery of commercial premises,3,31-40,F,39,f,t,0.050980,
offenders,2021,5.3.3,Robbery of commercial premises,3,41-64,M,170,f,t,0.222222,
offenders,2021,5.3.3,Robbery of commercial premises,3,41-64,F,55,f,t,0.071895,
offenders,2021,5.3.3,Robbery of commercial premises,3,65+,M,6,f,t,0.007843,
offenders,2021,5.3.3,Robbery of commercial premises,3,65+,F,0,f,t,0.000000,
offenders,2021,5.4,Vehicle theft,2,14-17,M,52,f,t,0.097196,
offenders,2021,5.4,Vehicle theft,2,14-17,F,5,f,t,0.009346,
offenders,2021,5.4,Vehicle theft,2,18-30,M,161,f,t,0.300935,
offenders,2021,5.4,Vehicle theft,2,18-30,F,8,f,t,0.014953,
offenders,2021,5.4,Vehicle theft,2,31-40,M,139,f,t,0.259813,
offenders,2021,5.4,Vehicle theft,2,31-40,F,11,f,t,0.020561,
offenders,2021,5.4,Vehicle theft,2,41-64,M,138,f,t,0.257944,
offenders,2021,5.4,Vehicle theft,2,41-64,F,15,f,t,0.028037,
offenders,2021,5.4,Vehicle theft,2,65+,M,5,f,t,0.009346,
offenders,2021,5.4,Vehicle theft,2,65+,F,1,f,t,0.001869,
offenders,2021,5.5,Fraud,2,14-17,M,36,f,t,0.015404,
offenders,2021,5.5,Fraud,2,14-17,F,8,f,t,0.003423,
offenders,2021,5.5,Fraud,2,18-30,M,738,f,t,0.315789,
offenders,2021,5.5,Fraud,2,18-30,F,259,f,t,0.110826,
offenders,2021,5.5,Fraud,2,31-40,M,463,f,t,0.198117,
offenders,2021,5.5,Fraud,2,31-40,F,159,f,t,0.068036,
offenders,2021,5.5,Fraud,2,41-64,M,444,f,t,0.189987,
offenders,2021,5.5,Fraud,2,41-64,F,171,f,t,0.073171,
offenders,2021,5.5,Fraud,2,65+,M,45,f,t,0.019255,
offenders,2021,5.5,Fraud,2,65+,F,14,f,t,0.005991,
offenders,2021,5.5.1,Computer enabled fraud,3,14-17,M,11,f,t,0.009883,
offenders,2021,5.5.1,Computer enabled fraud,3,14-17,F,3,f,t,0.002695,
offenders,2021,5.5.1,Computer enabled fraud,3,18-30,M,428,f,t,0.384546,
offenders,2021,5.5.1,Computer enabled fraud,3,18-30,F,157,f,t,0.141060,
offenders,2021,5.5.1,Computer enabled fraud,3,31-40,M,199,f,t,0.178796,
offenders,2021,5.5.1,Computer enabled fraud,3,31-40,F,69,f,t,0.061995,
offenders,2021,5.5.1,Computer enabled fraud,3,41-64,M,160,f,t,0.143756,
offenders,2021,5.5.1,Computer enabled fraud,3,41-64,F,57,f,t,0.051213,
offenders,2021,5.5.1,Computer enabled fraud,3,65+,M,21,f,t,0.018868,
offenders,2021,5.5.1,Computer enabled fraud,3,65+,F,8,f,t,0.007188,
offenders,2021,5.6,Criminal damage,2,14-17,M,140,f,t,0.128558,
offenders,2021,5.6,Criminal damage,2,14-17,F,13,f,t,0.011938,
offenders,2021,5.6,Criminal damage,2,18-30,M,436,f,t,0.400367,
offenders,2021,5.6,Criminal damage,2,18-30,F,48,f,t,0.044077,
offenders,2021,5.6,Criminal damage,2,31-40,M,182,f,t,0.167126,
offenders,2021,5.6,Criminal damage,2,31-40,F,27,f,t,0.024793,
offenders,2021,5.6,Criminal damage,2,41-64,M,186,f,t,0.170799,
offenders,2021,5.6,Criminal damage,2,41-64,F,34,f,t,0.031221,
offenders,2021,5.6,Criminal damage,2,65+,M,19,f,t,0.017447,
offenders,2021,5.6,Criminal damage,2,65+,F,4,f,t,0.003673,
offenders,2021,5.7,Offences against intellectual and industrial property,2,14-17,M,0,f,t,0.000000,
offenders,2021,5.7,Offences against intellectual and industrial property,2,14-17,F,0,f,t,0.000000,
offenders,2021,5.7,Offences against intellectual and industrial property,2,18-30,M,11,f,t,0.148649,
offenders,2021,5.7,Offences against intellectual and industrial property,2,18-30,F,2,f,t,0.027027,
offenders,2021,5.7,Offences against intellectual and industrial property,2,31-40,M,25,f,t,0.337838,
offenders,2021,5.7,Offences against intellectual and industrial property,2,31-40,F,4,f,t,0.054054,
offenders,2021,5.7,Offences against intellectual and industrial property,2,41-64,M,28,f,t,0.378378,
offenders,2021,5.7,Offences against intellectual and industrial property,2,41-64,F,3,f,t,0.040541,
offenders,2021,5.7,Offences against intellectual and industrial property,2,65+,M,0,f,t,0.000000,
offenders,2021,5.7,Offences against intellectual and industrial property,2,65+,F,1,f,t,0.013514,
offenders,2021,5.8,Money laundering,2,14-17,M,0,f,t,0.000000,
offenders,2021,5.8,Money laundering,2,14-17,F,0,f,t,0.000000,
offenders,2021,5.8,Money laundering,2,18-30,M,11,f,t,0.135802,
offenders,2021,5.8,Money laundering,2,18-30,F,3,f,t,0.037037,
offenders,2021,5.8,Money laundering,2,31-40,M,24,f,t,0.296296,
offenders,2021,5.8,Money laundering,2,31-40,F,10,f,t,0.123457,
offenders,2021,5.8,Money laundering,2,41-64,M,26,f,t,0.320988,
offenders,2021,5.8,Money laundering,2,41-64,F,6,f,t,0.074074,
offenders,2021,5.8,Money laundering,2,65+,M,1,f,t,0.012346,
offenders,2021,5.8,Money laundering,2,65+,F,0,f,t,0.000000,
offenders,2021,5.9,Other property offences,2,14-17,M,77,f,t,0.042077,
offenders,2021,5.9,Other property offences,2,14-17,F,13,f,t,0.007104,
offenders,2021,5.9,Other property offences,2,18-30,M,649,f,t,0.354645,
offenders,2021,5.9,Other property offences,2,18-30,F,252,f,t,0.137705,
offenders,2021,5.9,Other property offences,2,31-40,M,321,f,t,0.175410,
offenders,2021,5.9,Other property offences,2,31-40,F,111,f,t,0.060656,
offenders,2021,5.9,Other property offences,2,41-64,M,278,f,t,0.151913,
offenders,2021,5.9,Other property offences,2,41-64,F,103,f,t,0.056284,
offenders,2021,5.9,Other property offences,2,65+,M,18,f,t,0.009836,
offenders,2021,5.9,Other property offences,2,65+,F,8,f,t,0.004372,
offenders,2021,6,Offences against public safety,1,14-17,M,147,f,t,0.020545,
offenders,2021,6,Offences against public safety,1,14-17,F,12,f,t,0.001677,
offenders,2021,6,Offences against public safety,1,18-30,M,2370,f,t,0.331237,
offenders,2021,6,Offences against public safety,1,18-30,F,293,f,t,0.040950,
offenders,2021,6,Offences against public safety,1,31-40,M,1837,f,t,0.256744,
offenders,2021,6,Offences against public safety,1,31-40,F,202,f,t,0.028232,
offenders,2021,6,Offences against public safety,1,41-64,M,1983,f,t,0.277149,
offenders,2021,6,Offences against public safety,1,41-64,F,228,f,t,0.031866,
offenders,2021,6,Offences against public safety,1,65+,M,75,f,t,0.010482,
offenders,2021,6,Offences against public safety,1,65+,F,8,f,t,0.001118,
offenders,2021,6.1,Drug trafficking,2,14-17,M,82,f,t,0.028015,
offenders,2021,6.1,Drug trafficking,2,14-17,F,9,f,t,0.003075,
offenders,2021,6.1,Drug trafficking,2,18-30,M,1063,f,t,0.363170,
offenders,2021,6.1,Drug trafficking,2,18-30,F,166,f,t,0.056713,
offenders,2021,6.1,Drug trafficking,2,31-40,M,699,f,t,0.238811,
offenders,2021,6.1,Drug trafficking,2,31-40,F,106,f,t,0.036215,
offenders,2021,6.1,Drug trafficking,2,41-64,M,653,f,t,0.223095,
offenders,2021,6.1,Drug trafficking,2,41-64,F,122,f,t,0.041681,
offenders,2021,6.1,Drug trafficking,2,65+,M,25,f,t,0.008541,
offenders,2021,6.1,Drug trafficking,2,65+,F,2,f,t,0.000683,
offenders,2021,6.2,Road safety offences,2,14-17,M,53,f,t,0.012955,
offenders,2021,6.2,Road safety offences,2,14-17,F,3,f,t,0.000733,
offenders,2021,6.2,Road safety offences,2,18-30,M,1274,f,t,0.311415,
offenders,2021,6.2,Road safety offences,2,18-30,F,124,f,t,0.030310,
offenders,2021,6.2,Road safety offences,2,31-40,M,1117,f,t,0.273038,
offenders,2021,6.2,Road safety offences,2,31-40,F,91,f,t,0.022244,
offenders,2021,6.2,Road safety offences,2,41-64,M,1285,f,t,0.314104,
offenders,2021,6.2,Road safety offences,2,41-64,F,92,f,t,0.022488,
offenders,2021,6.2,Road safety offences,2,65+,M,48,f,t,0.011733,
offenders,2021,6.2,Road safety offences,2,65+,F,4,f,t,0.000978,
offenders,2021,6.3,Other offences against public safety,2,14-17,M,12,f,t,0.087591,
offenders,2021,6.3,Other offences against public safety,2,14-17,F,0,f,t,0.000000,
offenders,2021,6.3,Other offences against public safety,2,18-30,M,33,f,t,0.240876,
offenders,2021,6.3,Other offences against public safety,2,18-30,F,3,f,t,0.021898,
offenders,2021,6.3,Other offences against public safety,2,31-40,M,21,f,t,0.153285,
offenders,2021,6.3,Other offences against public safety,2,31-40,F,5,f,t,0.036496,
offenders,2021,6.3,Other offences against public safety,2,41-64,M,45,f,t,0.328467,
offenders,2021,6.3,Other offences against public safety,2,41-64,F,14,f,t,0.102190,
offenders,2021,6.3,Other offences against public safety,2,65+,M,2,f,t,0.014599,
offenders,2021,6.3,Other offences against public safety,2,65+,F,2,f,t,0.014599,
offenders,2021,7,Forgery offences,1,14-17,M,21,f,t,0.010595,
offenders,2021,7,Forgery offences,1,14-17,F,2,f,t,0.001009,
offenders,2021,7,Forgery offences,1,18-30,M,570,f,t,0.287588,
offenders,2021,7,Forgery offences,1,18-30,F,185,f,t,0.093340,
offenders,2021,7,Forgery offences,1,31-40,M,470,f,t,0.237134,
offenders,2021,7,Forgery offences,1,31-40,F,174,f,t,0.087790,
offenders,2021,7,Forgery offences,1,41-64,M,405,f,t,0.204339,
offenders,2021,7,Forgery offences,1,41-64,F,121,f,t,0.061049,
offenders,2021,7,Forgery offences,1,65+,M,28,f,t,0.014127,
offenders,2021,7,Forgery offences,1,65+,F,6,f,t,0.003027,
offenders,2021,8,Offences against the public administration,1,14-17,M,1,f,t,0.016393,
offenders,2021,8,Offences against the public administration,1,14-17,F,0,f,t,0.000000,
offenders,2021,8,Offences against the public administration,1,18-30,M,4,f,t,0.065574,
offenders,2021,8,Offences against the public administration,1,18-30,F,0,f,t,0.000000,
offenders,2021,8,Offences against the public administration,1,31-40,M,13,f,t,0.213115,
offenders,2021,8,Offences against the public administration,1,31-40,F,3,f,t,0.049180,
offenders,2021,8,Offences against the public administration,1,41-64,M,26,f,t,0.426230,
offenders,2021,8,Offences against the public administration,1,41-64,F,8,f,t,0.131148,
offenders,2021,8,Offences against the public administration,1,65+,M,5,f,t,0.081967,
offenders,2021,8,Offences against the public administration,1,65+,F,1,f,t,0.016393,
offenders,2021,9,Offences against the administration of justice,1,14-17,M,19,f,t,0.005208,
offenders,2021,9,Offences against the administration of justice,1,14-17,F,8,f,t,0.002193,
offenders,2021,9,Offences against the administration of justice,1,18-30,M,1057,f,t,0.289748,
offenders,2021,9,Offences against the administration of justice,1,18-30,F,136,f,t,0.037281,
offenders,2021,9,Offences against the administration of justice,1,31-40,M,948,f,t,0.259868,
offenders,2021,9,Offences against the administration of justice,1,31-40,F,88,f,t,0.024123,
offenders,2021,9,Offences against the administration of justice,1,41-64,M,1144,f,t,0.313596,
offenders,2021,9,Offences against the administration of justice,1,41-64,F,156,f,t,0.042763,
offenders,2021,9,Offences against the administration of justice,1,65+,M,78,f,t,0.021382,
offenders,2021,9,Offences against the administration of justice,1,65+,F,14,f,t,0.003838,
offenders,2021,10,Offences against public order,1,14-17,M,366,f,t,0.064596,
offenders,2021,10,Offences against public order,1,14-17,F,63,f,t,0.011119,
offenders,2021,10,Offences against public order,1,18-30,M,2190,f,t,0.386516,
offenders,2021,10,Offences against public order,1,18-30,F,394,f,t,0.069538,
offenders,2021,10,Offences against public order,1,31-40,M,1053,f,t,0.185845,
offenders,2021,10,Offences against public order,1,31-40,F,241,f,t,0.042534,
offenders,2021,10,Offences against public order,1,41-64,M,1049,f,t,0.185139,
offenders,2021,10,Offences against public order,1,41-64,F,245,f,t,0.043240,
offenders,2021,10,Offences against public order,1,65+,M,59,f,t,0.010413,
offenders,2021,10,Offences against public order,1,65+,F,6,f,t,0.001059,
offenders,2021,11,Offences under special legislation,1,14-17,M,0,f,t,0.000000,
offenders,2021,11,Offences under special legislation,1,14-17,F,0,f,t,0.000000,
offenders,2021,11,Offences under special legislation,1,18-30,M,6,f,t,0.157895,
offenders,2021,11,Offences under special legislation,1,18-30,F,1,f,t,0.026316,
offenders,2021,11,Offences under special legislation,1,31-40,M,8,f,t,0.210526,
offenders,2021,11,Offences under special legislation,1,31-40,F,1,f,t,0.026316,
offenders,2021,11,Offences under special legislation,1,41-64,M,21,f,t,0.552632,
offenders,2021,11,Offences under special legislation,1,41-64,F,1,f,t,0.026316,
offenders,2021,11,Offences under special legislation,1,65+,M,0,f,t,0.000000,
offenders,2021,11,Offences under special legislation,1,65+,F,0,f,t,0.000000,
offenders,2021,12,Other criminal offences,1,14-17,M,12,f,t,0.022140,
offenders,2021,12,Other criminal offences,1,14-17,F,0,f,t,0.000000,
offenders,2021,12,Other criminal offences,1,18-30,M,42,f,t,0.077491,
offenders,2021,12,Other criminal offences,1,18-30,F,29,f,t,0.053506,
offenders,2021,12,Other criminal offences,1,31-40,M,96,f,t,0.177122,
offenders,2021,12,Other criminal offences,1,31-40,F,35,f,t,0.064576,
offenders,2021,12,Other criminal offences,1,41-64,M,237,f,t,0.437269,
offenders,2021,12,Other criminal offences,1,41-64,F,58,f,t,0.107011,
offenders,2021,12,Other criminal offences,1,65+,M,29,f,t,0.053506,
offenders,2021,12,Other criminal offences,1,65+,F,4,f,t,0.007380,
offenders,2021,TOTAL,Total criminal offences,0,14-17,M,3862,f,t,0.052633,
offenders,2021,TOTAL,Total criminal offences,0,14-17,F,861,f,t,0.011734,
offenders,2021,TOTAL,Total criminal offences,0,18-30,M,21815,f,t,0.297304,
offenders,2021,TOTAL,Total criminal offences,0,18-30,F,5502,f,t,0.074984,
offenders,2021,TOTAL,Total criminal offences,0,31-40,M,15075,f,t,0.205449,
offenders,2021,TOTAL,Total criminal offences,0,31-40,F,3826,f,t,0.052142,
offenders,2021,TOTAL,Total criminal offences,0,41-64,M,16586,f,t,0.226041,
offenders,2021,TOTAL,Total criminal offences,0,41-64,F,4310,f,t,0.058739,
offenders,2021,TOTAL,Total criminal offences,0,65+,M,1193,f,t,0.016259,
offenders,2021,TOTAL,Total criminal offences,0,65+,F,346,f,t,0.004715,
offenders,2022,1,Offences against persons,1,14-17,M,885,f,t,0.042485,
offenders,2022,1,Offences against persons,1,14-17,F,205,f,t,0.009841,
offenders,2022,1,Offences against persons,1,18-30,M,5756,f,t,0.276319,
offenders,2022,1,Offences against persons,1,18-30,F,1345,f,t,0.064567,
offenders,2022,1,Offences against persons,1,31-40,M,4658,f,t,0.223609,
offenders,2022,1,Offences against persons,1,31-40,F,1078,f,t,0.051750,
offenders,2022,1,Offences against persons,1,41-64,M,5419,f,t,0.260141,
offenders,2022,1,Offences against persons,1,41-64,F,1136,f,t,0.054534,
offenders,2022,1,Offences against persons,1,65+,M,321,f,t,0.015410,
offenders,2022,1,Offences against persons,1,65+,F,28,f,t,0.001344,
offenders,2022,1.1,Intentional homicide and murder,2,14-17,M,50,f,t,0.214592,
offenders,2022,1.1,Intentional homicide and murder,2,14-17,F,5,f,t,0.021459,
offenders,2022,1.1,Intentional homicide and murder,2,18-30,M,88,f,t,0.377682,
offenders,2022,1.1,Intentional homicide and murder,2,18-30,F,1,f,t,0.004292,
offenders,2022,1.1,Intentional homicide and murder,2,31-40,M,34,f,t,0.145923,
offenders,2022,1.1,Intentional homicide and murder,2,31-40,F,9,f,t,0.038627,
offenders,2022,1.1,Intentional homicide and murder,2,41-64,M,33,f,t,0.141631,
offenders,2022,1.1,Intentional homicide and murder,2,41-64,F,10,f,t,0.042918,
offenders,2022,1.1,Intentional homicide and murder,2,65+,M,3,f,t,0.012876,
offenders,2022,1.1,Intentional homicide and murder,2,65+,F,0,f,t,0.000000,
offenders,2022,1.1.1,Completed intentional homicide and murder,3,14-17,M,10,f,t,0.161290,
offenders,2022,1.1.1,Completed intentional homicide and murder,3,14-17,F,1,f,t,0.016129,
offenders,2022,1.1.1,Completed intentional homicide and murder,3,18-30,M,21,f,t,0.338710,
offenders,2022,1.1.1,Completed intentional homicide and murder,3,18-30,F,0,f,t,0.000000,
offenders,2022,1.1.1,Completed intentional homicide and murder,3,31-40,M,12,f,t,0.193548,
offenders,2022,1.1.1,Completed intentional homicide and murder,3,31-40,F,4,f,t,0.064516,
offenders,2022,1.1.1,Completed intentional homicide and murder,3,41-64,M,10,f,t,0.161290,
offenders,2022,1.1.1,Completed intentional homicide and murder,3,41-64,F,3,f,t,0.048387,
offenders,2022,1.1.1,Completed intentional homicide and murder,3,65+,M,1,f,t,0.016129,
offenders,2022,1.1.1,Completed intentional homicide and murder,3,65+,F,0,f,t,0.000000,
offenders,2022,1.2,Bodily injury,2,14-17,M,374,f,t,0.088563,
offenders,2022,1.2,Bodily injury,2,14-17,F,61,f,t,0.014445,
offenders,2022,1.2,Bodily injury,2,18-30,M,1497,f,t,0.354487,
offenders,2022,1.2,Bodily injury,2,18-30,F,224,f,t,0.053043,
offenders,2022,1.2,Bodily injury,2,31-40,M,739,f,t,0.174994,
offenders,2022,1.2,Bodily injury,2,31-40,F,176,f,t,0.041677,
offenders,2022,1.2,Bodily injury,2,41-64,M,914,f,t,0.216434,
offenders,2022,1.2,Bodily injury,2,41-64,F,174,f,t,0.041203,
offenders,2022,1.2,Bodily injury,2,65+,M,53,f,t,0.012550,
offenders,2022,1.2,Bodily injury,2,65+,F,11,f,t,0.002605,
offenders,2022,1.3,Domestic violence in the family setting,2,14-17,M,320,f,t,0.020670,
offenders,2022,1.3,Domestic violence in the family setting,2,14-17,F,132,f,t,0.008527,
offenders,2022,1.3,Domestic violence in the family setting,2,18-30,M,3739,f,t,0.241522,
offenders,2022,1.3,Domestic violence in the family setting,2,18-30,F,1057,f,t,0.068277,
offenders,2022,1.3,Domestic violence in the family setting,2,31-40,M,3774,f,t,0.243783,
offenders,2022,1.3,Domestic violence in the family setting,2,31-40,F,865,f,t,0.055875,
offenders,2022,1.3,Domestic violence in the family setting,2,41-64,M,4389,f,t,0.283509,
offenders,2022,1.3,Domestic violence in the family setting,2,41-64,F,928,f,t,0.059944,
offenders,2022,1.3,Domestic violence in the family setting,2,65+,M,261,f,t,0.016859,
offenders,2022,1.3,Domestic violence in the family setting,2,65+,F,16,f,t,0.001034,
offenders,2022,1.4,Other offences against persons,2,14-17,M,141,f,t,0.157718,
offenders,2022,1.4,Other offences against persons,2,14-17,F,7,f,t,0.007830,
offenders,2022,1.4,Other offences against persons,2,18-30,M,432,f,t,0.483221,
offenders,2022,1.4,Other offences against persons,2,18-30,F,63,f,t,0.070470,
offenders,2022,1.4,Other offences against persons,2,31-40,M,111,f,t,0.124161,
offenders,2022,1.4,Other offences against persons,2,31-40,F,28,f,t,0.031320,
offenders,2022,1.4,Other offences against persons,2,41-64,M,83,f,t,0.092841,
offenders,2022,1.4,Other offences against persons,2,41-64,F,24,f,t,0.026846,
offenders,2022,1.4,Other offences against persons,2,65+,M,4,f,t,0.004474,
offenders,2022,1.4,Other offences against persons,2,65+,F,1,f,t,0.001119,
offenders,2022,2,Offences against personal liberty,1,14-17,M,343,f,t,0.057015,
offenders,2022,2,Offences against personal liberty,1,14-17,F,83,f,t,0.013797,
offenders,2022,2,Offences against personal liberty,1,18-30,M,1519,f,t,0.252493,
offenders,2022,2,Offences against personal liberty,1,18-30,F,243,f,t,0.040392,
offenders,2022,2,Offences against personal liberty,1,31-40,M,1229,f,t,0.204289,
offenders,2022,2,Offences against personal liberty,1,31-40,F,230,f,t,0.038231,
offenders,2022,2,Offences against personal liberty,1,41-64,M,1823,f,t,0.303025,
offenders,2022,2,Offences against personal liberty,1,41-64,F,394,f,t,0.065492,
offenders,2022,2,Offences against personal liberty,1,65+,M,130,f,t,0.021609,
offenders,2022,2,Offences against personal liberty,1,65+,F,22,f,t,0.003657,
offenders,2022,2.1,Habitual domestic abuse,2,14-17,M,13,f,t,0.016049,
offenders,2022,2.1,Habitual domestic abuse,2,14-17,F,8,f,t,0.009877,
offenders,2022,2.1,Habitual domestic abuse,2,18-30,M,164,f,t,0.202469,
offenders,2022,2.1,Habitual domestic abuse,2,18-30,F,23,f,t,0.028395,
offenders,2022,2.1,Habitual domestic abuse,2,31-40,M,210,f,t,0.259259,
offenders,2022,2.1,Habitual domestic abuse,2,31-40,F,23,f,t,0.028395,
offenders,2022,2.1,Habitual domestic abuse,2,41-64,M,298,f,t,0.367901,
offenders,2022,2.1,Habitual domestic abuse,2,41-64,F,52,f,t,0.064198,
offenders,2022,2.1,Habitual domestic abuse,2,65+,M,18,f,t,0.022222,
offenders,2022,2.1,Habitual domestic abuse,2,65+,F,1,f,t,0.001235,
offenders,2022,2.2,Other offences against personal liberty,2,14-17,M,330,f,t,0.063388,
offenders,2022,2.2,Other offences against personal liberty,2,14-17,F,75,f,t,0.014406,
offenders,2022,2.2,Other offences against personal liberty,2,18-30,M,1355,f,t,0.260277,
offenders,2022,2.2,Other offences against personal liberty,2,18-30,F,220,f,t,0.042259,
offenders,2022,2.2,Other offences against personal liberty,2,31-40,M,1019,f,t,0.195736,
offenders,2022,2.2,Other offences against personal liberty,2,31-40,F,207,f,t,0.039762,
offenders,2022,2.2,Other offences against personal liberty,2,41-64,M,1525,f,t,0.292931,
offenders,2022,2.2,Other offences against personal liberty,2,41-64,F,342,f,t,0.065693,
offenders,2022,2.2,Other offences against personal liberty,2,65+,M,112,f,t,0.021514,
offenders,2022,2.2,Other offences against personal liberty,2,65+,F,21,f,t,0.004034,
offenders,2022,3,Offences against sexual freedom,1,14-17,M,110,f,t,0.067196,
offenders,2022,3,Offences against sexual freedom,1,14-17,F,3,f,t,0.001833,
offenders,2022,3,Offences against sexual freedom,1,18-30,M,520,f,t,0.317654,
offenders,2022,3,Offences against sexual freedom,1,18-30,F,16,f,t,0.009774,
offenders,2022,3,Offences against sexual freedom,1,31-40,M,367,f,t,0.224191,
offenders,2022,3,Offences against sexual freedom,1,31-40,F,10,f,t,0.006109,
offenders,2022,3,Offences against sexual freedom,1,41-64,M,522,f,t,0.318876,
offenders,2022,3,Offences against sexual freedom,1,41-64,F,11,f,t,0.006720,
offenders,2022,3,Offences against sexual freedom,1,65+,M,78,f,t,0.047648,
offenders,2022,3,Offences against sexual freedom,1,65+,F,0,f,t,0.000000,
offenders,2022,3.1,Sexual assault,2,14-17,M,57,f,t,0.064846,
offenders,2022,3.1,Sexual assault,2,14-17,F,1,f,t,0.001138,
offenders,2022,3.1,Sexual assault,2,18-30,M,252,f,t,0.286689,
offenders,2022,3.1,Sexual assault,2,18-30,F,2,f,t,0.002275,
offenders,2022,3.1,Sexual assault,2,31-40,M,208,f,t,0.236633,
offenders,2022,3.1,Sexual assault,2,31-40,F,3,f,t,0.003413,
offenders,2022,3.1,Sexual assault,2,41-64,M,306,f,t,0.348123,
offenders,2022,3.1,Sexual assault,2,41-64,F,1,f,t,0.001138,
offenders,2022,3.1,Sexual assault,2,65+,M,49,f,t,0.055745,
offenders,2022,3.1,Sexual assault,2,65+,F,0,f,t,0.000000,
offenders,2022,3.2,Sexual assault with penetration,2,14-17,M,40,f,t,0.088692,
offenders,2022,3.2,Sexual assault with penetration,2,14-17,F,2,f,t,0.004435,
offenders,2022,3.2,Sexual assault with penetration,2,18-30,M,194,f,t,0.430155,
offenders,2022,3.2,Sexual assault with penetration,2,18-30,F,2,f,t,0.004435,
offenders,2022,3.2,Sexual assault with penetration,2,31-40,M,98,f,t,0.217295,
offenders,2022,3.2,Sexual assault with penetration,2,31-40,F,1,f,t,0.002217,
offenders,2022,3.2,Sexual assault with penetration,2,41-64,M,102,f,t,0.226164,
offenders,2022,3.2,Sexual assault with penetration,2,41-64,F,1,f,t,0.002217,
offenders,2022,3.2,Sexual assault with penetration,2,65+,M,11,f,t,0.024390,
offenders,2022,3.2,Sexual assault with penetration,2,65+,F,0,f,t,0.000000,
offenders,2022,3.3,Corruption of minors,2,14-17,M,5,f,t,0.151515,
offenders,2022,3.3,Corruption of minors,2,14-17,F,0,f,t,0.000000,
offenders,2022,3.3,Corruption of minors,2,18-30,M,11,f,t,0.333333,
offenders,2022,3.3,Corruption of minors,2,18-30,F,2,f,t,0.060606,
offenders,2022,3.3,Corruption of minors,2,31-40,M,5,f,t,0.151515,
offenders,2022,3.3,Corruption of minors,2,31-40,F,1,f,t,0.030303,
offenders,2022,3.3,Corruption of minors,2,41-64,M,4,f,t,0.121212,
offenders,2022,3.3,Corruption of minors,2,41-64,F,2,f,t,0.060606,
offenders,2022,3.3,Corruption of minors,2,65+,M,3,f,t,0.090909,
offenders,2022,3.3,Corruption of minors,2,65+,F,0,f,t,0.000000,
offenders,2022,3.4,Child pornography,2,14-17,M,6,f,t,0.086957,
offenders,2022,3.4,Child pornography,2,14-17,F,0,f,t,0.000000,
offenders,2022,3.4,Child pornography,2,18-30,M,18,f,t,0.260870,
offenders,2022,3.4,Child pornography,2,18-30,F,0,f,t,0.000000,
offenders,2022,3.4,Child pornography,2,31-40,M,13,f,t,0.188406,
offenders,2022,3.4,Child pornography,2,31-40,F,0,f,t,0.000000,
offenders,2022,3.4,Child pornography,2,41-64,M,29,f,t,0.420290,
offenders,2022,3.4,Child pornography,2,41-64,F,1,f,t,0.014493,
offenders,2022,3.4,Child pornography,2,65+,M,2,f,t,0.028986,
offenders,2022,3.4,Child pornography,2,65+,F,0,f,t,0.000000,
offenders,2022,3.5,Other offences against sexual freedom,2,14-17,M,2,f,t,0.009756,
offenders,2022,3.5,Other offences against sexual freedom,2,14-17,F,0,f,t,0.000000,
offenders,2022,3.5,Other offences against sexual freedom,2,18-30,M,45,f,t,0.219512,
offenders,2022,3.5,Other offences against sexual freedom,2,18-30,F,10,f,t,0.048780,
offenders,2022,3.5,Other offences against sexual freedom,2,31-40,M,43,f,t,0.209756,
offenders,2022,3.5,Other offences against sexual freedom,2,31-40,F,5,f,t,0.024390,
offenders,2022,3.5,Other offences against sexual freedom,2,41-64,M,81,f,t,0.395122,
offenders,2022,3.5,Other offences against sexual freedom,2,41-64,F,6,f,t,0.029268,
offenders,2022,3.5,Other offences against sexual freedom,2,65+,M,13,f,t,0.063415,
offenders,2022,3.5,Other offences against sexual freedom,2,65+,F,0,f,t,0.000000,
offenders,2022,4,Offences against family relations,1,14-17,M,0,f,t,0.000000,
offenders,2022,4,Offences against family relations,1,14-17,F,0,f,t,0.000000,
offenders,2022,4,Offences against family relations,1,18-30,M,19,f,t,0.111111,
offenders,2022,4,Offences against family relations,1,18-30,F,29,f,t,0.169591,
offenders,2022,4,Offences against family relations,1,31-40,M,32,f,t,0.187135,
offenders,2022,4,Offences against family relations,1,31-40,F,30,f,t,0.175439,
offenders,2022,4,Offences against family relations,1,41-64,M,44,f,t,0.257310,
offenders,2022,4,Offences against family relations,1,41-64,F,16,f,t,0.093567,
offenders,2022,4,Offences against family relations,1,65+,M,1,f,t,0.005848,
offenders,2022,4,Offences against family relations,1,65+,F,0,f,t,0.000000,
offenders,2022,5,Property offences,1,14-17,M,1984,f,t,0.057373,
offenders,2022,5,Property offences,1,14-17,F,569,f,t,0.016454,
offenders,2022,5,Property offences,1,18-30,M,10581,f,t,0.305977,
offenders,2022,5,Property offences,1,18-30,F,3668,f,t,0.106070,
offenders,2022,5,Property offences,1,31-40,M,6241,f,t,0.180475,
offenders,2022,5,Property offences,1,31-40,F,2088,f,t,0.060380,
offenders,2022,5,Property offences,1,41-64,M,6277,f,t,0.181516,
offenders,2022,5,Property offences,1,41-64,F,2567,f,t,0.074232,
offenders,2022,5,Property offences,1,65+,M,381,f,t,0.011018,
offenders,2022,5,Property offences,1,65+,F,225,f,t,0.006506,
offenders,2022,5.1,Theft,2,14-17,M,551,f,t,0.028746,
offenders,2022,5.1,Theft,2,14-17,F,460,f,t,0.023998,
offenders,2022,5.1,Theft,2,18-30,M,4629,f,t,0.241496,
offenders,2022,5.1,Theft,2,18-30,F,2760,f,t,0.143990,
offenders,2022,5.1,Theft,2,31-40,M,3204,f,t,0.167154,
offenders,2022,5.1,Theft,2,31-40,F,1553,f,t,0.081020,
offenders,2022,5.1,Theft,2,41-64,M,3560,f,t,0.185726,
offenders,2022,5.1,Theft,2,41-64,F,1983,f,t,0.103454,
offenders,2022,5.1,Theft,2,65+,M,275,f,t,0.014347,
offenders,2022,5.1,Theft,2,65+,F,193,f,t,0.010069,
offenders,2022,5.2,Burglary involving forced entry,2,14-17,M,235,f,t,0.059736,
offenders,2022,5.2,Burglary involving forced entry,2,14-17,F,14,f,t,0.003559,
offenders,2022,5.2,Burglary involving forced entry,2,18-30,M,1483,f,t,0.376970,
offenders,2022,5.2,Burglary involving forced entry,2,18-30,F,105,f,t,0.026690,
offenders,2022,5.2,Burglary involving forced entry,2,31-40,M,1102,f,t,0.280122,
offenders,2022,5.2,Burglary involving forced entry,2,31-40,F,115,f,t,0.029232,
offenders,2022,5.2,Burglary involving forced entry,2,41-64,M,808,f,t,0.205389,
offenders,2022,5.2,Burglary involving forced entry,2,41-64,F,60,f,t,0.015252,
offenders,2022,5.2,Burglary involving forced entry,2,65+,M,10,f,t,0.002542,
offenders,2022,5.2,Burglary involving forced entry,2,65+,F,2,f,t,0.000508,
offenders,2022,5.2.1,Theft from vehicles by forced entry,3,14-17,M,91,f,t,0.077250,
offenders,2022,5.2.1,Theft from vehicles by forced entry,3,14-17,F,4,f,t,0.003396,
offenders,2022,5.2.1,Theft from vehicles by forced entry,3,18-30,M,409,f,t,0.347199,
offenders,2022,5.2.1,Theft from vehicles by forced entry,3,18-30,F,13,f,t,0.011036,
offenders,2022,5.2.1,Theft from vehicles by forced entry,3,31-40,M,340,f,t,0.288625,
offenders,2022,5.2.1,Theft from vehicles by forced entry,3,31-40,F,43,f,t,0.036503,
offenders,2022,5.2.1,Theft from vehicles by forced entry,3,41-64,M,260,f,t,0.220713,
offenders,2022,5.2.1,Theft from vehicles by forced entry,3,41-64,F,15,f,t,0.012733,
offenders,2022,5.2.1,Theft from vehicles by forced entry,3,65+,M,3,f,t,0.002547,
offenders,2022,5.2.1,Theft from vehicles by forced entry,3,65+,F,0,f,t,0.000000,
offenders,2022,5.2.2,Domestic burglary,3,14-17,M,47,f,t,0.049318,
offenders,2022,5.2.2,Domestic burglary,3,14-17,F,6,f,t,0.006296,
offenders,2022,5.2.2,Domestic burglary,3,18-30,M,414,f,t,0.434418,
offenders,2022,5.2.2,Domestic burglary,3,18-30,F,67,f,t,0.070304,
offenders,2022,5.2.2,Domestic burglary,3,31-40,M,220,f,t,0.230850,
offenders,2022,5.2.2,Domestic burglary,3,31-40,F,36,f,t,0.037775,
offenders,2022,5.2.2,Domestic burglary,3,41-64,M,140,f,t,0.146905,
offenders,2022,5.2.2,Domestic burglary,3,41-64,F,20,f,t,0.020986,
offenders,2022,5.2.2,Domestic burglary,3,65+,M,1,f,t,0.001049,
offenders,2022,5.2.2,Domestic burglary,3,65+,F,2,f,t,0.002099,
offenders,2022,5.2.3,Burglary of commercial premises,3,14-17,M,46,f,t,0.049730,
offenders,2022,5.2.3,Burglary of commercial premises,3,14-17,F,3,f,t,0.003243,
offenders,2022,5.2.3,Burglary of commercial premises,3,18-30,M,339,f,t,0.366486,
offenders,2022,5.2.3,Burglary of commercial premises,3,18-30,F,12,f,t,0.012973,
offenders,2022,5.2.3,Burglary of commercial premises,3,31-40,M,288,f,t,0.311351,
offenders,2022,5.2.3,Burglary of commercial premises,3,31-40,F,19,f,t,0.020541,
offenders,2022,5.2.3,Burglary of commercial premises,3,41-64,M,211,f,t,0.228108,
offenders,2022,5.2.3,Burglary of commercial premises,3,41-64,F,7,f,t,0.007568,
offenders,2022,5.2.3,Burglary of commercial premises,3,65+,M,0,f,t,0.000000,
offenders,2022,5.2.3,Burglary of commercial premises,3,65+,F,0,f,t,0.000000,
offenders,2022,5.3,Robbery with violence or intimidation,2,14-17,M,979,f,t,0.214599,
offenders,2022,5.3,Robbery with violence or intimidation,2,14-17,F,71,f,t,0.015563,
offenders,2022,5.3,Robbery with violence or intimidation,2,18-30,M,2026,f,t,0.444103,
offenders,2022,5.3,Robbery with violence or intimidation,2,18-30,F,181,f,t,0.039676,
offenders,2022,5.3,Robbery with violence or intimidation,2,31-40,M,590,f,t,0.129329,
offenders,2022,5.3,Robbery with violence or intimidation,2,31-40,F,83,f,t,0.018194,
offenders,2022,5.3,Robbery with violence or intimidation,2,41-64,M,507,f,t,0.111135,
offenders,2022,5.3,Robbery with violence or intimidation,2,41-64,F,107,f,t,0.023455,
offenders,2022,5.3,Robbery with violence or intimidation,2,65+,M,16,f,t,0.003507,
offenders,2022,5.3,Robbery with violence or intimidation,2,65+,F,2,f,t,0.000438,
offenders,2022,5.3.1,Street robbery,3,14-17,M,680,f,t,0.242944,
offenders,2022,5.3.1,Street robbery,3,14-17,F,34,f,t,0.012147,
offenders,2022,5.3.1,Street robbery,3,18-30,M,1374,f,t,0.490890,
offenders,2022,5.3.1,Street robbery,3,18-30,F,84,f,t,0.030011,
offenders,2022,5.3.1,Street robbery,3,31-40,M,335,f,t,0.119686,
offenders,2022,5.3.1,Street robbery,3,31-40,F,35,f,t,0.012504,
offenders,2022,5.3.1,Street robbery,3,41-64,M,225,f,t,0.080386,
offenders,2022,5.3.1,Street robbery,3,41-64,F,27,f,t,0.009646,
offenders,2022,5.3.1,Street robbery,3,65+,M,5,f,t,0.001786,
offenders,2022,5.3.1,Street robbery,3,65+,F,0,f,t,0.000000,
offenders,2022,5.3.2,Robbery in dwellings,3,14-17,M,26,f,t,0.163522,
offenders,2022,5.3.2,Robbery in dwellings,3,14-17,F,4,f,t,0.025157,
offenders,2022,5.3.2,Robbery in dwellings,3,18-30,M,69,f,t,0.433962,
offenders,2022,5.3.2,Robbery in dwellings,3,18-30,F,9,f,t,0.056604,
offenders,2022,5.3.2,Robbery in dwellings,3,31-40,M,24,f,t,0.150943,
offenders,2022,5.3.2,Robbery in dwellings,3,31-40,F,7,f,t,0.044025,
offenders,2022,5.3.2,Robbery in dwellings,3,41-64,M,15,f,t,0.094340,
offenders,2022,5.3.2,Robbery in dwellings,3,41-64,F,5,f,t,0.031447,
offenders,2022,5.3.2,Robbery in dwellings,3,65+,M,0,f,t,0.000000,
offenders,2022,5.3.2,Robbery in dwellings,3,65+,F,0,f,t,0.000000,
offenders,2022,5.3.3,Robbery of commercial premises,3,14-17,M,69,f,t,0.070552,
offenders,2022,5.3.3,Robbery of commercial premises,3,14-17,F,10,f,t,0.010225,
offenders,2022,5.3.3,Robbery of commercial premises,3,18-30,M,304,f,t,0.310838,
offenders,2022,5.3.3,Robbery of commercial premises,3,18-30,F,67,f,t,0.068507,
offenders,2022,5.3.3,Robbery of commercial premises,3,31-40,M,183,f,t,0.187117,
offenders,2022,5.3.3,Robbery of commercial premises,3,31-40,F,35,f,t,0.035787,
offenders,2022,5.3.3,Robbery of commercial premises,3,41-64,M,226,f,t,0.231084,
offenders,2022,5.3.3,Robbery of commercial premises,3,41-64,F,72,f,t,0.073620,
offenders,2022,5.3.3,Robbery of commercial premises,3,65+,M,10,f,t,0.010225,
offenders,2022,5.3.3,Robbery of commercial premises,3,65+,F,2,f,t,0.002045,
offenders,2022,5.4,Vehicle theft,2,14-17,M,42,f,t,0.064815,
offenders,2022,5.4,Vehicle theft,2,14-17,F,1,f,t,0.001543,
offenders,2022,5.4,Vehicle theft,2,18-30,M,193,f,t,0.297840,
offenders,2022,5.4,Vehicle theft,2,18-30,F,18,f,t,0.027778,
offenders,2022,5.4,Vehicle theft,2,31-40,M,171,f,t,0.263889,
offenders,2022,5.4,Vehicle theft,2,31-40,F,21,f,t,0.032407,
offenders,2022,5.4,Vehicle theft,2,41-64,M,175,f,t,0.270062,
offenders,2022,5.4,Vehicle theft,2,41-64,F,17,f,t,0.026235,
offenders,2022,5.4,Vehicle theft,2,65+,M,10,f,t,0.015432,
offenders,2022,5.4,Vehicle theft,2,65+,F,0,f,t,0.000000,
offenders,2022,5.5,Fraud,2,14-17,M,27,f,t,0.010075,
offenders,2022,5.5,Fraud,2,14-17,F,9,f,t,0.003358,
offenders,2022,5.5,Fraud,2,18-30,M,972,f,t,0.362687,
offenders,2022,5.5,Fraud,2,18-30,F,294,f,t,0.109701,
offenders,2022,5.5,Fraud,2,31-40,M,481,f,t,0.179478,
offenders,2022,5.5,Fraud,2,31-40,F,150,f,t,0.055970,
offenders,2022,5.5,Fraud,2,41-64,M,508,f,t,0.189552,
offenders,2022,5.5,Fraud,2,41-64,F,211,f,t,0.078731,
offenders,2022,5.5,Fraud,2,65+,M,20,f,t,0.007463,
offenders,2022,5.5,Fraud,2,65+,F,8,f,t,0.002985,
offenders,2022,5.5.1,Computer enabled fraud,3,14-17,M,8,f,t,0.005638,
offenders,2022,5.5.1,Computer enabled fraud,3,14-17,F,2,f,t,0.001409,
offenders,2022,5.5.1,Computer enabled fraud,3,18-30,M,621,f,t,0.437632,
offenders,2022,5.5.1,Computer enabled fraud,3,18-30,F,184,f,t,0.129669,
offenders,2022,5.5.1,Computer enabled fraud,3,31-40,M,196,f,t,0.138125,
offenders,2022,5.5.1,Computer enabled fraud,3,31-40,F,85,f,t,0.059901,
offenders,2022,5.5.1,Computer enabled fraud,3,41-64,M,216,f,t,0.152220,
offenders,2022,5.5.1,Computer enabled fraud,3,41-64,F,93,f,t,0.065539,
offenders,2022,5.5.1,Computer enabled fraud,3,65+,M,10,f,t,0.007047,
offenders,2022,5.5.1,Computer enabled fraud,3,65+,F,4,f,t,0.002819,
offenders,2022,5.6,Criminal damage,2,14-17,M,89,f,t,0.067424,
offenders,2022,5.6,Criminal damage,2,14-17,F,5,f,t,0.003788,
offenders,2022,5.6,Criminal damage,2,18-30,M,603,f,t,0.456818,
offenders,2022,5.6,Criminal damage,2,18-30,F,82,f,t,0.062121,
offenders,2022,5.6,Criminal damage,2,31-40,M,221,f,t,0.167424,
offenders,2022,5.6,Criminal damage,2,31-40,F,32,f,t,0.024242,
offenders,2022,5.6,Criminal damage,2,41-64,M,220,f,t,0.166667,
offenders,2022,5.6,Criminal damage,2,41-64,F,35,f,t,0.026515,
offenders,2022,5.6,Criminal damage,2,65+,M,24,f,t,0.018182,
offenders,2022,5.6,Criminal damage,2,65+,F,9,f,t,0.006818,
offenders,2022,5.7,Offences against intellectual and industrial property,2,14-17,M,0,f,t,0.000000,
offenders,2022,5.7,Offences against intellectual and industrial property,2,14-17,F,0,f,t,0.000000,
offenders,2022,5.7,Offences against intellectual and industrial property,2,18-30,M,26,f,t,0.152941,
offenders,2022,5.7,Offences against intellectual and industrial property,2,18-30,F,3,f,t,0.017647,
offenders,2022,5.7,Offences against intellectual and industrial property,2,31-40,M,68,f,t,0.400000,
offenders,2022,5.7,Offences against intellectual and industrial property,2,31-40,F,5,f,t,0.029412,
offenders,2022,5.7,Offences against intellectual and industrial property,2,41-64,M,56,f,t,0.329412,
offenders,2022,5.7,Offences against intellectual and industrial property,2,41-64,F,10,f,t,0.058824,
offenders,2022,5.7,Offences against intellectual and industrial property,2,65+,M,2,f,t,0.011765,
offenders,2022,5.7,Offences against intellectual and industrial property,2,65+,F,0,f,t,0.000000,
offenders,2022,5.8,Money laundering,2,14-17,M,0,f,t,0.000000,
offenders,2022,5.8,Money laundering,2,14-17,F,0,f,t,0.000000,
offenders,2022,5.8,Money laundering,2,18-30,M,11,f,t,0.071895,
offenders,2022,5.8,Money laundering,2,18-30,F,4,f,t,0.026144,
offenders,2022,5.8,Money laundering,2,31-40,M,36,f,t,0.235294,
offenders,2022,5.8,Money laundering,2,31-40,F,14,f,t,0.091503,
offenders,2022,5.8,Money laundering,2,41-64,M,72,f,t,0.470588,
offenders,2022,5.8,Money laundering,2,41-64,F,10,f,t,0.065359,
offenders,2022,5.8,Money laundering,2,65+,M,4,f,t,0.026144,
offenders,2022,5.8,Money laundering,2,65+,F,2,f,t,0.013072,
offenders,2022,5.9,Other property offences,2,14-17,M,61,f,t,0.031346,
offenders,2022,5.9,Other property offences,2,14-17,F,9,f,t,0.004625,
offenders,2022,5.9,Other property offences,2,18-30,M,638,f,t,0.327852,
offenders,2022,5.9,Other property offences,2,18-30,F,221,f,t,0.113566,
offenders,2022,5.9,Other property offences,2,31-40,M,368,f,t,0.189106,
offenders,2022,5.9,Other property offences,2,31-40,F,115,f,t,0.059096,
offenders,2022,5.9,Other property offences,2,41-64,M,371,f,t,0.190647,
offenders,2022,5.9,Other property offences,2,41-64,F,134,f,t,0.068859,
offenders,2022,5.9,Other property offences,2,65+,M,20,f,t,0.010277,
offenders,2022,5.9,Other property offences,2,65+,F,9,f,t,0.004625,
offenders,2022,6,Offences against public safety,1,14-17,M,149,f,t,0.017433,
offenders,2022,6,Offences against public safety,1,14-17,F,16,f,t,0.001872,
offenders,2022,6,Offences against public safety,1,18-30,M,2768,f,t,0.323856,
offenders,2022,6,Offences against public safety,1,18-30,F,354,f,t,0.041418,
offenders,2022,6,Offences against public safety,1,31-40,M,2145,f,t,0.250965,
offenders,2022,6,Offences against public safety,1,31-40,F,285,f,t,0.033345,
offenders,2022,6,Offences against public safety,1,41-64,M,2463,f,t,0.288171,
offenders,2022,6,Offences against public safety,1,41-64,F,271,f,t,0.031707,
offenders,2022,6,Offences against public safety,1,65+,M,90,f,t,0.010530,
offenders,2022,6,Offences against public safety,1,65+,F,6,f,t,0.000702,
offenders,2022,6.1,Drug trafficking,2,14-17,M,93,f,t,0.025949,
offenders,2022,6.1,Drug trafficking,2,14-17,F,12,f,t,0.003348,
offenders,2022,6.1,Drug trafficking,2,18-30,M,1282,f,t,0.357701,
offenders,2022,6.1,Drug trafficking,2,18-30,F,213,f,t,0.059431,
offenders,2022,6.1,Drug trafficking,2,31-40,M,831,f,t,0.231864,
offenders,2022,6.1,Drug trafficking,2,31-40,F,150,f,t,0.041853,
offenders,2022,6.1,Drug trafficking,2,41-64,M,831,f,t,0.231864,
offenders,2022,6.1,Drug trafficking,2,41-64,F,138,f,t,0.038504,
offenders,2022,6.1,Drug trafficking,2,65+,M,28,f,t,0.007813,
offenders,2022,6.1,Drug trafficking,2,65+,F,6,f,t,0.001674,
offenders,2022,6.2,Road safety offences,2,14-17,M,50,f,t,0.010553,
offenders,2022,6.2,Road safety offences,2,14-17,F,4,f,t,0.000844,
offenders,2022,6.2,Road safety offences,2,18-30,M,1428,f,t,0.301393,
offenders,2022,6.2,Road safety offences,2,18-30,F,131,f,t,0.027649,
offenders,2022,6.2,Road safety offences,2,31-40,M,1263,f,t,0.266568,
offenders,2022,6.2,Road safety offences,2,31-40,F,124,f,t,0.026171,
offenders,2022,6.2,Road safety offences,2,41-64,M,1566,f,t,0.330519,
offenders,2022,6.2,Road safety offences,2,41-64,F,119,f,t,0.025116,
offenders,2022,6.2,Road safety offences,2,65+,M,53,f,t,0.011186,
offenders,2022,6.2,Road safety offences,2,65+,F,0,f,t,0.000000,
offenders,2022,6.3,Other offences against public safety,2,14-17,M,6,f,t,0.026667,
offenders,2022,6.3,Other offences against public safety,2,14-17,F,0,f,t,0.000000,
offenders,2022,6.3,Other offences against public safety,2,18-30,M,58,f,t,0.257778,
offenders,2022,6.3,Other offences against public safety,2,18-30,F,10,f,t,0.044444,
offenders,2022,6.3,Other offences against public safety,2,31-40,M,51,f,t,0.226667,
offenders,2022,6.3,Other offences against public safety,2,31-40,F,11,f,t,0.048889,
offenders,2022,6.3,Other offences against public safety,2,41-64,M,66,f,t,0.293333,
offenders,2022,6.3,Other offences against public safety,2,41-64,F,14,f,t,0.062222,
offenders,2022,6.3,Other offences against public safety,2,65+,M,9,f,t,0.040000,
offenders,2022,6.3,Other offences against public safety,2,65+,F,0,f,t,0.000000,
offenders,2022,7,Forgery offences,1,14-17,M,59,f,t,0.025453,
offenders,2022,7,Forgery offences,1,14-17,F,32,f,t,0.013805,
offenders,2022,7,Forgery offences,1,18-30,M,919,f,t,0.396462,
offenders,2022,7,Forgery offences,1,18-30,F,137,f,t,0.059103,
offenders,2022,7,Forgery offences,1,31-40,M,549,f,t,0.236842,
offenders,2022,7,Forgery offences,1,31-40,F,94,f,t,0.040552,
offenders,2022,7,Forgery offences,1,41-64,M,392,f,t,0.169111,
offenders,2022,7,Forgery offences,1,41-64,F,117,f,t,0.050475,
offenders,2022,7,Forgery offences,1,65+,M,16,f,t,0.006903,
offenders,2022,7,Forgery offences,1,65+,F,3,f,t,0.001294,
offenders,2022,8,Offences against the public administration,1,14-17,M,2,f,t,0.060606,
offenders,2022,8,Offences against the public administration,1,14-17,F,0,f,t,0.000000,
offenders,2022,8,Offences against the public administration,1,18-30,M,3,f,t,0.090909,
offenders,2022,8,Offences against the public administration,1,18-30,F,0,f,t,0.000000,
offenders,2022,8,Offences against the public administration,1,31-40,M,3,f,t,0.090909,
offenders,2022,8,Offences against the public administration,1,31-40,F,1,f,t,0.030303,
offenders,2022,8,Offences against the public administration,1,41-64,M,14,f,t,0.424242,
offenders,2022,8,Offences against the public administration,1,41-64,F,5,f,t,0.151515,
offenders,2022,8,Offences against the public administration,1,65+,M,3,f,t,0.090909,
offenders,2022,8,Offences against the public administration,1,65+,F,2,f,t,0.060606,
offenders,2022,9,Offences against the administration of justice,1,14-17,M,23,f,t,0.006015,
offenders,2022,9,Offences against the administration of justice,1,14-17,F,7,f,t,0.001831,
offenders,2022,9,Offences against the administration of justice,1,18-30,M,1096,f,t,0.286611,
offenders,2022,9,Offences against the administration of justice,1,18-30,F,116,f,t,0.030335,
offenders,2022,9,Offences against the administration of justice,1,31-40,M,1066,f,t,0.278766,
offenders,2022,9,Offences against the administration of justice,1,31-40,F,98,f,t,0.025628,
offenders,2022,9,Offences against the administration of justice,1,41-64,M,1188,f,t,0.310669,
offenders,2022,9,Offences against the administration of justice,1,41-64,F,176,f,t,0.046025,
offenders,2022,9,Offences against the administration of justice,1,65+,M,46,f,t,0.012029,
offenders,2022,9,Offences against the administration of justice,1,65+,F,8,f,t,0.002092,
offenders,2022,10,Offences against public order,1,14-17,M,295,f,t,0.057293,
offenders,2022,10,Offences against public order,1,14-17,F,36,f,t,0.006992,
offenders,2022,10,Offences against public order,1,18-30,M,1947,f,t,0.378132,
offenders,2022,10,Offences against public order,1,18-30,F,325,f,t,0.063119,
offenders,2022,10,Offences against public order,1,31-40,M,1014,f,t,0.196931,
offenders,2022,10,Offences against public order,1,31-40,F,226,f,t,0.043892,
offenders,2022,10,Offences against public order,1,41-64,M,991,f,t,0.192465,
offenders,2022,10,Offences against public order,1,41-64,F,266,f,t,0.051661,
offenders,2022,10,Offences against public order,1,65+,M,40,f,t,0.007768,
offenders,2022,10,Offences against public order,1,65+,F,9,f,t,0.001748,
offenders,2022,11,Offences under special legislation,1,14-17,M,0,f,t,0.000000,
offenders,2022,11,Offences under special legislation,1,14-17,F,0,f,t,0.000000,
offenders,2022,11,Offences under special legislation,1,18-30,M,1,f,t,0.058824,
offenders,2022,11,Offences under special legislation,1,18-30,F,2,f,t,0.117647,
offenders,2022,11,Offences under special legislation,1,31-40,M,6,f,t,0.352941,
offenders,2022,11,Offences under special legislation,1,31-40,F,1,f,t,0.058824,
offenders,2022,11,Offences under special legislation,1,41-64,M,6,f,t,0.352941,
offenders,2022,11,Offences under special legislation,1,41-64,F,1,f,t,0.058824,
offenders,2022,11,Offences under special legislation,1,65+,M,0,f,t,0.000000,
offenders,2022,11,Offences under special legislation,1,65+,F,0,f,t,0.000000,
offenders,2022,12,Other criminal offences,1,14-17,M,9,f,t,0.014563,
offenders,2022,12,Other criminal offences,1,14-17,F,2,f,t,0.003236,
offenders,2022,12,Other criminal offences,1,18-30,M,66,f,t,0.106796,
offenders,2022,12,Other criminal offences,1,18-30,F,18,f,t,0.029126,
offenders,2022,12,Other criminal offences,1,31-40,M,97,f,t,0.156958,
offenders,2022,12,Other criminal offences,1,31-40,F,42,f,t,0.067961,
offenders,2022,12,Other criminal offences,1,41-64,M,287,f,t,0.464401,
offenders,2022,12,Other criminal offences,1,41-64,F,70,f,t,0.113269,
offenders,2022,12,Other criminal offences,1,65+,M,24,f,t,0.038835,
offenders,2022,12,Other criminal offences,1,65+,F,3,f,t,0.004854,
offenders,2022,TOTAL,Total criminal offences,0,14-17,M,3859,f,t,0.046082,
offenders,2022,TOTAL,Total criminal offences,0,14-17,F,953,f,t,0.011380,
offenders,2022,TOTAL,Total criminal offences,0,18-30,M,25195,f,t,0.300865,
offenders,2022,TOTAL,Total criminal offences,0,18-30,F,6253,f,t,0.074670,
offenders,2022,TOTAL,Total criminal offences,0,31-40,M,17407,f,t,0.207865,
offenders,2022,TOTAL,Total criminal offences,0,31-40,F,4183,f,t,0.049951,
offenders,2022,TOTAL,Total criminal offences,0,41-64,M,19426,f,t,0.231974,
offenders,2022,TOTAL,Total criminal offences,0,41-64,F,5030,f,t,0.060065,
offenders,2022,TOTAL,Total criminal offences,0,65+,M,1130,f,t,0.013494,
offenders,2022,TOTAL,Total criminal offences,0,65+,F,306,f,t,0.003654,
offenders,2023,1,Offences against persons,1,14-17,M,750,f,t,0.033107,
offenders,2023,1,Offences against persons,1,14-17,F,229,f,t,0.010109,
offenders,2023,1,Offences against persons,1,18-30,M,6068,f,t,0.267856,
offenders,2023,1,Offences against persons,1,18-30,F,1470,f,t,0.064889,
offenders,2023,1,Offences against persons,1,31-40,M,5168,f,t,0.228127,
offenders,2023,1,Offences against persons,1,31-40,F,1252,f,t,0.055266,
offenders,2023,1,Offences against persons,1,41-64,M,5932,f,t,0.261852,
offenders,2023,1,Offences against persons,1,41-64,F,1351,f,t,0.059636,
offenders,2023,1,Offences against persons,1,65+,M,377,f,t,0.016642,
offenders,2023,1,Offences against persons,1,65+,F,57,f,t,0.002516,
offenders,2023,1.1,Intentional homicide and murder,2,14-17,M,38,f,t,0.155102,
offenders,2023,1.1,Intentional homicide and murder,2,14-17,F,0,f,t,0.000000,
offenders,2023,1.1,Intentional homicide and murder,2,18-30,M,103,f,t,0.420408,
offenders,2023,1.1,Intentional homicide and murder,2,18-30,F,6,f,t,0.024490,
offenders,2023,1.1,Intentional homicide and murder,2,31-40,M,39,f,t,0.159184,
offenders,2023,1.1,Intentional homicide and murder,2,31-40,F,7,f,t,0.028571,
offenders,2023,1.1,Intentional homicide and murder,2,41-64,M,47,f,t,0.191837,
offenders,2023,1.1,Intentional homicide and murder,2,41-64,F,3,f,t,0.012245,
offenders,2023,1.1,Intentional homicide and murder,2,65+,M,1,f,t,0.004082,
offenders,2023,1.1,Intentional homicide and murder,2,65+,F,1,f,t,0.004082,
offenders,2023,1.1.1,Completed intentional homicide and murder,3,14-17,M,5,f,t,0.100000,
offenders,2023,1.1.1,Completed intentional homicide and murder,3,14-17,F,0,f,t,0.000000,
offenders,2023,1.1.1,Completed intentional homicide and murder,3,18-30,M,25,f,t,0.500000,
offenders,2023,1.1.1,Completed intentional homicide and murder,3,18-30,F,2,f,t,0.040000,
offenders,2023,1.1.1,Completed intentional homicide and murder,3,31-40,M,4,f,t,0.080000,
offenders,2023,1.1.1,Completed intentional homicide and murder,3,31-40,F,2,f,t,0.040000,
offenders,2023,1.1.1,Completed intentional homicide and murder,3,41-64,M,10,f,t,0.200000,
offenders,2023,1.1.1,Completed intentional homicide and murder,3,41-64,F,2,f,t,0.040000,
offenders,2023,1.1.1,Completed intentional homicide and murder,3,65+,M,0,f,t,0.000000,
offenders,2023,1.1.1,Completed intentional homicide and murder,3,65+,F,0,f,t,0.000000,
offenders,2023,1.2,Bodily injury,2,14-17,M,270,f,t,0.061998,
offenders,2023,1.2,Bodily injury,2,14-17,F,77,f,t,0.017681,
offenders,2023,1.2,Bodily injury,2,18-30,M,1515,f,t,0.347876,
offenders,2023,1.2,Bodily injury,2,18-30,F,238,f,t,0.054650,
offenders,2023,1.2,Bodily injury,2,31-40,M,783,f,t,0.179793,
offenders,2023,1.2,Bodily injury,2,31-40,F,189,f,t,0.043398,
offenders,2023,1.2,Bodily injury,2,41-64,M,966,f,t,0.221814,
offenders,2023,1.2,Bodily injury,2,41-64,F,239,f,t,0.054879,
offenders,2023,1.2,Bodily injury,2,65+,M,60,f,t,0.013777,
offenders,2023,1.2,Bodily injury,2,65+,F,18,f,t,0.004133,
offenders,2023,1.3,Domestic violence in the family setting,2,14-17,M,307,f,t,0.018219,
offenders,2023,1.3,Domestic violence in the family setting,2,14-17,F,129,f,t,0.007655,
offenders,2023,1.3,Domestic violence in the family setting,2,18-30,M,3903,f,t,0.231618,
offenders,2023,1.3,Domestic violence in the family setting,2,18-30,F,1145,f,t,0.067948,
offenders,2023,1.3,Domestic violence in the family setting,2,31-40,M,4156,f,t,0.246632,
offenders,2023,1.3,Domestic violence in the family setting,2,31-40,F,1020,f,t,0.060531,
offenders,2023,1.3,Domestic violence in the family setting,2,41-64,M,4771,f,t,0.283129,
offenders,2023,1.3,Domestic violence in the family setting,2,41-64,F,1072,f,t,0.063616,
offenders,2023,1.3,Domestic violence in the family setting,2,65+,M,311,f,t,0.018456,
offenders,2023,1.3,Domestic violence in the family setting,2,65+,F,37,f,t,0.002196,
offenders,2023,1.4,Other offences against persons,2,14-17,M,135,f,t,0.112219,
offenders,2023,1.4,Other offences against persons,2,14-17,F,23,f,t,0.019119,
offenders,2023,1.4,Other offences against persons,2,18-30,M,547,f,t,0.454697,
offenders,2023,1.4,Other offences against persons,2,18-30,F,81,f,t,0.067332,
offenders,2023,1.4,Other offences against persons,2,31-40,M,190,f,t,0.157938,
offenders,2023,1.4,Other offences against persons,2,31-40,F,36,f,t,0.029925,
offenders,2023,1.4,Other offences against persons,2,41-64,M,148,f,t,0.123026,
offenders,2023,1.4,Other offences against persons,2,41-64,F,37,f,t,0.030756,
offenders,2023,1.4,Other offences against persons,2,65+,M,5,f,t,0.004156,
offenders,2023,1.4,Other offences against persons,2,65+,F,1,f,t,0.000831,
offenders,2023,2,Offences against personal liberty,1,14-17,M,375,f,t,0.053434,
offenders,2023,2,Offences against personal liberty,1,14-17,F,77,f,t,0.010972,
offenders,2023,2,Offences against personal liberty,1,18-30,M,1644,f,t,0.234255,
offenders,2023,2,Offences against personal liberty,1,18-30,F,303,f,t,0.043175,
offenders,2023,2,Offences against personal liberty,1,31-40,M,1444,f,t,0.205757,
offenders,2023,2,Offences against personal liberty,1,31-40,F,292,f,t,0.041607,
offenders,2023,2,Offences against personal liberty,1,41-64,M,2206,f,t,0.314335,
offenders,2023,2,Offences against personal liberty,1,41-64,F,462,f,t,0.065831,
offenders,2023,2,Offences against personal liberty,1,65+,M,172,f,t,0.024508,
offenders,2023,2,Offences against personal liberty,1,65+,F,43,f,t,0.006127,
offenders,2023,2.1,Habitual domestic abuse,2,14-17,M,24,f,t,0.024465,
offenders,2023,2.1,Habitual domestic abuse,2,14-17,F,6,f,t,0.006116,
offenders,2023,2.1,Habitual domestic abuse,2,18-30,M,206,f,t,0.209990,
offenders,2023,2.1,Habitual domestic abuse,2,18-30,F,32,f,t,0.032620,
offenders,2023,2.1,Habitual domestic abuse,2,31-40,M,252,f,t,0.256881,
offenders,2023,2.1,Habitual domestic abuse,2,31-40,F,23,f,t,0.023445,
offenders,2023,2.1,Habitual domestic abuse,2,41-64,M,359,f,t,0.365953,
offenders,2023,2.1,Habitual domestic abuse,2,41-64,F,34,f,t,0.034659,
offenders,2023,2.1,Habitual domestic abuse,2,65+,M,41,f,t,0.041794,
offenders,2023,2.1,Habitual domestic abuse,2,65+,F,4,f,t,0.004077,
offenders,2023,2.2,Other offences against personal liberty,2,14-17,M,351,f,t,0.058141,
offenders,2023,2.2,Other offences against personal liberty,2,14-17,F,71,f,t,0.011761,
offenders,2023,2.2,Other offences against personal liberty,2,18-30,M,1438,f,t,0.238198,
offenders,2023,2.2,Other offences against personal liberty,2,18-30,F,271,f,t,0.044890,
offenders,2023,2.2,Other offences against personal liberty,2,31-40,M,1192,f,t,0.197449,
offenders,2023,2.2,Other offences against personal liberty,2,31-40,F,269,f,t,0.044559,
offenders,2023,2.2,Other offences against personal liberty,2,41-64,M,1847,f,t,0.305947,
offenders,2023,2.2,Other offences against personal liberty,2,41-64,F,428,f,t,0.070896,
offenders,2023,2.2,Other offences against personal liberty,2,65+,M,131,f,t,0.021700,
offenders,2023,2.2,Other offences against personal liberty,2,65+,F,39,f,t,0.006460,
offenders,2023,3,Offences against sexual freedom,1,14-17,M,122,f,t,0.061061,
offenders,2023,3,Offences against sexual freedom,1,14-17,F,6,f,t,0.003003,
offenders,2023,3,Offences against sexual freedom,1,18-30,M,626,f,t,0.313313,
offenders,2023,3,Offences against sexual freedom,1,18-30,F,27,f,t,0.013514,
offenders,2023,3,Offences against sexual freedom,1,31-40,M,430,f,t,0.215215,
offenders,2023,3,Offences against sexual freedom,1,31-40,F,22,f,t,0.011011,
offenders,2023,3,Offences against sexual freedom,1,41-64,M,648,f,t,0.324324,
offenders,2023,3,Offences against sexual freedom,1,41-64,F,32,f,t,0.016016,
offenders,2023,3,Offences against sexual freedom,1,65+,M,83,f,t,0.041542,
offenders,2023,3,Offences against sexual freedom,1,65+,F,2,f,t,0.001001,
offenders,2023,3.1,Sexual assault,2,14-17,M,75,f,t,0.068934,
offenders,2023,3.1,Sexual assault,2,14-17,F,5,f,t,0.004596,
offenders,2023,3.1,Sexual assault,2,18-30,M,307,f,t,0.282169,
offenders,2023,3.1,Sexual assault,2,18-30,F,4,f,t,0.003676,
offenders,2023,3.1,Sexual assault,2,31-40,M,234,f,t,0.215074,
offenders,2023,3.1,Sexual assault,2,31-40,F,8,f,t,0.007353,
offenders,2023,3.1,Sexual assault,2,41-64,M,386,f,t,0.354779,
offenders,2023,3.1,Sexual assault,2,41-64,F,10,f,t,0.009191,
offenders,2023,3.1,Sexual assault,2,65+,M,58,f,t,0.053309,
offenders,2023,3.1,Sexual assault,2,65+,F,1,f,t,0.000919,
offenders,2023,3.2,Sexual assault with penetration,2,14-17,M,30,f,t,0.057803,
offenders,2023,3.2,Sexual assault with penetration,2,14-17,F,0,f,t,0.000000,
offenders,2023,3.2,Sexual assault with penetration,2,18-30,M,215,f,t,0.414258,
offenders,2023,3.2,Sexual assault with penetration,2,18-30,F,5,f,t,0.009634,
offenders,2023,3.2,Sexual assault with penetration,2,31-40,M,125,f,t,0.240848,
offenders,2023,3.2,Sexual assault with penetration,2,31-40,F,3,f,t,0.005780,
offenders,2023,3.2,Sexual assault with penetration,2,41-64,M,134,f,t,0.258189,
offenders,2023,3.2,Sexual assault with penetration,2,41-64,F,1,f,t,0.001927,
offenders,2023,3.2,Sexual assault with penetration,2,65+,M,6,f,t,0.011561,
offenders,2023,3.2,Sexual assault with penetration,2,65+,F,0,f,t,0.000000,
offenders,2023,3.3,Corruption of minors,2,14-17,M,1,f,t,0.037037,
offenders,2023,3.3,Corruption of minors,2,14-17,F,1,f,t,0.037037,
offenders,2023,3.3,Corruption of minors,2,18-30,M,13,f,t,0.481481,
offenders,2023,3.3,Corruption of minors,2,18-30,F,0,f,t,0.000000,
offenders,2023,3.3,Corruption of minors,2,31-40,M,4,f,t,0.148148,
offenders,2023,3.3,Corruption of minors,2,31-40,F,0,f,t,0.000000,
offenders,2023,3.3,Corruption of minors,2,41-64,M,5,f,t,0.185185,
offenders,2023,3.3,Corruption of minors,2,41-64,F,2,f,t,0.074074,
offenders,2023,3.3,Corruption of minors,2,65+,M,1,f,t,0.037037,
offenders,2023,3.3,Corruption of minors,2,65+,F,0,f,t,0.000000,
offenders,2023,3.4,Child pornography,2,14-17,M,9,f,t,0.089109,
offenders,2023,3.4,Child pornography,2,14-17,F,0,f,t,0.000000,
offenders,2023,3.4,Child pornography,2,18-30,M,33,f,t,0.326733,
offenders,2023,3.4,Child pornography,2,18-30,F,2,f,t,0.019802,
offenders,2023,3.4,Child pornography,2,31-40,M,17,f,t,0.168317,
offenders,2023,3.4,Child pornography,2,31-40,F,1,f,t,0.009901,
offenders,2023,3.4,Child pornography,2,41-64,M,33,f,t,0.326733,
offenders,2023,3.4,Child pornography,2,41-64,F,0,f,t,0.000000,
offenders,2023,3.4,Child pornography,2,65+,M,6,f,t,0.059406,
offenders,2023,3.4,Child pornography,2,65+,F,0,f,t,0.000000,
offenders,2023,3.5,Other offences against sexual freedom,2,14-17,M,7,f,t,0.026616,
offenders,2023,3.5,Other offences against sexual freedom,2,14-17,F,0,f,t,0.000000,
offenders,2023,3.5,Other offences against sexual freedom,2,18-30,M,58,f,t,0.220532,
offenders,2023,3.5,Other offences against sexual freedom,2,18-30,F,16,f,t,0.060837,
offenders,2023,3.5,Other offences against sexual freedom,2,31-40,M,50,f,t,0.190114,
offenders,2023,3.5,Other offences against sexual freedom,2,31-40,F,10,f,t,0.038023,
offenders,2023,3.5,Other offences against sexual freedom,2,41-64,M,90,f,t,0.342205,
offenders,2023,3.5,Other offences against sexual freedom,2,41-64,F,19,f,t,0.072243,
offenders,2023,3.5,Other offences against sexual freedom,2,65+,M,12,f,t,0.045627,
offenders,2023,3.5,Other offences against sexual freedom,2,65+,F,1,f,t,0.003802,
offenders,2023,4,Offences against family relations,1,14-17,M,0,f,t,0.000000,
offenders,2023,4,Offences against family relations,1,14-17,F,0,f,t,0.000000,
offenders,2023,4,Offences against family relations,1,18-30,M,19,f,t,0.103825,
offenders,2023,4,Offences against family relations,1,18-30,F,28,f,t,0.153005,
offenders,2023,4,Offences against family relations,1,31-40,M,32,f,t,0.174863,
offenders,2023,4,Offences against family relations,1,31-40,F,26,f,t,0.142077,
offenders,2023,4,Offences against family relations,1,41-64,M,47,f,t,0.256831,
offenders,2023,4,Offences against family relations,1,41-64,F,29,f,t,0.158470,
offenders,2023,4,Offences against family relations,1,65+,M,2,f,t,0.010929,
offenders,2023,4,Offences against family relations,1,65+,F,0,f,t,0.000000,
offenders,2023,5,Property offences,1,14-17,M,1772,f,t,0.044565,
offenders,2023,5,Property offences,1,14-17,F,530,f,t,0.013329,
offenders,2023,5,Property offences,1,18-30,M,12128,f,t,0.305015,
offenders,2023,5,Property offences,1,18-30,F,4048,f,t,0.101806,
offenders,2023,5,Property offences,1,31-40,M,7477,f,t,0.188044,
offenders,2023,5,Property offences,1,31-40,F,2466,f,t,0.062019,
offenders,2023,5,Property offences,1,41-64,M,7511,f,t,0.188899,
offenders,2023,5,Property offences,1,41-64,F,3119,f,t,0.078442,
offenders,2023,5,Property offences,1,65+,M,455,f,t,0.011443,
offenders,2023,5,Property offences,1,65+,F,256,f,t,0.006438,
offenders,2023,5.1,Theft,2,14-17,M,507,f,t,0.022396,
offenders,2023,5.1,Theft,2,14-17,F,421,f,t,0.018597,
offenders,2023,5.1,Theft,2,18-30,M,5587,f,t,0.246797,
offenders,2023,5.1,Theft,2,18-30,F,2984,f,t,0.131814,
offenders,2023,5.1,Theft,2,31-40,M,4007,f,t,0.177003,
offenders,2023,5.1,Theft,2,31-40,F,1809,f,t,0.079910,
offenders,2023,5.1,Theft,2,41-64,M,4325,f,t,0.191050,
offenders,2023,5.1,Theft,2,41-64,F,2435,f,t,0.107563,
offenders,2023,5.1,Theft,2,65+,M,335,f,t,0.014798,
offenders,2023,5.1,Theft,2,65+,F,228,f,t,0.010072,
offenders,2023,5.2,Burglary involving forced entry,2,14-17,M,244,f,t,0.055861,
offenders,2023,5.2,Burglary involving forced entry,2,14-17,F,9,f,t,0.002060,
offenders,2023,5.2,Burglary involving forced entry,2,18-30,M,1686,f,t,0.385989,
offenders,2023,5.2,Burglary involving forced entry,2,18-30,F,106,f,t,0.024267,
offenders,2023,5.2,Burglary involving forced entry,2,31-40,M,1173,f,t,0.268544,
offenders,2023,5.2,Burglary involving forced entry,2,31-40,F,72,f,t,0.016484,
offenders,2023,5.2,Burglary involving forced entry,2,41-64,M,983,f,t,0.225046,
offenders,2023,5.2,Burglary involving forced entry,2,41-64,F,74,f,t,0.016941,
offenders,2023,5.2,Burglary involving forced entry,2,65+,M,20,f,t,0.004579,
offenders,2023,5.2,Burglary involving forced entry,2,65+,F,1,f,t,0.000229,
offenders,2023,5.2.1,Theft from vehicles by forced entry,3,14-17,M,92,f,t,0.069277,
offenders,2023,5.2.1,Theft from vehicles by forced entry,3,14-17,F,1,f,t,0.000753,
offenders,2023,5.2.1,Theft from vehicles by forced entry,3,18-30,M,510,f,t,0.384036,
offenders,2023,5.2.1,Theft from vehicles by forced entry,3,18-30,F,23,f,t,0.017319,
offenders,2023,5.2.1,Theft from vehicles by forced entry,3,31-40,M,314,f,t,0.236446,
offenders,2023,5.2.1,Theft from vehicles by forced entry,3,31-40,F,21,f,t,0.015813,
offenders,2023,5.2.1,Theft from vehicles by forced entry,3,41-64,M,346,f,t,0.260542,
offenders,2023,5.2.1,Theft from vehicles by forced entry,3,41-64,F,18,f,t,0.013554,
offenders,2023,5.2.1,Theft from vehicles by forced entry,3,65+,M,3,f,t,0.002259,
offenders,2023,5.2.1,Theft from vehicles by forced entry,3,65+,F,0,f,t,0.000000,
offenders,2023,5.2.2,Domestic burglary,3,14-17,M,70,f,t,0.072614,
offenders,2023,5.2.2,Domestic burglary,3,14-17,F,6,f,t,0.006224,
offenders,2023,5.2.2,Domestic burglary,3,18-30,M,393,f,t,0.407676,
offenders,2023,5.2.2,Domestic burglary,3,18-30,F,47,f,t,0.048755,
offenders,2023,5.2.2,Domestic burglary,3,31-40,M,235,f,t,0.243776,
offenders,2023,5.2.2,Domestic burglary,3,31-40,F,20,f,t,0.020747,
offenders,2023,5.2.2,Domestic burglary,3,41-64,M,167,f,t,0.173237,
offenders,2023,5.2.2,Domestic burglary,3,41-64,F,20,f,t,0.020747,
offenders,2023,5.2.2,Domestic burglary,3,65+,M,5,f,t,0.005187,
offenders,2023,5.2.2,Domestic burglary,3,65+,F,1,f,t,0.001037,
offenders,2023,5.2.3,Burglary of commercial premises,3,14-17,M,40,f,t,0.032026,
offenders,2023,5.2.3,Burglary of commercial premises,3,14-17,F,2,f,t,0.001601,
offenders,2023,5.2.3,Burglary of commercial premises,3,18-30,M,481,f,t,0.385108,
offenders,2023,5.2.3,Burglary of commercial premises,3,18-30,F,23,f,t,0.018415,
offenders,2023,5.2.3,Burglary of commercial premises,3,31-40,M,392,f,t,0.313851,
offenders,2023,5.2.3,Burglary of commercial premises,3,31-40,F,16,f,t,0.012810,
offenders,2023,5.2.3,Burglary of commercial premises,3,41-64,M,270,f,t,0.216173,
offenders,2023,5.2.3,Burglary of commercial premises,3,41-64,F,20,f,t,0.016013,
offenders,2023,5.2.3,Burglary of commercial premises,3,65+,M,5,f,t,0.004003,
offenders,2023,5.2.3,Burglary of commercial premises,3,65+,F,0,f,t,0.000000,
offenders,2023,5.3,Robbery with violence or intimidation,2,14-17,M,776,f,t,0.156200,
offenders,2023,5.3,Robbery with violence or intimidation,2,14-17,F,55,f,t,0.011071,
offenders,2023,5.3,Robbery with violence or intimidation,2,18-30,M,2298,f,t,0.462560,
offenders,2023,5.3,Robbery with violence or intimidation,2,18-30,F,209,f,t,0.042069,
offenders,2023,5.3,Robbery with violence or intimidation,2,31-40,M,785,f,t,0.158011,
offenders,2023,5.3,Robbery with violence or intimidation,2,31-40,F,136,f,t,0.027375,
offenders,2023,5.3,Robbery with violence or intimidation,2,41-64,M,569,f,t,0.114533,
offenders,2023,5.3,Robbery with violence or intimidation,2,41-64,F,121,f,t,0.024356,
offenders,2023,5.3,Robbery with violence or intimidation,2,65+,M,16,f,t,0.003221,
offenders,2023,5.3,Robbery with violence or intimidation,2,65+,F,3,f,t,0.000604,
offenders,2023,5.3.1,Street robbery,3,14-17,M,539,f,t,0.176029,
offenders,2023,5.3.1,Street robbery,3,14-17,F,30,f,t,0.009798,
offenders,2023,5.3.1,Street robbery,3,18-30,M,1585,f,t,0.517636,
offenders,2023,5.3.1,Street robbery,3,18-30,F,123,f,t,0.040170,
offenders,2023,5.3.1,Street robbery,3,31-40,M,435,f,t,0.142064,
offenders,2023,5.3.1,Street robbery,3,31-40,F,57,f,t,0.018615,
offenders,2023,5.3.1,Street robbery,3,41-64,M,246,f,t,0.080340,
offenders,2023,5.3.1,Street robbery,3,41-64,F,40,f,t,0.013063,
offenders,2023,5.3.1,Street robbery,3,65+,M,5,f,t,0.001633,
offenders,2023,5.3.1,Street robbery,3,65+,F,2,f,t,0.000653,
offenders,2023,5.3.2,Robbery in dwellings,3,14-17,M,18,f,t,0.081818,
offenders,2023,5.3.2,Robbery in dwellings,3,14-17,F,3,f,t,0.013636,
offenders,2023,5.3.2,Robbery in dwellings,3,18-30,M,82,f,t,0.372727,
offenders,2023,5.3.2,Robbery in dwellings,3,18-30,F,11,f,t,0.050000,
offenders,2023,5.3.2,Robbery in dwellings,3,31-40,M,59,f,t,0.268182,
offenders,2023,5.3.2,Robbery in dwellings,3,31-40,F,8,f,t,0.036364,
offenders,2023,5.3.2,Robbery in dwellings,3,41-64,M,31,f,t,0.140909,
offenders,2023,5.3.2,Robbery in dwellings,3,41-64,F,8,f,t,0.036364,
offenders,2023,5.3.2,Robbery in dwellings,3,65+,M,0,f,t,0.000000,
offenders,2023,5.3.2,Robbery in dwellings,3,65+,F,0,f,t,0.000000,
offenders,2023,5.3.3,Robbery of commercial premises,3,14-17,M,62,f,t,0.057301,
offenders,2023,5.3.3,Robbery of commercial premises,3,14-17,F,12,f,t,0.011091,
offenders,2023,5.3.3,Robbery of commercial premises,3,18-30,M,329,f,t,0.304067,
offenders,2023,5.3.3,Robbery of commercial premises,3,18-30,F,59,f,t,0.054529,
offenders,2023,5.3.3,Robbery of commercial premises,3,31-40,M,238,f,t,0.219963,
offenders,2023,5.3.3,Robbery of commercial premises,3,31-40,F,69,f,t,0.063771,
offenders,2023,5.3.3,Robbery of commercial premises,3,41-64,M,239,f,t,0.220887,
offenders,2023,5.3.3,Robbery of commercial premises,3,41-64,F,64,f,t,0.059150,
offenders,2023,5.3.3,Robbery of commercial premises,3,65+,M,9,f,t,0.008318,
offenders,2023,5.3.3,Robbery of commercial premises,3,65+,F,1,f,t,0.000924,
offenders,2023,5.4,Vehicle theft,2,14-17,M,43,f,t,0.066874,
offenders,2023,5.4,Vehicle theft,2,14-17,F,3,f,t,0.004666,
offenders,2023,5.4,Vehicle theft,2,18-30,M,190,f,t,0.295490,
offenders,2023,5.4,Vehicle theft,2,18-30,F,21,f,t,0.032659,
offenders,2023,5.4,Vehicle theft,2,31-40,M,200,f,t,0.311042,
offenders,2023,5.4,Vehicle theft,2,31-40,F,14,f,t,0.021773,
offenders,2023,5.4,Vehicle theft,2,41-64,M,156,f,t,0.242613,
offenders,2023,5.4,Vehicle theft,2,41-64,F,13,f,t,0.020218,
offenders,2023,5.4,Vehicle theft,2,65+,M,3,f,t,0.004666,
offenders,2023,5.4,Vehicle theft,2,65+,F,0,f,t,0.000000,
offenders,2023,5.5,Fraud,2,14-17,M,35,f,t,0.010479,
offenders,2023,5.5,Fraud,2,14-17,F,18,f,t,0.005389,
offenders,2023,5.5,Fraud,2,18-30,M,1133,f,t,0.339222,
offenders,2023,5.5,Fraud,2,18-30,F,381,f,t,0.114072,
offenders,2023,5.5,Fraud,2,31-40,M,547,f,t,0.163772,
offenders,2023,5.5,Fraud,2,31-40,F,209,f,t,0.062575,
offenders,2023,5.5,Fraud,2,41-64,M,715,f,t,0.214072,
offenders,2023,5.5,Fraud,2,41-64,F,257,f,t,0.076946,
offenders,2023,5.5,Fraud,2,65+,M,28,f,t,0.008383,
offenders,2023,5.5,Fraud,2,65+,F,17,f,t,0.005090,
offenders,2023,5.5.1,Computer enabled fraud,3,14-17,M,18,f,t,0.011057,
offenders,2023,5.5.1,Computer enabled fraud,3,14-17,F,7,f,t,0.004300,
offenders,2023,5.5.1,Computer enabled fraud,3,18-30,M,653,f,t,0.401106,
offenders,2023,5.5.1,Computer enabled fraud,3,18-30,F,247,f,t,0.151720,
offenders,2023,5.5.1,Computer enabled fraud,3,31-40,M,247,f,t,0.151720,
offenders,2023,5.5.1,Computer enabled fraud,3,31-40,F,91,f,t,0.055897,
offenders,2023,5.5.1,Computer enabled fraud,3,41-64,M,235,f,t,0.144349,
offenders,2023,5.5.1,Computer enabled fraud,3,41-64,F,107,f,t,0.065725,
offenders,2023,5.5.1,Computer enabled fraud,3,65+,M,14,f,t,0.008600,
offenders,2023,5.5.1,Computer enabled fraud,3,65+,F,9,f,t,0.005528,
offenders,2023,5.6,Criminal damage,2,14-17,M,96,f,t,0.080740,
offenders,2023,5.6,Criminal damage,2,14-17,F,10,f,t,0.008410,
offenders,2023,5.6,Criminal damage,2,18-30,M,469,f,t,0.394449,
offenders,2023,5.6,Criminal damage,2,18-30,F,50,f,t,0.042052,
offenders,2023,5.6,Criminal damage,2,31-40,M,224,f,t,0.188394,
offenders,2023,5.6,Criminal damage,2,31-40,F,37,f,t,0.031119,
offenders,2023,5.6,Criminal damage,2,41-64,M,237,f,t,0.199327,
offenders,2023,5.6,Criminal damage,2,41-64,F,39,f,t,0.032801,
offenders,2023,5.6,Criminal damage,2,65+,M,24,f,t,0.020185,
offenders,2023,5.6,Criminal damage,2,65+,F,3,f,t,0.002523,
offenders,2023,5.7,Offences against intellectual and industrial property,2,14-17,M,3,f,t,0.026087,
offenders,2023,5.7,Offences against intellectual and industrial property,2,14-17,F,0,f,t,0.000000,
offenders,2023,5.7,Offences against intellectual and industrial property,2,18-30,M,22,f,t,0.191304,
offenders,2023,5.7,Offences against intellectual and industrial property,2,18-30,F,2,f,t,0.017391,
offenders,2023,5.7,Offences against intellectual and industrial property,2,31-40,M,29,f,t,0.252174,
offenders,2023,5.7,Offences against intellectual and industrial property,2,31-40,F,7,f,t,0.060870,
offenders,2023,5.7,Offences against intellectual and industrial property,2,41-64,M,50,f,t,0.434783,
offenders,2023,5.7,Offences against intellectual and industrial property,2,41-64,F,0,f,t,0.000000,
offenders,2023,5.7,Offences against intellectual and industrial property,2,65+,M,2,f,t,0.017391,
offenders,2023,5.7,Offences against intellectual and industrial property,2,65+,F,0,f,t,0.000000,
offenders,2023,5.8,Money laundering,2,14-17,M,0,f,t,0.000000,
offenders,2023,5.8,Money laundering,2,14-17,F,0,f,t,0.000000,
offenders,2023,5.8,Money laundering,2,18-30,M,23,f,t,0.161972,
offenders,2023,5.8,Money laundering,2,18-30,F,15,f,t,0.105634,
offenders,2023,5.8,Money laundering,2,31-40,M,17,f,t,0.119718,
offenders,2023,5.8,Money laundering,2,31-40,F,11,f,t,0.077465,
offenders,2023,5.8,Money laundering,2,41-64,M,63,f,t,0.443662,
offenders,2023,5.8,Money laundering,2,41-64,F,10,f,t,0.070423,
offenders,2023,5.8,Money laundering,2,65+,M,3,f,t,0.021127,
offenders,2023,5.8,Money laundering,2,65+,F,0,f,t,0.000000,
offenders,2023,5.9,Other property offences,2,14-17,M,68,f,t,0.028826,
offenders,2023,5.9,Other property offences,2,14-17,F,14,f,t,0.005935,
offenders,2023,5.9,Other property offences,2,18-30,M,720,f,t,0.305214,
offenders,2023,5.9,Other property offences,2,18-30,F,280,f,t,0.118694,
offenders,2023,5.9,Other property offences,2,31-40,M,495,f,t,0.209835,
offenders,2023,5.9,Other property offences,2,31-40,F,171,f,t,0.072488,
offenders,2023,5.9,Other property offences,2,41-64,M,413,f,t,0.175074,
offenders,2023,5.9,Other property offences,2,41-64,F,170,f,t,0.072064,
offenders,2023,5.9,Other property offences,2,65+,M,24,f,t,0.010174,
offenders,2023,5.9,Other property offences,2,65+,F,4,f,t,0.001696,
offenders,2023,6,Offences against public safety,1,14-17,M,171,f,t,0.019021,
offenders,2023,6,Offences against public safety,1,14-17,F,18,f,t,0.002002,
offenders,2023,6,Offences against public safety,1,18-30,M,2925,f,t,0.325362,
offenders,2023,6,Offences against public safety,1,18-30,F,334,f,t,0.037152,
offenders,2023,6,Offences against public safety,1,31-40,M,2266,f,t,0.252058,
offenders,2023,6,Offences against public safety,1,31-40,F,278,f,t,0.030923,
offenders,2023,6,Offences against public safety,1,41-64,M,2598,f,t,0.288988,
offenders,2023,6,Offences against public safety,1,41-64,F,281,f,t,0.031257,
offenders,2023,6,Offences against public safety,1,65+,M,103,f,t,0.011457,
offenders,2023,6,Offences against public safety,1,65+,F,16,f,t,0.001780,
offenders,2023,6.1,Drug trafficking,2,14-17,M,103,f,t,0.025202,
offenders,2023,6.1,Drug trafficking,2,14-17,F,15,f,t,0.003670,
offenders,2023,6.1,Drug trafficking,2,18-30,M,1550,f,t,0.379251,
offenders,2023,6.1,Drug trafficking,2,18-30,F,194,f,t,0.047468,
offenders,2023,6.1,Drug trafficking,2,31-40,M,974,f,t,0.238317,
offenders,2023,6.1,Drug trafficking,2,31-40,F,141,f,t,0.034500,
offenders,2023,6.1,Drug trafficking,2,41-64,M,930,f,t,0.227551,
offenders,2023,6.1,Drug trafficking,2,41-64,F,145,f,t,0.035478,
offenders,2023,6.1,Drug trafficking,2,65+,M,28,f,t,0.006851,
offenders,2023,6.1,Drug trafficking,2,65+,F,7,f,t,0.001713,
offenders,2023,6.2,Road safety offences,2,14-17,M,50,f,t,0.010711,
offenders,2023,6.2,Road safety offences,2,14-17,F,2,f,t,0.000428,
offenders,2023,6.2,Road safety offences,2,18-30,M,1326,f,t,0.284062,
offenders,2023,6.2,Road safety offences,2,18-30,F,114,f,t,0.024422,
offenders,2023,6.2,Road safety offences,2,31-40,M,1248,f,t,0.267352,
offenders,2023,6.2,Road safety offences,2,31-40,F,120,f,t,0.025707,
offenders,2023,6.2,Road safety offences,2,41-64,M,1605,f,t,0.343830,
offenders,2023,6.2,Road safety offences,2,41-64,F,121,f,t,0.025921,
offenders,2023,6.2,Road safety offences,2,65+,M,74,f,t,0.015853,
offenders,2023,6.2,Road safety offences,2,65+,F,8,f,t,0.001714,
offenders,2023,6.3,Other offences against public safety,2,14-17,M,18,f,t,0.076596,
offenders,2023,6.3,Other offences against public safety,2,14-17,F,1,f,t,0.004255,
offenders,2023,6.3,Other offences against public safety,2,18-30,M,49,f,t,0.208511,
offenders,2023,6.3,Other offences against public safety,2,18-30,F,26,f,t,0.110638,
offenders,2023,6.3,Other offences against public safety,2,31-40,M,44,f,t,0.187234,
offenders,2023,6.3,Other offences against public safety,2,31-40,F,17,f,t,0.072340,
offenders,2023,6.3,Other offences against public safety,2,41-64,M,63,f,t,0.268085,
offenders,2023,6.3,Other offences against public safety,2,41-64,F,15,f,t,0.063830,
offenders,2023,6.3,Other offences against public safety,2,65+,M,1,f,t,0.004255,
offenders,2023,6.3,Other offences against public safety,2,65+,F,1,f,t,0.004255,
offenders,2023,7,Forgery offences,1,14-17,M,52,f,t,0.019181,
offenders,2023,7,Forgery offences,1,14-17,F,22,f,t,0.008115,
offenders,2023,7,Forgery offences,1,18-30,M,885,f,t,0.326448,
offenders,2023,7,Forgery offences,1,18-30,F,147,f,t,0.054224,
offenders,2023,7,Forgery offences,1,31-40,M,648,f,t,0.239026,
offenders,2023,7,Forgery offences,1,31-40,F,172,f,t,0.063445,
offenders,2023,7,Forgery offences,1,41-64,M,598,f,t,0.220583,
offenders,2023,7,Forgery offences,1,41-64,F,168,f,t,0.061970,
offenders,2023,7,Forgery offences,1,65+,M,15,f,t,0.005533,
offenders,2023,7,Forgery offences,1,65+,F,4,f,t,0.001475,
offenders,2023,8,Offences against the public administration,1,14-17,M,0,f,t,0.000000,
offenders,2023,8,Offences against the public administration,1,14-17,F,1,f,t,0.025000,
offenders,2023,8,Offences against the public administration,1,18-30,M,4,f,t,0.100000,
offenders,2023,8,Offences against the public administration,1,18-30,F,0,f,t,0.000000,
offenders,2023,8,Offences against the public administration,1,31-40,M,2,f,t,0.050000,
offenders,2023,8,Offences against the public administration,1,31-40,F,1,f,t,0.025000,
offenders,2023,8,Offences against the public administration,1,41-64,M,22,f,t,0.550000,
offenders,2023,8,Offences against the public administration,1,41-64,F,3,f,t,0.075000,
offenders,2023,8,Offences against the public administration,1,65+,M,7,f,t,0.175000,
offenders,2023,8,Offences against the public administration,1,65+,F,0,f,t,0.000000,
offenders,2023,9,Offences against the administration of justice,1,14-17,M,27,f,t,0.006536,
offenders,2023,9,Offences against the administration of justice,1,14-17,F,8,f,t,0.001937,
offenders,2023,9,Offences against the administration of justice,1,18-30,M,1167,f,t,0.282498,
offenders,2023,9,Offences against the administration of justice,1,18-30,F,112,f,t,0.027112,
offenders,2023,9,Offences against the administration of justice,1,31-40,M,1082,f,t,0.261922,
offenders,2023,9,Offences against the administration of justice,1,31-40,F,109,f,t,0.026386,
offenders,2023,9,Offences against the administration of justice,1,41-64,M,1318,f,t,0.319051,
offenders,2023,9,Offences against the administration of justice,1,41-64,F,209,f,t,0.050593,
offenders,2023,9,Offences against the administration of justice,1,65+,M,86,f,t,0.020818,
offenders,2023,9,Offences against the administration of justice,1,65+,F,13,f,t,0.003147,
offenders,2023,10,Offences against public order,1,14-17,M,264,f,t,0.047101,
offenders,2023,10,Offences against public order,1,14-17,F,35,f,t,0.006244,
offenders,2023,10,Offences against public order,1,18-30,M,2059,f,t,0.367351,
offenders,2023,10,Offences against public order,1,18-30,F,390,f,t,0.069581,
offenders,2023,10,Offences against public order,1,31-40,M,1074,f,t,0.191615,
offenders,2023,10,Offences against public order,1,31-40,F,246,f,t,0.043889,
offenders,2023,10,Offences against public order,1,41-64,M,1154,f,t,0.205888,
offenders,2023,10,Offences against public order,1,41-64,F,307,f,t,0.054773,
offenders,2023,10,Offences against public order,1,65+,M,62,f,t,0.011062,
offenders,2023,10,Offences against public order,1,65+,F,14,f,t,0.002498,
offenders,2023,11,Offences under special legislation,1,14-17,M,1,f,t,0.016393,
offenders,2023,11,Offences under special legislation,1,14-17,F,0,f,t,0.000000,
offenders,2023,11,Offences under special legislation,1,18-30,M,10,f,t,0.163934,
offenders,2023,11,Offences under special legislation,1,18-30,F,1,f,t,0.016393,
offenders,2023,11,Offences under special legislation,1,31-40,M,17,f,t,0.278689,
offenders,2023,11,Offences under special legislation,1,31-40,F,3,f,t,0.049180,
offenders,2023,11,Offences under special legislation,1,41-64,M,20,f,t,0.327869,
offenders,2023,11,Offences under special legislation,1,41-64,F,6,f,t,0.098361,
offenders,2023,11,Offences under special legislation,1,65+,M,1,f,t,0.016393,
offenders,2023,11,Offences under special legislation,1,65+,F,2,f,t,0.032787,
offenders,2023,12,Other criminal offences,1,14-17,M,4,f,t,0.005435,
offenders,2023,12,Other criminal offences,1,14-17,F,4,f,t,0.005435,
offenders,2023,12,Other criminal offences,1,18-30,M,103,f,t,0.139946,
offenders,2023,12,Other criminal offences,1,18-30,F,25,f,t,0.033967,
offenders,2023,12,Other criminal offences,1,31-40,M,107,f,t,0.145380,
offenders,2023,12,Other criminal offences,1,31-40,F,38,f,t,0.051630,
offenders,2023,12,Other criminal offences,1,41-64,M,311,f,t,0.422554,
offenders,2023,12,Other criminal offences,1,41-64,F,100,f,t,0.135870,
offenders,2023,12,Other criminal offences,1,65+,M,38,f,t,0.051630,
offenders,2023,12,Other criminal offences,1,65+,F,6,f,t,0.008152,
offenders,2023,TOTAL,Total criminal offences,0,14-17,M,3538,f,t,0.037683,
offenders,2023,TOTAL,Total criminal offences,0,14-17,F,930,f,t,0.009905,
offenders,2023,TOTAL,Total criminal offences,0,18-30,M,27638,f,t,0.294369,
offenders,2023,TOTAL,Total criminal offences,0,18-30,F,6885,f,t,0.073331,
offenders,2023,TOTAL,Total criminal offences,0,31-40,M,19747,f,t,0.210323,
offenders,2023,TOTAL,Total criminal offences,0,31-40,F,4905,f,t,0.052243,
offenders,2023,TOTAL,Total criminal offences,0,41-64,M,22365,f,t,0.238207,
offenders,2023,TOTAL,Total criminal offences,0,41-64,F,6067,f,t,0.064619,
offenders,2023,TOTAL,Total criminal offences,0,65+,M,1401,f,t,0.014922,
offenders,2023,TOTAL,Total criminal offences,0,65+,F,413,f,t,0.004399,
offenders,2024,1,Offences against persons,1,14-17,M,788,f,t,0.033094,
offenders,2024,1,Offences against persons,1,14-17,F,192,f,t,0.008064,
offenders,2024,1,Offences against persons,1,18-30,M,6524,f,t,0.273991,
offenders,2024,1,Offences against persons,1,18-30,F,1557,f,t,0.065390,
offenders,2024,1,Offences against persons,1,31-40,M,5299,f,t,0.222544,
offenders,2024,1,Offences against persons,1,31-40,F,1324,f,t,0.055605,
offenders,2024,1,Offences against persons,1,41-64,M,6229,f,t,0.261602,
offenders,2024,1,Offences against persons,1,41-64,F,1429,f,t,0.060014,
offenders,2024,1,Offences against persons,1,65+,M,406,f,t,0.017051,
offenders,2024,1,Offences against persons,1,65+,F,63,f,t,0.002646,
offenders,2024,1.1,Intentional homicide and murder,2,14-17,M,39,f,t,0.151163,
offenders,2024,1.1,Intentional homicide and murder,2,14-17,F,1,f,t,0.003876,
offenders,2024,1.1,Intentional homicide and murder,2,18-30,M,122,f,t,0.472868,
offenders,2024,1.1,Intentional homicide and murder,2,18-30,F,7,f,t,0.027132,
offenders,2024,1.1,Intentional homicide and murder,2,31-40,M,34,f,t,0.131783,
offenders,2024,1.1,Intentional homicide and murder,2,31-40,F,3,f,t,0.011628,
offenders,2024,1.1,Intentional homicide and murder,2,41-64,M,37,f,t,0.143411,
offenders,2024,1.1,Intentional homicide and murder,2,41-64,F,6,f,t,0.023256,
offenders,2024,1.1,Intentional homicide and murder,2,65+,M,9,f,t,0.034884,
offenders,2024,1.1,Intentional homicide and murder,2,65+,F,0,f,t,0.000000,
offenders,2024,1.1.1,Completed intentional homicide and murder,3,14-17,M,1,f,t,0.038462,
offenders,2024,1.1.1,Completed intentional homicide and murder,3,14-17,F,0,f,t,0.000000,
offenders,2024,1.1.1,Completed intentional homicide and murder,3,18-30,M,9,f,t,0.346154,
offenders,2024,1.1.1,Completed intentional homicide and murder,3,18-30,F,1,f,t,0.038462,
offenders,2024,1.1.1,Completed intentional homicide and murder,3,31-40,M,5,f,t,0.192308,
offenders,2024,1.1.1,Completed intentional homicide and murder,3,31-40,F,0,f,t,0.000000,
offenders,2024,1.1.1,Completed intentional homicide and murder,3,41-64,M,6,f,t,0.230769,
offenders,2024,1.1.1,Completed intentional homicide and murder,3,41-64,F,2,f,t,0.076923,
offenders,2024,1.1.1,Completed intentional homicide and murder,3,65+,M,2,f,t,0.076923,
offenders,2024,1.1.1,Completed intentional homicide and murder,3,65+,F,0,f,t,0.000000,
offenders,2024,1.2,Bodily injury,2,14-17,M,287,f,t,0.062994,
offenders,2024,1.2,Bodily injury,2,14-17,F,65,f,t,0.014267,
offenders,2024,1.2,Bodily injury,2,18-30,M,1589,f,t,0.348771,
offenders,2024,1.2,Bodily injury,2,18-30,F,236,f,t,0.051800,
offenders,2024,1.2,Bodily injury,2,31-40,M,849,f,t,0.186348,
offenders,2024,1.2,Bodily injury,2,31-40,F,186,f,t,0.040825,
offenders,2024,1.2,Bodily injury,2,41-64,M,1030,f,t,0.226076,
offenders,2024,1.2,Bodily injury,2,41-64,F,230,f,t,0.050483,
offenders,2024,1.2,Bodily injury,2,65+,M,72,f,t,0.015803,
offenders,2024,1.2,Bodily injury,2,65+,F,12,f,t,0.002634,
offenders,2024,1.3,Domestic violence in the family setting,2,14-17,M,347,f,t,0.019697,
offenders,2024,1.3,Domestic violence in the family setting,2,14-17,F,117,f,t,0.006641,
offenders,2024,1.3,Domestic violence in the family setting,2,18-30,M,4133,f,t,0.234603,
offenders,2024,1.3,Domestic violence in the family setting,2,18-30,F,1226,f,t,0.069592,
offenders,2024,1.3,Domestic violence in the family setting,2,31-40,M,4193,f,t,0.238009,
offenders,2024,1.3,Domestic violence in the family setting,2,31-40,F,1096,f,t,0.062213,
offenders,2024,1.3,Domestic violence in the family setting,2,41-64,M,4989,f,t,0.283192,
offenders,2024,1.3,Domestic violence in the family setting,2,41-64,F,1154,f,t,0.065505,
offenders,2024,1.3,Domestic violence in the family setting,2,65+,M,316,f,t,0.017937,
offenders,2024,1.3,Domestic violence in the family setting,2,65+,F,46,f,t,0.002611,
offenders,2024,1.4,Other offences against persons,2,14-17,M,115,f,t,0.083333,
offenders,2024,1.4,Other offences against persons,2,14-17,F,9,f,t,0.006522,
offenders,2024,1.4,Other offences against persons,2,18-30,M,680,f,t,0.492754,
offenders,2024,1.4,Other offences against persons,2,18-30,F,88,f,t,0.063768,
offenders,2024,1.4,Other offences against persons,2,31-40,M,223,f,t,0.161594,
offenders,2024,1.4,Other offences against persons,2,31-40,F,39,f,t,0.028261,
offenders,2024,1.4,Other offences against persons,2,41-64,M,173,f,t,0.125362,
offenders,2024,1.4,Other offences against persons,2,41-64,F,39,f,t,0.028261,
offenders,2024,1.4,Other offences against persons,2,65+,M,9,f,t,0.006522,
offenders,2024,1.4,Other offences against persons,2,65+,F,5,f,t,0.003623,
offenders,2024,2,Offences against personal liberty,1,14-17,M,388,f,t,0.051858,
offenders,2024,2,Offences against personal liberty,1,14-17,F,57,f,t,0.007618,
offenders,2024,2,Offences against personal liberty,1,18-30,M,1839,f,t,0.245790,
offenders,2024,2,Offences against personal liberty,1,18-30,F,306,f,t,0.040898,
offenders,2024,2,Offences against personal liberty,1,31-40,M,1555,f,t,0.207832,
offenders,2024,2,Offences against personal liberty,1,31-40,F,324,f,t,0.043304,
offenders,2024,2,Offences against personal liberty,1,41-64,M,2292,f,t,0.306335,
offenders,2024,2,Offences against personal liberty,1,41-64,F,515,f,t,0.068832,
offenders,2024,2,Offences against personal liberty,1,65+,M,159,f,t,0.021251,
offenders,2024,2,Offences against personal liberty,1,65+,F,47,f,t,0.006282,
offenders,2024,2.1,Habitual domestic abuse,2,14-17,M,25,f,t,0.025907,
offenders,2024,2.1,Habitual domestic abuse,2,14-17,F,5,f,t,0.005181,
offenders,2024,2.1,Habitual domestic abuse,2,18-30,M,199,f,t,0.206218,
offenders,2024,2.1,Habitual domestic abuse,2,18-30,F,25,f,t,0.025907,
offenders,2024,2.1,Habitual domestic abuse,2,31-40,M,225,f,t,0.233161,
offenders,2024,2.1,Habitual domestic abuse,2,31-40,F,35,f,t,0.036269,
offenders,2024,2.1,Habitual domestic abuse,2,41-64,M,373,f,t,0.386528,
offenders,2024,2.1,Habitual domestic abuse,2,41-64,F,45,f,t,0.046632,
offenders,2024,2.1,Habitual domestic abuse,2,65+,M,30,f,t,0.031088,
offenders,2024,2.1,Habitual domestic abuse,2,65+,F,3,f,t,0.003109,
offenders,2024,2.2,Other offences against personal liberty,2,14-17,M,363,f,t,0.055700,
offenders,2024,2.2,Other offences against personal liberty,2,14-17,F,52,f,t,0.007979,
offenders,2024,2.2,Other offences against personal liberty,2,18-30,M,1640,f,t,0.251650,
offenders,2024,2.2,Other offences against personal liberty,2,18-30,F,281,f,t,0.043118,
offenders,2024,2.2,Other offences against personal liberty,2,31-40,M,1330,f,t,0.204082,
offenders,2024,2.2,Other offences against personal liberty,2,31-40,F,289,f,t,0.044346,
offenders,2024,2.2,Other offences against personal liberty,2,41-64,M,1919,f,t,0.294461,
offenders,2024,2.2,Other offences against personal liberty,2,41-64,F,470,f,t,0.072119,
offenders,2024,2.2,Other offences against personal liberty,2,65+,M,129,f,t,0.019794,
offenders,2024,2.2,Other offences against personal liberty,2,65+,F,44,f,t,0.006752,
offenders,2024,3,Offences against sexual freedom,1,14-17,M,132,f,t,0.063553,
offenders,2024,3,Offences against sexual freedom,1,14-17,F,4,f,t,0.001926,
offenders,2024,3,Offences against sexual freedom,1,18-30,M,620,f,t,0.298507,
offenders,2024,3,Offences against sexual freedom,1,18-30,F,21,f,t,0.010111,
offenders,2024,3,Offences against sexual freedom,1,31-40,M,437,f,t,0.210400,
offenders,2024,3,Offences against sexual freedom,1,31-40,F,34,f,t,0.016370,
offenders,2024,3,Offences against sexual freedom,1,41-64,M,692,f,t,0.333173,
offenders,2024,3,Offences against sexual freedom,1,41-64,F,35,f,t,0.016851,
offenders,2024,3,Offences against sexual freedom,1,65+,M,101,f,t,0.048628,
offenders,2024,3,Offences against sexual freedom,1,65+,F,1,f,t,0.000481,
offenders,2024,3.1,Sexual assault,2,14-17,M,59,f,t,0.051394,
offenders,2024,3.1,Sexual assault,2,14-17,F,1,f,t,0.000871,
offenders,2024,3.1,Sexual assault,2,18-30,M,343,f,t,0.298780,
offenders,2024,3.1,Sexual assault,2,18-30,F,1,f,t,0.000871,
offenders,2024,3.1,Sexual assault,2,31-40,M,234,f,t,0.203833,
offenders,2024,3.1,Sexual assault,2,31-40,F,9,f,t,0.007840,
offenders,2024,3.1,Sexual assault,2,41-64,M,420,f,t,0.365854,
offenders,2024,3.1,Sexual assault,2,41-64,F,3,f,t,0.002613,
offenders,2024,3.1,Sexual assault,2,65+,M,77,f,t,0.067073,
offenders,2024,3.1,Sexual assault,2,65+,F,1,f,t,0.000871,
offenders,2024,3.2,Sexual assault with penetration,2,14-17,M,41,f,t,0.081349,
offenders,2024,3.2,Sexual assault with penetration,2,14-17,F,0,f,t,0.000000,
offenders,2024,3.2,Sexual assault with penetration,2,18-30,M,190,f,t,0.376984,
offenders,2024,3.2,Sexual assault with penetration,2,18-30,F,0,f,t,0.000000,
offenders,2024,3.2,Sexual assault with penetration,2,31-40,M,131,f,t,0.259921,
offenders,2024,3.2,Sexual assault with penetration,2,31-40,F,1,f,t,0.001984,
offenders,2024,3.2,Sexual assault with penetration,2,41-64,M,137,f,t,0.271825,
offenders,2024,3.2,Sexual assault with penetration,2,41-64,F,0,f,t,0.000000,
offenders,2024,3.2,Sexual assault with penetration,2,65+,M,4,f,t,0.007937,
offenders,2024,3.2,Sexual assault with penetration,2,65+,F,0,f,t,0.000000,
offenders,2024,3.3,Corruption of minors,2,14-17,M,9,f,t,0.346154,
offenders,2024,3.3,Corruption of minors,2,14-17,F,0,f,t,0.000000,
offenders,2024,3.3,Corruption of minors,2,18-30,M,4,f,t,0.153846,
offenders,2024,3.3,Corruption of minors,2,18-30,F,1,f,t,0.038462,
offenders,2024,3.3,Corruption of minors,2,31-40,M,3,f,t,0.115385,
offenders,2024,3.3,Corruption of minors,2,31-40,F,2,f,t,0.076923,
offenders,2024,3.3,Corruption of minors,2,41-64,M,6,f,t,0.230769,
offenders,2024,3.3,Corruption of minors,2,41-64,F,1,f,t,0.038462,
offenders,2024,3.3,Corruption of minors,2,65+,M,0,f,t,0.000000,
offenders,2024,3.3,Corruption of minors,2,65+,F,0,f,t,0.000000,
offenders,2024,3.4,Child pornography,2,14-17,M,14,f,t,0.119658,
offenders,2024,3.4,Child pornography,2,14-17,F,1,f,t,0.008547,
offenders,2024,3.4,Child pornography,2,18-30,M,31,f,t,0.264957,
offenders,2024,3.4,Child pornography,2,18-30,F,1,f,t,0.008547,
offenders,2024,3.4,Child pornography,2,31-40,M,19,f,t,0.162393,
offenders,2024,3.4,Child pornography,2,31-40,F,2,f,t,0.017094,
offenders,2024,3.4,Child pornography,2,41-64,M,37,f,t,0.316239,
offenders,2024,3.4,Child pornography,2,41-64,F,7,f,t,0.059829,
offenders,2024,3.4,Child pornography,2,65+,M,5,f,t,0.042735,
offenders,2024,3.4,Child pornography,2,65+,F,0,f,t,0.000000,
offenders,2024,3.5,Other offences against sexual freedom,2,14-17,M,9,f,t,0.031915,
offenders,2024,3.5,Other offences against sexual freedom,2,14-17,F,2,f,t,0.007092,
offenders,2024,3.5,Other offences against sexual freedom,2,18-30,M,52,f,t,0.184397,
offenders,2024,3.5,Other offences against sexual freedom,2,18-30,F,18,f,t,0.063830,
offenders,2024,3.5,Other offences against sexual freedom,2,31-40,M,50,f,t,0.177305,
offenders,2024,3.5,Other offences against sexual freedom,2,31-40,F,20,f,t,0.070922,
offenders,2024,3.5,Other offences against sexual freedom,2,41-64,M,92,f,t,0.326241,
offenders,2024,3.5,Other offences against sexual freedom,2,41-64,F,24,f,t,0.085106,
offenders,2024,3.5,Other offences against sexual freedom,2,65+,M,15,f,t,0.053191,
offenders,2024,3.5,Other offences against sexual freedom,2,65+,F,0,f,t,0.000000,
offenders,2024,4,Offences against family relations,1,14-17,M,0,f,t,0.000000,
offenders,2024,4,Offences against family relations,1,14-17,F,1,f,t,0.005747,
offenders,2024,4,Offences against family relations,1,18-30,M,11,f,t,0.063218,
offenders,2024,4,Offences against family relations,1,18-30,F,21,f,t,0.120690,
offenders,2024,4,Offences against family relations,1,31-40,M,32,f,t,0.183908,
offenders,2024,4,Offences against family relations,1,31-40,F,42,f,t,0.241379,
offenders,2024,4,Offences against family relations,1,41-64,M,39,f,t,0.224138,
offenders,2024,4,Offences against family relations,1,41-64,F,26,f,t,0.149425,
offenders,2024,4,Offences against family relations,1,65+,M,2,f,t,0.011494,
offenders,2024,4,Offences against family relations,1,65+,F,0,f,t,0.000000,
offenders,2024,5,Property offences,1,14-17,M,1700,f,t,0.040990,
offenders,2024,5,Property offences,1,14-17,F,392,f,t,0.009452,
offenders,2024,5,Property offences,1,18-30,M,12841,f,t,0.309616,
offenders,2024,5,Property offences,1,18-30,F,3704,f,t,0.089309,
offenders,2024,5,Property offences,1,31-40,M,8090,f,t,0.195062,
offenders,2024,5,Property offences,1,31-40,F,2576,f,t,0.062111,
offenders,2024,5,Property offences,1,41-64,M,8291,f,t,0.199908,
offenders,2024,5,Property offences,1,41-64,F,3073,f,t,0.074095,
offenders,2024,5,Property offences,1,65+,M,506,f,t,0.012200,
offenders,2024,5,Property offences,1,65+,F,301,f,t,0.007258,
offenders,2024,5.1,Theft,2,14-17,M,490,f,t,0.021262,
offenders,2024,5.1,Theft,2,14-17,F,321,f,t,0.013929,
offenders,2024,5.1,Theft,2,18-30,M,5733,f,t,0.248763,
offenders,2024,5.1,Theft,2,18-30,F,2574,f,t,0.111690,
offenders,2024,5.1,Theft,2,31-40,M,4252,f,t,0.184501,
offenders,2024,5.1,Theft,2,31-40,F,1904,f,t,0.082617,
offenders,2024,5.1,Theft,2,41-64,M,4757,f,t,0.206413,
offenders,2024,5.1,Theft,2,41-64,F,2374,f,t,0.103011,
offenders,2024,5.1,Theft,2,65+,M,377,f,t,0.016359,
offenders,2024,5.1,Theft,2,65+,F,264,f,t,0.011455,
offenders,2024,5.2,Burglary involving forced entry,2,14-17,M,278,f,t,0.062430,
offenders,2024,5.2,Burglary involving forced entry,2,14-17,F,17,f,t,0.003818,
offenders,2024,5.2,Burglary involving forced entry,2,18-30,M,1542,f,t,0.346283,
offenders,2024,5.2,Burglary involving forced entry,2,18-30,F,111,f,t,0.024927,
offenders,2024,5.2,Burglary involving forced entry,2,31-40,M,1324,f,t,0.297328,
offenders,2024,5.2,Burglary involving forced entry,2,31-40,F,89,f,t,0.019987,
offenders,2024,5.2,Burglary involving forced entry,2,41-64,M,1002,f,t,0.225017,
offenders,2024,5.2,Burglary involving forced entry,2,41-64,F,71,f,t,0.015944,
offenders,2024,5.2,Burglary involving forced entry,2,65+,M,17,f,t,0.003818,
offenders,2024,5.2,Burglary involving forced entry,2,65+,F,2,f,t,0.000449,
offenders,2024,5.2.1,Theft from vehicles by forced entry,3,14-17,M,93,f,t,0.061917,
offenders,2024,5.2.1,Theft from vehicles by forced entry,3,14-17,F,7,f,t,0.004660,
offenders,2024,5.2.1,Theft from vehicles by forced entry,3,18-30,M,526,f,t,0.350200,
offenders,2024,5.2.1,Theft from vehicles by forced entry,3,18-30,F,12,f,t,0.007989,
offenders,2024,5.2.1,Theft from vehicles by forced entry,3,31-40,M,407,f,t,0.270972,
offenders,2024,5.2.1,Theft from vehicles by forced entry,3,31-40,F,30,f,t,0.019973,
offenders,2024,5.2.1,Theft from vehicles by forced entry,3,41-64,M,390,f,t,0.259654,
offenders,2024,5.2.1,Theft from vehicles by forced entry,3,41-64,F,26,f,t,0.017310,
offenders,2024,5.2.1,Theft from vehicles by forced entry,3,65+,M,11,f,t,0.007324,
offenders,2024,5.2.1,Theft from vehicles by forced entry,3,65+,F,0,f,t,0.000000,
offenders,2024,5.2.2,Domestic burglary,3,14-17,M,50,f,t,0.053591,
offenders,2024,5.2.2,Domestic burglary,3,14-17,F,3,f,t,0.003215,
offenders,2024,5.2.2,Domestic burglary,3,18-30,M,358,f,t,0.383708,
offenders,2024,5.2.2,Domestic burglary,3,18-30,F,51,f,t,0.054662,
offenders,2024,5.2.2,Domestic burglary,3,31-40,M,252,f,t,0.270096,
offenders,2024,5.2.2,Domestic burglary,3,31-40,F,27,f,t,0.028939,
offenders,2024,5.2.2,Domestic burglary,3,41-64,M,166,f,t,0.177921,
offenders,2024,5.2.2,Domestic burglary,3,41-64,F,21,f,t,0.022508,
offenders,2024,5.2.2,Domestic burglary,3,65+,M,3,f,t,0.003215,
offenders,2024,5.2.2,Domestic burglary,3,65+,F,2,f,t,0.002144,
offenders,2024,5.2.3,Burglary of commercial premises,3,14-17,M,76,f,t,0.063281,
offenders,2024,5.2.3,Burglary of commercial premises,3,14-17,F,5,f,t,0.004163,
offenders,2024,5.2.3,Burglary of commercial premises,3,18-30,M,382,f,t,0.318068,
offenders,2024,5.2.3,Burglary of commercial premises,3,18-30,F,30,f,t,0.024979,
offenders,2024,5.2.3,Burglary of commercial premises,3,31-40,M,417,f,t,0.347211,
offenders,2024,5.2.3,Burglary of commercial premises,3,31-40,F,20,f,t,0.016653,
offenders,2024,5.2.3,Burglary of commercial premises,3,41-64,M,259,f,t,0.215654,
offenders,2024,5.2.3,Burglary of commercial premises,3,41-64,F,12,f,t,0.009992,
offenders,2024,5.2.3,Burglary of commercial premises,3,65+,M,0,f,t,0.000000,
offenders,2024,5.2.3,Burglary of commercial premises,3,65+,F,0,f,t,0.000000,
offenders,2024,5.3,Robbery with violence or intimidation,2,14-17,M,680,f,t,0.140467,
offenders,2024,5.3,Robbery with violence or intimidation,2,14-17,F,39,f,t,0.008056,
offenders,2024,5.3,Robbery with violence or intimidation,2,18-30,M,2205,f,t,0.455484,
offenders,2024,5.3,Robbery with violence or intimidation,2,18-30,F,191,f,t,0.039455,
offenders,2024,5.3,Robbery with violence or intimidation,2,31-40,M,838,f,t,0.173105,
offenders,2024,5.3,Robbery with violence or intimidation,2,31-40,F,113,f,t,0.023342,
offenders,2024,5.3,Robbery with violence or intimidation,2,41-64,M,657,f,t,0.135716,
offenders,2024,5.3,Robbery with violence or intimidation,2,41-64,F,101,f,t,0.020863,
offenders,2024,5.3,Robbery with violence or intimidation,2,65+,M,14,f,t,0.002892,
offenders,2024,5.3,Robbery with violence or intimidation,2,65+,F,3,f,t,0.000620,
offenders,2024,5.3.1,Street robbery,3,14-17,M,504,f,t,0.163371,
offenders,2024,5.3.1,Street robbery,3,14-17,F,20,f,t,0.006483,
offenders,2024,5.3.1,Street robbery,3,18-30,M,1614,f,t,0.523177,
offenders,2024,5.3.1,Street robbery,3,18-30,F,78,f,t,0.025284,
offenders,2024,5.3.1,Street robbery,3,31-40,M,476,f,t,0.154295,
offenders,2024,5.3.1,Street robbery,3,31-40,F,44,f,t,0.014263,
offenders,2024,5.3.1,Street robbery,3,41-64,M,306,f,t,0.099190,
offenders,2024,5.3.1,Street robbery,3,41-64,F,35,f,t,0.011345,
offenders,2024,5.3.1,Street robbery,3,65+,M,5,f,t,0.001621,
offenders,2024,5.3.1,Street robbery,3,65+,F,3,f,t,0.000972,
offenders,2024,5.3.2,Robbery in dwellings,3,14-17,M,10,f,t,0.060606,
offenders,2024,5.3.2,Robbery in dwellings,3,14-17,F,0,f,t,0.000000,
offenders,2024,5.3.2,Robbery in dwellings,3,18-30,M,55,f,t,0.333333,
offenders,2024,5.3.2,Robbery in dwellings,3,18-30,F,11,f,t,0.066667,
offenders,2024,5.3.2,Robbery in dwellings,3,31-40,M,44,f,t,0.266667,
offenders,2024,5.3.2,Robbery in dwellings,3,31-40,F,6,f,t,0.036364,
offenders,2024,5.3.2,Robbery in dwellings,3,41-64,M,34,f,t,0.206061,
offenders,2024,5.3.2,Robbery in dwellings,3,41-64,F,5,f,t,0.030303,
offenders,2024,5.3.2,Robbery in dwellings,3,65+,M,0,f,t,0.000000,
offenders,2024,5.3.2,Robbery in dwellings,3,65+,F,0,f,t,0.000000,
offenders,2024,5.3.3,Robbery of commercial premises,3,14-17,M,63,f,t,0.055802,
offenders,2024,5.3.3,Robbery of commercial premises,3,14-17,F,12,f,t,0.010629,
offenders,2024,5.3.3,Robbery of commercial premises,3,18-30,M,330,f,t,0.292294,
offenders,2024,5.3.3,Robbery of commercial premises,3,18-30,F,79,f,t,0.069973,
offenders,2024,5.3.3,Robbery of commercial premises,3,31-40,M,259,f,t,0.229407,
offenders,2024,5.3.3,Robbery of commercial premises,3,31-40,F,58,f,t,0.051373,
offenders,2024,5.3.3,Robbery of commercial premises,3,41-64,M,268,f,t,0.237378,
offenders,2024,5.3.3,Robbery of commercial premises,3,41-64,F,53,f,t,0.046944,
offenders,2024,5.3.3,Robbery of commercial premises,3,65+,M,7,f,t,0.006200,
offenders,2024,5.3.3,Robbery of commercial premises,3,65+,F,0,f,t,0.000000,
offenders,2024,5.4,Vehicle theft,2,14-17,M,41,f,t,0.061103,
offenders,2024,5.4,Vehicle theft,2,14-17,F,1,f,t,0.001490,
offenders,2024,5.4,Vehicle theft,2,18-30,M,170,f,t,0.253353,
offenders,2024,5.4,Vehicle theft,2,18-30,F,15,f,t,0.022355,
offenders,2024,5.4,Vehicle theft,2,31-40,M,190,f,t,0.283159,
offenders,2024,5.4,Vehicle theft,2,31-40,F,21,f,t,0.031297,
offenders,2024,5.4,Vehicle theft,2,41-64,M,206,f,t,0.307004,
offenders,2024,5.4,Vehicle theft,2,41-64,F,18,f,t,0.026826,
offenders,2024,5.4,Vehicle theft,2,65+,M,8,f,t,0.011923,
offenders,2024,5.4,Vehicle theft,2,65+,F,1,f,t,0.001490,
offenders,2024,5.5,Fraud,2,14-17,M,47,f,t,0.010920,
offenders,2024,5.5,Fraud,2,14-17,F,6,f,t,0.001394,
offenders,2024,5.5,Fraud,2,18-30,M,1576,f,t,0.366171,
offenders,2024,5.5,Fraud,2,18-30,F,506,f,t,0.117565,
offenders,2024,5.5,Fraud,2,31-40,M,706,f,t,0.164033,
offenders,2024,5.5,Fraud,2,31-40,F,267,f,t,0.062035,
offenders,2024,5.5,Fraud,2,41-64,M,846,f,t,0.196561,
offenders,2024,5.5,Fraud,2,41-64,F,285,f,t,0.066217,
offenders,2024,5.5,Fraud,2,65+,M,46,f,t,0.010688,
offenders,2024,5.5,Fraud,2,65+,F,19,f,t,0.004414,
offenders,2024,5.5.1,Computer enabled fraud,3,14-17,M,11,f,t,0.004878,
offenders,2024,5.5.1,Computer enabled fraud,3,14-17,F,2,f,t,0.000887,
offenders,2024,5.5.1,Computer enabled fraud,3,18-30,M,1005,f,t,0.445676,
offenders,2024,5.5.1,Computer enabled fraud,3,18-30,F,320,f,t,0.141907,
offenders,2024,5.5.1,Computer enabled fraud,3,31-40,M,272,f,t,0.120621,
offenders,2024,5.5.1,Computer enabled fraud,3,31-40,F,143,f,t,0.063415,
offenders,2024,5.5.1,Computer enabled fraud,3,41-64,M,331,f,t,0.146785,
offenders,2024,5.5.1,Computer enabled fraud,3,41-64,F,143,f,t,0.063415,
offenders,2024,5.5.1,Computer enabled fraud,3,65+,M,24,f,t,0.010643,
offenders,2024,5.5.1,Computer enabled fraud,3,65+,F,4,f,t,0.001774,
offenders,2024,5.6,Criminal damage,2,14-17,M,109,f,t,0.069738,
offenders,2024,5.6,Criminal damage,2,14-17,F,5,f,t,0.003199,
offenders,2024,5.6,Criminal damage,2,18-30,M,765,f,t,0.489443,
offenders,2024,5.6,Criminal damage,2,18-30,F,56,f,t,0.035829,
offenders,2024,5.6,Criminal damage,2,31-40,M,265,f,t,0.169546,
offenders,2024,5.6,Criminal damage,2,31-40,F,34,f,t,0.021753,
offenders,2024,5.6,Criminal damage,2,41-64,M,259,f,t,0.165707,
offenders,2024,5.6,Criminal damage,2,41-64,F,52,f,t,0.033269,
offenders,2024,5.6,Criminal damage,2,65+,M,17,f,t,0.010877,
offenders,2024,5.6,Criminal damage,2,65+,F,1,f,t,0.000640,
offenders,2024,5.7,Offences against intellectual and industrial property,2,14-17,M,0,f,t,0.000000,
offenders,2024,5.7,Offences against intellectual and industrial property,2,14-17,F,0,f,t,0.000000,
offenders,2024,5.7,Offences against intellectual and industrial property,2,18-30,M,87,f,t,0.346614,
offenders,2024,5.7,Offences against intellectual and industrial property,2,18-30,F,1,f,t,0.003984,
offenders,2024,5.7,Offences against intellectual and industrial property,2,31-40,M,63,f,t,0.250996,
offenders,2024,5.7,Offences against intellectual and industrial property,2,31-40,F,9,f,t,0.035857,
offenders,2024,5.7,Offences against intellectual and industrial property,2,41-64,M,81,f,t,0.322709,
offenders,2024,5.7,Offences against intellectual and industrial property,2,41-64,F,7,f,t,0.027888,
offenders,2024,5.7,Offences against intellectual and industrial property,2,65+,M,2,f,t,0.007968,
offenders,2024,5.7,Offences against intellectual and industrial property,2,65+,F,1,f,t,0.003984,
offenders,2024,5.8,Money laundering,2,14-17,M,1,f,t,0.006452,
offenders,2024,5.8,Money laundering,2,14-17,F,0,f,t,0.000000,
offenders,2024,5.8,Money laundering,2,18-30,M,22,f,t,0.141935,
offenders,2024,5.8,Money laundering,2,18-30,F,9,f,t,0.058065,
offenders,2024,5.8,Money laundering,2,31-40,M,26,f,t,0.167742,
offenders,2024,5.8,Money laundering,2,31-40,F,12,f,t,0.077419,
offenders,2024,5.8,Money laundering,2,41-64,M,62,f,t,0.400000,
offenders,2024,5.8,Money laundering,2,41-64,F,21,f,t,0.135484,
offenders,2024,5.8,Money laundering,2,65+,M,2,f,t,0.012903,
offenders,2024,5.8,Money laundering,2,65+,F,0,f,t,0.000000,
offenders,2024,5.9,Other property offences,2,14-17,M,54,f,t,0.024658,
offenders,2024,5.9,Other property offences,2,14-17,F,3,f,t,0.001370,
offenders,2024,5.9,Other property offences,2,18-30,M,741,f,t,0.338356,
offenders,2024,5.9,Other property offences,2,18-30,F,241,f,t,0.110046,
offenders,2024,5.9,Other property offences,2,31-40,M,426,f,t,0.194521,
offenders,2024,5.9,Other property offences,2,31-40,F,127,f,t,0.057991,
offenders,2024,5.9,Other property offences,2,41-64,M,421,f,t,0.192237,
offenders,2024,5.9,Other property offences,2,41-64,F,144,f,t,0.065753,
offenders,2024,5.9,Other property offences,2,65+,M,23,f,t,0.010502,
offenders,2024,5.9,Other property offences,2,65+,F,10,f,t,0.004566,
offenders,2024,6,Offences against public safety,1,14-17,M,148,f,t,0.015350,
offenders,2024,6,Offences against public safety,1,14-17,F,10,f,t,0.001037,
offenders,2024,6,Offences against public safety,1,18-30,M,3305,f,t,0.342771,
offenders,2024,6,Offences against public safety,1,18-30,F,413,f,t,0.042833,
offenders,2024,6,Offences against public safety,1,31-40,M,2357,f,t,0.244451,
offenders,2024,6,Offences against public safety,1,31-40,F,263,f,t,0.027276,
offenders,2024,6,Offences against public safety,1,41-64,M,2679,f,t,0.277847,
offenders,2024,6,Offences against public safety,1,41-64,F,326,f,t,0.033810,
offenders,2024,6,Offences against public safety,1,65+,M,119,f,t,0.012342,
offenders,2024,6,Offences against public safety,1,65+,F,22,f,t,0.002282,
offenders,2024,6.1,Drug trafficking,2,14-17,M,82,f,t,0.018590,
offenders,2024,6.1,Drug trafficking,2,14-17,F,4,f,t,0.000907,
offenders,2024,6.1,Drug trafficking,2,18-30,M,1750,f,t,0.396735,
offenders,2024,6.1,Drug trafficking,2,18-30,F,250,f,t,0.056676,
offenders,2024,6.1,Drug trafficking,2,31-40,M,1017,f,t,0.230560,
offenders,2024,6.1,Drug trafficking,2,31-40,F,134,f,t,0.030379,
offenders,2024,6.1,Drug trafficking,2,41-64,M,956,f,t,0.216731,
offenders,2024,6.1,Drug trafficking,2,41-64,F,159,f,t,0.036046,
offenders,2024,6.1,Drug trafficking,2,65+,M,44,f,t,0.009975,
offenders,2024,6.1,Drug trafficking,2,65+,F,15,f,t,0.003401,
offenders,2024,6.2,Road safety offences,2,14-17,M,58,f,t,0.012106,
offenders,2024,6.2,Road safety offences,2,14-17,F,4,f,t,0.000835,
offenders,2024,6.2,Road safety offences,2,18-30,M,1398,f,t,0.291797,
offenders,2024,6.2,Road safety offences,2,18-30,F,130,f,t,0.027134,
offenders,2024,6.2,Road safety offences,2,31-40,M,1250,f,t,0.260906,
offenders,2024,6.2,Road safety offences,2,31-40,F,108,f,t,0.022542,
offenders,2024,6.2,Road safety offences,2,41-64,M,1621,f,t,0.338343,
offenders,2024,6.2,Road safety offences,2,41-64,F,146,f,t,0.030474,
offenders,2024,6.2,Road safety offences,2,65+,M,70,f,t,0.014611,
offenders,2024,6.2,Road safety offences,2,65+,F,6,f,t,0.001252,
offenders,2024,6.3,Other offences against public safety,2,14-17,M,8,f,t,0.018182,
offenders,2024,6.3,Other offences against public safety,2,14-17,F,2,f,t,0.004545,
offenders,2024,6.3,Other offences against public safety,2,18-30,M,157,f,t,0.356818,
offenders,2024,6.3,Other offences against public safety,2,18-30,F,33,f,t,0.075000,
offenders,2024,6.3,Other offences against public safety,2,31-40,M,90,f,t,0.204545,
offenders,2024,6.3,Other offences against public safety,2,31-40,F,21,f,t,0.047727,
offenders,2024,6.3,Other offences against public safety,2,41-64,M,102,f,t,0.231818,
offenders,2024,6.3,Other offences against public safety,2,41-64,F,21,f,t,0.047727,
offenders,2024,6.3,Other offences against public safety,2,65+,M,5,f,t,0.011364,
offenders,2024,6.3,Other offences against public safety,2,65+,F,1,f,t,0.002273,
offenders,2024,7,Forgery offences,1,14-17,M,46,f,t,0.016893,
offenders,2024,7,Forgery offences,1,14-17,F,14,f,t,0.005141,
offenders,2024,7,Forgery offences,1,18-30,M,969,f,t,0.355858,
offenders,2024,7,Forgery offences,1,18-30,F,171,f,t,0.062798,
offenders,2024,7,Forgery offences,1,31-40,M,633,f,t,0.232464,
offenders,2024,7,Forgery offences,1,31-40,F,160,f,t,0.058759,
offenders,2024,7,Forgery offences,1,41-64,M,526,f,t,0.193169,
offenders,2024,7,Forgery offences,1,41-64,F,173,f,t,0.063533,
offenders,2024,7,Forgery offences,1,65+,M,26,f,t,0.009548,
offenders,2024,7,Forgery offences,1,65+,F,5,f,t,0.001836,
offenders,2024,8,Offences against the public administration,1,14-17,M,0,f,t,0.000000,
offenders,2024,8,Offences against the public administration,1,14-17,F,0,f,t,0.000000,
offenders,2024,8,Offences against the public administration,1,18-30,M,3,f,t,0.073171,
offenders,2024,8,Offences against the public administration,1,18-30,F,0,f,t,0.000000,
offenders,2024,8,Offences against the public administration,1,31-40,M,5,f,t,0.121951,
offenders,2024,8,Offences against the public administration,1,31-40,F,1,f,t,0.024390,
offenders,2024,8,Offences against the public administration,1,41-64,M,25,f,t,0.609756,
offenders,2024,8,Offences against the public administration,1,41-64,F,5,f,t,0.121951,
offenders,2024,8,Offences against the public administration,1,65+,M,1,f,t,0.024390,
offenders,2024,8,Offences against the public administration,1,65+,F,1,f,t,0.024390,
offenders,2024,9,Offences against the administration of justice,1,14-17,M,14,f,t,0.003281,
offenders,2024,9,Offences against the administration of justice,1,14-17,F,5,f,t,0.001172,
offenders,2024,9,Offences against the administration of justice,1,18-30,M,1104,f,t,0.258730,
offenders,2024,9,Offences against the administration of justice,1,18-30,F,102,f,t,0.023904,
offenders,2024,9,Offences against the administration of justice,1,31-40,M,1231,f,t,0.288493,
offenders,2024,9,Offences against the administration of justice,1,31-40,F,99,f,t,0.023201,
offenders,2024,9,Offences against the administration of justice,1,41-64,M,1425,f,t,0.333958,
offenders,2024,9,Offences against the administration of justice,1,41-64,F,183,f,t,0.042887,
offenders,2024,9,Offences against the administration of justice,1,65+,M,90,f,t,0.021092,
offenders,2024,9,Offences against the administration of justice,1,65+,F,14,f,t,0.003281,
offenders,2024,10,Offences against public order,1,14-17,M,249,f,t,0.045355,
offenders,2024,10,Offences against public order,1,14-17,F,28,f,t,0.005100,
offenders,2024,10,Offences against public order,1,18-30,M,1819,f,t,0.331330,
offenders,2024,10,Offences against public order,1,18-30,F,330,f,t,0.060109,
offenders,2024,10,Offences against public order,1,31-40,M,1211,f,t,0.220583,
offenders,2024,10,Offences against public order,1,31-40,F,240,f,t,0.043716,
offenders,2024,10,Offences against public order,1,41-64,M,1211,f,t,0.220583,
offenders,2024,10,Offences against public order,1,41-64,F,322,f,t,0.058652,
offenders,2024,10,Offences against public order,1,65+,M,66,f,t,0.012022,
offenders,2024,10,Offences against public order,1,65+,F,14,f,t,0.002550,
offenders,2024,11,Offences under special legislation,1,14-17,M,0,f,t,0.000000,
offenders,2024,11,Offences under special legislation,1,14-17,F,0,f,t,0.000000,
offenders,2024,11,Offences under special legislation,1,18-30,M,17,f,t,0.178947,
offenders,2024,11,Offences under special legislation,1,18-30,F,4,f,t,0.042105,
offenders,2024,11,Offences under special legislation,1,31-40,M,23,f,t,0.242105,
offenders,2024,11,Offences under special legislation,1,31-40,F,7,f,t,0.073684,
offenders,2024,11,Offences under special legislation,1,41-64,M,30,f,t,0.315789,
offenders,2024,11,Offences under special legislation,1,41-64,F,9,f,t,0.094737,
offenders,2024,11,Offences under special legislation,1,65+,M,3,f,t,0.031579,
offenders,2024,11,Offences under special legislation,1,65+,F,2,f,t,0.021053,
offenders,2024,12,Other criminal offences,1,14-17,M,16,f,t,0.019925,
offenders,2024,12,Other criminal offences,1,14-17,F,3,f,t,0.003736,
offenders,2024,12,Other criminal offences,1,18-30,M,85,f,t,0.105853,
offenders,2024,12,Other criminal offences,1,18-30,F,18,f,t,0.022416,
offenders,2024,12,Other criminal offences,1,31-40,M,150,f,t,0.186800,
offenders,2024,12,Other criminal offences,1,31-40,F,38,f,t,0.047323,
offenders,2024,12,Other criminal offences,1,41-64,M,357,f,t,0.444583,
offenders,2024,12,Other criminal offences,1,41-64,F,71,f,t,0.088418,
offenders,2024,12,Other criminal offences,1,65+,M,53,f,t,0.066002,
offenders,2024,12,Other criminal offences,1,65+,F,12,f,t,0.014944,
offenders,2024,TOTAL,Total criminal offences,0,14-17,M,3481,f,t,0.035492,
offenders,2024,TOTAL,Total criminal offences,0,14-17,F,706,f,t,0.007198,
offenders,2024,TOTAL,Total criminal offences,0,18-30,M,29137,f,t,0.297077,
offenders,2024,TOTAL,Total criminal offences,0,18-30,F,6647,f,t,0.067772,
offenders,2024,TOTAL,Total criminal offences,0,31-40,M,21023,f,t,0.214348,
offenders,2024,TOTAL,Total criminal offences,0,31-40,F,5108,f,t,0.052080,
offenders,2024,TOTAL,Total criminal offences,0,41-64,M,23796,f,t,0.242621,
offenders,2024,TOTAL,Total criminal offences,0,41-64,F,6167,f,t,0.062878,
offenders,2024,TOTAL,Total criminal offences,0,65+,M,1532,f,t,0.015620,
offenders,2024,TOTAL,Total criminal offences,0,65+,F,482,f,t,0.004914,
victims,2022,6.1,Drug trafficking,2,ALL,M,18,t,f,0.750000,0.0557
offenders,2020,3,Offences against sexual freedom,1,ALL,M,1141,t,f,0.977721,3.5175
victims,2024,1.2,Bodily injury,2,ALL,U,3,t,f,0.000210,
victims,2022,1.1.1,Completed intentional homicide and murder,3,ALL,F,19,t,f,0.413043,0.0540
victims,2022,5.4,Vehicle theft,2,ALL,M,4448,t,f,0.767558,13.7702
offenders,2022,5.2.1,Theft from vehicles by forced entry,3,ALL,F,75,t,f,0.063667,0.2131
offenders,2019,3.4,Child pornography,2,ALL,F,2,t,f,0.025000,0.0058
victims,2020,8,Offences against the public administration,1,ALL,F,9,t,f,0.818182,0.0255
victims,2022,2,Offences against personal liberty,1,ALL,M,9415,t,f,0.547447,29.1472
offenders,2024,6.2,Road safety offences,2,ALL,M,4397,t,f,0.917762,13.1184
victims,2022,9,Offences against the administration of justice,1,ALL,F,2739,t,f,0.869248,7.7808
victims,2023,8,Offences against the public administration,1,ALL,U,0,t,f,0.000000,
victims,2023,5.5,Fraud,2,ALL,F,33339,t,f,0.520150,93.1233
offenders,2020,10,Offences against public order,1,ALL,F,875,t,f,0.160168,2.4745
offenders,2019,4,Offences against family relations,1,ALL,M,101,t,f,0.577143,0.3169
offenders,2021,10,Offences against public order,1,ALL,F,949,t,f,0.167490,2.6948
victims,2023,5.3.1,Street robbery,3,ALL,F,2464,t,f,0.297441,6.8825
offenders,2023,5.4,Vehicle theft,2,ALL,M,592,t,f,0.920684,1.8050
victims,2020,5.7,Offences against intellectual and industrial property,2,ALL,F,9,t,f,0.375000,0.0255
victims,2019,2.2,Other offences against personal liberty,2,ALL,M,7742,t,f,0.536261,24.2901
offenders,2020,5.3.2,Robbery in dwellings,3,ALL,F,33,t,f,0.180328,0.0933
victims,2021,5.5,Fraud,2,ALL,M,24116,t,f,0.511658,74.6695
victims,2020,5.7,Offences against intellectual and industrial property,2,ALL,M,14,t,f,0.583333,0.0432
offenders,2019,6,Offences against public safety,1,ALL,M,6606,t,f,0.902089,20.7259
victims,2023,5.5.1,Computer enabled fraud,3,ALL,M,23595,t,f,0.470273,71.9399
offenders,2023,TOTAL,Total criminal offences,0,ALL,M,74689,t,f,0.795503,227.7227
victims,2020,3.4,Child pornography,2,ALL,F,16,t,f,0.571429,0.0452
victims,2019,11,Offences under special legislation,1,ALL,F,0,t,f,,0.0000
victims,2024,5.3.3,Robbery of commercial premises,3,ALL,M,934,t,f,0.628956,2.7866
offenders,2024,6,Offences against public safety,1,ALL,M,8608,t,f,0.892761,25.6818
offenders,2024,5.2.1,Theft from vehicles by forced entry,3,ALL,M,1427,t,f,0.950067,4.2574
offenders,2022,6.3,Other offences against public safety,2,ALL,F,35,t,f,0.155556,0.0994
victims,2019,4,Offences against family relations,1,ALL,M,239,t,f,0.285544,0.7498
offenders,2020,5.7,Offences against intellectual and industrial property,2,ALL,M,55,t,f,0.774648,0.1696
victims,2024,10,Offences against public order,1,ALL,F,188,t,f,0.049749,0.5151
offenders,2020,5.3,Robbery with violence or intimidation,2,ALL,M,3273,t,f,0.894996,10.0900
victims,2024,5.3,Robbery with violence or intimidation,2,ALL,F,3415,t,f,0.306305,9.3564
victims,2020,5.2,Burglary involving forced entry,2,ALL,F,5504,t,f,0.270986,15.5652
offenders,2020,5.3.1,Street robbery,3,ALL,F,189,t,f,0.083888,0.5345
victims,2020,2.1,Habitual domestic abuse,2,ALL,U,2,t,f,0.001761,
victims,2019,1.4,Other offences against persons,2,ALL,M,293,t,f,0.544610,0.9193
victims,2021,5.3.2,Robbery in dwellings,3,ALL,M,377,t,f,0.516438,1.1673
offenders,2022,5.4,Vehicle theft,2,ALL,F,57,t,f,0.087963,0.1619
victims,2023,3,Offences against sexual freedom,1,ALL,U,4,t,f,0.001344,
victims,2019,3.3,Corruption of minors,2,ALL,U,0,t,f,0.000000,
offenders,2020,5.2.3,Burglary of commercial premises,3,ALL,M,972,t,f,0.931927,2.9965
victims,2020,1,Offences against persons,1,ALL,U,40,t,f,0.001524,
offenders,2019,1,Offences against persons,1,ALL,M,13941,t,f,0.855276,43.7391
victims,2021,5.8,Money laundering,2,ALL,U,0,t,f,0.000000,
victims,2019,5.2.3,Burglary of commercial premises,3,ALL,U,0,t,f,0.000000,
victims,2019,3.5,Other offences against sexual freedom,2,ALL,F,245,t,f,0.765625,0.7048
victims,2020,2.1,Habitual domestic abuse,2,ALL,M,146,t,f,0.128521,0.4501
victims,2021,12,Other criminal offences,1,ALL,F,276,t,f,0.453202,0.7837
victims,2019,2,Offences against personal liberty,1,ALL,U,33,t,f,0.002107,
victims,2022,6,Offences against public safety,1,ALL,M,129,t,f,0.737143,0.3994
victims,2021,6.1,Drug trafficking,2,ALL,M,14,t,f,0.777778,0.0433
offenders,2021,TOTAL,Total criminal offences,0,ALL,M,58531,t,f,0.797686,181.2274
victims,2021,1.3,Domestic violence in the family setting,2,ALL,M,3778,t,f,0.225189,11.6977
offenders,2021,5.3.1,Street robbery,3,ALL,F,230,t,f,0.090267,0.6531
victims,2020,11,Offences under special legislation,1,ALL,M,0,t,f,,0.0000
victims,2023,5.3.3,Robbery of commercial premises,3,ALL,U,1,t,f,0.000664,
victims,2019,6.2,Road safety offences,2,ALL,F,23,t,f,0.283951,0.0662
offenders,2021,1.3,Domestic violence in the family setting,2,ALL,F,2539,t,f,0.186650,7.2099
victims,2019,1.1,Intentional homicide and murder,2,ALL,U,2,t,f,0.018182,
victims,2020,TOTAL,Total criminal offences,0,ALL,F,108655,t,f,0.475281,307.2740
victims,2023,5.4,Vehicle theft,2,ALL,M,4138,t,f,0.770577,12.6165
victims,2023,9,Offences against the administration of justice,1,ALL,M,491,t,f,0.144200,1.4970
victims,2024,3.2,Sexual assault with penetration,2,ALL,M,65,t,f,0.094067,0.1939
victims,2021,1.4,Other offences against persons,2,ALL,F,192,t,f,0.441379,0.5452
victims,2023,5.8,Money laundering,2,ALL,M,14,t,f,0.608696,0.0427
offenders,2022,12,Other criminal offences,1,ALL,M,483,t,f,0.781553,1.4953
offenders,2022,1.4,Other offences against persons,2,ALL,M,771,t,f,0.862416,2.3869
victims,2020,6.3,Other offences against public safety,2,ALL,F,23,t,f,0.389831,0.0650
offenders,2024,1.2,Bodily injury,2,ALL,F,729,t,f,0.160009,1.9973
victims,2021,1.3,Domestic violence in the family setting,2,ALL,F,12982,t,f,0.773797,36.8644
victims,2020,5.6,Criminal damage,2,ALL,M,13481,t,f,0.661839,41.5594
victims,2023,7,Forgery offences,1,ALL,F,2685,t,f,0.446236,7.4998
victims,2022,7,Forgery offences,1,ALL,U,2,t,f,0.000401,
victims,2023,5.2.2,Domestic burglary,3,ALL,F,2290,t,f,0.448932,6.3965
victims,2021,3,Offences against sexual freedom,1,ALL,F,2054,t,f,0.869234,5.8327
offenders,2023,9,Offences against the administration of justice,1,ALL,F,451,t,f,0.109175,1.2597
victims,2021,5.8,Money laundering,2,ALL,F,4,t,f,0.307692,0.0114
victims,2022,TOTAL,Total criminal offences,0,ALL,U,334,t,f,0.001126,
offenders,2024,10,Offences against public order,1,ALL,M,4556,t,f,0.829872,13.5927
offenders,2021,10,Offences against public order,1,ALL,M,4717,t,f,0.832510,14.6051
victims,2024,10,Offences against public order,1,ALL,U,292,t,f,0.077269,
victims,2023,5.7,Offences against intellectual and industrial property,2,ALL,F,4,t,f,0.190476,0.0112
victims,2023,2.2,Other offences against personal liberty,2,ALL,M,9708,t,f,0.572642,29.5992
victims,2020,11,Offences under special legislation,1,ALL,F,0,t,f,,0.0000
victims,2019,5.3.3,Robbery of commercial premises,3,ALL,U,0,t,f,0.000000,
victims,2022,5.2.2,Domestic burglary,3,ALL,U,3,t,f,0.000526,
offenders,2019,9,Offences against the administration of justice,1,ALL,F,413,t,f,0.130038,1.1881
victims,2022,7,Forgery offences,1,ALL,M,2704,t,f,0.542210,8.3711
victims,2024,3.5,Other offences against sexual freedom,2,ALL,M,94,t,f,0.233251,0.2804
offenders,2022,1.1,Intentional homicide and murder,2,ALL,F,25,t,f,0.107296,0.0710
offenders,2020,2.2,Other offences against personal liberty,2,ALL,F,743,t,f,0.190464,2.1012
victims,2023,5.2.1,Theft from vehicles by forced entry,3,ALL,F,3868,t,f,0.237359,10.8042
victims,2019,2.1,Habitual domestic abuse,2,ALL,U,2,t,f,0.001634,
victims,2022,3.2,Sexual assault with penetration,2,ALL,F,559,t,f,0.892971,1.5880
offenders,2019,5.5,Fraud,2,ALL,M,1810,t,f,0.714004,5.6788
victims,2024,1,Offences against persons,1,ALL,U,18,t,f,0.000491,
victims,2021,1.2,Bodily injury,2,ALL,M,8469,t,f,0.689490,26.2222
victims,2021,11,Offences under special legislation,1,ALL,M,0,t,f,,0.0000
victims,2019,1.2,Bodily injury,2,ALL,M,9493,t,f,0.679187,29.7837
offenders,2019,3.1,Sexual assault,2,ALL,M,702,t,f,0.992928,2.2025
offenders,2023,5.4,Vehicle theft,2,ALL,F,51,t,f,0.079316,0.1425
offenders,2024,12,Other criminal offences,1,ALL,M,661,t,f,0.823163,1.9721
offenders,2022,6,Offences against public safety,1,ALL,M,7615,t,f,0.890956,23.5747
victims,2022,5,Property offences,1,ALL,F,104197,t,f,0.450402,295.9989
offenders,2024,2.2,Other offences against personal liberty,2,ALL,M,5381,t,f,0.825687,16.0541
offenders,2020,1.1.1,Completed intentional homicide and murder,3,ALL,F,7,t,f,0.120690,0.0198
victims,2021,9,Offences against the administration of justice,1,ALL,M,419,t,f,0.145790,1.2973
offenders,2021,5.7,Offences against intellectual and industrial property,2,ALL,F,10,t,f,0.135135,0.0284
victims,2023,12,Other criminal offences,1,ALL,U,1,t,f,0.001852,
offenders,2021,5.3.1,Street robbery,3,ALL,M,2318,t,f,0.909733,7.1771
offenders,2019,9,Offences against the administration of justice,1,ALL,M,2763,t,f,0.869962,8.6687
offenders,2021,3.1,Sexual assault,2,ALL,F,12,t,f,0.014388,0.0341
offenders,2020,5.5.1,Computer enabled fraud,3,ALL,M,666,t,f,0.710021,2.0532
victims,2022,10,Offences against public order,1,ALL,U,197,t,f,0.091331,
victims,2024,5.1,Theft,2,ALL,F,44714,t,f,0.514931,122.5067
victims,2023,5,Property offences,1,ALL,U,45,t,f,0.000195,
offenders,2024,1.3,Domestic violence in the family setting,2,ALL,F,3639,t,f,0.206562,9.9701
victims,2023,5.5,Fraud,2,ALL,M,30748,t,f,0.479725,93.7490
offenders,2023,8,Offences against the public administration,1,ALL,F,5,t,f,0.125000,0.0140
victims,2019,11,Offences under special legislation,1,ALL,M,0,t,f,,0.0000
victims,2020,5.4,Vehicle theft,2,ALL,U,1,t,f,0.000214,
victims,2024,3.5,Other offences against sexual freedom,2,ALL,U,2,t,f,0.004963,
victims,2020,3,Offences against sexual freedom,1,ALL,F,1682,t,f,0.840160,4.7567
victims,2024,5.2.3,Burglary of commercial premises,3,ALL,F,1008,t,f,0.348548,2.7617
offenders,2022,5.2.2,Domestic burglary,3,ALL,F,131,t,f,0.137461,0.3721
victims,2023,3.4,Child pornography,2,ALL,U,0,t,f,0.000000,
victims,2019,1.1.1,Completed intentional homicide and murder,3,ALL,F,15,t,f,0.468750,0.0432
victims,2024,3.3,Corruption of minors,2,ALL,F,33,t,f,0.578947,0.0904
victims,2021,10,Offences against public order,1,ALL,U,311,t,f,0.112355,
victims,2020,2,Offences against personal liberty,1,ALL,M,8108,t,f,0.519211,24.9954
offenders,2024,5,Property offences,1,ALL,F,10046,t,f,0.242224,27.5239
offenders,2022,5.3.3,Robbery of commercial premises,3,ALL,F,186,t,f,0.190184,0.5284
offenders,2023,1.1,Intentional homicide and murder,2,ALL,F,17,t,f,0.069388,0.0475
victims,2024,11,Offences under special legislation,1,ALL,U,0,t,f,,
victims,2023,3,Offences against sexual freedom,1,ALL,F,2594,t,f,0.871640,7.2456
victims,2019,5,Property offences,1,ALL,U,153,t,f,0.000600,
offenders,2021,9,Offences against the administration of justice,1,ALL,F,402,t,f,0.110197,1.1415
victims,2023,1.4,Other offences against persons,2,ALL,U,0,t,f,0.000000,
victims,2019,8,Offences against the public administration,1,ALL,F,5,t,f,0.454545,0.0144
offenders,2019,12,Other criminal offences,1,ALL,M,484,t,f,0.802653,1.5185
offenders,2023,5.3.1,Street robbery,3,ALL,M,2810,t,f,0.917701,8.5675
offenders,2022,5.5,Fraud,2,ALL,M,2008,t,f,0.749254,6.2164
offenders,2019,2,Offences against personal liberty,1,ALL,F,687,t,f,0.160589,1.9764
offenders,2024,5.8,Money laundering,2,ALL,F,42,t,f,0.270968,0.1151
victims,2020,5.3.1,Street robbery,3,ALL,F,2798,t,f,0.370891,7.9127
victims,2023,4,Offences against family relations,1,ALL,M,215,t,f,0.297372,0.6555
victims,2022,11,Offences under special legislation,1,ALL,U,0,t,f,,
victims,2023,3.3,Corruption of minors,2,ALL,M,22,t,f,0.448980,0.0671
offenders,2020,5.5,Fraud,2,ALL,M,1418,t,f,0.723839,4.3714
victims,2023,5.7,Offences against intellectual and industrial property,2,ALL,M,17,t,f,0.809524,0.0518
victims,2023,1.1.1,Completed intentional homicide and murder,3,ALL,F,17,t,f,0.515152,0.0475
victims,2019,4,Offences against family relations,1,ALL,U,1,t,f,0.001195,
victims,2024,5.1,Theft,2,ALL,M,42073,t,f,0.484517,125.5239
victims,2021,1.4,Other offences against persons,2,ALL,M,243,t,f,0.558621,0.7524
victims,2020,12,Other criminal offences,1,ALL,U,2,t,f,0.003231,
offenders,2023,1,Offences against persons,1,ALL,F,4359,t,f,0.192416,12.1757
victims,2024,5.3.1,Street robbery,3,ALL,U,5,t,f,0.000655,
victims,2020,5,Property offences,1,ALL,M,95710,t,f,0.545341,295.0558
offenders,2024,2,Offences against personal liberty,1,ALL,M,6233,t,f,0.833066,18.5960
victims,2022,1.4,Other offences against persons,2,ALL,U,0,t,f,0.000000,
victims,2024,7,Forgery offences,1,ALL,F,2947,t,f,0.464607,8.0741
victims,2019,6.1,Drug trafficking,2,ALL,M,22,t,f,0.785714,0.0690
victims,2022,1.3,Domestic violence in the family setting,2,ALL,F,14641,t,f,0.767952,41.5916
offenders,2022,5.8,Money laundering,2,ALL,M,123,t,f,0.803922,0.3808
victims,2023,1.3,Domestic violence in the family setting,2,ALL,M,4860,t,f,0.237699,14.8179
offenders,2023,5.5,Fraud,2,ALL,M,2458,t,f,0.735928,7.4943
offenders,2022,9,Offences against the administration of justice,1,ALL,F,405,t,f,0.105910,1.1505
victims,2022,1.1.1,Completed intentional homicide and murder,3,ALL,M,27,t,f,0.586957,0.0836
offenders,2024,1,Offences against persons,1,ALL,F,4565,t,f,0.191718,12.5071
offenders,2020,5,Property offences,1,ALL,F,6772,t,f,0.253339,19.1511
offenders,2020,3.4,Child pornography,2,ALL,M,51,t,f,0.980769,0.1572
offenders,2021,5.9,Other property offences,2,ALL,F,487,t,f,0.266120,1.3829
victims,2021,6,Offences against public safety,1,ALL,F,44,t,f,0.275000,0.1249
offenders,2019,11,Offences under special legislation,1,ALL,M,30,t,f,0.833333,0.0941
offenders,2019,5,Property offences,1,ALL,M,24304,t,f,0.718097,76.2523
victims,2024,5.2.2,Domestic burglary,3,ALL,F,2397,t,f,0.458055,6.5673
victims,2023,5.6,Criminal damage,2,ALL,F,7868,t,f,0.350671,21.9771
offenders,2024,5.3.1,Street robbery,3,ALL,M,2905,t,f,0.941653,8.6670
victims,2021,2.1,Habitual domestic abuse,2,ALL,U,2,t,f,0.001524,
victims,2024,3.1,Sexual assault,2,ALL,U,0,t,f,0.000000,
offenders,2024,11,Offences under special legislation,1,ALL,F,22,t,f,0.231579,0.0603
offenders,2023,5.1,Theft,2,ALL,M,14761,t,f,0.652045,45.0055
victims,2023,5.9,Other property offences,2,ALL,M,3854,t,f,0.604075,11.7506
offenders,2021,6.2,Road safety offences,2,ALL,M,3777,t,f,0.923246,11.6946
victims,2019,5.7,Offences against intellectual and industrial property,2,ALL,U,0,t,f,0.000000,
victims,2022,5.9,Other property offences,2,ALL,U,1,t,f,0.000169,
victims,2022,2.1,Habitual domestic abuse,2,ALL,M,160,t,f,0.130719,0.4953
offenders,2024,5.3.2,Robbery in dwellings,3,ALL,M,143,t,f,0.866667,0.4266
offenders,2024,5.2,Burglary involving forced entry,2,ALL,M,4163,t,f,0.934875,12.4202
offenders,2019,2.1,Habitual domestic abuse,2,ALL,M,754,t,f,0.905162,2.3656
victims,2020,11,Offences under special legislation,1,ALL,U,0,t,f,,
offenders,2021,3.2,Sexual assault with penetration,2,ALL,F,3,t,f,0.007317,0.0085
offenders,2021,1.1,Intentional homicide and murder,2,ALL,F,13,t,f,0.078788,0.0369
victims,2023,5.3,Robbery with violence or intimidation,2,ALL,F,3929,t,f,0.325168,10.9746
offenders,2020,3,Offences against sexual freedom,1,ALL,F,26,t,f,0.022279,0.0735
victims,2024,5.2.3,Burglary of commercial premises,3,ALL,M,1881,t,f,0.650415,5.6119
offenders,2022,3,Offences against sexual freedom,1,ALL,M,1597,t,f,0.975565,4.9440
offenders,2023,5.1,Theft,2,ALL,F,7877,t,f,0.347955,22.0022
offenders,2021,3.4,Child pornography,2,ALL,F,2,t,f,0.028571,0.0057
offenders,2019,5.7,Offences against intellectual and industrial property,2,ALL,F,18,t,f,0.107784,0.0518
victims,2024,1.2,Bodily injury,2,ALL,M,9709,t,f,0.679521,28.9666
victims,2023,TOTAL,Total criminal offences,0,ALL,F,143684,t,f,0.478091,401.3418
offenders,2019,3.1,Sexual assault,2,ALL,F,5,t,f,0.007072,0.0144
victims,2023,5.7,Offences against intellectual and industrial property,2,ALL,U,0,t,f,0.000000,
victims,2021,3,Offences against sexual freedom,1,ALL,U,5,t,f,0.002116,
victims,2020,5.3.2,Robbery in dwellings,3,ALL,F,321,t,f,0.493088,0.9078
victims,2022,5.5,Fraud,2,ALL,U,10,t,f,0.000174,
offenders,2021,2.1,Habitual domestic abuse,2,ALL,M,814,t,f,0.886710,2.5204
victims,2022,5.3.2,Robbery in dwellings,3,ALL,F,259,t,f,0.435294,0.7358
offenders,2020,12,Other criminal offences,1,ALL,M,368,t,f,0.773109,1.1345
offenders,2019,5.2,Burglary involving forced entry,2,ALL,M,3445,t,f,0.920877,10.8085
victims,2021,5.2,Burglary involving forced entry,2,ALL,U,4,t,f,0.000184,
offenders,2023,6,Offences against public safety,1,ALL,F,927,t,f,0.103115,2.5893
victims,2022,1,Offences against persons,1,ALL,F,19146,t,f,0.570314,54.3892
victims,2021,5.5,Fraud,2,ALL,U,5,t,f,0.000106,
offenders,2022,7,Forgery offences,1,ALL,M,1935,t,f,0.834771,5.9904
victims,2021,5.9,Other property offences,2,ALL,U,3,t,f,0.000679,
offenders,2024,5.7,Offences against intellectual and industrial property,2,ALL,M,233,t,f,0.928287,0.6952
offenders,2023,4,Offences against family relations,1,ALL,F,83,t,f,0.453552,0.2318
victims,2024,1.1,Intentional homicide and murder,2,ALL,F,25,t,f,0.138122,0.0685
victims,2021,TOTAL,Total criminal offences,0,ALL,U,484,t,f,0.001910,
victims,2021,5.3.2,Robbery in dwellings,3,ALL,F,352,t,f,0.482192,0.9996
offenders,2023,3,Offences against sexual freedom,1,ALL,M,1909,t,f,0.955455,5.8204
offenders,2019,3.4,Child pornography,2,ALL,M,78,t,f,0.975000,0.2447
offenders,2024,5.4,Vehicle theft,2,ALL,M,615,t,f,0.916542,1.8348
offenders,2023,5.3.3,Robbery of commercial premises,3,ALL,M,877,t,f,0.810536,2.6739
offenders,2020,5.2,Burglary involving forced entry,2,ALL,M,3498,t,f,0.929825,10.7837
offenders,2019,8,Offences against the public administration,1,ALL,M,57,t,f,0.802817,0.1788
victims,2023,3.5,Other offences against sexual freedom,2,ALL,F,302,t,f,0.776350,0.8436
offenders,2019,5.9,Other property offences,2,ALL,M,1396,t,f,0.730890,4.3799
victims,2023,6.1,Drug trafficking,2,ALL,M,18,t,f,0.900000,0.0549
offenders,2020,1.2,Bodily injury,2,ALL,M,2470,t,f,0.842428,7.6145
offenders,2020,3.5,Other offences against sexual freedom,2,ALL,F,13,t,f,0.101563,0.0368
offenders,2019,1.3,Domestic violence in the family setting,2,ALL,F,1703,t,f,0.144285,4.8992
victims,2023,2.2,Other offences against personal liberty,2,ALL,U,29,t,f,0.001711,
victims,2024,1.2,Bodily injury,2,ALL,F,4576,t,f,0.320269,12.5373
victims,2024,5.4,Vehicle theft,2,ALL,F,1241,t,f,0.236426,3.4001
victims,2022,3.5,Other offences against sexual freedom,2,ALL,F,260,t,f,0.809969,0.7386
offenders,2024,3.3,Corruption of minors,2,ALL,M,22,t,f,0.846154,0.0656
offenders,2019,2.2,Other offences against personal liberty,2,ALL,F,608,t,f,0.176488,1.7491
victims,2021,5.2.2,Domestic burglary,3,ALL,M,2646,t,f,0.549077,8.1927
victims,2022,5.4,Vehicle theft,2,ALL,F,1347,t,f,0.232442,3.8265
victims,2019,5.3.3,Robbery of commercial premises,3,ALL,F,790,t,f,0.478788,2.2727
offenders,2020,2,Offences against personal liberty,1,ALL,M,3884,t,f,0.823929,11.9736
victims,2022,5.2,Burglary involving forced entry,2,ALL,F,7707,t,f,0.290556,21.8938
victims,2021,8,Offences against the public administration,1,ALL,F,6,t,f,0.500000,0.0170
offenders,2023,5.3.2,Robbery in dwellings,3,ALL,M,190,t,f,0.863636,0.5793
offenders,2023,3.4,Child pornography,2,ALL,M,98,t,f,0.970297,0.2988
offenders,2021,5.2.3,Burglary of commercial premises,3,ALL,M,812,t,f,0.939815,2.5142
offenders,2019,5.2.2,Domestic burglary,3,ALL,M,812,t,f,0.873118,2.5476
offenders,2019,6.3,Other offences against public safety,2,ALL,M,166,t,f,0.834171,0.5208
victims,2022,3.3,Corruption of minors,2,ALL,M,14,t,f,0.341463,0.0433
offenders,2021,1.4,Other offences against persons,2,ALL,F,117,t,f,0.153745,0.3322
offenders,2021,5.8,Money laundering,2,ALL,M,62,t,f,0.765432,0.1920
offenders,2024,5.3.2,Robbery in dwellings,3,ALL,F,22,t,f,0.133333,0.0603
offenders,2022,5.3.1,Street robbery,3,ALL,F,180,t,f,0.064309,0.5113
offenders,2020,1.1,Intentional homicide and murder,2,ALL,M,146,t,f,0.901235,0.4501
victims,2019,5.7,Offences against intellectual and industrial property,2,ALL,F,10,t,f,0.344828,0.0288
victims,2021,TOTAL,Total criminal offences,0,ALL,M,133108,t,f,0.525209,412.1374
victims,2022,5.3.1,Street robbery,3,ALL,M,5954,t,f,0.683661,18.4326
victims,2023,1.2,Bodily injury,2,ALL,F,4518,t,f,0.327273,12.6198
victims,2024,1.3,Domestic violence in the family setting,2,ALL,F,16138,t,f,0.751934,44.2146
victims,2020,3.2,Sexual assault with penetration,2,ALL,U,2,t,f,0.004115,
offenders,2021,5.2,Burglary involving forced entry,2,ALL,F,267,t,f,0.076047,0.7582
victims,2022,5.2.3,Burglary of commercial premises,3,ALL,U,1,t,f,0.000398,
offenders,2022,2.2,Other offences against personal liberty,2,ALL,F,865,t,f,0.166154,2.4573
offenders,2020,7,Forgery offences,1,ALL,M,1182,t,f,0.758178,3.6439
victims,2023,TOTAL,Total criminal offences,0,ALL,U,251,t,f,0.000835,
victims,2020,5.2.1,Theft from vehicles by forced entry,3,ALL,F,2489,t,f,0.216699,7.0388
offenders,2019,5.5,Fraud,2,ALL,F,725,t,f,0.285996,2.0857
victims,2020,6.1,Drug trafficking,2,ALL,F,4,t,f,0.125000,0.0113
offenders,2022,5.6,Criminal damage,2,ALL,F,163,t,f,0.123485,0.4630
offenders,2019,7,Forgery offences,1,ALL,M,1408,t,f,0.745368,4.4175
victims,2020,9,Offences against the administration of justice,1,ALL,F,2136,t,f,0.843269,6.0406
victims,2020,5.2.1,Theft from vehicles by forced entry,3,ALL,M,8995,t,f,0.783127,27.7299
victims,2021,5.3.2,Robbery in dwellings,3,ALL,U,1,t,f,0.001370,
victims,2020,5.7,Offences against intellectual and industrial property,2,ALL,U,1,t,f,0.041667,
offenders,2022,5.3,Robbery with violence or intimidation,2,ALL,F,444,t,f,0.097326,1.2613
offenders,2023,1.1.1,Completed intentional homicide and murder,3,ALL,F,6,t,f,0.120000,0.0168
victims,2020,1.3,Domestic violence in the family setting,2,ALL,U,19,t,f,0.001269,
victims,2023,6,Offences against public safety,1,ALL,F,43,t,f,0.330769,0.1201
victims,2023,2.1,Habitual domestic abuse,2,ALL,U,1,t,f,0.000711,
victims,2020,6.1,Drug trafficking,2,ALL,U,0,t,f,0.000000,
offenders,2024,5.3,Robbery with violence or intimidation,2,ALL,M,4394,t,f,0.907664,13.1094
victims,2022,3.1,Sexual assault,2,ALL,U,1,t,f,0.000617,
victims,2019,2.2,Other offences against personal liberty,2,ALL,U,31,t,f,0.002147,
victims,2021,2.2,Other offences against personal liberty,2,ALL,M,9235,t,f,0.574423,28.5940
victims,2019,5.3.2,Robbery in dwellings,3,ALL,F,451,t,f,0.508455,1.2974
offenders,2024,3.5,Other offences against sexual freedom,2,ALL,M,218,t,f,0.773050,0.6504
offenders,2021,6.3,Other offences against public safety,2,ALL,M,113,t,f,0.824818,0.3499
victims,2024,6.3,Other offences against public safety,2,ALL,F,29,t,f,0.367089,0.0795
offenders,2019,1.3,Domestic violence in the family setting,2,ALL,M,10100,t,f,0.855715,31.6881
offenders,2023,7,Forgery offences,1,ALL,M,2198,t,f,0.810771,6.7016
victims,2022,5.7,Offences against intellectual and industrial property,2,ALL,F,12,t,f,0.413793,0.0341
victims,2024,2.2,Other offences against personal liberty,2,ALL,U,6,t,f,0.000337,
victims,2022,5.2,Burglary involving forced entry,2,ALL,U,5,t,f,0.000189,
offenders,2021,12,Other criminal offences,1,ALL,M,416,t,f,0.767528,1.2880
victims,2020,1.1,Intentional homicide and murder,2,ALL,M,109,t,f,0.778571,0.3360
offenders,2020,6,Offences against public safety,1,ALL,M,5967,t,f,0.909188,18.3951
victims,2019,6.3,Other offences against public safety,2,ALL,U,0,t,f,0.000000,
offenders,2021,5.2,Burglary involving forced entry,2,ALL,M,3244,t,f,0.923953,10.0443
victims,2022,TOTAL,Total criminal offences,0,ALL,M,156876,t,f,0.528731,485.6611
offenders,2023,9,Offences against the administration of justice,1,ALL,M,3680,t,f,0.890825,11.2201
victims,2023,1.3,Domestic violence in the family setting,2,ALL,U,6,t,f,0.000293,
offenders,2024,8,Offences against the public administration,1,ALL,M,34,t,f,0.829268,0.1014
offenders,2023,TOTAL,Total criminal offences,0,ALL,F,19200,t,f,0.204497,53.6299
victims,2023,2,Offences against personal liberty,1,ALL,M,9887,t,f,0.538508,30.1449
victims,2022,6.3,Other offences against public safety,2,ALL,F,24,t,f,0.300000,0.0682
victims,2024,5.2.3,Burglary of commercial premises,3,ALL,U,3,t,f,0.001037,
victims,2021,6.1,Drug trafficking,2,ALL,U,0,t,f,0.000000,
victims,2020,5.6,Criminal damage,2,ALL,U,8,t,f,0.000393,
offenders,2024,TOTAL,Total criminal offences,0,ALL,M,78969,t,f,0.805157,235.6023
offenders,2021,1.3,Domestic violence in the family setting,2,ALL,M,11064,t,f,0.813350,34.2571
victims,2023,1.1.1,Completed intentional homicide and murder,3,ALL,U,0,t,f,0.000000,
victims,2020,3.3,Corruption of minors,2,ALL,U,0,t,f,0.000000,
victims,2021,6.3,Other offences against public safety,2,ALL,F,14,t,f,0.229508,0.0398
offenders,2020,5.9,Other property offences,2,ALL,F,533,t,f,0.265438,1.5073
victims,2019,7,Forgery offences,1,ALL,F,884,t,f,0.438057,2.5431
victims,2021,5.7,Offences against intellectual and industrial property,2,ALL,M,23,t,f,0.638889,0.0712
offenders,2024,5.9,Other property offences,2,ALL,F,525,t,f,0.239726,1.4384
victims,2023,1,Offences against persons,1,ALL,M,14619,t,f,0.416971,44.5725
offenders,2024,9,Offences against the administration of justice,1,ALL,F,403,t,f,0.094446,1.1041
victims,2022,5.3.1,Street robbery,3,ALL,U,9,t,f,0.001033,
victims,2020,6.3,Other offences against public safety,2,ALL,M,36,t,f,0.610169,0.1110
offenders,2023,1.1.1,Completed intentional homicide and murder,3,ALL,M,44,t,f,0.880000,0.1342
victims,2022,11,Offences under special legislation,1,ALL,M,0,t,f,,0.0000
offenders,2019,5.2,Burglary involving forced entry,2,ALL,F,296,t,f,0.079123,0.8515
victims,2021,4,Offences against family relations,1,ALL,F,660,t,f,0.713514,1.8742
victims,2023,6.2,Road safety offences,2,ALL,F,11,t,f,0.261905,0.0307
victims,2019,5.5,Fraud,2,ALL,F,22243,t,f,0.474204,63.9887
victims,2023,TOTAL,Total criminal offences,0,ALL,M,156602,t,f,0.521074,477.4709
victims,2021,10,Offences against public order,1,ALL,M,2303,t,f,0.832009,7.1307
victims,2019,5.2.2,Domestic burglary,3,ALL,M,3731,t,f,0.556036,11.7058
victims,2022,1,Offences against persons,1,ALL,M,14404,t,f,0.429061,44.5923
victims,2023,7,Forgery offences,1,ALL,U,7,t,f,0.001163,
victims,2020,1,Offences against persons,1,ALL,F,15456,t,f,0.588845,43.7092
victims,2019,9,Offences against the administration of justice,1,ALL,F,2187,t,f,0.853963,6.2916
victims,2024,5.3,Robbery with violence or intimidation,2,ALL,U,7,t,f,0.000628,
offenders,2024,5.3,Robbery with violence or intimidation,2,ALL,F,447,t,f,0.092336,1.2247
offenders,2022,3.3,Corruption of minors,2,ALL,M,28,t,f,0.848485,0.0867
offenders,2020,6.3,Other offences against public safety,2,ALL,F,35,t,f,0.166667,0.0990
offenders,2020,1.2,Bodily injury,2,ALL,F,462,t,f,0.157572,1.3065
offenders,2024,1.2,Bodily injury,2,ALL,M,3827,t,f,0.839991,11.4178
offenders,2019,3.2,Sexual assault with penetration,2,ALL,F,2,t,f,0.006390,0.0058
offenders,2021,9,Offences against the administration of justice,1,ALL,M,3246,t,f,0.889803,10.0505
offenders,2021,5.4,Vehicle theft,2,ALL,F,40,t,f,0.074766,0.1136
victims,2019,5.5.1,Computer enabled fraud,3,ALL,U,3,t,f,0.000115,
offenders,2023,1,Offences against persons,1,ALL,M,18295,t,f,0.807584,55.7804
offenders,2019,4,Offences against family relations,1,ALL,F,74,t,f,0.422857,0.2129
victims,2019,1.1,Intentional homicide and murder,2,ALL,F,31,t,f,0.281818,0.0892
victims,2023,3.2,Sexual assault with penetration,2,ALL,U,1,t,f,0.001495,
victims,2019,1.1,Intentional homicide and murder,2,ALL,M,77,t,f,0.700000,0.2416
victims,2022,9,Offences against the administration of justice,1,ALL,M,409,t,f,0.129800,1.2662
offenders,2022,1.3,Domestic violence in the family setting,2,ALL,F,2998,t,f,0.193657,8.5166
victims,2022,5.9,Other property offences,2,ALL,M,3616,t,f,0.611948,11.1945
victims,2024,1,Offences against persons,1,ALL,F,21061,t,f,0.574088,57.7026
offenders,2022,1.2,Bodily injury,2,ALL,M,3577,t,f,0.847028,11.0738
offenders,2021,3,Offences against sexual freedom,1,ALL,M,1451,t,f,0.977104,4.4927
victims,2021,5,Property offences,1,ALL,M,105107,t,f,0.546331,325.4389
offenders,2024,5.1,Theft,2,ALL,F,7437,t,f,0.322702,20.3758
victims,2024,5.5.1,Computer enabled fraud,3,ALL,U,4,t,f,0.000086,
victims,2022,6.2,Road safety offences,2,ALL,U,0,t,f,0.000000,
offenders,2021,5.6,Criminal damage,2,ALL,M,963,t,f,0.884298,2.9817
victims,2022,6.2,Road safety offences,2,ALL,M,55,t,f,0.774648,0.1703
offenders,2019,3,Offences against sexual freedom,1,ALL,F,14,t,f,0.011164,0.0403
offenders,2019,5.1,Theft,2,ALL,F,7367,t,f,0.373334,21.1934
victims,2019,8,Offences against the public administration,1,ALL,U,0,t,f,0.000000,
victims,2021,3.2,Sexual assault with penetration,2,ALL,M,57,t,f,0.102334,0.1765
victims,2019,5.3.2,Robbery in dwellings,3,ALL,U,0,t,f,0.000000,
offenders,2019,5.5.1,Computer enabled fraud,3,ALL,M,509,t,f,0.710894,1.5970
offenders,2021,1,Offences against persons,1,ALL,F,3240,t,f,0.178778,9.2005
offenders,2019,10,Offences against public order,1,ALL,F,629,t,f,0.169862,1.8095
victims,2024,1.1,Intentional homicide and murder,2,ALL,U,0,t,f,0.000000,
victims,2020,2.2,Other offences against personal liberty,2,ALL,F,6479,t,f,0.447445,18.3225
victims,2024,5.6,Criminal damage,2,ALL,M,14119,t,f,0.641015,42.1237
victims,2022,8,Offences against the public administration,1,ALL,F,11,t,f,0.647059,0.0312
victims,2019,5.6,Criminal damage,2,ALL,F,9695,t,f,0.337605,27.8906
offenders,2022,8,Offences against the public administration,1,ALL,M,25,t,f,0.757576,0.0774
offenders,2022,5,Property offences,1,ALL,M,25464,t,f,0.736358,78.8322
offenders,2019,6.1,Drug trafficking,2,ALL,M,2607,t,f,0.885229,8.1793
offenders,2019,2.1,Habitual domestic abuse,2,ALL,F,79,t,f,0.094838,0.2273
victims,2024,5.5.1,Computer enabled fraud,3,ALL,F,23683,t,f,0.510927,64.8863
offenders,2022,1,Offences against persons,1,ALL,M,17039,t,f,0.817964,52.7498
victims,2019,3.1,Sexual assault,2,ALL,F,1170,t,f,0.855263,3.3659
offenders,2019,6,Offences against public safety,1,ALL,F,717,t,f,0.097911,2.0627
victims,2019,3.1,Sexual assault,2,ALL,U,0,t,f,0.000000,
victims,2019,5.3.1,Street robbery,3,ALL,F,4197,t,f,0.371022,12.0739
offenders,2023,5.5,Fraud,2,ALL,F,882,t,f,0.264072,2.4636
offenders,2021,5.2.1,Theft from vehicles by forced entry,3,ALL,M,842,t,f,0.940782,2.6071
victims,2022,6.1,Drug trafficking,2,ALL,U,0,t,f,0.000000,
victims,2019,5.5.1,Computer enabled fraud,3,ALL,M,13522,t,f,0.517450,42.4245
victims,2019,1.3,Domestic violence in the family setting,2,ALL,F,12109,t,f,0.809858,34.8352
victims,2019,5.2.2,Domestic burglary,3,ALL,F,2978,t,f,0.443815,8.5671
victims,2024,5,Property offences,1,ALL,F,99245,t,f,0.449111,271.9099
victims,2021,5.4,Vehicle theft,2,ALL,F,1054,t,f,0.204145,2.9930
victims,2020,5.9,Other property offences,2,ALL,M,2172,t,f,0.602497,6.6959
offenders,2024,5.3.3,Robbery of commercial premises,3,ALL,F,202,t,f,0.178919,0.5534
victims,2020,5.9,Other property offences,2,ALL,U,3,t,f,0.000832,
victims,2020,5.5.1,Computer enabled fraud,3,ALL,F,16717,t,f,0.491272,47.2753
victims,2021,6.1,Drug trafficking,2,ALL,F,4,t,f,0.222222,0.0114
offenders,2021,5.5.1,Computer enabled fraud,3,ALL,F,294,t,f,0.264151,0.8349
offenders,2023,5.7,Offences against intellectual and industrial property,2,ALL,F,9,t,f,0.078261,0.0251
victims,2023,5.3.2,Robbery in dwellings,3,ALL,M,341,t,f,0.523006,1.0397
victims,2022,5.4,Vehicle theft,2,ALL,U,0,t,f,0.000000,
victims,2023,1.4,Other offences against persons,2,ALL,F,275,t,f,0.456053,0.7681
victims,2024,3,Offences against sexual freedom,1,ALL,F,2710,t,f,0.852469,7.4248
victims,2019,10,Offences against public order,1,ALL,M,2308,t,f,0.877900,7.2412
offenders,2022,11,Offences under special legislation,1,ALL,F,4,t,f,0.235294,0.0114
victims,2021,4,Offences against family relations,1,ALL,M,264,t,f,0.285405,0.8174
victims,2020,1.1,Intentional homicide and murder,2,ALL,F,31,t,f,0.221429,0.0877
victims,2019,3.4,Child pornography,2,ALL,M,13,t,f,0.520000,0.0408
victims,2020,6,Offences against public safety,1,ALL,U,1,t,f,0.006098,
victims,2021,3.3,Corruption of minors,2,ALL,F,36,t,f,0.750000,0.1022
victims,2024,2.1,Habitual domestic abuse,2,ALL,F,1180,t,f,0.859432,3.2329
victims,2022,5,Property offences,1,ALL,M,127067,t,f,0.549260,393.3775
offenders,2022,5.3.1,Street robbery,3,ALL,M,2619,t,f,0.935691,8.1080
victims,2021,5.1,Theft,2,ALL,M,36991,t,f,0.461539,114.5339
victims,2024,6,Offences against public safety,1,ALL,U,0,t,f,0.000000,
victims,2022,5.6,Criminal damage,2,ALL,U,3,t,f,0.000127,
victims,2019,5.3.1,Street robbery,3,ALL,M,7105,t,f,0.628094,22.2915
victims,2023,5.1,Theft,2,ALL,U,23,t,f,0.000244,
victims,2021,3.3,Corruption of minors,2,ALL,M,12,t,f,0.250000,0.0372
offenders,2024,3,Offences against sexual freedom,1,ALL,M,1982,t,f,0.954261,5.9133
victims,2022,5.2.2,Domestic burglary,3,ALL,F,2600,t,f,0.455980,7.3860
victims,2024,5.3.3,Robbery of commercial premises,3,ALL,U,1,t,f,0.000673,
victims,2024,5.9,Other property offences,2,ALL,F,2772,t,f,0.394759,7.5947
victims,2024,1.4,Other offences against persons,2,ALL,M,433,t,f,0.573510,1.2918
victims,2020,3.2,Sexual assault with penetration,2,ALL,F,451,t,f,0.927984,1.2754
offenders,2021,5.5,Fraud,2,ALL,F,611,t,f,0.261446,1.7350
victims,2023,5.4,Vehicle theft,2,ALL,U,2,t,f,0.000372,
victims,2020,6.1,Drug trafficking,2,ALL,M,28,t,f,0.875000,0.0863
victims,2020,5.9,Other property offences,2,ALL,F,1430,t,f,0.396671,4.0440
victims,2023,5.3.2,Robbery in dwellings,3,ALL,F,310,t,f,0.475460,0.8659
victims,2022,5.3.2,Robbery in dwellings,3,ALL,U,1,t,f,0.001681,
offenders,2019,5.2.1,Theft from vehicles by forced entry,3,ALL,F,54,t,f,0.049632,0.1553
offenders,2023,6.2,Road safety offences,2,ALL,F,365,t,f,0.078192,1.0195
offenders,2022,3.3,Corruption of minors,2,ALL,F,5,t,f,0.151515,0.0142
victims,2024,2,Offences against personal liberty,1,ALL,U,7,t,f,0.000365,
victims,2020,5.3.2,Robbery in dwellings,3,ALL,M,328,t,f,0.503840,1.0112
offenders,2021,7,Forgery offences,1,ALL,M,1494,t,f,0.753784,4.6258
offenders,2020,5,Property offences,1,ALL,M,19959,t,f,0.746661,61.5298
offenders,2024,3.2,Sexual assault with penetration,2,ALL,F,1,t,f,0.001984,0.0027
offenders,2022,2.1,Habitual domestic abuse,2,ALL,F,107,t,f,0.132099,0.3040
offenders,2020,TOTAL,Total criminal offences,0,ALL,F,12560,t,f,0.191146,35.5194
offenders,2024,6.3,Other offences against public safety,2,ALL,M,362,t,f,0.822727,1.0800
victims,2022,3.1,Sexual assault,2,ALL,M,199,t,f,0.122688,0.6161
offenders,2020,1.3,Domestic violence in the family setting,2,ALL,F,2010,t,f,0.167430,5.6842
victims,2020,5.3.1,Street robbery,3,ALL,U,6,t,f,0.000795,
victims,2024,5.1,Theft,2,ALL,U,48,t,f,0.000553,
victims,2023,3.2,Sexual assault with penetration,2,ALL,M,53,t,f,0.079223,0.1616
offenders,2020,TOTAL,Total criminal offences,0,ALL,M,53149,t,f,0.808854,163.8483
victims,2024,5.7,Offences against intellectual and industrial property,2,ALL,U,2,t,f,0.086957,
victims,2023,8,Offences against the public administration,1,ALL,F,9,t,f,0.642857,0.0251
offenders,2023,11,Offences under special legislation,1,ALL,M,49,t,f,0.803279,0.1494
victims,2019,6.1,Drug trafficking,2,ALL,F,6,t,f,0.214286,0.0173
victims,2020,10,Offences against public order,1,ALL,M,2305,t,f,0.886198,7.1059
victims,2023,3.3,Corruption of minors,2,ALL,F,27,t,f,0.551020,0.0754
offenders,2021,12,Other criminal offences,1,ALL,F,126,t,f,0.232472,0.3578
victims,2019,TOTAL,Total criminal offences,0,ALL,M,163761,t,f,0.525723,513.7903
offenders,2022,6.2,Road safety offences,2,ALL,F,378,t,f,0.079780,1.0738
victims,2024,5.2,Burglary involving forced entry,2,ALL,M,19249,t,f,0.697630,57.4290
victims,2024,1.1,Intentional homicide and murder,2,ALL,M,156,t,f,0.861878,0.4654
offenders,2021,5.3.2,Robbery in dwellings,3,ALL,M,154,t,f,0.850829,0.4768
offenders,2019,3,Offences against sexual freedom,1,ALL,M,1240,t,f,0.988836,3.8904
offenders,2023,5.3.1,Street robbery,3,ALL,F,252,t,f,0.082299,0.7039
offenders,2019,11,Offences under special legislation,1,ALL,F,6,t,f,0.166667,0.0173
victims,2022,1.1,Intentional homicide and murder,2,ALL,F,47,t,f,0.255435,0.1335
victims,2019,12,Other criminal offences,1,ALL,F,325,t,f,0.473071,0.9350
victims,2022,10,Offences against public order,1,ALL,F,129,t,f,0.059805,0.3665
victims,2021,3.3,Corruption of minors,2,ALL,U,0,t,f,0.000000,
victims,2024,11,Offences under special legislation,1,ALL,M,0,t,f,,0.0000
victims,2019,5.5,Fraud,2,ALL,M,24656,t,f,0.525647,77.3567
offenders,2019,5.5.1,Computer enabled fraud,3,ALL,F,207,t,f,0.289106,0.5955
victims,2023,3.1,Sexual assault,2,ALL,F,1626,t,f,0.886104,4.5418
victims,2019,8,Offences against the public administration,1,ALL,M,6,t,f,0.545455,0.0188
victims,2024,5.4,Vehicle theft,2,ALL,U,2,t,f,0.000381,
victims,2021,5.8,Money laundering,2,ALL,M,9,t,f,0.692308,0.0279
victims,2021,3.1,Sexual assault,2,ALL,F,1266,t,f,0.888421,3.5950
victims,2022,1.4,Other offences against persons,2,ALL,F,252,t,f,0.443662,0.7159
victims,2024,5.3.2,Robbery in dwellings,3,ALL,U,0,t,f,0.000000,
offenders,2019,5.2.1,Theft from vehicles by forced entry,3,ALL,M,1034,t,f,0.950368,3.2441
victims,2020,1.4,Other offences against persons,2,ALL,U,1,t,f,0.002597,
victims,2023,9,Offences against the administration of justice,1,ALL,F,2905,t,f,0.853157,8.1143
offenders,2024,1.1,Intentional homicide and murder,2,ALL,M,241,t,f,0.934109,0.7190
victims,2020,2.2,Other offences against personal liberty,2,ALL,U,39,t,f,0.002693,
victims,2019,3.3,Corruption of minors,2,ALL,M,29,t,f,0.446154,0.0910
victims,2024,6.1,Drug trafficking,2,ALL,M,15,t,f,0.681818,0.0448
victims,2023,5.3,Robbery with violence or intimidation,2,ALL,M,8147,t,f,0.674253,24.8398
victims,2020,5.8,Money laundering,2,ALL,M,5,t,f,0.500000,0.0154
victims,2022,5.2.1,Theft from vehicles by forced entry,3,ALL,U,1,t,f,0.000061,
offenders,2023,2,Offences against personal liberty,1,ALL,M,5841,t,f,0.832288,17.8089
offenders,2019,6.3,Other offences against public safety,2,ALL,F,33,t,f,0.165829,0.0949
victims,2024,2.2,Other offences against personal liberty,2,ALL,M,10074,t,f,0.565447,30.0556
victims,2022,5.5.1,Computer enabled fraud,3,ALL,U,4,t,f,0.000093,
offenders,2023,5.2,Burglary involving forced entry,2,ALL,F,262,t,f,0.059982,0.7318
offenders,2023,2,Offences against personal liberty,1,ALL,F,1177,t,f,0.167712,3.2876
victims,2024,5.4,Vehicle theft,2,ALL,M,4006,t,f,0.763193,11.9518
victims,2024,8,Offences against the public administration,1,ALL,M,4,t,f,0.200000,0.0119
victims,2023,1.1,Intentional homicide and murder,2,ALL,U,0,t,f,0.000000,
victims,2022,7,Forgery offences,1,ALL,F,2281,t,f,0.457389,6.4798
victims,2021,5.2.2,Domestic burglary,3,ALL,F,2170,t,f,0.450301,6.1621
victims,2023,4,Offences against family relations,1,ALL,U,1,t,f,0.001383,
victims,2019,3.4,Child pornography,2,ALL,F,12,t,f,0.480000,0.0345
offenders,2024,5.2.3,Burglary of commercial premises,3,ALL,M,1134,t,f,0.944213,3.3833
offenders,2022,12,Other criminal offences,1,ALL,F,135,t,f,0.218447,0.3835
victims,2022,3.3,Corruption of minors,2,ALL,U,0,t,f,0.000000,
offenders,2023,6.3,Other offences against public safety,2,ALL,M,175,t,f,0.744681,0.5336
victims,2022,6.3,Other offences against public safety,2,ALL,M,56,t,f,0.700000,0.1734
offenders,2019,1.1.1,Completed intentional homicide and murder,3,ALL,M,25,t,f,0.961538,0.0784
victims,2022,3.5,Other offences against sexual freedom,2,ALL,U,1,t,f,0.003115,
offenders,2023,7,Forgery offences,1,ALL,F,513,t,f,0.189229,1.4329
offenders,2024,5.2.2,Domestic burglary,3,ALL,M,829,t,f,0.888532,2.4733
victims,2023,1.2,Bodily injury,2,ALL,M,9272,t,f,0.671641,28.2698
victims,2021,11,Offences under special legislation,1,ALL,U,0,t,f,,
offenders,2022,5.6,Criminal damage,2,ALL,M,1157,t,f,0.876515,3.5819
victims,2021,5.3.3,Robbery of commercial premises,3,ALL,U,2,t,f,0.001546,
victims,2020,5.5.1,Computer enabled fraud,3,ALL,M,17309,t,f,0.508669,53.3604
victims,2020,3.1,Sexual assault,2,ALL,U,3,t,f,0.002602,
victims,2022,12,Other criminal offences,1,ALL,M,295,t,f,0.483607,0.9133
victims,2020,3,Offences against sexual freedom,1,ALL,U,6,t,f,0.002997,
victims,2020,1.3,Domestic violence in the family setting,2,ALL,F,11785,t,f,0.787399,33.3277
offenders,2019,5,Property offences,1,ALL,F,9541,t,f,0.281903,27.4476
offenders,2021,3.3,Corruption of minors,2,ALL,F,2,t,f,0.080000,0.0057
offenders,2023,5,Property offences,1,ALL,M,29343,t,f,0.737966,89.4652
offenders,2023,2.1,Habitual domestic abuse,2,ALL,F,99,t,f,0.100917,0.2765
offenders,2021,5.3.3,Robbery of commercial premises,3,ALL,F,155,t,f,0.202614,0.4401
victims,2024,3.4,Child pornography,2,ALL,F,37,t,f,0.740000,0.1014
victims,2022,3,Offences against sexual freedom,1,ALL,M,345,t,f,0.131479,1.0681
victims,2020,5.3,Robbery with violence or intimidation,2,ALL,U,11,t,f,0.001001,
offenders,2023,5.9,Other property offences,2,ALL,M,1720,t,f,0.729123,5.2442
victims,2021,5.3.3,Robbery of commercial premises,3,ALL,M,736,t,f,0.568779,2.2788
victims,2021,1.1.1,Completed intentional homicide and murder,3,ALL,U,0,t,f,0.000000,
offenders,2023,5.5.1,Computer enabled fraud,3,ALL,F,461,t,f,0.283170,1.2877
victims,2021,3.1,Sexual assault,2,ALL,U,4,t,f,0.002807,
offenders,2022,5.8,Money laundering,2,ALL,F,30,t,f,0.196078,0.0852
offenders,2020,5.5.1,Computer enabled fraud,3,ALL,F,272,t,f,0.289979,0.7692
offenders,2022,8,Offences against the public administration,1,ALL,F,8,t,f,0.242424,0.0227
offenders,2021,5.5.1,Computer enabled fraud,3,ALL,M,819,t,f,0.735849,2.5358
offenders,2023,10,Offences against public order,1,ALL,M,4613,t,f,0.823015,14.0648
victims,2019,5.4,Vehicle theft,2,ALL,F,1442,t,f,0.211375,4.1483
offenders,2024,2,Offences against personal liberty,1,ALL,F,1249,t,f,0.166934,3.4220
offenders,2019,5.6,Criminal damage,2,ALL,M,889,t,f,0.872424,2.7892
victims,2019,1,Offences against persons,1,ALL,F,16849,t,f,0.569666,48.4712
offenders,2020,5.1,Theft,2,ALL,F,4837,t,f,0.353918,13.6789
victims,2020,5.2.1,Theft from vehicles by forced entry,3,ALL,U,2,t,f,0.000174,
offenders,2023,2.1,Habitual domestic abuse,2,ALL,M,882,t,f,0.899083,2.6892
offenders,2021,1.1,Intentional homicide and murder,2,ALL,M,152,t,f,0.921212,0.4706
victims,2024,3.4,Child pornography,2,ALL,U,0,t,f,0.000000,
victims,2024,3.4,Child pornography,2,ALL,M,13,t,f,0.260000,0.0388
victims,2023,5.5,Fraud,2,ALL,U,8,t,f,0.000125,
offenders,2022,1.1.1,Completed intentional homicide and murder,3,ALL,F,8,t,f,0.129032,0.0227
victims,2023,5.8,Money laundering,2,ALL,F,9,t,f,0.391304,0.0251
victims,2021,6.2,Road safety offences,2,ALL,U,0,t,f,0.000000,
victims,2021,5.2,Burglary involving forced entry,2,ALL,F,6320,t,f,0.291392,17.9466
offenders,2021,1,Offences against persons,1,ALL,M,14883,t,f,0.821222,46.0817
offenders,2021,1.2,Bodily injury,2,ALL,F,571,t,f,0.158876,1.6214
victims,2024,5,Property offences,1,ALL,U,128,t,f,0.000579,
victims,2022,6.1,Drug trafficking,2,ALL,F,6,t,f,0.250000,0.0170
victims,2024,5,Property offences,1,ALL,M,121608,t,f,0.550310,362.8148
victims,2022,5.3,Robbery with violence or intimidation,2,ALL,M,8519,t,f,0.661259,26.3734
victims,2021,5.3.1,Street robbery,3,ALL,U,5,t,f,0.000588,
victims,2019,TOTAL,Total criminal offences,0,ALL,U,449,t,f,0.001441,
offenders,2021,5.7,Offences against intellectual and industrial property,2,ALL,M,64,t,f,0.864865,0.1982
offenders,2022,5.5,Fraud,2,ALL,F,672,t,f,0.250746,1.9090
offenders,2024,1.1.1,Completed intentional homicide and murder,3,ALL,F,3,t,f,0.115385,0.0082
victims,2023,6.2,Road safety offences,2,ALL,M,29,t,f,0.690476,0.0884
victims,2024,3.5,Other offences against sexual freedom,2,ALL,F,307,t,f,0.761787,0.8411
victims,2021,9,Offences against the administration of justice,1,ALL,U,8,t,f,0.002784,
victims,2021,2.1,Habitual domestic abuse,2,ALL,F,1141,t,f,0.869665,3.2400
victims,2020,5.1,Theft,2,ALL,F,37749,t,f,0.550036,106.7534
victims,2020,5.6,Criminal damage,2,ALL,F,6880,t,f,0.337768,19.4565
offenders,2020,6,Offences against public safety,1,ALL,F,596,t,f,0.090812,1.6855
victims,2024,6.2,Road safety offences,2,ALL,U,0,t,f,0.000000,
victims,2023,5.3.1,Street robbery,3,ALL,M,5817,t,f,0.702197,17.7357
victims,2019,5.2.1,Theft from vehicles by forced entry,3,ALL,U,0,t,f,0.000000,
offenders,2024,1.4,Other offences against persons,2,ALL,F,180,t,f,0.130435,0.4932
offenders,2020,1.1,Intentional homicide and murder,2,ALL,F,16,t,f,0.098765,0.0452
victims,2024,5.8,Money laundering,2,ALL,U,0,t,f,0.000000,
victims,2019,5.3,Robbery with violence or intimidation,2,ALL,F,6228,t,f,0.388958,17.9167
offenders,2021,5.1,Theft,2,ALL,M,9797,t,f,0.624649,30.3341
victims,2021,3.5,Other offences against sexual freedom,2,ALL,F,245,t,f,0.790323,0.6957
victims,2019,6,Offences against public safety,1,ALL,F,58,t,f,0.324022,0.1669
offenders,2024,3,Offences against sexual freedom,1,ALL,F,95,t,f,0.045739,0.2603
victims,2022,5.6,Criminal damage,2,ALL,M,15334,t,f,0.650987,47.4714
victims,2023,2.1,Habitual domestic abuse,2,ALL,M,179,t,f,0.127221,0.5458
offenders,2023,12,Other criminal offences,1,ALL,M,563,t,f,0.764946,1.7166
offenders,2023,3.1,Sexual assault,2,ALL,M,1060,t,f,0.974265,3.2319
victims,2022,5.7,Offences against intellectual and industrial property,2,ALL,U,0,t,f,0.000000,
victims,2024,10,Offences against public order,1,ALL,M,3299,t,f,0.872982,9.8425
victims,2022,5.9,Other property offences,2,ALL,F,2292,t,f,0.387883,6.5110
offenders,2019,8,Offences against the public administration,1,ALL,F,14,t,f,0.197183,0.0403
victims,2022,6.3,Other offences against public safety,2,ALL,U,0,t,f,0.000000,
victims,2022,4,Offences against family relations,1,ALL,F,599,t,f,0.687715,1.7016
offenders,2020,3.2,Sexual assault with penetration,2,ALL,F,2,t,f,0.006079,0.0057
victims,2019,1.4,Other offences against persons,2,ALL,F,243,t,f,0.451673,0.6991
offenders,2021,6.3,Other offences against public safety,2,ALL,F,24,t,f,0.175182,0.0682
victims,2019,9,Offences against the administration of justice,1,ALL,U,2,t,f,0.000781,
offenders,2021,7,Forgery offences,1,ALL,F,488,t,f,0.246216,1.3858
victims,2019,3.2,Sexual assault with penetration,2,ALL,U,1,t,f,0.002137,
victims,2024,6,Offences against public safety,1,ALL,M,116,t,f,0.659091,0.3461
victims,2020,5.1,Theft,2,ALL,M,30838,t,f,0.449337,95.0677
victims,2021,5.4,Vehicle theft,2,ALL,M,4109,t,f,0.795855,12.7225
offenders,2020,9,Offences against the administration of justice,1,ALL,M,2888,t,f,0.889985,8.9032
victims,2020,3,Offences against sexual freedom,1,ALL,M,314,t,f,0.156843,0.9680
victims,2024,1,Offences against persons,1,ALL,M,15607,t,f,0.425421,46.5631
offenders,2020,5.3.2,Robbery in dwellings,3,ALL,M,150,t,f,0.819672,0.4624
victims,2022,1.1,Intentional homicide and murder,2,ALL,U,0,t,f,0.000000,
offenders,2021,5.3,Robbery with violence or intimidation,2,ALL,M,3552,t,f,0.884022,10.9979
offenders,2021,8,Offences against the public administration,1,ALL,F,12,t,f,0.196721,0.0341
offenders,2020,3.1,Sexual assault,2,ALL,F,9,t,f,0.014151,0.0255
victims,2024,3.3,Corruption of minors,2,ALL,M,24,t,f,0.421053,0.0716
offenders,2024,6.3,Other offences against public safety,2,ALL,F,78,t,f,0.177273,0.2137
victims,2023,5,Property offences,1,ALL,F,105651,t,f,0.456925,295.1070
offenders,2019,1.4,Other offences against persons,2,ALL,F,76,t,f,0.137184,0.2186
victims,2021,1.1.1,Completed intentional homicide and murder,3,ALL,F,14,t,f,0.378378,0.0398
offenders,2022,5.3.3,Robbery of commercial premises,3,ALL,M,792,t,f,0.809816,2.4519
victims,2021,1.2,Bodily injury,2,ALL,F,3796,t,f,0.309045,10.7793
victims,2024,5.2.2,Domestic burglary,3,ALL,U,4,t,f,0.000764,
offenders,2022,6.2,Road safety offences,2,ALL,M,4360,t,f,0.920220,13.4978
offenders,2024,3.1,Sexual assault,2,ALL,M,1133,t,f,0.986934,3.3803
offenders,2023,3.1,Sexual assault,2,ALL,F,28,t,f,0.025735,0.0782
offenders,2022,5.4,Vehicle theft,2,ALL,M,591,t,f,0.912037,1.8296
victims,2024,12,Other criminal offences,1,ALL,U,0,t,f,0.000000,
victims,2024,3,Offences against sexual freedom,1,ALL,M,466,t,f,0.146587,1.3903
victims,2022,2,Offences against personal liberty,1,ALL,U,29,t,f,0.001686,
victims,2019,5.7,Offences against intellectual and industrial property,2,ALL,M,19,t,f,0.655172,0.0596
offenders,2020,6.1,Drug trafficking,2,ALL,F,301,t,f,0.108704,0.8512
offenders,2019,TOTAL,Total criminal offences,0,ALL,M,57599,t,f,0.792796,180.7134
offenders,2023,10,Offences against public order,1,ALL,F,992,t,f,0.176985,2.7709
victims,2019,1.2,Bodily injury,2,ALL,U,18,t,f,0.001288,
victims,2021,1.1,Intentional homicide and murder,2,ALL,M,103,t,f,0.768657,0.3189
victims,2023,1,Offences against persons,1,ALL,F,20420,t,f,0.582430,57.0377
victims,2020,5.5.1,Computer enabled fraud,3,ALL,U,2,t,f,0.000059,
offenders,2023,1.2,Bodily injury,2,ALL,M,3594,t,f,0.825258,10.9579
victims,2023,3.1,Sexual assault,2,ALL,M,208,t,f,0.113351,0.6342
victims,2022,5.6,Criminal damage,2,ALL,F,8218,t,f,0.348886,23.3454
victims,2020,5.2.2,Domestic burglary,3,ALL,U,1,t,f,0.000257,
offenders,2023,5.3.3,Robbery of commercial premises,3,ALL,F,205,t,f,0.189464,0.5726
victims,2023,8,Offences against the public administration,1,ALL,M,5,t,f,0.357143,0.0152
victims,2023,11,Offences under special legislation,1,ALL,F,0,t,f,,0.0000
victims,2023,1,Offences against persons,1,ALL,U,21,t,f,0.000599,
victims,2023,3.3,Corruption of minors,2,ALL,U,0,t,f,0.000000,
victims,2023,3,Offences against sexual freedom,1,ALL,M,378,t,f,0.127016,1.1525
offenders,2022,5.9,Other property offences,2,ALL,M,1458,t,f,0.749229,4.5137
victims,2019,1.3,Domestic violence in the family setting,2,ALL,M,2819,t,f,0.188537,8.8444
offenders,2021,5.3,Robbery with violence or intimidation,2,ALL,F,466,t,f,0.115978,1.3233
victims,2023,5.9,Other property offences,2,ALL,U,1,t,f,0.000157,
victims,2021,3.4,Child pornography,2,ALL,F,7,t,f,0.304348,0.0199
victims,2024,5.2.1,Theft from vehicles by forced entry,3,ALL,F,4396,t,f,0.253606,12.0441
victims,2020,1.2,Bodily injury,2,ALL,U,20,t,f,0.001859,
offenders,2022,5.3.2,Robbery in dwellings,3,ALL,M,134,t,f,0.842767,0.4148
offenders,2019,3.2,Sexual assault with penetration,2,ALL,M,311,t,f,0.993610,0.9757
offenders,2024,5.2.1,Theft from vehicles by forced entry,3,ALL,F,75,t,f,0.049933,0.2055
offenders,2020,1.4,Other offences against persons,2,ALL,M,437,t,f,0.860236,1.3472
victims,2021,12,Other criminal offences,1,ALL,U,0,t,f,0.000000,
offenders,2020,1,Offences against persons,1,ALL,M,13048,t,f,0.836035,40.2245
offenders,2023,6.3,Other offences against public safety,2,ALL,F,60,t,f,0.255319,0.1676
victims,2024,7,Forgery offences,1,ALL,U,0,t,f,0.000000,
victims,2024,5.5,Fraud,2,ALL,U,8,t,f,0.000131,
victims,2023,2.2,Other offences against personal liberty,2,ALL,F,7216,t,f,0.425647,20.1559
victims,2021,11,Offences under special legislation,1,ALL,F,0,t,f,,0.0000
victims,2020,5.2.2,Domestic burglary,3,ALL,F,1695,t,f,0.435733,4.7934
victims,2021,8,Offences against the public administration,1,ALL,U,0,t,f,0.000000,
victims,2024,5.5,Fraud,2,ALL,F,30847,t,f,0.505125,84.5141
offenders,2019,6.2,Road safety offences,2,ALL,M,3833,t,f,0.917205,12.0258
victims,2022,5,Property offences,1,ALL,U,78,t,f,0.000337,
offenders,2020,5.6,Criminal damage,2,ALL,M,764,t,f,0.871152,2.3553
victims,2022,3.2,Sexual assault with penetration,2,ALL,M,67,t,f,0.107029,0.2074
offenders,2020,5.5,Fraud,2,ALL,F,541,t,f,0.276161,1.5299
victims,2019,5,Property offences,1,ALL,M,138241,t,f,0.541928,433.7228
victims,2024,5.7,Offences against intellectual and industrial property,2,ALL,M,9,t,f,0.391304,0.0269
victims,2019,2,Offences against personal liberty,1,ALL,F,7688,t,f,0.490901,22.1169
victims,2022,5.2.2,Domestic burglary,3,ALL,M,3099,t,f,0.543494,9.5940
offenders,2024,7,Forgery offences,1,ALL,M,2200,t,f,0.807932,6.5637
victims,2022,3.1,Sexual assault,2,ALL,F,1422,t,f,0.876695,4.0396
victims,2020,6.3,Other offences against public safety,2,ALL,U,0,t,f,0.000000,
victims,2024,2.2,Other offences against personal liberty,2,ALL,F,7736,t,f,0.434216,21.1950
offenders,2024,5.3.3,Robbery of commercial premises,3,ALL,M,927,t,f,0.821081,2.7657
victims,2021,6.2,Road safety offences,2,ALL,M,55,t,f,0.679012,0.1703
victims,2023,5.2.1,Theft from vehicles by forced entry,3,ALL,U,0,t,f,0.000000,
victims,2022,TOTAL,Total criminal offences,0,ALL,F,139493,t,f,0.470144,396.2664
victims,2020,5.3,Robbery with violence or intimidation,2,ALL,M,6735,t,f,0.612607,20.7627
victims,2020,5.1,Theft,2,ALL,U,43,t,f,0.000627,
victims,2020,3.5,Other offences against sexual freedom,2,ALL,U,1,t,f,0.003472,
victims,2024,6.3,Other offences against public safety,2,ALL,M,50,t,f,0.632911,0.1492
victims,2021,9,Offences against the administration of justice,1,ALL,F,2447,t,f,0.851427,6.9486
offenders,2024,1,Offences against persons,1,ALL,M,19246,t,f,0.808282,57.4200
offenders,2022,5.2,Burglary involving forced entry,2,ALL,F,296,t,f,0.075241,0.8409
victims,2021,3.5,Other offences against sexual freedom,2,ALL,M,65,t,f,0.209677,0.2013
offenders,2024,1.3,Domestic violence in the family setting,2,ALL,M,13978,t,f,0.793438,41.7031
victims,2019,3.4,Child pornography,2,ALL,U,0,t,f,0.000000,
offenders,2024,1.4,Other offences against persons,2,ALL,M,1200,t,f,0.869565,3.5802
victims,2019,6.2,Road safety offences,2,ALL,M,58,t,f,0.716049,0.1820
offenders,2021,11,Offences under special legislation,1,ALL,M,35,t,f,0.921053,0.1084
offenders,2020,3.2,Sexual assault with penetration,2,ALL,M,327,t,f,0.993921,1.0081
victims,2021,1.1.1,Completed intentional homicide and murder,3,ALL,M,23,t,f,0.621622,0.0712
victims,2022,5.2.3,Burglary of commercial premises,3,ALL,M,1644,t,f,0.654719,5.0895
victims,2024,5.3.3,Robbery of commercial premises,3,ALL,F,550,t,f,0.370370,1.5069
victims,2020,5.2.3,Burglary of commercial premises,3,ALL,M,2331,t,f,0.728210,7.1860
victims,2023,5.2.3,Burglary of commercial premises,3,ALL,U,0,t,f,0.000000,
victims,2024,5.3,Robbery with violence or intimidation,2,ALL,M,7727,t,f,0.693067,23.0533
offenders,2024,8,Offences against the public administration,1,ALL,F,7,t,f,0.170732,0.0192
offenders,2022,9,Offences against the administration of justice,1,ALL,M,3419,t,f,0.894090,10.5846
offenders,2019,5.3,Robbery with violence or intimidation,2,ALL,F,414,t,f,0.104414,1.1910
victims,2020,7,Forgery offences,1,ALL,M,1401,t,f,0.545986,4.3190
offenders,2020,4,Offences against family relations,1,ALL,M,76,t,f,0.571429,0.2343
victims,2024,9,Offences against the administration of justice,1,ALL,M,863,t,f,0.195647,2.5747
victims,2024,5.2,Burglary involving forced entry,2,ALL,U,10,t,f,0.000362,
victims,2021,TOTAL,Total criminal offences,0,ALL,F,119846,t,f,0.472881,340.3216
victims,2019,5.3.2,Robbery in dwellings,3,ALL,M,436,t,f,0.491545,1.3679
offenders,2019,5.6,Criminal damage,2,ALL,F,130,t,f,0.127576,0.3740
offenders,2019,TOTAL,Total criminal offences,0,ALL,F,15054,t,f,0.207204,43.3074
offenders,2021,1.1.1,Completed intentional homicide and murder,3,ALL,F,6,t,f,0.113208,0.0170
offenders,2021,3.5,Other offences against sexual freedom,2,ALL,M,131,t,f,0.897260,0.4056
offenders,2024,5.8,Money laundering,2,ALL,M,113,t,f,0.729032,0.3371
victims,2024,6.1,Drug trafficking,2,ALL,U,0,t,f,0.000000,
victims,2022,5.3.3,Robbery of commercial premises,3,ALL,M,923,t,f,0.548100,2.8574
victims,2024,5.5,Fraud,2,ALL,M,30213,t,f,0.494744,90.1398
offenders,2021,1.1.1,Completed intentional homicide and murder,3,ALL,M,47,t,f,0.886792,0.1455
victims,2024,3.1,Sexual assault,2,ALL,M,270,t,f,0.136502,0.8055
victims,2024,3.1,Sexual assault,2,ALL,F,1708,t,f,0.863498,4.6796
offenders,2024,5.5.1,Computer enabled fraud,3,ALL,M,1643,t,f,0.728603,4.9019
victims,2022,5.5.1,Computer enabled fraud,3,ALL,M,20826,t,f,0.484134,64.4737
victims,2020,5.4,Vehicle theft,2,ALL,M,3717,t,f,0.795080,11.4588
offenders,2024,2.1,Habitual domestic abuse,2,ALL,M,852,t,f,0.882902,2.5419
offenders,2024,7,Forgery offences,1,ALL,F,523,t,f,0.192068,1.4329
victims,2020,9,Offences against the administration of justice,1,ALL,U,13,t,f,0.005132,
offenders,2019,5.9,Other property offences,2,ALL,F,514,t,f,0.269110,1.4787
victims,2024,8,Offences against the public administration,1,ALL,F,16,t,f,0.800000,0.0438
victims,2022,5.2.1,Theft from vehicles by forced entry,3,ALL,M,12617,t,f,0.771682,39.0601
victims,2020,3.5,Other offences against sexual freedom,2,ALL,M,77,t,f,0.267361,0.2374
offenders,2024,4,Offences against family relations,1,ALL,F,90,t,f,0.517241,0.2466
victims,2024,5.3.2,Robbery in dwellings,3,ALL,M,323,t,f,0.532125,0.9637
victims,2022,6.2,Road safety offences,2,ALL,F,16,t,f,0.225352,0.0455
victims,2023,10,Offences against public order,1,ALL,F,165,t,f,0.078947,0.4609
victims,2022,2.2,Other offences against personal liberty,2,ALL,M,9255,t,f,0.579379,28.6519
victims,2023,5.3.2,Robbery in dwellings,3,ALL,U,1,t,f,0.001534,
offenders,2022,3.5,Other offences against sexual freedom,2,ALL,F,21,t,f,0.102439,0.0597
offenders,2020,1,Offences against persons,1,ALL,F,2559,t,f,0.163965,7.2368
offenders,2022,7,Forgery offences,1,ALL,F,383,t,f,0.165229,1.0880
victims,2023,5.3,Robbery with violence or intimidation,2,ALL,U,7,t,f,0.000579,
offenders,2022,6,Offences against public safety,1,ALL,F,932,t,f,0.109044,2.6476
victims,2019,3,Offences against sexual freedom,1,ALL,U,3,t,f,0.001336,
victims,2023,3.1,Sexual assault,2,ALL,U,1,t,f,0.000545,
offenders,2019,5.8,Money laundering,2,ALL,F,23,t,f,0.323944,0.0662
victims,2023,5.1,Theft,2,ALL,M,45221,t,f,0.479803,137.8763
victims,2019,11,Offences under special legislation,1,ALL,U,0,t,f,,
offenders,2024,5.1,Theft,2,ALL,M,15609,t,f,0.677298,46.5691
offenders,2020,11,Offences under special legislation,1,ALL,M,31,t,f,0.968750,0.0956
offenders,2022,3.2,Sexual assault with penetration,2,ALL,M,445,t,f,0.986696,1.3776
offenders,2024,5.2,Burglary involving forced entry,2,ALL,F,290,t,f,0.065125,0.7945
victims,2022,5.1,Theft,2,ALL,U,45,t,f,0.000454,
victims,2022,6,Offences against public safety,1,ALL,F,46,t,f,0.262857,0.1307
victims,2022,3,Offences against sexual freedom,1,ALL,U,2,t,f,0.000762,
victims,2022,2.2,Other offences against personal liberty,2,ALL,U,29,t,f,0.001815,
victims,2019,2.2,Other offences against personal liberty,2,ALL,F,6664,t,f,0.461592,19.1710
victims,2020,6.2,Road safety offences,2,ALL,U,1,t,f,0.013699,
victims,2022,1.3,Domestic violence in the family setting,2,ALL,U,6,t,f,0.000315,
victims,2021,2.2,Other offences against personal liberty,2,ALL,U,29,t,f,0.001804,
offenders,2023,4,Offences against family relations,1,ALL,M,100,t,f,0.546448,0.3049
offenders,2020,9,Offences against the administration of justice,1,ALL,F,357,t,f,0.110015,1.0096
victims,2021,3.2,Sexual assault with penetration,2,ALL,F,500,t,f,0.897666,1.4198
offenders,2022,3.2,Sexual assault with penetration,2,ALL,F,6,t,f,0.013304,0.0170
victims,2022,5.2,Burglary involving forced entry,2,ALL,M,18813,t,f,0.709255,58.2418
victims,2022,1.2,Bodily injury,2,ALL,F,4206,t,f,0.305802,11.9482
victims,2023,5.6,Criminal damage,2,ALL,U,2,t,f,0.000089,
victims,2021,5.4,Vehicle theft,2,ALL,U,0,t,f,0.000000,
victims,2020,12,Other criminal offences,1,ALL,M,297,t,f,0.479806,0.9156
offenders,2022,3.5,Other offences against sexual freedom,2,ALL,M,184,t,f,0.897561,0.5696
offenders,2020,2.2,Other offences against personal liberty,2,ALL,M,3158,t,f,0.809536,9.7355
victims,2024,4,Offences against family relations,1,ALL,F,524,t,f,0.700535,1.4356
victims,2020,1.3,Domestic violence in the family setting,2,ALL,M,3163,t,f,0.211332,9.7509
offenders,2021,3.4,Child pornography,2,ALL,M,68,t,f,0.971429,0.2105
offenders,2020,2,Offences against personal liberty,1,ALL,F,830,t,f,0.176071,2.3472
offenders,2023,5.3,Robbery with violence or intimidation,2,ALL,F,524,t,f,0.105475,1.4636
offenders,2022,2,Offences against personal liberty,1,ALL,M,5044,t,f,0.838431,15.6154
victims,2019,5.6,Criminal damage,2,ALL,U,11,t,f,0.000383,
victims,2020,5.2,Burglary involving forced entry,2,ALL,M,14804,t,f,0.728866,45.6379
victims,2019,5.8,Money laundering,2,ALL,M,1,t,f,0.111111,0.0031
offenders,2021,2,Offences against personal liberty,1,ALL,F,857,t,f,0.161060,2.4336
victims,2021,3.4,Child pornography,2,ALL,U,1,t,f,0.043478,
victims,2022,10,Offences against public order,1,ALL,M,1831,t,f,0.848864,5.6685
victims,2023,5.3.1,Street robbery,3,ALL,U,3,t,f,0.000362,
victims,2023,5.2.3,Burglary of commercial premises,3,ALL,M,1906,t,f,0.655884,5.8113
victims,2019,3,Offences against sexual freedom,1,ALL,M,357,t,f,0.158949,1.1201
victims,2021,5.2.3,Burglary of commercial premises,3,ALL,F,803,t,f,0.328023,2.2802
victims,2024,2.1,Habitual domestic abuse,2,ALL,M,192,t,f,0.139840,0.5728
victims,2024,5.7,Offences against intellectual and industrial property,2,ALL,F,12,t,f,0.521739,0.0329
victims,2020,6,Offences against public safety,1,ALL,M,119,t,f,0.725610,0.3669
victims,2021,5.2.3,Burglary of commercial premises,3,ALL,U,0,t,f,0.000000,
offenders,2022,6.1,Drug trafficking,2,ALL,F,519,t,f,0.144810,1.4744
offenders,2022,5.2.2,Domestic burglary,3,ALL,M,822,t,f,0.862539,2.5448
victims,2020,1.1.1,Completed intentional homicide and murder,3,ALL,F,12,t,f,0.315789,0.0339
offenders,2023,5.2.3,Burglary of commercial premises,3,ALL,M,1188,t,f,0.951161,3.6221
offenders,2019,3.3,Corruption of minors,2,ALL,F,2,t,f,0.071429,0.0058
victims,2022,2,Offences against personal liberty,1,ALL,F,7754,t,f,0.450866,22.0273
victims,2023,5.2.1,Theft from vehicles by forced entry,3,ALL,M,12428,t,f,0.762641,37.8923
victims,2019,5.2.1,Theft from vehicles by forced entry,3,ALL,M,13969,t,f,0.783763,43.8269
offenders,2023,1.4,Other offences against persons,2,ALL,F,178,t,f,0.147963,0.4972
victims,2019,5.9,Other property offences,2,ALL,F,2000,t,f,0.412626,5.7536
offenders,2023,6.1,Drug trafficking,2,ALL,F,502,t,f,0.122828,1.4022
victims,2024,3.2,Sexual assault with penetration,2,ALL,U,1,t,f,0.001447,
victims,2023,6,Offences against public safety,1,ALL,U,2,t,f,0.015385,
victims,2019,5.2,Burglary involving forced entry,2,ALL,M,22398,t,f,0.714359,70.2724
victims,2022,5.3.1,Street robbery,3,ALL,F,2746,t,f,0.315306,7.8007
offenders,2021,5.8,Money laundering,2,ALL,F,19,t,f,0.234568,0.0540
offenders,2019,1.4,Other offences against persons,2,ALL,M,478,t,f,0.862816,1.4997
offenders,2020,5.9,Other property offences,2,ALL,M,1475,t,f,0.734562,4.5471
victims,2024,3,Offences against sexual freedom,1,ALL,U,3,t,f,0.000944,
victims,2021,5.5.1,Computer enabled fraud,3,ALL,M,17572,t,f,0.508361,54.4075
victims,2020,5.3.2,Robbery in dwellings,3,ALL,U,2,t,f,0.003072,
victims,2020,12,Other criminal offences,1,ALL,F,320,t,f,0.516963,0.9050
offenders,2024,6,Offences against public safety,1,ALL,F,1034,t,f,0.107239,2.8329
offenders,2023,6.1,Drug trafficking,2,ALL,M,3585,t,f,0.877172,10.9305
offenders,2019,5.4,Vehicle theft,2,ALL,F,54,t,f,0.076705,0.1553
victims,2019,5.6,Criminal damage,2,ALL,M,19011,t,f,0.662012,59.6459
offenders,2024,6.1,Drug trafficking,2,ALL,F,562,t,f,0.127409,1.5398
victims,2021,3.5,Other offences against sexual freedom,2,ALL,U,0,t,f,0.000000,
victims,2021,5.2.1,Theft from vehicles by forced entry,3,ALL,M,9685,t,f,0.773253,29.9873
victims,2020,1.2,Bodily injury,2,ALL,M,7275,t,f,0.676367,22.4274
offenders,2023,3.3,Corruption of minors,2,ALL,M,24,t,f,0.888889,0.0732
offenders,2022,10,Offences against public order,1,ALL,F,862,t,f,0.167411,2.4487
victims,2021,7,Forgery offences,1,ALL,U,0,t,f,0.000000,
victims,2019,5.5.1,Computer enabled fraud,3,ALL,F,12607,t,f,0.482435,36.2678
offenders,2024,3.1,Sexual assault,2,ALL,F,15,t,f,0.013066,0.0411
victims,2019,3.1,Sexual assault,2,ALL,M,198,t,f,0.144737,0.6212
victims,2024,3.3,Corruption of minors,2,ALL,U,0,t,f,0.000000,
victims,2023,1.1,Intentional homicide and murder,2,ALL,F,47,t,f,0.228155,0.1313
victims,2024,12,Other criminal offences,1,ALL,M,314,t,f,0.525084,0.9368
victims,2021,5.5.1,Computer enabled fraud,3,ALL,F,16991,t,f,0.491552,48.2486
victims,2022,5.3.2,Robbery in dwellings,3,ALL,M,335,t,f,0.563025,1.0371
offenders,2024,5.2.3,Burglary of commercial premises,3,ALL,F,67,t,f,0.055787,0.1836
offenders,2023,11,Offences under special legislation,1,ALL,F,12,t,f,0.196721,0.0335
offenders,2023,5.3,Robbery with violence or intimidation,2,ALL,M,4444,t,f,0.894525,13.5495
offenders,2020,1.3,Domestic violence in the family setting,2,ALL,M,9995,t,f,0.832570,30.8127
victims,2024,6.2,Road safety offences,2,ALL,F,24,t,f,0.320000,0.0658
offenders,2023,5.2.2,Domestic burglary,3,ALL,F,94,t,f,0.097510,0.2626
victims,2019,1,Offences against persons,1,ALL,U,46,t,f,0.001555,
victims,2021,5.2.1,Theft from vehicles by forced entry,3,ALL,F,2840,t,f,0.226747,8.0646
victims,2024,5.3.1,Street robbery,3,ALL,M,5523,t,f,0.723095,16.4777
victims,2021,5.5,Fraud,2,ALL,F,23012,t,f,0.488235,65.3462
victims,2020,3.1,Sexual assault,2,ALL,F,978,t,f,0.848222,2.7658
offenders,2024,2.2,Other offences against personal liberty,2,ALL,F,1136,t,f,0.174313,3.1124
offenders,2023,8,Offences against the public administration,1,ALL,M,35,t,f,0.875000,0.1067
victims,2024,1.4,Other offences against persons,2,ALL,U,0,t,f,0.000000,
offenders,2020,5.3.3,Robbery of commercial premises,3,ALL,F,119,t,f,0.162125,0.3365
victims,2024,1.1.1,Completed intentional homicide and murder,3,ALL,M,13,t,f,0.619048,0.0388
victims,2019,5.2.2,Domestic burglary,3,ALL,U,1,t,f,0.000149,
victims,2019,12,Other criminal offences,1,ALL,M,362,t,f,0.526929,1.1358
victims,2021,2,Offences against personal liberty,1,ALL,U,31,t,f,0.001783,
victims,2024,2,Offences against personal liberty,1,ALL,F,8916,t,f,0.464641,24.4279
victims,2020,5.2.3,Burglary of commercial premises,3,ALL,F,870,t,f,0.271790,2.4603
victims,2019,5.4,Vehicle theft,2,ALL,M,5380,t,f,0.788625,16.8794
victims,2020,7,Forgery offences,1,ALL,F,1165,t,f,0.454014,3.2946
offenders,2023,1.1,Intentional homicide and murder,2,ALL,M,228,t,f,0.930612,0.6952
victims,2020,5.4,Vehicle theft,2,ALL,F,957,t,f,0.204706,2.7064
offenders,2019,5.3,Robbery with violence or intimidation,2,ALL,M,3551,t,f,0.895586,11.1410
victims,2023,6.1,Drug trafficking,2,ALL,U,0,t,f,0.000000,
offenders,2021,5.3.3,Robbery of commercial premises,3,ALL,M,610,t,f,0.797386,1.8887
offenders,2020,3.5,Other offences against sexual freedom,2,ALL,M,115,t,f,0.898438,0.3545
victims,2023,12,Other criminal offences,1,ALL,F,262,t,f,0.485185,0.7318
victims,2019,5.3.3,Robbery of commercial premises,3,ALL,M,860,t,f,0.521212,2.6982
offenders,2019,5.4,Vehicle theft,2,ALL,M,650,t,f,0.923295,2.0393
offenders,2022,6.3,Other offences against public safety,2,ALL,M,190,t,f,0.844444,0.5882
offenders,2022,5.9,Other property offences,2,ALL,F,488,t,f,0.250771,1.3863
offenders,2021,5,Property offences,1,ALL,M,21246,t,f,0.728626,65.7832
offenders,2021,3.2,Sexual assault with penetration,2,ALL,M,407,t,f,0.992683,1.2602
offenders,2023,12,Other criminal offences,1,ALL,F,173,t,f,0.235054,0.4832
offenders,2021,6,Offences against public safety,1,ALL,F,743,t,f,0.103843,2.1099
offenders,2019,7,Forgery offences,1,ALL,F,481,t,f,0.254632,1.3837
offenders,2020,5.2.3,Burglary of commercial premises,3,ALL,F,71,t,f,0.068073,0.2008
offenders,2023,5.9,Other property offences,2,ALL,F,639,t,f,0.270877,1.7849
offenders,2021,5.2.1,Theft from vehicles by forced entry,3,ALL,F,53,t,f,0.059218,0.1505
victims,2023,1.1,Intentional homicide and murder,2,ALL,M,159,t,f,0.771845,0.4848
offenders,2022,3,Offences against sexual freedom,1,ALL,F,40,t,f,0.024435,0.1136
offenders,2019,3.5,Other offences against sexual freedom,2,ALL,F,3,t,f,0.023810,0.0086
offenders,2021,6,Offences against public safety,1,ALL,M,6412,t,f,0.896157,19.8532
victims,2022,5.1,Theft,2,ALL,M,47950,t,f,0.483347,148.4449
offenders,2020,3.4,Child pornography,2,ALL,F,1,t,f,0.019231,0.0028
victims,2023,1.2,Bodily injury,2,ALL,U,15,t,f,0.001087,
victims,2022,11,Offences under special legislation,1,ALL,F,0,t,f,,0.0000
offenders,2019,5.2.2,Domestic burglary,3,ALL,F,118,t,f,0.126882,0.3395
victims,2021,2,Offences against personal liberty,1,ALL,M,9404,t,f,0.540802,29.1173
victims,2019,2.1,Habitual domestic abuse,2,ALL,M,198,t,f,0.161765,0.6212
victims,2024,9,Offences against the administration of justice,1,ALL,U,20,t,f,0.004534,
victims,2023,5.5.1,Computer enabled fraud,3,ALL,F,26574,t,f,0.529647,74.2272
victims,2021,5.3,Robbery with violence or intimidation,2,ALL,F,4632,t,f,0.370916,13.1533
victims,2023,11,Offences under special legislation,1,ALL,U,0,t,f,,
victims,2022,5.3,Robbery with violence or intimidation,2,ALL,U,14,t,f,0.001087,
victims,2020,TOTAL,Total criminal offences,0,ALL,U,343,t,f,0.001500,
victims,2020,3.4,Child pornography,2,ALL,M,12,t,f,0.428571,0.0370
offenders,2022,3.1,Sexual assault,2,ALL,F,7,t,f,0.007964,0.0199
offenders,2021,11,Offences under special legislation,1,ALL,F,3,t,f,0.078947,0.0085
victims,2020,5.5,Fraud,2,ALL,F,22939,t,f,0.489240,64.8710
victims,2022,4,Offences against family relations,1,ALL,U,0,t,f,0.000000,
offenders,2021,5.6,Criminal damage,2,ALL,F,126,t,f,0.115702,0.3578
offenders,2019,1.1.1,Completed intentional homicide and murder,3,ALL,F,1,t,f,0.038462,0.0029
victims,2023,12,Other criminal offences,1,ALL,M,277,t,f,0.512963,0.8446
victims,2022,2.1,Habitual domestic abuse,2,ALL,F,1064,t,f,0.869281,3.0226
offenders,2019,5.3.3,Robbery of commercial premises,3,ALL,F,121,t,f,0.165075,0.3481
victims,2022,5.8,Money laundering,2,ALL,M,8,t,f,0.500000,0.0248
victims,2020,5.3.3,Robbery of commercial premises,3,ALL,U,2,t,f,0.001497,
offenders,2023,3.5,Other offences against sexual freedom,2,ALL,F,46,t,f,0.174905,0.1285
victims,2020,2,Offences against personal liberty,1,ALL,F,7467,t,f,0.478163,21.1165
offenders,2023,1.3,Domestic violence in the family setting,2,ALL,M,13448,t,f,0.798054,41.0022
offenders,2022,2.1,Habitual domestic abuse,2,ALL,M,703,t,f,0.867901,2.1764
offenders,2022,4,Offences against family relations,1,ALL,M,96,t,f,0.561404,0.2972
victims,2023,6.3,Other offences against public safety,2,ALL,F,30,t,f,0.441176,0.0838
victims,2024,5.3.2,Robbery in dwellings,3,ALL,F,284,t,f,0.467875,0.7781
victims,2022,5.8,Money laundering,2,ALL,U,0,t,f,0.000000,
offenders,2021,5.2.3,Burglary of commercial premises,3,ALL,F,52,t,f,0.060185,0.1477
victims,2021,1.2,Bodily injury,2,ALL,U,18,t,f,0.001465,
victims,2021,5.5.1,Computer enabled fraud,3,ALL,U,3,t,f,0.000087,
offenders,2022,5.3,Robbery with violence or intimidation,2,ALL,M,4118,t,f,0.902674,12.7486
offenders,2021,6.2,Road safety offences,2,ALL,F,314,t,f,0.076754,0.8917
offenders,2021,5.2.2,Domestic burglary,3,ALL,F,124,t,f,0.141069,0.3521
offenders,2020,5.3.3,Robbery of commercial premises,3,ALL,M,615,t,f,0.837875,1.8959
victims,2024,TOTAL,Total criminal offences,0,ALL,M,156163,t,f,0.527382,465.9088
victims,2024,11,Offences under special legislation,1,ALL,F,0,t,f,,0.0000
victims,2019,10,Offences against public order,1,ALL,F,111,t,f,0.042221,0.3193
offenders,2022,1.3,Domestic violence in the family setting,2,ALL,M,12483,t,f,0.806343,38.6452
victims,2023,11,Offences under special legislation,1,ALL,M,0,t,f,,0.0000
victims,2023,5.3.3,Robbery of commercial premises,3,ALL,F,612,t,f,0.406375,1.7095
victims,2019,5.3,Robbery with violence or intimidation,2,ALL,U,15,t,f,0.000937,
victims,2021,10,Offences against public order,1,ALL,F,154,t,f,0.055636,0.4373
victims,2019,3.3,Corruption of minors,2,ALL,F,36,t,f,0.553846,0.1036
offenders,2022,5.5.1,Computer enabled fraud,3,ALL,M,1051,t,f,0.740662,3.2537
victims,2022,4,Offences against family relations,1,ALL,M,272,t,f,0.312285,0.8421
offenders,2023,3.2,Sexual assault with penetration,2,ALL,F,9,t,f,0.017341,0.0251
offenders,2024,5.3.1,Street robbery,3,ALL,F,180,t,f,0.058347,0.4932
offenders,2020,5.3.1,Street robbery,3,ALL,M,2064,t,f,0.916112,6.3629
victims,2021,2.1,Habitual domestic abuse,2,ALL,M,169,t,f,0.128811,0.5233
offenders,2024,1.1.1,Completed intentional homicide and murder,3,ALL,M,23,t,f,0.884615,0.0686
offenders,2023,5.6,Criminal damage,2,ALL,M,1050,t,f,0.883095,3.2014
offenders,2021,1.2,Bodily injury,2,ALL,M,3023,t,f,0.841124,9.3600
victims,2021,2,Offences against personal liberty,1,ALL,F,7954,t,f,0.457416,22.5866
victims,2020,3.3,Corruption of minors,2,ALL,F,27,t,f,0.574468,0.0764
offenders,2022,5.7,Offences against intellectual and industrial property,2,ALL,F,18,t,f,0.105882,0.0511
victims,2020,6.2,Road safety offences,2,ALL,F,17,t,f,0.232877,0.0481
victims,2020,2,Offences against personal liberty,1,ALL,U,41,t,f,0.002626,
victims,2024,2,Offences against personal liberty,1,ALL,M,10266,t,f,0.534994,30.6284
victims,2020,4,Offences against family relations,1,ALL,U,2,t,f,0.002677,
offenders,2023,3.5,Other offences against sexual freedom,2,ALL,M,217,t,f,0.825095,0.6616
victims,2020,8,Offences against the public administration,1,ALL,M,2,t,f,0.181818,0.0062
victims,2023,6.1,Drug trafficking,2,ALL,F,2,t,f,0.100000,0.0056
offenders,2020,5.1,Theft,2,ALL,M,8830,t,f,0.646082,27.2212
victims,2019,1.2,Bodily injury,2,ALL,F,4466,t,f,0.319525,12.8478
offenders,2024,10,Offences against public order,1,ALL,F,934,t,f,0.170128,2.5590
offenders,2024,5.5,Fraud,2,ALL,F,1083,t,f,0.251626,2.9672
offenders,2022,5.1,Theft,2,ALL,M,12219,t,f,0.637469,37.8279
victims,2024,5.9,Other property offences,2,ALL,M,4203,t,f,0.598547,12.5396
victims,2021,5.9,Other property offences,2,ALL,M,2726,t,f,0.616882,8.4404
offenders,2024,3.5,Other offences against sexual freedom,2,ALL,F,64,t,f,0.226950,0.1753
victims,2020,1.1.1,Completed intentional homicide and murder,3,ALL,U,0,t,f,0.000000,
victims,2020,10,Offences against public order,1,ALL,U,164,t,f,0.063053,
offenders,2022,TOTAL,Total criminal offences,0,ALL,F,16725,t,f,0.199721,47.5117
offenders,2021,6.1,Drug trafficking,2,ALL,F,405,t,f,0.138367,1.1501
offenders,2024,5.5,Fraud,2,ALL,M,3221,t,f,0.748374,9.6098
offenders,2019,5.2.3,Burglary of commercial premises,3,ALL,F,56,t,f,0.059829,0.1611
victims,2021,5.2.1,Theft from vehicles by forced entry,3,ALL,U,0,t,f,0.000000,
offenders,2020,6.2,Road safety offences,2,ALL,M,3324,t,f,0.927455,10.2473
victims,2022,2.2,Other offences against personal liberty,2,ALL,F,6690,t,f,0.418806,19.0047
offenders,2022,1,Offences against persons,1,ALL,F,3792,t,f,0.182036,10.7722
victims,2019,5.8,Money laundering,2,ALL,U,0,t,f,0.000000,
victims,2024,7,Forgery offences,1,ALL,M,3396,t,f,0.535393,10.1319
victims,2019,5.4,Vehicle theft,2,ALL,U,0,t,f,0.000000,
offenders,2023,5.2.2,Domestic burglary,3,ALL,M,870,t,f,0.902490,2.6526
victims,2023,3.4,Child pornography,2,ALL,F,24,t,f,0.705882,0.0670
offenders,2019,1.2,Bodily injury,2,ALL,F,572,t,f,0.149974,1.6455
offenders,2021,2.2,Other offences against personal liberty,2,ALL,F,753,t,f,0.171020,2.1383
victims,2022,5.5.1,Computer enabled fraud,3,ALL,F,22187,t,f,0.515773,63.0280
victims,2022,1.1.1,Completed intentional homicide and murder,3,ALL,U,0,t,f,0.000000,
victims,2020,1.4,Other offences against persons,2,ALL,F,179,t,f,0.464935,0.5062
victims,2019,1.3,Domestic violence in the family setting,2,ALL,U,24,t,f,0.001605,
victims,2023,5,Property offences,1,ALL,M,125526,t,f,0.542881,382.7219
victims,2022,8,Offences against the public administration,1,ALL,U,1,t,f,0.058824,
victims,2019,6.2,Road safety offences,2,ALL,U,0,t,f,0.000000,
victims,2019,3,Offences against sexual freedom,1,ALL,F,1886,t,f,0.839715,5.4256
offenders,2020,6.1,Drug trafficking,2,ALL,M,2468,t,f,0.891296,7.6084
offenders,2020,5.2.2,Domestic burglary,3,ALL,M,932,t,f,0.911937,2.8732
victims,2019,9,Offences against the administration of justice,1,ALL,M,372,t,f,0.145256,1.1671
offenders,2019,12,Other criminal offences,1,ALL,F,119,t,f,0.197347,0.3423
offenders,2021,3.5,Other offences against sexual freedom,2,ALL,F,15,t,f,0.102740,0.0426
victims,2019,3.5,Other offences against sexual freedom,2,ALL,M,73,t,f,0.228125,0.2290
victims,2019,3.2,Sexual assault with penetration,2,ALL,M,44,t,f,0.094017,0.1380
offenders,2021,5.5,Fraud,2,ALL,M,1726,t,f,0.738554,5.3441
offenders,2023,5.2.1,Theft from vehicles by forced entry,3,ALL,F,63,t,f,0.047440,0.1760
offenders,2022,3.4,Child pornography,2,ALL,F,1,t,f,0.014493,0.0028
victims,2020,5.3.1,Street robbery,3,ALL,M,4740,t,f,0.628314,14.6125
victims,2019,5.3,Robbery with violence or intimidation,2,ALL,M,9769,t,f,0.610105,30.6497
offenders,2020,3.3,Corruption of minors,2,ALL,M,21,t,f,0.954545,0.0647
victims,2022,3.4,Child pornography,2,ALL,F,9,t,f,0.642857,0.0256
offenders,2024,5.9,Other property offences,2,ALL,M,1665,t,f,0.760274,4.9675
victims,2023,7,Forgery offences,1,ALL,M,3325,t,f,0.552601,10.1377
victims,2023,5.5.1,Computer enabled fraud,3,ALL,U,4,t,f,0.000080,
offenders,2020,5.2.1,Theft from vehicles by forced entry,3,ALL,M,855,t,f,0.938529,2.6358
offenders,2020,1.1.1,Completed intentional homicide and murder,3,ALL,M,51,t,f,0.879310,0.1572
victims,2021,1.3,Domestic violence in the family setting,2,ALL,U,17,t,f,0.001013,
victims,2019,5.2,Burglary involving forced entry,2,ALL,F,8955,t,f,0.285609,25.7618
offenders,2022,5.3.2,Robbery in dwellings,3,ALL,F,25,t,f,0.157233,0.0710
victims,2023,5.2.2,Domestic burglary,3,ALL,U,2,t,f,0.000392,
offenders,2023,1.3,Domestic violence in the family setting,2,ALL,F,3403,t,f,0.201946,9.5053
offenders,2022,2,Offences against personal liberty,1,ALL,F,972,t,f,0.161569,2.7612
victims,2022,5.2.3,Burglary of commercial premises,3,ALL,F,866,t,f,0.344883,2.4601
offenders,2019,5.3.2,Robbery in dwellings,3,ALL,F,20,t,f,0.155039,0.0575
victims,2021,1.1,Intentional homicide and murder,2,ALL,U,0,t,f,0.000000,
victims,2020,4,Offences against family relations,1,ALL,F,523,t,f,0.700134,1.4790
victims,2019,3.5,Other offences against sexual freedom,2,ALL,U,2,t,f,0.006250,
victims,2024,4,Offences against family relations,1,ALL,M,224,t,f,0.299465,0.6683
offenders,2023,5.8,Money laundering,2,ALL,M,106,t,f,0.746479,0.3232
victims,2019,5.1,Theft,2,ALL,U,110,t,f,0.000914,
victims,2024,9,Offences against the administration of justice,1,ALL,F,3528,t,f,0.799819,9.6660
victims,2023,5.3.3,Robbery of commercial premises,3,ALL,M,893,t,f,0.592961,2.7227
victims,2024,TOTAL,Total criminal offences,0,ALL,F,139479,t,f,0.471038,382.1424
offenders,2019,6.2,Road safety offences,2,ALL,F,346,t,f,0.082795,0.9954
offenders,2020,5.4,Vehicle theft,2,ALL,M,567,t,f,0.908654,1.7480
victims,2022,3.4,Child pornography,2,ALL,U,0,t,f,0.000000,
victims,2024,2.1,Habitual domestic abuse,2,ALL,U,1,t,f,0.000728,
victims,2020,6.2,Road safety offences,2,ALL,M,55,t,f,0.753425,0.1696
victims,2021,5,Property offences,1,ALL,U,92,t,f,0.000478,
offenders,2021,4,Offences against family relations,1,ALL,F,78,t,f,0.397959,0.2215
victims,2021,5.6,Criminal damage,2,ALL,F,7373,t,f,0.346166,20.9368
victims,2021,1.1,Intentional homicide and murder,2,ALL,F,31,t,f,0.231343,0.0880
victims,2023,5.2.3,Burglary of commercial premises,3,ALL,F,1000,t,f,0.344116,2.7932
offenders,2022,3.4,Child pornography,2,ALL,M,68,t,f,0.985507,0.2105
victims,2024,6.1,Drug trafficking,2,ALL,F,7,t,f,0.318182,0.0192
offenders,2023,5.2.1,Theft from vehicles by forced entry,3,ALL,M,1265,t,f,0.952560,3.8569
victims,2024,5.9,Other property offences,2,ALL,U,47,t,f,0.006693,
offenders,2023,5.8,Money laundering,2,ALL,F,36,t,f,0.253521,0.1006
victims,2020,5.2.3,Burglary of commercial premises,3,ALL,U,0,t,f,0.000000,
victims,2020,5.3,Robbery with violence or intimidation,2,ALL,F,4248,t,f,0.386393,12.0133
victims,2022,6,Offences against public safety,1,ALL,U,0,t,f,0.000000,
offenders,2021,TOTAL,Total criminal offences,0,ALL,F,14845,t,f,0.202314,42.1547
victims,2020,1.1.1,Completed intentional homicide and murder,3,ALL,M,26,t,f,0.684211,0.0802
victims,2023,5.2,Burglary involving forced entry,2,ALL,U,2,t,f,0.000075,
victims,2020,1,Offences against persons,1,ALL,M,10752,t,f,0.409631,33.1464
victims,2022,12,Other criminal offences,1,ALL,F,314,t,f,0.514754,0.8920
victims,2022,5.5,Fraud,2,ALL,F,29054,t,f,0.505938,82.5355
offenders,2022,6.1,Drug trafficking,2,ALL,M,3065,t,f,0.855190,9.4887
offenders,2021,2.1,Habitual domestic abuse,2,ALL,F,104,t,f,0.113290,0.2953
victims,2021,3.4,Child pornography,2,ALL,M,15,t,f,0.652174,0.0464
victims,2022,1.2,Bodily injury,2,ALL,U,15,t,f,0.001091,
offenders,2021,1.4,Other offences against persons,2,ALL,M,644,t,f,0.846255,1.9940
offenders,2020,7,Forgery offences,1,ALL,F,377,t,f,0.241822,1.0661
victims,2020,5.3.3,Robbery of commercial premises,3,ALL,M,689,t,f,0.515719,2.1241
offenders,2023,6.2,Road safety offences,2,ALL,M,4303,t,f,0.921808,13.1196
offenders,2023,3.2,Sexual assault with penetration,2,ALL,M,510,t,f,0.982659,1.5550
victims,2021,4,Offences against family relations,1,ALL,U,1,t,f,0.001081,
offenders,2020,6.2,Road safety offences,2,ALL,F,260,t,f,0.072545,0.7353
victims,2019,5.8,Money laundering,2,ALL,F,8,t,f,0.888889,0.0230
offenders,2023,1.2,Bodily injury,2,ALL,F,761,t,f,0.174742,2.1256
victims,2019,5.1,Theft,2,ALL,F,66116,t,f,0.549159,190.2026
offenders,2024,3.4,Child pornography,2,ALL,M,106,t,f,0.905983,0.3162
victims,2021,6,Offences against public safety,1,ALL,M,115,t,f,0.718750,0.3561
victims,2021,2.2,Other offences against personal liberty,2,ALL,F,6813,t,f,0.423773,19.3466
victims,2022,2.1,Habitual domestic abuse,2,ALL,U,0,t,f,0.000000,
victims,2019,10,Offences against public order,1,ALL,U,210,t,f,0.079878,
offenders,2023,5.6,Criminal damage,2,ALL,F,139,t,f,0.116905,0.3883
offenders,2020,5.2.1,Theft from vehicles by forced entry,3,ALL,F,56,t,f,0.061471,0.1584
victims,2019,5.9,Other property offences,2,ALL,M,2838,t,f,0.585517,8.9041
victims,2024,12,Other criminal offences,1,ALL,F,284,t,f,0.474916,0.7781
victims,2023,3.5,Other offences against sexual freedom,2,ALL,M,85,t,f,0.218509,0.2592
victims,2021,3.2,Sexual assault with penetration,2,ALL,U,0,t,f,0.000000,
victims,2024,4,Offences against family relations,1,ALL,U,0,t,f,0.000000,
victims,2024,1.1.1,Completed intentional homicide and murder,3,ALL,F,8,t,f,0.380952,0.0219
offenders,2022,1.4,Other offences against persons,2,ALL,F,123,t,f,0.137584,0.3494
victims,2021,5.9,Other property offences,2,ALL,F,1690,t,f,0.382439,4.7990
offenders,2023,3.4,Child pornography,2,ALL,F,3,t,f,0.029703,0.0084
offenders,2022,1.1,Intentional homicide and murder,2,ALL,M,208,t,f,0.892704,0.6439
offenders,2020,2.1,Habitual domestic abuse,2,ALL,M,726,t,f,0.892989,2.2381
offenders,2019,5.1,Theft,2,ALL,M,12366,t,f,0.626666,38.7976
offenders,2021,5.1,Theft,2,ALL,F,5887,t,f,0.375351,16.7171
victims,2021,5.2.3,Burglary of commercial premises,3,ALL,M,1645,t,f,0.671977,5.0934
victims,2020,5.8,Money laundering,2,ALL,F,5,t,f,0.500000,0.0141
offenders,2020,6.3,Other offences against public safety,2,ALL,M,175,t,f,0.833333,0.5395
offenders,2020,5.2,Burglary involving forced entry,2,ALL,F,264,t,f,0.070175,0.7466
victims,2024,6,Offences against public safety,1,ALL,F,60,t,f,0.340909,0.1644
offenders,2023,1.4,Other offences against persons,2,ALL,M,1025,t,f,0.852037,3.1252
offenders,2023,5.2,Burglary involving forced entry,2,ALL,M,4106,t,f,0.940018,12.5190
victims,2022,1.1,Intentional homicide and murder,2,ALL,M,137,t,f,0.744565,0.4241
victims,2023,2,Offences against personal liberty,1,ALL,F,8443,t,f,0.459858,23.5832
victims,2019,6.3,Other offences against public safety,2,ALL,M,41,t,f,0.585714,0.1286
offenders,2020,5.3,Robbery with violence or intimidation,2,ALL,F,384,t,f,0.105004,1.0859
offenders,2021,3.1,Sexual assault,2,ALL,M,822,t,f,0.985612,2.5451
offenders,2022,4,Offences against family relations,1,ALL,F,75,t,f,0.438596,0.2131
victims,2020,3.5,Other offences against sexual freedom,2,ALL,F,210,t,f,0.729167,0.5939
victims,2024,6.3,Other offences against public safety,2,ALL,U,0,t,f,0.000000,
victims,2023,5.1,Theft,2,ALL,F,49005,t,f,0.519952,136.8820
offenders,2024,3.2,Sexual assault with penetration,2,ALL,M,503,t,f,0.998016,1.5007
offenders,2023,3.3,Corruption of minors,2,ALL,F,3,t,f,0.111111,0.0084
offenders,2021,3,Offences against sexual freedom,1,ALL,F,34,t,f,0.022896,0.0965
offenders,2019,1.1,Intentional homicide and murder,2,ALL,F,8,t,f,0.062016,0.0230
offenders,2024,4,Offences against family relations,1,ALL,M,84,t,f,0.482759,0.2506
victims,2020,7,Forgery offences,1,ALL,U,0,t,f,0.000000,
victims,2021,1,Offences against persons,1,ALL,F,17001,t,f,0.573796,48.2770
victims,2023,3.5,Other offences against sexual freedom,2,ALL,U,2,t,f,0.005141,
victims,2020,5.5,Fraud,2,ALL,M,23944,t,f,0.510675,73.8148
victims,2019,5.2.3,Burglary of commercial premises,3,ALL,F,1343,t,f,0.322526,3.8635
offenders,2020,5.7,Offences against intellectual and industrial property,2,ALL,F,16,t,f,0.225352,0.0452
offenders,2019,1.2,Bodily injury,2,ALL,M,3242,t,f,0.850026,10.1716
victims,2019,2,Offences against personal liberty,1,ALL,M,7940,t,f,0.506992,24.9113
victims,2023,6.3,Other offences against public safety,2,ALL,U,0,t,f,0.000000,
victims,2022,3,Offences against sexual freedom,1,ALL,F,2277,t,f,0.867759,6.4684
offenders,2021,5.3.2,Robbery in dwellings,3,ALL,F,27,t,f,0.149171,0.0767
victims,2023,6.3,Other offences against public safety,2,ALL,M,38,t,f,0.558824,0.1159
offenders,2022,11,Offences under special legislation,1,ALL,M,13,t,f,0.764706,0.0402
victims,2019,6.3,Other offences against public safety,2,ALL,F,29,t,f,0.414286,0.0834
victims,2024,5.3.1,Street robbery,3,ALL,F,2110,t,f,0.276250,5.7809
victims,2023,1.4,Other offences against persons,2,ALL,M,328,t,f,0.543947,1.0001
victims,2021,5.2.2,Domestic burglary,3,ALL,U,3,t,f,0.000623,
offenders,2020,3.1,Sexual assault,2,ALL,M,627,t,f,0.985849,1.9329
offenders,2019,3.5,Other offences against sexual freedom,2,ALL,M,123,t,f,0.976190,0.3859
victims,2023,5.2,Burglary involving forced entry,2,ALL,F,7742,t,f,0.291447,21.6251
victims,2022,3.2,Sexual assault with penetration,2,ALL,U,0,t,f,0.000000,
victims,2021,12,Other criminal offences,1,ALL,M,333,t,f,0.546798,1.0311
offenders,2024,12,Other criminal offences,1,ALL,F,142,t,f,0.176837,0.3890
victims,2020,10,Offences against public order,1,ALL,F,132,t,f,0.050750,0.3733
offenders,2024,5.7,Offences against intellectual and industrial property,2,ALL,F,18,t,f,0.071713,0.0493
victims,2019,6.1,Drug trafficking,2,ALL,U,0,t,f,0.000000,
victims,2020,1.1,Intentional homicide and murder,2,ALL,U,0,t,f,0.000000,
victims,2024,5.2.1,Theft from vehicles by forced entry,3,ALL,U,1,t,f,0.000058,
offenders,2022,1.2,Bodily injury,2,ALL,F,646,t,f,0.152972,1.8351
victims,2021,5.3.1,Street robbery,3,ALL,F,3084,t,f,0.362952,8.7575
offenders,2024,5,Property offences,1,ALL,M,31428,t,f,0.757776,93.7647
offenders,2022,5,Property offences,1,ALL,F,9117,t,f,0.263642,25.8992
victims,2023,5.4,Vehicle theft,2,ALL,F,1230,t,f,0.229050,3.4357
offenders,2021,8,Offences against the public administration,1,ALL,M,49,t,f,0.803279,0.1517
victims,2023,2,Offences against personal liberty,1,ALL,U,30,t,f,0.001634,
offenders,2022,10,Offences against public order,1,ALL,M,4287,t,f,0.832589,13.2718
victims,2023,10,Offences against public order,1,ALL,U,131,t,f,0.062679,
offenders,2022,3.1,Sexual assault,2,ALL,M,872,t,f,0.992036,2.6996
victims,2023,1.3,Domestic violence in the family setting,2,ALL,F,15580,t,f,0.762007,43.5184
victims,2021,8,Offences against the public administration,1,ALL,M,6,t,f,0.500000,0.0186
offenders,2020,5.8,Money laundering,2,ALL,M,79,t,f,0.745283,0.2435
offenders,2021,2,Offences against personal liberty,1,ALL,M,4464,t,f,0.838940,13.8217
victims,2022,3.3,Corruption of minors,2,ALL,F,27,t,f,0.658537,0.0767
offenders,2021,2.2,Other offences against personal liberty,2,ALL,M,3650,t,f,0.828980,11.3014
victims,2020,5.5,Fraud,2,ALL,U,4,t,f,0.000085,
victims,2019,5.5,Fraud,2,ALL,U,7,t,f,0.000149,
victims,2019,5.2.1,Theft from vehicles by forced entry,3,ALL,F,3854,t,f,0.216237,11.0872
victims,2021,1.4,Other offences against persons,2,ALL,U,0,t,f,0.000000,
victims,2019,2.1,Habitual domestic abuse,2,ALL,F,1024,t,f,0.836601,2.9458
victims,2024,1.4,Other offences against persons,2,ALL,F,322,t,f,0.426490,0.8822
victims,2023,5.6,Criminal damage,2,ALL,M,14567,t,f,0.649240,44.4140
victims,2022,3.4,Child pornography,2,ALL,M,5,t,f,0.357143,0.0155
victims,2024,6.2,Road safety offences,2,ALL,M,51,t,f,0.680000,0.1522
victims,2021,5.1,Theft,2,ALL,U,66,t,f,0.000823,
victims,2022,5.5,Fraud,2,ALL,M,28362,t,f,0.493888,87.8039
offenders,2023,3,Offences against sexual freedom,1,ALL,F,89,t,f,0.044545,0.2486
victims,2020,4,Offences against family relations,1,ALL,M,222,t,f,0.297189,0.6844
offenders,2020,8,Offences against the public administration,1,ALL,M,17,t,f,0.894737,0.0524
offenders,2022,5.7,Offences against intellectual and industrial property,2,ALL,M,152,t,f,0.894118,0.4706
victims,2020,5,Property offences,1,ALL,F,79721,t,f,0.454238,225.4493
victims,2021,6,Offences against public safety,1,ALL,U,1,t,f,0.006250,
victims,2019,5.1,Theft,2,ALL,M,54169,t,f,0.449927,169.9520
offenders,2020,12,Other criminal offences,1,ALL,F,108,t,f,0.226891,0.3054
victims,2022,5.7,Offences against intellectual and industrial property,2,ALL,M,17,t,f,0.586207,0.0526
victims,2024,3.2,Sexual assault with penetration,2,ALL,F,625,t,f,0.904486,1.7124
offenders,2024,3.4,Child pornography,2,ALL,F,11,t,f,0.094017,0.0301
victims,2021,1,Offences against persons,1,ALL,M,12593,t,f,0.425023,38.9912
victims,2020,5,Property offences,1,ALL,U,74,t,f,0.000422,
victims,2019,7,Forgery offences,1,ALL,M,1133,t,f,0.561447,3.5547
offenders,2024,6.1,Drug trafficking,2,ALL,M,3849,t,f,0.872591,11.4834
victims,2020,5.8,Money laundering,2,ALL,U,0,t,f,0.000000,
victims,2020,3.4,Child pornography,2,ALL,U,0,t,f,0.000000,
offenders,2020,11,Offences under special legislation,1,ALL,F,1,t,f,0.031250,0.0028
offenders,2022,TOTAL,Total criminal offences,0,ALL,M,67017,t,f,0.800279,207.4731
victims,2022,1.2,Bodily injury,2,ALL,M,9533,t,f,0.693107,29.5125
victims,2020,2.2,Other offences against personal liberty,2,ALL,M,7962,t,f,0.549862,24.5453
victims,2021,7,Forgery offences,1,ALL,F,2062,t,f,0.477094,5.8554
offenders,2019,1.1,Intentional homicide and murder,2,ALL,M,121,t,f,0.937984,0.3796
offenders,2022,1.1.1,Completed intentional homicide and murder,3,ALL,M,54,t,f,0.870968,0.1672
victims,2019,5,Property offences,1,ALL,F,116697,t,f,0.457472,335.7142
victims,2019,12,Other criminal offences,1,ALL,U,0,t,f,0.000000,
offenders,2020,5.4,Vehicle theft,2,ALL,F,57,t,f,0.091346,0.1612
victims,2023,3.2,Sexual assault with penetration,2,ALL,F,615,t,f,0.919283,1.7178
offenders,2019,2,Offences against personal liberty,1,ALL,M,3591,t,f,0.839411,11.2665
victims,2020,8,Offences against the public administration,1,ALL,U,0,t,f,0.000000,
victims,2021,6.3,Other offences against public safety,2,ALL,M,46,t,f,0.754098,0.1424
offenders,2020,8,Offences against the public administration,1,ALL,F,2,t,f,0.105263,0.0057
victims,2021,7,Forgery offences,1,ALL,M,2260,t,f,0.522906,6.9976
offenders,2019,6.1,Drug trafficking,2,ALL,F,338,t,f,0.114771,0.9724
victims,2022,5.3.3,Robbery of commercial premises,3,ALL,U,4,t,f,0.002375,
offenders,2024,TOTAL,Total criminal offences,0,ALL,F,19110,t,f,0.194843,52.3573
victims,2024,8,Offences against the public administration,1,ALL,U,0,t,f,0.000000,
victims,2019,6,Offences against public safety,1,ALL,M,121,t,f,0.675978,0.3796
victims,2023,3.4,Child pornography,2,ALL,M,10,t,f,0.294118,0.0305
victims,2021,3.1,Sexual assault,2,ALL,M,155,t,f,0.108772,0.4799
victims,2024,5.6,Criminal damage,2,ALL,U,4,t,f,0.000182,
offenders,2022,5.5.1,Computer enabled fraud,3,ALL,F,368,t,f,0.259338,1.0454
victims,2023,5.2,Burglary involving forced entry,2,ALL,M,18820,t,f,0.708478,57.3811
victims,2019,5.2,Burglary involving forced entry,2,ALL,U,1,t,f,0.000032,
victims,2021,5.7,Offences against intellectual and industrial property,2,ALL,F,13,t,f,0.361111,0.0369
victims,2021,5,Property offences,1,ALL,F,87188,t,f,0.453191,247.5841
offenders,2020,10,Offences against public order,1,ALL,M,4588,t,f,0.839832,14.1439
victims,2024,1.1.1,Completed intentional homicide and murder,3,ALL,U,0,t,f,0.000000,
offenders,2022,5.1,Theft,2,ALL,F,6949,t,f,0.362531,19.7405
victims,2023,2.1,Habitual domestic abuse,2,ALL,F,1227,t,f,0.872068,3.4273
victims,2020,9,Offences against the administration of justice,1,ALL,M,384,t,f,0.151599,1.1838
victims,2021,5.3.3,Robbery of commercial premises,3,ALL,F,556,t,f,0.429675,1.5788
offenders,2024,11,Offences under special legislation,1,ALL,M,73,t,f,0.768421,0.2178
victims,2022,5.8,Money laundering,2,ALL,F,8,t,f,0.500000,0.0227
victims,2021,5.3,Robbery with violence or intimidation,2,ALL,U,9,t,f,0.000721,
offenders,2022,5.2.1,Theft from vehicles by forced entry,3,ALL,M,1103,t,f,0.936333,3.4147
victims,2022,5.2.1,Theft from vehicles by forced entry,3,ALL,F,3732,t,f,0.228257,10.6017
victims,2024,5.2.1,Theft from vehicles by forced entry,3,ALL,M,12937,t,f,0.746337,38.5973
victims,2022,5.3,Robbery with violence or intimidation,2,ALL,F,4350,t,f,0.337654,12.3573
victims,2021,3,Offences against sexual freedom,1,ALL,M,304,t,f,0.128650,0.9413
offenders,2020,2.1,Habitual domestic abuse,2,ALL,F,87,t,f,0.107011,0.2460
victims,2019,TOTAL,Total criminal offences,0,ALL,F,147287,t,f,0.472836,423.7156
offenders,2021,5.2.2,Domestic burglary,3,ALL,M,755,t,f,0.858931,2.3377
victims,2024,5.6,Criminal damage,2,ALL,F,7903,t,f,0.358803,21.6525
victims,2020,5.3.3,Robbery of commercial premises,3,ALL,F,645,t,f,0.482784,1.8240
victims,2020,2.1,Habitual domestic abuse,2,ALL,F,988,t,f,0.869718,2.7940
victims,2021,6.2,Road safety offences,2,ALL,F,26,t,f,0.320988,0.0738
offenders,2021,5.4,Vehicle theft,2,ALL,M,495,t,f,0.925234,1.5327
offenders,2019,5.7,Offences against intellectual and industrial property,2,ALL,M,149,t,f,0.892216,0.4675
victims,2019,1,Offences against persons,1,ALL,M,12682,t,f,0.428779,39.7890
offenders,2020,4,Offences against family relations,1,ALL,F,57,t,f,0.428571,0.1612
offenders,2024,6.2,Road safety offences,2,ALL,F,394,t,f,0.082238,1.0795
offenders,2022,5.2.3,Burglary of commercial premises,3,ALL,M,884,t,f,0.955676,2.7367
victims,2019,7,Forgery offences,1,ALL,U,1,t,f,0.000496,
offenders,2023,6,Offences against public safety,1,ALL,M,8063,t,f,0.896885,24.5836
offenders,2024,2.1,Habitual domestic abuse,2,ALL,F,113,t,f,0.117098,0.3096
victims,2022,8,Offences against the public administration,1,ALL,M,5,t,f,0.294118,0.0155
victims,2022,5.3.3,Robbery of commercial premises,3,ALL,F,757,t,f,0.449525,2.1505
victims,2019,3.2,Sexual assault with penetration,2,ALL,F,423,t,f,0.903846,1.2169
offenders,2023,5.3.2,Robbery in dwellings,3,ALL,F,30,t,f,0.136364,0.0838
victims,2021,5.7,Offences against intellectual and industrial property,2,ALL,U,0,t,f,0.000000,
victims,2021,5.1,Theft,2,ALL,F,43090,t,f,0.537637,122.3609
offenders,2021,3.3,Corruption of minors,2,ALL,M,23,t,f,0.920000,0.0712
offenders,2019,10,Offences against public order,1,ALL,M,3074,t,f,0.830138,9.6445
victims,2024,5.2,Burglary involving forced entry,2,ALL,F,8333,t,f,0.302008,22.8306
victims,2023,1.1.1,Completed intentional homicide and murder,3,ALL,M,16,t,f,0.484848,0.0488
offenders,2024,1.1,Intentional homicide and murder,2,ALL,F,17,t,f,0.065891,0.0466
victims,2022,9,Offences against the administration of justice,1,ALL,U,3,t,f,0.000952,
offenders,2023,2.2,Other offences against personal liberty,2,ALL,M,4959,t,f,0.821434,15.1197
offenders,2024,5.6,Criminal damage,2,ALL,M,1415,t,f,0.905310,4.2216
victims,2020,1.4,Other offences against persons,2,ALL,M,205,t,f,0.532468,0.6320
victims,2020,1.2,Bodily injury,2,ALL,F,3461,t,f,0.321774,9.7876
victims,2019,4,Offences against family relations,1,ALL,F,597,t,f,0.713262,1.7175
offenders,2021,5,Property offences,1,ALL,F,7913,t,f,0.271374,22.4702
victims,2022,1,Offences against persons,1,ALL,U,21,t,f,0.000626,
offenders,2024,5.2.2,Domestic burglary,3,ALL,F,104,t,f,0.111468,0.2849
victims,2019,5.3.1,Street robbery,3,ALL,U,10,t,f,0.000884,
victims,2022,12,Other criminal offences,1,ALL,U,1,t,f,0.001639,
victims,2023,4,Offences against family relations,1,ALL,F,507,t,f,0.701245,1.4162
victims,2019,6,Offences against public safety,1,ALL,U,0,t,f,0.000000,
offenders,2023,5.2.3,Burglary of commercial premises,3,ALL,F,61,t,f,0.048839,0.1704
victims,2021,5.2,Burglary involving forced entry,2,ALL,M,15365,t,f,0.708424,47.5741
offenders,2020,1.4,Other offences against persons,2,ALL,F,71,t,f,0.139764,0.2008
victims,2023,5.8,Money laundering,2,ALL,U,0,t,f,0.000000,
offenders,2021,6.1,Drug trafficking,2,ALL,M,2522,t,f,0.861633,7.8088
offenders,2022,2.2,Other offences against personal liberty,2,ALL,M,4341,t,f,0.833846,13.4390
offenders,2023,2.2,Other offences against personal liberty,2,ALL,F,1078,t,f,0.178566,3.0111
offenders,2021,4,Offences against family relations,1,ALL,M,118,t,f,0.602041,0.3654
victims,2023,5.9,Other property offences,2,ALL,F,2525,t,f,0.395768,7.0529
victims,2019,5.9,Other property offences,2,ALL,U,9,t,f,0.001857,
victims,2020,3.2,Sexual assault with penetration,2,ALL,M,33,t,f,0.067901,0.1017
offenders,2022,5.2,Burglary involving forced entry,2,ALL,M,3638,t,f,0.924759,11.2626
victims,2020,5.2,Burglary involving forced entry,2,ALL,U,3,t,f,0.000148,
victims,2021,5.3.1,Street robbery,3,ALL,M,5408,t,f,0.636460,16.7446
offenders,2019,5.3.1,Street robbery,3,ALL,F,233,t,f,0.089306,0.6703
offenders,2024,3.3,Corruption of minors,2,ALL,F,4,t,f,0.153846,0.0110
victims,2021,5.6,Criminal damage,2,ALL,M,13921,t,f,0.653599,43.1031
offenders,2019,5.2.3,Burglary of commercial premises,3,ALL,M,880,t,f,0.940171,2.7609
offenders,2023,5.7,Offences against intellectual and industrial property,2,ALL,M,106,t,f,0.921739,0.3232
victims,2024,5.8,Money laundering,2,ALL,M,9,t,f,0.529412,0.0269
offenders,2019,5.8,Money laundering,2,ALL,M,48,t,f,0.676056,0.1506
offenders,2024,5.5.1,Computer enabled fraud,3,ALL,F,612,t,f,0.271397,1.6767
victims,2024,5.8,Money laundering,2,ALL,F,8,t,f,0.470588,0.0219
victims,2024,5.5.1,Computer enabled fraud,3,ALL,M,22666,t,f,0.488987,67.6235
victims,2023,6,Offences against public safety,1,ALL,M,85,t,f,0.653846,0.2592
victims,2020,3.3,Corruption of minors,2,ALL,M,20,t,f,0.425532,0.0617
offenders,2024,5.4,Vehicle theft,2,ALL,F,56,t,f,0.083458,0.1534
offenders,2019,2.2,Other offences against personal liberty,2,ALL,M,2837,t,f,0.823512,8.9009
offenders,2019,5.3.2,Robbery in dwellings,3,ALL,M,109,t,f,0.844961,0.3420
offenders,2019,3.3,Corruption of minors,2,ALL,M,26,t,f,0.928571,0.0816
victims,2020,3.1,Sexual assault,2,ALL,M,172,t,f,0.149176,0.5302
offenders,2020,5.6,Criminal damage,2,ALL,F,113,t,f,0.128848,0.3196
offenders,2019,1,Offences against persons,1,ALL,F,2359,t,f,0.144724,6.7864
victims,2021,1,Offences against persons,1,ALL,U,35,t,f,0.001181,
victims,2019,1.1.1,Completed intentional homicide and murder,3,ALL,M,17,t,f,0.531250,0.0533
victims,2024,1.3,Domestic violence in the family setting,2,ALL,M,5309,t,f,0.247367,15.8393
victims,2020,5.2.2,Domestic burglary,3,ALL,M,2194,t,f,0.564010,6.7637
victims,2024,5.2.2,Domestic burglary,3,ALL,M,2832,t,f,0.541181,8.4492
offenders,2022,5.2.3,Burglary of commercial premises,3,ALL,F,41,t,f,0.044324,0.1165
victims,2022,1.3,Domestic violence in the family setting,2,ALL,M,4418,t,f,0.231734,13.6774
offenders,2020,5.8,Money laundering,2,ALL,F,27,t,f,0.254717,0.0764
victims,2022,5.1,Theft,2,ALL,F,51209,t,f,0.516199,145.4726
victims,2022,3.5,Other offences against sexual freedom,2,ALL,M,60,t,f,0.186916,0.1857
victims,2024,1.3,Domestic violence in the family setting,2,ALL,U,15,t,f,0.000699,
victims,2020,TOTAL,Total criminal offences,0,ALL,M,119614,t,f,0.523218,368.7473
offenders,2021,5.9,Other property offences,2,ALL,M,1343,t,f,0.733880,4.1583
offenders,2019,5.3.1,Street robbery,3,ALL,M,2376,t,f,0.910694,7.4546
offenders,2020,5.2.2,Domestic burglary,3,ALL,F,90,t,f,0.088063,0.2545
victims,2021,6.3,Other offences against public safety,2,ALL,U,1,t,f,0.016393,
victims,2021,5.3,Robbery with violence or intimidation,2,ALL,M,7847,t,f,0.628363,24.2964
victims,2024,TOTAL,Total criminal offences,0,ALL,U,468,t,f,0.001580,
victims,2023,10,Offences against public order,1,ALL,M,1794,t,f,0.858373,5.4698
offenders,2023,5.5.1,Computer enabled fraud,3,ALL,M,1167,t,f,0.716830,3.5581
victims,2019,5.2.3,Burglary of commercial premises,3,ALL,M,2821,t,f,0.677474,8.8507
victims,2023,5.2.2,Domestic burglary,3,ALL,M,2809,t,f,0.550676,8.5645
victims,2023,9,Offences against the administration of justice,1,ALL,U,9,t,f,0.002643,
offenders,2020,3.3,Corruption of minors,2,ALL,F,1,t,f,0.045455,0.0028
victims,2022,1.4,Other offences against persons,2,ALL,M,316,t,f,0.556338,0.9783
victims,2023,6.2,Road safety offences,2,ALL,U,2,t,f,0.047619,
offenders,2019,5.3.3,Robbery of commercial premises,3,ALL,M,612,t,f,0.834925,1.9201
victims,2019,1.4,Other offences against persons,2,ALL,U,2,t,f,0.003717,
offenders,2024,5.6,Criminal damage,2,ALL,F,148,t,f,0.094690,0.4055
offenders,2024,9,Offences against the administration of justice,1,ALL,M,3864,t,f,0.905554,11.5282
victims,2019,1.1.1,Completed intentional homicide and murder,3,ALL,U,0,t,f,0.000000,
victims,2021,5.6,Criminal damage,2,ALL,U,5,t,f,0.000235,
offenders,2023,5,Property offences,1,ALL,F,10419,t,f,0.262034,29.1026
victims,2020,6,Offences against public safety,1,ALL,F,44,t,f,0.268293,0.1244
