ine_code,year,crime_code,crime_count
28005,2019,CONVENTIONAL,8861
28005,2019,HOM_COMPLETED,1
28005,2019,HOM_ATTEMPTED,3
28005,2019,INJURY,52
28005,2019,KIDNAPPING,0
28005,2019,SEXUAL,40
28005,2019,SEXUAL_PENETRATION,4
28005,2019,SEXUAL_OTHER,36
28005,2019,ROBBERY_VIOLENT,217
28005,2019,BURGLARY,377
28005,2019,BURGLARY_DWELLING,202
28005,2019,THEFT,2738
28005,2019,VEHICLE_THEFT,232
28005,2019,DRUG_TRAFFICKING,49
28005,2019,OTHER_CONVENTIONAL,5152
28005,2019,CYBERCRIME,983
28005,2019,CYBER_FRAUD,806
28005,2019,CYBER_OTHER,177
28005,2019,TOTAL,9844
28006,2019,CONVENTIONAL,4644
28006,2019,HOM_COMPLETED,0
28006,2019,HOM_ATTEMPTED,3
28006,2019,INJURY,32
28006,2019,KIDNAPPING,0
28006,2019,SEXUAL,42
28006,2019,SEXUAL_PENETRATION,7
28006,2019,SEXUAL_OTHER,35
28006,2019,ROBBERY_VIOLENT,134
28006,2019,BURGLARY,387
28006,2019,BURGLARY_DWELLING,215
28006,2019,THEFT,1343
28006,2019,VEHICLE_THEFT,230
28006,2019,DRUG_TRAFFICKING,29
28006,2019,OTHER_CONVENTIONAL,2444
28006,2019,CYBERCRIME,848
28006,2019,CYBER_FRAUD,771
28006,2019,CYBER_OTHER,77
28006,2019,TOTAL,5492
28007,2019,CONVENTIONAL,5758
28007,2019,HOM_COMPLETED,0
28007,2019,HOM_ATTEMPTED,2
28007,2019,INJURY,29
28007,2019,KIDNAPPING,0
28007,2019,SEXUAL,22
28007,2019,SEXUAL_PENETRATION,6
28007,2019,SEXUAL_OTHER,16
28007,2019,ROBBERY_VIOLENT,257
28007,2019,BURGLARY,253
28007,2019,BURGLARY_DWELLING,154
28007,2019,THEFT,2282
28007,2019,VEHICLE_THEFT,134
28007,2019,DRUG_TRAFFICKING,38
28007,2019,OTHER_CONVENTIONAL,2741
28007,2019,CYBERCRIME,1063
28007,2019,CYBER_FRAUD,909
28007,2019,CYBER_OTHER,154
28007,2019,TOTAL,6821
28009,2019,CONVENTIONAL,657
28009,2019,HOM_COMPLETED,0
28009,2019,HOM_ATTEMPTED,0
28009,2019,INJURY,1
28009,2019,KIDNAPPING,0
28009,2019,SEXUAL,2
28009,2019,SEXUAL_PENETRATION,0
28009,2019,SEXUAL_OTHER,2
28009,2019,ROBBERY_VIOLENT,16
28009,2019,BURGLARY,47
28009,2019,BURGLARY_DWELLING,37
28009,2019,THEFT,146
28009,2019,VEHICLE_THEFT,9
28009,2019,DRUG_TRAFFICKING,0
28009,2019,OTHER_CONVENTIONAL,436
28009,2019,CYBERCRIME,114
28009,2019,CYBER_FRAUD,99
28009,2019,CYBER_OTHER,15
28009,2019,TOTAL,771
28013,2019,CONVENTIONAL,2097
28013,2019,HOM_COMPLETED,2
28013,2019,HOM_ATTEMPTED,2
28013,2019,INJURY,14
28013,2019,KIDNAPPING,0
28013,2019,SEXUAL,12
28013,2019,SEXUAL_PENETRATION,1
28013,2019,SEXUAL_OTHER,11
28013,2019,ROBBERY_VIOLENT,32
28013,2019,BURGLARY,122
28013,2019,BURGLARY_DWELLING,66
28013,2019,THEFT,547
28013,2019,VEHICLE_THEFT,53
28013,2019,DRUG_TRAFFICKING,13
28013,2019,OTHER_CONVENTIONAL,1300
28013,2019,CYBERCRIME,206
28013,2019,CYBER_FRAUD,188
28013,2019,CYBER_OTHER,18
28013,2019,TOTAL,2303
28014,2019,CONVENTIONAL,3156
28014,2019,HOM_COMPLETED,0
28014,2019,HOM_ATTEMPTED,0
28014,2019,INJURY,47
28014,2019,KIDNAPPING,0
28014,2019,SEXUAL,16
28014,2019,SEXUAL_PENETRATION,2
28014,2019,SEXUAL_OTHER,14
28014,2019,ROBBERY_VIOLENT,185
28014,2019,BURGLARY,141
28014,2019,BURGLARY_DWELLING,71
28014,2019,THEFT,1129
28014,2019,VEHICLE_THEFT,26
28014,2019,DRUG_TRAFFICKING,16
28014,2019,OTHER_CONVENTIONAL,1596
28014,2019,CYBERCRIME,137
28014,2019,CYBER_FRAUD,118
28014,2019,CYBER_OTHER,19
28014,2019,TOTAL,3293
28015,2019,CONVENTIONAL,2672
28015,2019,HOM_COMPLETED,0
28015,2019,HOM_ATTEMPTED,0
28015,2019,INJURY,7
28015,2019,KIDNAPPING,0
28015,2019,SEXUAL,18
28015,2019,SEXUAL_PENETRATION,1
28015,2019,SEXUAL_OTHER,17
28015,2019,ROBBERY_VIOLENT,32
28015,2019,BURGLARY,90
28015,2019,BURGLARY_DWELLING,61
28015,2019,THEFT,1621
28015,2019,VEHICLE_THEFT,52
28015,2019,DRUG_TRAFFICKING,2
28015,2019,OTHER_CONVENTIONAL,850
28015,2019,CYBERCRIME,214
28015,2019,CYBER_FRAUD,171
28015,2019,CYBER_OTHER,43
28015,2019,TOTAL,2886
28022,2019,CONVENTIONAL,1185
28022,2019,HOM_COMPLETED,0
28022,2019,HOM_ATTEMPTED,0
28022,2019,INJURY,6
28022,2019,KIDNAPPING,0
28022,2019,SEXUAL,5
28022,2019,SEXUAL_PENETRATION,0
28022,2019,SEXUAL_OTHER,5
28022,2019,ROBBERY_VIOLENT,11
28022,2019,BURGLARY,121
28022,2019,BURGLARY_DWELLING,92
28022,2019,THEFT,363
28022,2019,VEHICLE_THEFT,14
28022,2019,DRUG_TRAFFICKING,3
28022,2019,OTHER_CONVENTIONAL,662
28022,2019,CYBERCRIME,139
28022,2019,CYBER_FRAUD,118
28022,2019,CYBER_OTHER,21
28022,2019,TOTAL,1324
28040,2019,CONVENTIONAL,1388
28040,2019,HOM_COMPLETED,0
28040,2019,HOM_ATTEMPTED,1
28040,2019,INJURY,9
28040,2019,KIDNAPPING,0
28040,2019,SEXUAL,16
28040,2019,SEXUAL_PENETRATION,4
28040,2019,SEXUAL_OTHER,12
28040,2019,ROBBERY_VIOLENT,32
28040,2019,BURGLARY,106
28040,2019,BURGLARY_DWELLING,50
28040,2019,THEFT,251
28040,2019,VEHICLE_THEFT,21
28040,2019,DRUG_TRAFFICKING,6
28040,2019,OTHER_CONVENTIONAL,946
28040,2019,CYBERCRIME,83
28040,2019,CYBER_FRAUD,71
28040,2019,CYBER_OTHER,12
28040,2019,TOTAL,1471
28045,2019,CONVENTIONAL,1815
28045,2019,HOM_COMPLETED,0
28045,2019,HOM_ATTEMPTED,0
28045,2019,INJURY,25
28045,2019,KIDNAPPING,0
28045,2019,SEXUAL,21
28045,2019,SEXUAL_PENETRATION,1
28045,2019,SEXUAL_OTHER,20
28045,2019,ROBBERY_VIOLENT,59
28045,2019,BURGLARY,118
28045,2019,BURGLARY_DWELLING,87
28045,2019,THEFT,443
28045,2019,VEHICLE_THEFT,8
28045,2019,DRUG_TRAFFICKING,8
28045,2019,OTHER_CONVENTIONAL,1133
28045,2019,CYBERCRIME,163
28045,2019,CYBER_FRAUD,129
28045,2019,CYBER_OTHER,34
28045,2019,TOTAL,1978
28047,2019,CONVENTIONAL,3054
28047,2019,HOM_COMPLETED,0
28047,2019,HOM_ATTEMPTED,0
28047,2019,INJURY,44
28047,2019,KIDNAPPING,0
28047,2019,SEXUAL,29
28047,2019,SEXUAL_PENETRATION,4
28047,2019,SEXUAL_OTHER,25
28047,2019,ROBBERY_VIOLENT,138
28047,2019,BURGLARY,157
28047,2019,BURGLARY_DWELLING,112
28047,2019,THEFT,941
28047,2019,VEHICLE_THEFT,21
28047,2019,DRUG_TRAFFICKING,23
28047,2019,OTHER_CONVENTIONAL,1701
28047,2019,CYBERCRIME,198
28047,2019,CYBER_FRAUD,165
28047,2019,CYBER_OTHER,33
28047,2019,TOTAL,3252
28049,2019,CONVENTIONAL,3280
28049,2019,HOM_COMPLETED,1
28049,2019,HOM_ATTEMPTED,0
28049,2019,INJURY,27
28049,2019,KIDNAPPING,0
28049,2019,SEXUAL,14
28049,2019,SEXUAL_PENETRATION,1
28049,2019,SEXUAL_OTHER,13
28049,2019,ROBBERY_VIOLENT,88
28049,2019,BURGLARY,201
28049,2019,BURGLARY_DWELLING,110
28049,2019,THEFT,898
28049,2019,VEHICLE_THEFT,97
28049,2019,DRUG_TRAFFICKING,20
28049,2019,OTHER_CONVENTIONAL,1934
28049,2019,CYBERCRIME,237
28049,2019,CYBER_FRAUD,194
28049,2019,CYBER_OTHER,43
28049,2019,TOTAL,3517
28058,2019,CONVENTIONAL,5844
28058,2019,HOM_COMPLETED,1
28058,2019,HOM_ATTEMPTED,4
28058,2019,INJURY,22
28058,2019,KIDNAPPING,0
28058,2019,SEXUAL,27
28058,2019,SEXUAL_PENETRATION,1
28058,2019,SEXUAL_OTHER,26
28058,2019,ROBBERY_VIOLENT,296
28058,2019,BURGLARY,251
28058,2019,BURGLARY_DWELLING,126
28058,2019,THEFT,1860
28058,2019,VEHICLE_THEFT,199
28058,2019,DRUG_TRAFFICKING,31
28058,2019,OTHER_CONVENTIONAL,3153
28058,2019,CYBERCRIME,1046
28058,2019,CYBER_FRAUD,978
28058,2019,CYBER_OTHER,68
28058,2019,TOTAL,6890
28061,2019,CONVENTIONAL,1836
28061,2019,HOM_COMPLETED,0
28061,2019,HOM_ATTEMPTED,0
28061,2019,INJURY,9
28061,2019,KIDNAPPING,0
28061,2019,SEXUAL,21
28061,2019,SEXUAL_PENETRATION,0
28061,2019,SEXUAL_OTHER,21
28061,2019,ROBBERY_VIOLENT,28
28061,2019,BURGLARY,234
28061,2019,BURGLARY_DWELLING,177
28061,2019,THEFT,231
28061,2019,VEHICLE_THEFT,5
28061,2019,DRUG_TRAFFICKING,7
28061,2019,OTHER_CONVENTIONAL,1301
28061,2019,CYBERCRIME,172
28061,2019,CYBER_FRAUD,131
28061,2019,CYBER_OTHER,41
28061,2019,TOTAL,2008
28065,2019,CONVENTIONAL,7824
28065,2019,HOM_COMPLETED,0
28065,2019,HOM_ATTEMPTED,0
28065,2019,INJURY,47
28065,2019,KIDNAPPING,2
28065,2019,SEXUAL,51
28065,2019,SEXUAL_PENETRATION,3
28065,2019,SEXUAL_OTHER,48
28065,2019,ROBBERY_VIOLENT,384
28065,2019,BURGLARY,389
28065,2019,BURGLARY_DWELLING,259
28065,2019,THEFT,2437
28065,2019,VEHICLE_THEFT,308
28065,2019,DRUG_TRAFFICKING,13
28065,2019,OTHER_CONVENTIONAL,4193
28065,2019,CYBERCRIME,647
28065,2019,CYBER_FRAUD,541
28065,2019,CYBER_OTHER,106
28065,2019,TOTAL,8471
28074,2019,CONVENTIONAL,8877
28074,2019,HOM_COMPLETED,2
28074,2019,HOM_ATTEMPTED,0
28074,2019,INJURY,56
28074,2019,KIDNAPPING,1
28074,2019,SEXUAL,54
28074,2019,SEXUAL_PENETRATION,8
28074,2019,SEXUAL_OTHER,46
28074,2019,ROBBERY_VIOLENT,355
28074,2019,BURGLARY,400
28074,2019,BURGLARY_DWELLING,188
28074,2019,THEFT,3672
28074,2019,VEHICLE_THEFT,222
28074,2019,DRUG_TRAFFICKING,30
28074,2019,OTHER_CONVENTIONAL,4085
28074,2019,CYBERCRIME,666
28074,2019,CYBER_FRAUD,607
28074,2019,CYBER_OTHER,59
28074,2019,TOTAL,9543
28079,2019,CONVENTIONAL,230466
28079,2019,HOM_COMPLETED,16
28079,2019,HOM_ATTEMPTED,42
28079,2019,INJURY,1447
28079,2019,KIDNAPPING,9
28079,2019,SEXUAL,1105
28079,2019,SEXUAL_PENETRATION,138
28079,2019,SEXUAL_OTHER,967
28079,2019,ROBBERY_VIOLENT,10813
28079,2019,BURGLARY,8784
28079,2019,BURGLARY_DWELLING,5125
28079,2019,THEFT,111709
28079,2019,VEHICLE_THEFT,4981
28079,2019,DRUG_TRAFFICKING,1947
28079,2019,OTHER_CONVENTIONAL,89613
28079,2019,CYBERCRIME,21897
28079,2019,CYBER_FRAUD,19866
28079,2019,CYBER_OTHER,2031
28079,2019,TOTAL,252363
28080,2019,CONVENTIONAL,3772
28080,2019,HOM_COMPLETED,0
28080,2019,HOM_ATTEMPTED,3
28080,2019,INJURY,24
28080,2019,KIDNAPPING,0
28080,2019,SEXUAL,20
28080,2019,SEXUAL_PENETRATION,3
28080,2019,SEXUAL_OTHER,17
28080,2019,ROBBERY_VIOLENT,83
28080,2019,BURGLARY,389
28080,2019,BURGLARY_DWELLING,301
28080,2019,THEFT,1427
28080,2019,VEHICLE_THEFT,74
28080,2019,DRUG_TRAFFICKING,17
28080,2019,OTHER_CONVENTIONAL,1735
28080,2019,CYBERCRIME,312
28080,2019,CYBER_FRAUD,263
28080,2019,CYBER_OTHER,49
28080,2019,TOTAL,4084
28084,2019,CONVENTIONAL,1279
28084,2019,HOM_COMPLETED,0
28084,2019,HOM_ATTEMPTED,0
28084,2019,INJURY,18
28084,2019,KIDNAPPING,0
28084,2019,SEXUAL,1
28084,2019,SEXUAL_PENETRATION,0
28084,2019,SEXUAL_OTHER,1
28084,2019,ROBBERY_VIOLENT,19
28084,2019,BURGLARY,80
28084,2019,BURGLARY_DWELLING,42
28084,2019,THEFT,245
28084,2019,VEHICLE_THEFT,29
28084,2019,DRUG_TRAFFICKING,3
28084,2019,OTHER_CONVENTIONAL,884
28084,2019,CYBERCRIME,89
28084,2019,CYBER_FRAUD,73
28084,2019,CYBER_OTHER,16
28084,2019,TOTAL,1368
28092,2019,CONVENTIONAL,7181
28092,2019,HOM_COMPLETED,1
28092,2019,HOM_ATTEMPTED,3
28092,2019,INJURY,61
28092,2019,KIDNAPPING,1
28092,2019,SEXUAL,44
28092,2019,SEXUAL_PENETRATION,4
28092,2019,SEXUAL_OTHER,40
28092,2019,ROBBERY_VIOLENT,369
28092,2019,BURGLARY,376
28092,2019,BURGLARY_DWELLING,265
28092,2019,THEFT,2097
28092,2019,VEHICLE_THEFT,221
28092,2019,DRUG_TRAFFICKING,45
28092,2019,OTHER_CONVENTIONAL,3963
28092,2019,CYBERCRIME,1357
28092,2019,CYBER_FRAUD,1210
28092,2019,CYBER_OTHER,147
28092,2019,TOTAL,8538
28096,2019,CONVENTIONAL,1020
28096,2019,HOM_COMPLETED,0
28096,2019,HOM_ATTEMPTED,0
28096,2019,INJURY,5
28096,2019,KIDNAPPING,0
28096,2019,SEXUAL,13
28096,2019,SEXUAL_PENETRATION,0
28096,2019,SEXUAL_OTHER,13
28096,2019,ROBBERY_VIOLENT,9
28096,2019,BURGLARY,87
28096,2019,BURGLARY_DWELLING,72
28096,2019,THEFT,190
28096,2019,VEHICLE_THEFT,25
28096,2019,DRUG_TRAFFICKING,14
28096,2019,OTHER_CONVENTIONAL,677
28096,2019,CYBERCRIME,135
28096,2019,CYBER_FRAUD,125
28096,2019,CYBER_OTHER,10
28096,2019,TOTAL,1155
28104,2019,CONVENTIONAL,860
28104,2019,HOM_COMPLETED,0
28104,2019,HOM_ATTEMPTED,0
28104,2019,INJURY,4
28104,2019,KIDNAPPING,1
28104,2019,SEXUAL,2
28104,2019,SEXUAL_PENETRATION,1
28104,2019,SEXUAL_OTHER,1
28104,2019,ROBBERY_VIOLENT,13
28104,2019,BURGLARY,89
28104,2019,BURGLARY_DWELLING,50
28104,2019,THEFT,133
28104,2019,VEHICLE_THEFT,39
28104,2019,DRUG_TRAFFICKING,2
28104,2019,OTHER_CONVENTIONAL,577
28104,2019,CYBERCRIME,111
28104,2019,CYBER_FRAUD,104
28104,2019,CYBER_OTHER,7
28104,2019,TOTAL,971
28106,2019,CONVENTIONAL,6014
28106,2019,HOM_COMPLETED,1
28106,2019,HOM_ATTEMPTED,1
28106,2019,INJURY,21
28106,2019,KIDNAPPING,0
28106,2019,SEXUAL,38
28106,2019,SEXUAL_PENETRATION,5
28106,2019,SEXUAL_OTHER,33
28106,2019,ROBBERY_VIOLENT,414
28106,2019,BURGLARY,190
28106,2019,BURGLARY_DWELLING,91
28106,2019,THEFT,1597
28106,2019,VEHICLE_THEFT,139
28106,2019,DRUG_TRAFFICKING,20
28106,2019,OTHER_CONVENTIONAL,3593
28106,2019,CYBERCRIME,151
28106,2019,CYBER_FRAUD,120
28106,2019,CYBER_OTHER,31
28106,2019,TOTAL,6165
28113,2019,CONVENTIONAL,2546
28113,2019,HOM_COMPLETED,0
28113,2019,HOM_ATTEMPTED,0
28113,2019,INJURY,18
28113,2019,KIDNAPPING,0
28113,2019,SEXUAL,8
28113,2019,SEXUAL_PENETRATION,1
28113,2019,SEXUAL_OTHER,7
28113,2019,ROBBERY_VIOLENT,97
28113,2019,BURGLARY,157
28113,2019,BURGLARY_DWELLING,105
28113,2019,THEFT,731
28113,2019,VEHICLE_THEFT,24
28113,2019,DRUG_TRAFFICKING,10
28113,2019,OTHER_CONVENTIONAL,1501
28113,2019,CYBERCRIME,153
28113,2019,CYBER_FRAUD,123
28113,2019,CYBER_OTHER,30
28113,2019,TOTAL,2699
28115,2019,CONVENTIONAL,3186
28115,2019,HOM_COMPLETED,0
28115,2019,HOM_ATTEMPTED,1
28115,2019,INJURY,13
28115,2019,KIDNAPPING,0
28115,2019,SEXUAL,14
28115,2019,SEXUAL_PENETRATION,1
28115,2019,SEXUAL_OTHER,13
28115,2019,ROBBERY_VIOLENT,76
28115,2019,BURGLARY,184
28115,2019,BURGLARY_DWELLING,126
28115,2019,THEFT,1049
28115,2019,VEHICLE_THEFT,91
28115,2019,DRUG_TRAFFICKING,12
28115,2019,OTHER_CONVENTIONAL,1746
28115,2019,CYBERCRIME,478
28115,2019,CYBER_FRAUD,450
28115,2019,CYBER_OTHER,28
28115,2019,TOTAL,3664
28123,2019,CONVENTIONAL,5208
28123,2019,HOM_COMPLETED,0
28123,2019,HOM_ATTEMPTED,1
28123,2019,INJURY,22
28123,2019,KIDNAPPING,0
28123,2019,SEXUAL,22
28123,2019,SEXUAL_PENETRATION,3
28123,2019,SEXUAL_OTHER,19
28123,2019,ROBBERY_VIOLENT,133
28123,2019,BURGLARY,353
28123,2019,BURGLARY_DWELLING,255
28123,2019,THEFT,1814
28123,2019,VEHICLE_THEFT,49
28123,2019,DRUG_TRAFFICKING,14
28123,2019,OTHER_CONVENTIONAL,2800
28123,2019,CYBERCRIME,299
28123,2019,CYBER_FRAUD,257
28123,2019,CYBER_OTHER,42
28123,2019,TOTAL,5507
28127,2019,CONVENTIONAL,4305
28127,2019,HOM_COMPLETED,0
28127,2019,HOM_ATTEMPTED,0
28127,2019,INJURY,29
28127,2019,KIDNAPPING,0
28127,2019,SEXUAL,24
28127,2019,SEXUAL_PENETRATION,2
28127,2019,SEXUAL_OTHER,22
28127,2019,ROBBERY_VIOLENT,118
28127,2019,BURGLARY,380
28127,2019,BURGLARY_DWELLING,305
28127,2019,THEFT,1529
28127,2019,VEHICLE_THEFT,52
28127,2019,DRUG_TRAFFICKING,4
28127,2019,OTHER_CONVENTIONAL,2169
28127,2019,CYBERCRIME,393
28127,2019,CYBER_FRAUD,321
28127,2019,CYBER_OTHER,72
28127,2019,TOTAL,4698
28130,2019,CONVENTIONAL,1736
28130,2019,HOM_COMPLETED,0
28130,2019,HOM_ATTEMPTED,0
28130,2019,INJURY,7
28130,2019,KIDNAPPING,0
28130,2019,SEXUAL,7
28130,2019,SEXUAL_PENETRATION,3
28130,2019,SEXUAL_OTHER,4
28130,2019,ROBBERY_VIOLENT,38
28130,2019,BURGLARY,82
28130,2019,BURGLARY_DWELLING,39
28130,2019,THEFT,583
28130,2019,VEHICLE_THEFT,69
28130,2019,DRUG_TRAFFICKING,15
28130,2019,OTHER_CONVENTIONAL,935
28130,2019,CYBERCRIME,119
28130,2019,CYBER_FRAUD,93
28130,2019,CYBER_OTHER,26
28130,2019,TOTAL,1855
28134,2019,CONVENTIONAL,4215
28134,2019,HOM_COMPLETED,0
28134,2019,HOM_ATTEMPTED,0
28134,2019,INJURY,14
28134,2019,KIDNAPPING,0
28134,2019,SEXUAL,22
28134,2019,SEXUAL_PENETRATION,7
28134,2019,SEXUAL_OTHER,15
28134,2019,ROBBERY_VIOLENT,105
28134,2019,BURGLARY,276
28134,2019,BURGLARY_DWELLING,147
28134,2019,THEFT,1910
28134,2019,VEHICLE_THEFT,89
28134,2019,DRUG_TRAFFICKING,9
28134,2019,OTHER_CONVENTIONAL,1790
28134,2019,CYBERCRIME,598
28134,2019,CYBER_FRAUD,535
28134,2019,CYBER_OTHER,63
28134,2019,TOTAL,4813
28148,2019,CONVENTIONAL,4399
28148,2019,HOM_COMPLETED,0
28148,2019,HOM_ATTEMPTED,4
28148,2019,INJURY,46
28148,2019,KIDNAPPING,0
28148,2019,SEXUAL,31
28148,2019,SEXUAL_PENETRATION,6
28148,2019,SEXUAL_OTHER,25
28148,2019,ROBBERY_VIOLENT,95
28148,2019,BURGLARY,232
28148,2019,BURGLARY_DWELLING,110
28148,2019,THEFT,1247
28148,2019,VEHICLE_THEFT,93
28148,2019,DRUG_TRAFFICKING,20
28148,2019,OTHER_CONVENTIONAL,2631
28148,2019,CYBERCRIME,292
28148,2019,CYBER_FRAUD,236
28148,2019,CYBER_OTHER,56
28148,2019,TOTAL,4691
28152,2019,CONVENTIONAL,1163
28152,2019,HOM_COMPLETED,0
28152,2019,HOM_ATTEMPTED,0
28152,2019,INJURY,13
28152,2019,KIDNAPPING,0
28152,2019,SEXUAL,5
28152,2019,SEXUAL_PENETRATION,0
28152,2019,SEXUAL_OTHER,5
28152,2019,ROBBERY_VIOLENT,23
28152,2019,BURGLARY,149
28152,2019,BURGLARY_DWELLING,132
28152,2019,THEFT,305
28152,2019,VEHICLE_THEFT,6
28152,2019,DRUG_TRAFFICKING,7
28152,2019,OTHER_CONVENTIONAL,655
28152,2019,CYBERCRIME,157
28152,2019,CYBER_FRAUD,126
28152,2019,CYBER_OTHER,31
28152,2019,TOTAL,1320
28903,2019,CONVENTIONAL,1150
28903,2019,HOM_COMPLETED,0
28903,2019,HOM_ATTEMPTED,0
28903,2019,INJURY,8
28903,2019,KIDNAPPING,0
28903,2019,SEXUAL,8
28903,2019,SEXUAL_PENETRATION,2
28903,2019,SEXUAL_OTHER,6
28903,2019,ROBBERY_VIOLENT,26
28903,2019,BURGLARY,69
28903,2019,BURGLARY_DWELLING,56
28903,2019,THEFT,352
28903,2019,VEHICLE_THEFT,8
28903,2019,DRUG_TRAFFICKING,8
28903,2019,OTHER_CONVENTIONAL,671
28903,2019,CYBERCRIME,120
28903,2019,CYBER_FRAUD,106
28903,2019,CYBER_OTHER,14
28903,2019,TOTAL,1270
28161,2019,CONVENTIONAL,3164
28161,2019,HOM_COMPLETED,1
28161,2019,HOM_ATTEMPTED,1
28161,2019,INJURY,39
28161,2019,KIDNAPPING,1
28161,2019,SEXUAL,26
28161,2019,SEXUAL_PENETRATION,4
28161,2019,SEXUAL_OTHER,22
28161,2019,ROBBERY_VIOLENT,95
28161,2019,BURGLARY,181
28161,2019,BURGLARY_DWELLING,104
28161,2019,THEFT,652
28161,2019,VEHICLE_THEFT,66
28161,2019,DRUG_TRAFFICKING,8
28161,2019,OTHER_CONVENTIONAL,2094
28161,2019,CYBERCRIME,362
28161,2019,CYBER_FRAUD,294
28161,2019,CYBER_OTHER,68
28161,2019,TOTAL,3526
28176,2019,CONVENTIONAL,908
28176,2019,HOM_COMPLETED,0
28176,2019,HOM_ATTEMPTED,0
28176,2019,INJURY,5
28176,2019,KIDNAPPING,0
28176,2019,SEXUAL,8
28176,2019,SEXUAL_PENETRATION,1
28176,2019,SEXUAL_OTHER,7
28176,2019,ROBBERY_VIOLENT,20
28176,2019,BURGLARY,67
28176,2019,BURGLARY_DWELLING,65
28176,2019,THEFT,247
28176,2019,VEHICLE_THEFT,6
28176,2019,DRUG_TRAFFICKING,1
28176,2019,OTHER_CONVENTIONAL,554
28176,2019,CYBERCRIME,85
28176,2019,CYBER_FRAUD,70
28176,2019,CYBER_OTHER,15
28176,2019,TOTAL,993
28181,2019,CONVENTIONAL,1036
28181,2019,HOM_COMPLETED,0
28181,2019,HOM_ATTEMPTED,0
28181,2019,INJURY,12
28181,2019,KIDNAPPING,0
28181,2019,SEXUAL,15
28181,2019,SEXUAL_PENETRATION,2
28181,2019,SEXUAL_OTHER,13
28181,2019,ROBBERY_VIOLENT,36
28181,2019,BURGLARY,141
28181,2019,BURGLARY_DWELLING,110
28181,2019,THEFT,294
28181,2019,VEHICLE_THEFT,11
28181,2019,DRUG_TRAFFICKING,8
28181,2019,OTHER_CONVENTIONAL,519
28181,2019,CYBERCRIME,143
28181,2019,CYBER_FRAUD,111
28181,2019,CYBER_OTHER,32
28181,2019,TOTAL,1179
28005,2020,HOM_COMPLETED,1
28005,2020,HOM_ATTEMPTED,1
28005,2020,INJURY,43
28005,2020,KIDNAPPING,1
28005,2020,SEXUAL,49
28005,2020,SEXUAL_PENETRATION,3
28005,2020,SEXUAL_OTHER,46
28005,2020,ROBBERY_VIOLENT,150
28005,2020,BURGLARY,294
28005,2020,BURGLARY_DWELLING,138
28005,2020,THEFT,1833
28005,2020,VEHICLE_THEFT,167
28005,2020,DRUG_TRAFFICKING,40
28005,2020,OTHER,5444
28005,2020,TOTAL,8023
28006,2020,HOM_COMPLETED,0
28006,2020,HOM_ATTEMPTED,3
28006,2020,INJURY,39
28006,2020,KIDNAPPING,0
28006,2020,SEXUAL,41
28006,2020,SEXUAL_PENETRATION,5
28006,2020,SEXUAL_OTHER,36
28006,2020,ROBBERY_VIOLENT,75
28006,2020,BURGLARY,159
28006,2020,BURGLARY_DWELLING,83
28006,2020,THEFT,933
28006,2020,VEHICLE_THEFT,225
28006,2020,DRUG_TRAFFICKING,25
28006,2020,OTHER,2792
28006,2020,TOTAL,4292
28007,2020,HOM_COMPLETED,1
28007,2020,HOM_ATTEMPTED,2
28007,2020,INJURY,32
28007,2020,KIDNAPPING,0
28007,2020,SEXUAL,29
28007,2020,SEXUAL_PENETRATION,3
28007,2020,SEXUAL_OTHER,26
28007,2020,ROBBERY_VIOLENT,203
28007,2020,BURGLARY,220
28007,2020,BURGLARY_DWELLING,112
28007,2020,THEFT,1768
28007,2020,VEHICLE_THEFT,119
28007,2020,DRUG_TRAFFICKING,26
28007,2020,OTHER,3471
28007,2020,TOTAL,5871
28009,2020,HOM_COMPLETED,0
28009,2020,HOM_ATTEMPTED,0
28009,2020,INJURY,4
28009,2020,KIDNAPPING,0
28009,2020,SEXUAL,5
28009,2020,SEXUAL_PENETRATION,1
28009,2020,SEXUAL_OTHER,4
28009,2020,ROBBERY_VIOLENT,6
28009,2020,BURGLARY,21
28009,2020,BURGLARY_DWELLING,11
28009,2020,THEFT,96
28009,2020,VEHICLE_THEFT,8
28009,2020,DRUG_TRAFFICKING,1
28009,2020,OTHER,408
28009,2020,TOTAL,549
28013,2020,HOM_COMPLETED,0
28013,2020,HOM_ATTEMPTED,0
28013,2020,INJURY,20
28013,2020,KIDNAPPING,0
28013,2020,SEXUAL,8
28013,2020,SEXUAL_PENETRATION,0
28013,2020,SEXUAL_OTHER,8
28013,2020,ROBBERY_VIOLENT,30
28013,2020,BURGLARY,89
28013,2020,BURGLARY_DWELLING,59
28013,2020,THEFT,449
28013,2020,VEHICLE_THEFT,29
28013,2020,DRUG_TRAFFICKING,11
28013,2020,OTHER,1471
28013,2020,TOTAL,2107
28014,2020,HOM_COMPLETED,0
28014,2020,HOM_ATTEMPTED,0
28014,2020,INJURY,36
28014,2020,KIDNAPPING,0
28014,2020,SEXUAL,14
28014,2020,SEXUAL_PENETRATION,2
28014,2020,SEXUAL_OTHER,12
28014,2020,ROBBERY_VIOLENT,51
28014,2020,BURGLARY,118
28014,2020,BURGLARY_DWELLING,48
28014,2020,THEFT,364
28014,2020,VEHICLE_THEFT,22
28014,2020,DRUG_TRAFFICKING,10
28014,2020,OTHER,1631
28014,2020,TOTAL,2246
28015,2020,HOM_COMPLETED,0
28015,2020,HOM_ATTEMPTED,3
28015,2020,INJURY,15
28015,2020,KIDNAPPING,0
28015,2020,SEXUAL,9
28015,2020,SEXUAL_PENETRATION,1
28015,2020,SEXUAL_OTHER,8
28015,2020,ROBBERY_VIOLENT,36
28015,2020,BURGLARY,77
28015,2020,BURGLARY_DWELLING,49
28015,2020,THEFT,1015
28015,2020,VEHICLE_THEFT,59
28015,2020,DRUG_TRAFFICKING,4
28015,2020,OTHER,1124
28015,2020,TOTAL,2342
28022,2020,HOM_COMPLETED,0
28022,2020,HOM_ATTEMPTED,0
28022,2020,INJURY,12
28022,2020,KIDNAPPING,0
28022,2020,SEXUAL,7
28022,2020,SEXUAL_PENETRATION,0
28022,2020,SEXUAL_OTHER,7
28022,2020,ROBBERY_VIOLENT,32
28022,2020,BURGLARY,67
28022,2020,BURGLARY_DWELLING,53
28022,2020,THEFT,266
28022,2020,VEHICLE_THEFT,8
28022,2020,DRUG_TRAFFICKING,2
28022,2020,OTHER,834
28022,2020,TOTAL,1228
28040,2020,HOM_COMPLETED,2
28040,2020,HOM_ATTEMPTED,1
28040,2020,INJURY,10
28040,2020,KIDNAPPING,0
28040,2020,SEXUAL,7
28040,2020,SEXUAL_PENETRATION,0
28040,2020,SEXUAL_OTHER,7
28040,2020,ROBBERY_VIOLENT,38
28040,2020,BURGLARY,80
28040,2020,BURGLARY_DWELLING,47
28040,2020,THEFT,202
28040,2020,VEHICLE_THEFT,25
28040,2020,DRUG_TRAFFICKING,10
28040,2020,OTHER,798
28040,2020,TOTAL,1173
28045,2020,HOM_COMPLETED,0
28045,2020,HOM_ATTEMPTED,2
28045,2020,INJURY,22
28045,2020,KIDNAPPING,1
28045,2020,SEXUAL,13
28045,2020,SEXUAL_PENETRATION,0
28045,2020,SEXUAL_OTHER,13
28045,2020,ROBBERY_VIOLENT,40
28045,2020,BURGLARY,66
28045,2020,BURGLARY_DWELLING,50
28045,2020,THEFT,336
28045,2020,VEHICLE_THEFT,9
28045,2020,DRUG_TRAFFICKING,8
28045,2020,OTHER,1000
28045,2020,TOTAL,1497
28047,2020,HOM_COMPLETED,1
28047,2020,HOM_ATTEMPTED,2
28047,2020,INJURY,30
28047,2020,KIDNAPPING,0
28047,2020,SEXUAL,26
28047,2020,SEXUAL_PENETRATION,3
28047,2020,SEXUAL_OTHER,23
28047,2020,ROBBERY_VIOLENT,44
28047,2020,BURGLARY,110
28047,2020,BURGLARY_DWELLING,65
28047,2020,THEFT,506
28047,2020,VEHICLE_THEFT,19
28047,2020,DRUG_TRAFFICKING,17
28047,2020,OTHER,1598
28047,2020,TOTAL,2353
28049,2020,HOM_COMPLETED,0
28049,2020,HOM_ATTEMPTED,3
28049,2020,INJURY,24
28049,2020,KIDNAPPING,0
28049,2020,SEXUAL,9
28049,2020,SEXUAL_PENETRATION,1
28049,2020,SEXUAL_OTHER,8
28049,2020,ROBBERY_VIOLENT,60
28049,2020,BURGLARY,115
28049,2020,BURGLARY_DWELLING,61
28049,2020,THEFT,672
28049,2020,VEHICLE_THEFT,67
28049,2020,DRUG_TRAFFICKING,25
28049,2020,OTHER,1938
28049,2020,TOTAL,2913
28058,2020,HOM_COMPLETED,1
28058,2020,HOM_ATTEMPTED,4
28058,2020,INJURY,28
28058,2020,KIDNAPPING,0
28058,2020,SEXUAL,38
28058,2020,SEXUAL_PENETRATION,1
28058,2020,SEXUAL_OTHER,37
28058,2020,ROBBERY_VIOLENT,186
28058,2020,BURGLARY,246
28058,2020,BURGLARY_DWELLING,131
28058,2020,THEFT,1413
28058,2020,VEHICLE_THEFT,140
28058,2020,DRUG_TRAFFICKING,37
28058,2020,OTHER,3103
28058,2020,TOTAL,5196
28061,2020,HOM_COMPLETED,0
28061,2020,HOM_ATTEMPTED,0
28061,2020,INJURY,21
28061,2020,KIDNAPPING,0
28061,2020,SEXUAL,16
28061,2020,SEXUAL_PENETRATION,2
28061,2020,SEXUAL_OTHER,14
28061,2020,ROBBERY_VIOLENT,26
28061,2020,BURGLARY,162
28061,2020,BURGLARY_DWELLING,144
28061,2020,THEFT,184
28061,2020,VEHICLE_THEFT,3
28061,2020,DRUG_TRAFFICKING,3
28061,2020,OTHER,1290
28061,2020,TOTAL,1705
28065,2020,HOM_COMPLETED,3
28065,2020,HOM_ATTEMPTED,2
28065,2020,INJURY,34
28065,2020,KIDNAPPING,1
28065,2020,SEXUAL,53
28065,2020,SEXUAL_PENETRATION,5
28065,2020,SEXUAL_OTHER,48
28065,2020,ROBBERY_VIOLENT,287
28065,2020,BURGLARY,273
28065,2020,BURGLARY_DWELLING,173
28065,2020,THEFT,1854
28065,2020,VEHICLE_THEFT,202
28065,2020,DRUG_TRAFFICKING,31
28065,2020,OTHER,4206
28065,2020,TOTAL,6946
28074,2020,HOM_COMPLETED,0
28074,2020,HOM_ATTEMPTED,1
28074,2020,INJURY,37
28074,2020,KIDNAPPING,0
28074,2020,SEXUAL,40
28074,2020,SEXUAL_PENETRATION,4
28074,2020,SEXUAL_OTHER,36
28074,2020,ROBBERY_VIOLENT,283
28074,2020,BURGLARY,307
28074,2020,BURGLARY_DWELLING,146
28074,2020,THEFT,2767
28074,2020,VEHICLE_THEFT,185
28074,2020,DRUG_TRAFFICKING,24
28074,2020,OTHER,4213
28074,2020,TOTAL,7857
28079,2020,HOM_COMPLETED,16
28079,2020,HOM_ATTEMPTED,46
28079,2020,INJURY,1304
28079,2020,KIDNAPPING,4
28079,2020,SEXUAL,1124
28079,2020,SEXUAL_PENETRATION,132
28079,2020,SEXUAL_OTHER,992
28079,2020,ROBBERY_VIOLENT,7575
28079,2020,BURGLARY,5832
28079,2020,BURGLARY_DWELLING,2872
28079,2020,THEFT,63107
28079,2020,VEHICLE_THEFT,3727
28079,2020,DRUG_TRAFFICKING,1825
28079,2020,OTHER,97681
28079,2020,TOTAL,182241
28080,2020,HOM_COMPLETED,0
28080,2020,HOM_ATTEMPTED,1
28080,2020,INJURY,19
28080,2020,KIDNAPPING,0
28080,2020,SEXUAL,12
28080,2020,SEXUAL_PENETRATION,0
28080,2020,SEXUAL_OTHER,12
28080,2020,ROBBERY_VIOLENT,61
28080,2020,BURGLARY,169
28080,2020,BURGLARY_DWELLING,108
28080,2020,THEFT,1141
28080,2020,VEHICLE_THEFT,153
28080,2020,DRUG_TRAFFICKING,13
28080,2020,OTHER,1830
28080,2020,TOTAL,3399
28084,2020,HOM_COMPLETED,0
28084,2020,HOM_ATTEMPTED,0
28084,2020,INJURY,24
28084,2020,KIDNAPPING,0
28084,2020,SEXUAL,7
28084,2020,SEXUAL_PENETRATION,0
28084,2020,SEXUAL_OTHER,7
28084,2020,ROBBERY_VIOLENT,13
28084,2020,BURGLARY,54
28084,2020,BURGLARY_DWELLING,33
28084,2020,THEFT,181
28084,2020,VEHICLE_THEFT,19
28084,2020,DRUG_TRAFFICKING,6
28084,2020,OTHER,886
28084,2020,TOTAL,1190
28092,2020,HOM_COMPLETED,0
28092,2020,HOM_ATTEMPTED,8
28092,2020,INJURY,42
28092,2020,KIDNAPPING,0
28092,2020,SEXUAL,46
28092,2020,SEXUAL_PENETRATION,8
28092,2020,SEXUAL_OTHER,38
28092,2020,ROBBERY_VIOLENT,214
28092,2020,BURGLARY,314
28092,2020,BURGLARY_DWELLING,186
28092,2020,THEFT,1301
28092,2020,VEHICLE_THEFT,186
28092,2020,DRUG_TRAFFICKING,47
28092,2020,OTHER,5050
28092,2020,TOTAL,7208
28096,2020,HOM_COMPLETED,0
28096,2020,HOM_ATTEMPTED,2
28096,2020,INJURY,6
28096,2020,KIDNAPPING,0
28096,2020,SEXUAL,4
28096,2020,SEXUAL_PENETRATION,0
28096,2020,SEXUAL_OTHER,4
28096,2020,ROBBERY_VIOLENT,11
28096,2020,BURGLARY,47
28096,2020,BURGLARY_DWELLING,21
28096,2020,THEFT,173
28096,2020,VEHICLE_THEFT,23
28096,2020,DRUG_TRAFFICKING,7
28096,2020,OTHER,858
28096,2020,TOTAL,1131
28104,2020,HOM_COMPLETED,0
28104,2020,HOM_ATTEMPTED,0
28104,2020,INJURY,5
28104,2020,KIDNAPPING,0
28104,2020,SEXUAL,5
28104,2020,SEXUAL_PENETRATION,0
28104,2020,SEXUAL_OTHER,5
28104,2020,ROBBERY_VIOLENT,14
28104,2020,BURGLARY,51
28104,2020,BURGLARY_DWELLING,38
28104,2020,THEFT,80
28104,2020,VEHICLE_THEFT,20
28104,2020,DRUG_TRAFFICKING,3
28104,2020,OTHER,580
28104,2020,TOTAL,758
28106,2020,HOM_COMPLETED,1
28106,2020,HOM_ATTEMPTED,1
28106,2020,INJURY,32
28106,2020,KIDNAPPING,1
28106,2020,SEXUAL,36
28106,2020,SEXUAL_PENETRATION,4
28106,2020,SEXUAL_OTHER,32
28106,2020,ROBBERY_VIOLENT,281
28106,2020,BURGLARY,155
28106,2020,BURGLARY_DWELLING,88
28106,2020,THEFT,1239
28106,2020,VEHICLE_THEFT,109
28106,2020,DRUG_TRAFFICKING,19
28106,2020,OTHER,3447
28106,2020,TOTAL,5321
28113,2020,HOM_COMPLETED,0
28113,2020,HOM_ATTEMPTED,0
28113,2020,INJURY,13
28113,2020,KIDNAPPING,0
28113,2020,SEXUAL,10
28113,2020,SEXUAL_PENETRATION,1
28113,2020,SEXUAL_OTHER,9
28113,2020,ROBBERY_VIOLENT,64
28113,2020,BURGLARY,79
28113,2020,BURGLARY_DWELLING,64
28113,2020,THEFT,479
28113,2020,VEHICLE_THEFT,23
28113,2020,DRUG_TRAFFICKING,9
28113,2020,OTHER,1412
28113,2020,TOTAL,2089
28115,2020,HOM_COMPLETED,0
28115,2020,HOM_ATTEMPTED,0
28115,2020,INJURY,21
28115,2020,KIDNAPPING,0
28115,2020,SEXUAL,20
28115,2020,SEXUAL_PENETRATION,3
28115,2020,SEXUAL_OTHER,17
28115,2020,ROBBERY_VIOLENT,70
28115,2020,BURGLARY,96
28115,2020,BURGLARY_DWELLING,76
28115,2020,THEFT,757
28115,2020,VEHICLE_THEFT,86
28115,2020,DRUG_TRAFFICKING,17
28115,2020,OTHER,1597
28115,2020,TOTAL,2664
28123,2020,HOM_COMPLETED,0
28123,2020,HOM_ATTEMPTED,1
28123,2020,INJURY,35
28123,2020,KIDNAPPING,0
28123,2020,SEXUAL,14
28123,2020,SEXUAL_PENETRATION,2
28123,2020,SEXUAL_OTHER,12
28123,2020,ROBBERY_VIOLENT,73
28123,2020,BURGLARY,201
28123,2020,BURGLARY_DWELLING,125
28123,2020,THEFT,1279
28123,2020,VEHICLE_THEFT,24
28123,2020,DRUG_TRAFFICKING,13
28123,2020,OTHER,3022
28123,2020,TOTAL,4662
28127,2020,HOM_COMPLETED,0
28127,2020,HOM_ATTEMPTED,0
28127,2020,INJURY,31
28127,2020,KIDNAPPING,0
28127,2020,SEXUAL,29
28127,2020,SEXUAL_PENETRATION,1
28127,2020,SEXUAL_OTHER,28
28127,2020,ROBBERY_VIOLENT,82
28127,2020,BURGLARY,248
28127,2020,BURGLARY_DWELLING,205
28127,2020,THEFT,1062
28127,2020,VEHICLE_THEFT,64
28127,2020,DRUG_TRAFFICKING,10
28127,2020,OTHER,2096
28127,2020,TOTAL,3622
28130,2020,HOM_COMPLETED,0
28130,2020,HOM_ATTEMPTED,0
28130,2020,INJURY,5
28130,2020,KIDNAPPING,0
28130,2020,SEXUAL,10
28130,2020,SEXUAL_PENETRATION,0
28130,2020,SEXUAL_OTHER,10
28130,2020,ROBBERY_VIOLENT,31
28130,2020,BURGLARY,69
28130,2020,BURGLARY_DWELLING,30
28130,2020,THEFT,384
28130,2020,VEHICLE_THEFT,51
28130,2020,DRUG_TRAFFICKING,24
28130,2020,OTHER,1035
28130,2020,TOTAL,1609
28134,2020,HOM_COMPLETED,1
28134,2020,HOM_ATTEMPTED,3
28134,2020,INJURY,12
28134,2020,KIDNAPPING,0
28134,2020,SEXUAL,31
28134,2020,SEXUAL_PENETRATION,8
28134,2020,SEXUAL_OTHER,23
28134,2020,ROBBERY_VIOLENT,69
28134,2020,BURGLARY,151
28134,2020,BURGLARY_DWELLING,72
28134,2020,THEFT,1169
28134,2020,VEHICLE_THEFT,57
28134,2020,DRUG_TRAFFICKING,16
28134,2020,OTHER,2190
28134,2020,TOTAL,3699
28148,2020,HOM_COMPLETED,2
28148,2020,HOM_ATTEMPTED,3
28148,2020,INJURY,37
28148,2020,KIDNAPPING,0
28148,2020,SEXUAL,48
28148,2020,SEXUAL_PENETRATION,8
28148,2020,SEXUAL_OTHER,40
28148,2020,ROBBERY_VIOLENT,94
28148,2020,BURGLARY,128
28148,2020,BURGLARY_DWELLING,53
28148,2020,THEFT,931
28148,2020,VEHICLE_THEFT,63
28148,2020,DRUG_TRAFFICKING,26
28148,2020,OTHER,2720
28148,2020,TOTAL,4052
28152,2020,HOM_COMPLETED,0
28152,2020,HOM_ATTEMPTED,0
28152,2020,INJURY,5
28152,2020,KIDNAPPING,0
28152,2020,SEXUAL,2
28152,2020,SEXUAL_PENETRATION,1
28152,2020,SEXUAL_OTHER,1
28152,2020,ROBBERY_VIOLENT,17
28152,2020,BURGLARY,78
28152,2020,BURGLARY_DWELLING,75
28152,2020,THEFT,228
28152,2020,VEHICLE_THEFT,8
28152,2020,DRUG_TRAFFICKING,0
28152,2020,OTHER,699
28152,2020,TOTAL,1037
28903,2020,HOM_COMPLETED,0
28903,2020,HOM_ATTEMPTED,0
28903,2020,INJURY,10
28903,2020,KIDNAPPING,0
28903,2020,SEXUAL,7
28903,2020,SEXUAL_PENETRATION,0
28903,2020,SEXUAL_OTHER,7
28903,2020,ROBBERY_VIOLENT,12
28903,2020,BURGLARY,53
28903,2020,BURGLARY_DWELLING,35
28903,2020,THEFT,240
28903,2020,VEHICLE_THEFT,3
28903,2020,DRUG_TRAFFICKING,6
28903,2020,OTHER,828
28903,2020,TOTAL,1159
28161,2020,HOM_COMPLETED,0
28161,2020,HOM_ATTEMPTED,1
28161,2020,INJURY,56
28161,2020,KIDNAPPING,0
28161,2020,SEXUAL,38
28161,2020,SEXUAL_PENETRATION,4
28161,2020,SEXUAL_OTHER,34
28161,2020,ROBBERY_VIOLENT,85
28161,2020,BURGLARY,99
28161,2020,BURGLARY_DWELLING,46
28161,2020,THEFT,489
28161,2020,VEHICLE_THEFT,51
28161,2020,DRUG_TRAFFICKING,15
28161,2020,OTHER,2185
28161,2020,TOTAL,3019
28176,2020,HOM_COMPLETED,0
28176,2020,HOM_ATTEMPTED,1
28176,2020,INJURY,4
28176,2020,KIDNAPPING,0
28176,2020,SEXUAL,6
28176,2020,SEXUAL_PENETRATION,1
28176,2020,SEXUAL_OTHER,5
28176,2020,ROBBERY_VIOLENT,8
28176,2020,BURGLARY,57
28176,2020,BURGLARY_DWELLING,51
28176,2020,THEFT,155
28176,2020,VEHICLE_THEFT,5
28176,2020,DRUG_TRAFFICKING,4
28176,2020,OTHER,608
28176,2020,TOTAL,848
28181,2020,HOM_COMPLETED,0
28181,2020,HOM_ATTEMPTED,1
28181,2020,INJURY,7
28181,2020,KIDNAPPING,0
28181,2020,SEXUAL,3
28181,2020,SEXUAL_PENETRATION,0
28181,2020,SEXUAL_OTHER,3
28181,2020,ROBBERY_VIOLENT,40
28181,2020,BURGLARY,73
28181,2020,BURGLARY_DWELLING,54
28181,2020,THEFT,176
28181,2020,VEHICLE_THEFT,20
28181,2020,DRUG_TRAFFICKING,3
28181,2020,OTHER,682
28181,2020,TOTAL,1005
28005,2021,CONVENTIONAL,7665
28005,2021,HOM_COMPLETED,1
28005,2021,HOM_ATTEMPTED,8
28005,2021,INJURY,66
28005,2021,KIDNAPPING,1
28005,2021,SEXUAL,51
28005,2021,SEXUAL_PENETRATION,3
28005,2021,SEXUAL_OTHER,48
28005,2021,ROBBERY_VIOLENT,232
28005,2021,BURGLARY,376
28005,2021,BURGLARY_DWELLING,161
28005,2021,THEFT,2483
28005,2021,VEHICLE_THEFT,222
28005,2021,DRUG_TRAFFICKING,28
28005,2021,OTHER_CONVENTIONAL,4197
28005,2021,CYBERCRIME,1973
28005,2021,CYBER_FRAUD,1669
28005,2021,CYBER_OTHER,304
28005,2021,TOTAL,9638
28006,2021,CONVENTIONAL,3664
28006,2021,HOM_COMPLETED,0
28006,2021,HOM_ATTEMPTED,1
28006,2021,INJURY,43
28006,2021,KIDNAPPING,0
28006,2021,SEXUAL,27
28006,2021,SEXUAL_PENETRATION,5
28006,2021,SEXUAL_OTHER,22
28006,2021,ROBBERY_VIOLENT,70
28006,2021,BURGLARY,208
28006,2021,BURGLARY_DWELLING,145
28006,2021,THEFT,1114
28006,2021,VEHICLE_THEFT,246
28006,2021,DRUG_TRAFFICKING,32
28006,2021,OTHER_CONVENTIONAL,1923
28006,2021,CYBERCRIME,832
28006,2021,CYBER_FRAUD,747
28006,2021,CYBER_OTHER,85
28006,2021,TOTAL,4496
28007,2021,CONVENTIONAL,5628
28007,2021,HOM_COMPLETED,0
28007,2021,HOM_ATTEMPTED,4
28007,2021,INJURY,30
28007,2021,KIDNAPPING,1
28007,2021,SEXUAL,37
28007,2021,SEXUAL_PENETRATION,6
28007,2021,SEXUAL_OTHER,31
28007,2021,ROBBERY_VIOLENT,245
28007,2021,BURGLARY,248
28007,2021,BURGLARY_DWELLING,148
28007,2021,THEFT,2135
28007,2021,VEHICLE_THEFT,142
28007,2021,DRUG_TRAFFICKING,26
28007,2021,OTHER_CONVENTIONAL,2760
28007,2021,CYBERCRIME,1353
28007,2021,CYBER_FRAUD,1189
28007,2021,CYBER_OTHER,164
28007,2021,TOTAL,6981
28009,2021,CONVENTIONAL,552
28009,2021,HOM_COMPLETED,0
28009,2021,HOM_ATTEMPTED,0
28009,2021,INJURY,6
28009,2021,KIDNAPPING,0
28009,2021,SEXUAL,3
28009,2021,SEXUAL_PENETRATION,0
28009,2021,SEXUAL_OTHER,3
28009,2021,ROBBERY_VIOLENT,8
28009,2021,BURGLARY,33
28009,2021,BURGLARY_DWELLING,21
28009,2021,THEFT,132
28009,2021,VEHICLE_THEFT,17
28009,2021,DRUG_TRAFFICKING,4
28009,2021,OTHER_CONVENTIONAL,349
28009,2021,CYBERCRIME,153
28009,2021,CYBER_FRAUD,134
28009,2021,CYBER_OTHER,19
28009,2021,TOTAL,705
28013,2021,CONVENTIONAL,1779
28013,2021,HOM_COMPLETED,1
28013,2021,HOM_ATTEMPTED,0
28013,2021,INJURY,22
28013,2021,KIDNAPPING,0
28013,2021,SEXUAL,9
28013,2021,SEXUAL_PENETRATION,0
28013,2021,SEXUAL_OTHER,9
28013,2021,ROBBERY_VIOLENT,36
28013,2021,BURGLARY,80
28013,2021,BURGLARY_DWELLING,49
28013,2021,THEFT,555
28013,2021,VEHICLE_THEFT,35
28013,2021,DRUG_TRAFFICKING,8
28013,2021,OTHER_CONVENTIONAL,1033
28013,2021,CYBERCRIME,429
28013,2021,CYBER_FRAUD,410
28013,2021,CYBER_OTHER,19
28013,2021,TOTAL,2208
28014,2021,CONVENTIONAL,2114
28014,2021,HOM_COMPLETED,0
28014,2021,HOM_ATTEMPTED,0
28014,2021,INJURY,50
28014,2021,KIDNAPPING,0
28014,2021,SEXUAL,21
28014,2021,SEXUAL_PENETRATION,0
28014,2021,SEXUAL_OTHER,21
28014,2021,ROBBERY_VIOLENT,48
28014,2021,BURGLARY,108
28014,2021,BURGLARY_DWELLING,52
28014,2021,THEFT,413
28014,2021,VEHICLE_THEFT,21
28014,2021,DRUG_TRAFFICKING,11
28014,2021,OTHER_CONVENTIONAL,1442
28014,2021,CYBERCRIME,308
28014,2021,CYBER_FRAUD,229
28014,2021,CYBER_OTHER,79
28014,2021,TOTAL,2422
28015,2021,CONVENTIONAL,2280
28015,2021,HOM_COMPLETED,0
28015,2021,HOM_ATTEMPTED,1
28015,2021,INJURY,11
28015,2021,KIDNAPPING,0
28015,2021,SEXUAL,5
28015,2021,SEXUAL_PENETRATION,2
28015,2021,SEXUAL_OTHER,3
28015,2021,ROBBERY_VIOLENT,40
28015,2021,BURGLARY,67
28015,2021,BURGLARY_DWELLING,53
28015,2021,THEFT,1314
28015,2021,VEHICLE_THEFT,40
28015,2021,DRUG_TRAFFICKING,12
28015,2021,OTHER_CONVENTIONAL,790
28015,2021,CYBERCRIME,360
28015,2021,CYBER_FRAUD,312
28015,2021,CYBER_OTHER,48
28015,2021,TOTAL,2640
28022,2021,CONVENTIONAL,1431
28022,2021,HOM_COMPLETED,0
28022,2021,HOM_ATTEMPTED,1
28022,2021,INJURY,13
28022,2021,KIDNAPPING,0
28022,2021,SEXUAL,16
28022,2021,SEXUAL_PENETRATION,2
28022,2021,SEXUAL_OTHER,14
28022,2021,ROBBERY_VIOLENT,20
28022,2021,BURGLARY,112
28022,2021,BURGLARY_DWELLING,92
28022,2021,THEFT,371
28022,2021,VEHICLE_THEFT,5
28022,2021,DRUG_TRAFFICKING,8
28022,2021,OTHER_CONVENTIONAL,885
28022,2021,CYBERCRIME,311
28022,2021,CYBER_FRAUD,263
28022,2021,CYBER_OTHER,48
28022,2021,TOTAL,1742
28040,2021,CONVENTIONAL,1250
28040,2021,HOM_COMPLETED,1
28040,2021,HOM_ATTEMPTED,0
28040,2021,INJURY,21
28040,2021,KIDNAPPING,0
28040,2021,SEXUAL,15
28040,2021,SEXUAL_PENETRATION,0
28040,2021,SEXUAL_OTHER,15
28040,2021,ROBBERY_VIOLENT,32
28040,2021,BURGLARY,106
28040,2021,BURGLARY_DWELLING,90
28040,2021,THEFT,209
28040,2021,VEHICLE_THEFT,22
28040,2021,DRUG_TRAFFICKING,9
28040,2021,OTHER_CONVENTIONAL,835
28040,2021,CYBERCRIME,105
28040,2021,CYBER_FRAUD,86
28040,2021,CYBER_OTHER,19
28040,2021,TOTAL,1355
28045,2021,CONVENTIONAL,1327
28045,2021,HOM_COMPLETED,0
28045,2021,HOM_ATTEMPTED,2
28045,2021,INJURY,29
28045,2021,KIDNAPPING,0
28045,2021,SEXUAL,15
28045,2021,SEXUAL_PENETRATION,1
28045,2021,SEXUAL_OTHER,14
28045,2021,ROBBERY_VIOLENT,40
28045,2021,BURGLARY,96
28045,2021,BURGLARY_DWELLING,78
28045,2021,THEFT,296
28045,2021,VEHICLE_THEFT,14
28045,2021,DRUG_TRAFFICKING,12
28045,2021,OTHER_CONVENTIONAL,823
28045,2021,CYBERCRIME,230
28045,2021,CYBER_FRAUD,221
28045,2021,CYBER_OTHER,9
28045,2021,TOTAL,1557
28047,2021,CONVENTIONAL,2136
28047,2021,HOM_COMPLETED,1
28047,2021,HOM_ATTEMPTED,0
28047,2021,INJURY,35
28047,2021,KIDNAPPING,0
28047,2021,SEXUAL,24
28047,2021,SEXUAL_PENETRATION,3
28047,2021,SEXUAL_OTHER,21
28047,2021,ROBBERY_VIOLENT,72
28047,2021,BURGLARY,129
28047,2021,BURGLARY_DWELLING,85
28047,2021,THEFT,596
28047,2021,VEHICLE_THEFT,15
28047,2021,DRUG_TRAFFICKING,6
28047,2021,OTHER_CONVENTIONAL,1258
28047,2021,CYBERCRIME,395
28047,2021,CYBER_FRAUD,337
28047,2021,CYBER_OTHER,58
28047,2021,TOTAL,2531
28049,2021,CONVENTIONAL,2714
28049,2021,HOM_COMPLETED,0
28049,2021,HOM_ATTEMPTED,2
28049,2021,INJURY,27
28049,2021,KIDNAPPING,0
28049,2021,SEXUAL,10
28049,2021,SEXUAL_PENETRATION,0
28049,2021,SEXUAL_OTHER,10
28049,2021,ROBBERY_VIOLENT,60
28049,2021,BURGLARY,145
28049,2021,BURGLARY_DWELLING,72
28049,2021,THEFT,877
28049,2021,VEHICLE_THEFT,75
28049,2021,DRUG_TRAFFICKING,19
28049,2021,OTHER_CONVENTIONAL,1499
28049,2021,CYBERCRIME,541
28049,2021,CYBER_FRAUD,463
28049,2021,CYBER_OTHER,78
28049,2021,TOTAL,3255
28058,2021,CONVENTIONAL,5501
28058,2021,HOM_COMPLETED,1
28058,2021,HOM_ATTEMPTED,1
28058,2021,INJURY,33
28058,2021,KIDNAPPING,0
28058,2021,SEXUAL,45
28058,2021,SEXUAL_PENETRATION,7
28058,2021,SEXUAL_OTHER,38
28058,2021,ROBBERY_VIOLENT,235
28058,2021,BURGLARY,265
28058,2021,BURGLARY_DWELLING,154
28058,2021,THEFT,1696
28058,2021,VEHICLE_THEFT,161
28058,2021,DRUG_TRAFFICKING,39
28058,2021,OTHER_CONVENTIONAL,3025
28058,2021,CYBERCRIME,1292
28058,2021,CYBER_FRAUD,1194
28058,2021,CYBER_OTHER,98
28058,2021,TOTAL,6793
28061,2021,CONVENTIONAL,1287
28061,2021,HOM_COMPLETED,0
28061,2021,HOM_ATTEMPTED,2
28061,2021,INJURY,26
28061,2021,KIDNAPPING,0
28061,2021,SEXUAL,15
28061,2021,SEXUAL_PENETRATION,2
28061,2021,SEXUAL_OTHER,13
28061,2021,ROBBERY_VIOLENT,25
28061,2021,BURGLARY,106
28061,2021,BURGLARY_DWELLING,91
28061,2021,THEFT,217
28061,2021,VEHICLE_THEFT,8
28061,2021,DRUG_TRAFFICKING,5
28061,2021,OTHER_CONVENTIONAL,883
28061,2021,CYBERCRIME,344
28061,2021,CYBER_FRAUD,293
28061,2021,CYBER_OTHER,51
28061,2021,TOTAL,1631
28065,2021,CONVENTIONAL,7058
28065,2021,HOM_COMPLETED,1
28065,2021,HOM_ATTEMPTED,0
28065,2021,INJURY,26
28065,2021,KIDNAPPING,1
28065,2021,SEXUAL,63
28065,2021,SEXUAL_PENETRATION,11
28065,2021,SEXUAL_OTHER,52
28065,2021,ROBBERY_VIOLENT,360
28065,2021,BURGLARY,226
28065,2021,BURGLARY_DWELLING,143
28065,2021,THEFT,2413
28065,2021,VEHICLE_THEFT,204
28065,2021,DRUG_TRAFFICKING,21
28065,2021,OTHER_CONVENTIONAL,3743
28065,2021,CYBERCRIME,1219
28065,2021,CYBER_FRAUD,1103
28065,2021,CYBER_OTHER,116
28065,2021,TOTAL,8277
28074,2021,CONVENTIONAL,6948
28074,2021,HOM_COMPLETED,0
28074,2021,HOM_ATTEMPTED,2
28074,2021,INJURY,72
28074,2021,KIDNAPPING,0
28074,2021,SEXUAL,47
28074,2021,SEXUAL_PENETRATION,7
28074,2021,SEXUAL_OTHER,40
28074,2021,ROBBERY_VIOLENT,256
28074,2021,BURGLARY,298
28074,2021,BURGLARY_DWELLING,169
28074,2021,THEFT,2780
28074,2021,VEHICLE_THEFT,197
28074,2021,DRUG_TRAFFICKING,28
28074,2021,OTHER_CONVENTIONAL,3268
28074,2021,CYBERCRIME,1172
28074,2021,CYBER_FRAUD,1072
28074,2021,CYBER_OTHER,100
28074,2021,TOTAL,8120
28079,2021,CONVENTIONAL,174344
28079,2021,HOM_COMPLETED,18
28079,2021,HOM_ATTEMPTED,50
28079,2021,INJURY,1507
28079,2021,KIDNAPPING,9
28079,2021,SEXUAL,1235
28079,2021,SEXUAL_PENETRATION,155
28079,2021,SEXUAL_OTHER,1080
28079,2021,ROBBERY_VIOLENT,8609
28079,2021,BURGLARY,5904
28079,2021,BURGLARY_DWELLING,3837
28079,2021,THEFT,73259
28079,2021,VEHICLE_THEFT,4302
28079,2021,DRUG_TRAFFICKING,1824
28079,2021,OTHER_CONVENTIONAL,77627
28079,2021,CYBERCRIME,28483
28079,2021,CYBER_FRAUD,25477
28079,2021,CYBER_OTHER,3006
28079,2021,TOTAL,202827
28080,2021,CONVENTIONAL,3507
28080,2021,HOM_COMPLETED,1
28080,2021,HOM_ATTEMPTED,0
28080,2021,INJURY,29
28080,2021,KIDNAPPING,0
28080,2021,SEXUAL,24
28080,2021,SEXUAL_PENETRATION,4
28080,2021,SEXUAL_OTHER,20
28080,2021,ROBBERY_VIOLENT,72
28080,2021,BURGLARY,174
28080,2021,BURGLARY_DWELLING,113
28080,2021,THEFT,1507
28080,2021,VEHICLE_THEFT,114
28080,2021,DRUG_TRAFFICKING,8
28080,2021,OTHER_CONVENTIONAL,1578
28080,2021,CYBERCRIME,406
28080,2021,CYBER_FRAUD,346
28080,2021,CYBER_OTHER,60
28080,2021,TOTAL,3913
28084,2021,CONVENTIONAL,1157
28084,2021,HOM_COMPLETED,0
28084,2021,HOM_ATTEMPTED,0
28084,2021,INJURY,20
28084,2021,KIDNAPPING,0
28084,2021,SEXUAL,6
28084,2021,SEXUAL_PENETRATION,0
28084,2021,SEXUAL_OTHER,6
28084,2021,ROBBERY_VIOLENT,14
28084,2021,BURGLARY,39
28084,2021,BURGLARY_DWELLING,20
28084,2021,THEFT,240
28084,2021,VEHICLE_THEFT,35
28084,2021,DRUG_TRAFFICKING,9
28084,2021,OTHER_CONVENTIONAL,794
28084,2021,CYBERCRIME,181
28084,2021,CYBER_FRAUD,146
28084,2021,CYBER_OTHER,35
28084,2021,TOTAL,1338
28092,2021,CONVENTIONAL,6034
28092,2021,HOM_COMPLETED,0
28092,2021,HOM_ATTEMPTED,3
28092,2021,INJURY,46
28092,2021,KIDNAPPING,0
28092,2021,SEXUAL,40
28092,2021,SEXUAL_PENETRATION,11
28092,2021,SEXUAL_OTHER,29
28092,2021,ROBBERY_VIOLENT,227
28092,2021,BURGLARY,352
28092,2021,BURGLARY_DWELLING,239
28092,2021,THEFT,1514
28092,2021,VEHICLE_THEFT,145
28092,2021,DRUG_TRAFFICKING,47
28092,2021,OTHER_CONVENTIONAL,3660
28092,2021,CYBERCRIME,1777
28092,2021,CYBER_FRAUD,1583
28092,2021,CYBER_OTHER,194
28092,2021,TOTAL,7811
28096,2021,CONVENTIONAL,919
28096,2021,HOM_COMPLETED,0
28096,2021,HOM_ATTEMPTED,0
28096,2021,INJURY,5
28096,2021,KIDNAPPING,0
28096,2021,SEXUAL,7
28096,2021,SEXUAL_PENETRATION,1
28096,2021,SEXUAL_OTHER,6
28096,2021,ROBBERY_VIOLENT,18
28096,2021,BURGLARY,69
28096,2021,BURGLARY_DWELLING,54
28096,2021,THEFT,188
28096,2021,VEHICLE_THEFT,25
28096,2021,DRUG_TRAFFICKING,11
28096,2021,OTHER_CONVENTIONAL,596
28096,2021,CYBERCRIME,281
28096,2021,CYBER_FRAUD,254
28096,2021,CYBER_OTHER,27
28096,2021,TOTAL,1200
28104,2021,CONVENTIONAL,693
28104,2021,HOM_COMPLETED,0
28104,2021,HOM_ATTEMPTED,0
28104,2021,INJURY,7
28104,2021,KIDNAPPING,0
28104,2021,SEXUAL,6
28104,2021,SEXUAL_PENETRATION,0
28104,2021,SEXUAL_OTHER,6
28104,2021,ROBBERY_VIOLENT,14
28104,2021,BURGLARY,39
28104,2021,BURGLARY_DWELLING,29
28104,2021,THEFT,122
28104,2021,VEHICLE_THEFT,19
28104,2021,DRUG_TRAFFICKING,5
28104,2021,OTHER_CONVENTIONAL,481
28104,2021,CYBERCRIME,195
28104,2021,CYBER_FRAUD,164
28104,2021,CYBER_OTHER,31
28104,2021,TOTAL,888
28106,2021,CONVENTIONAL,5011
28106,2021,HOM_COMPLETED,3
28106,2021,HOM_ATTEMPTED,0
28106,2021,INJURY,42
28106,2021,KIDNAPPING,0
28106,2021,SEXUAL,56
28106,2021,SEXUAL_PENETRATION,9
28106,2021,SEXUAL_OTHER,47
28106,2021,ROBBERY_VIOLENT,316
28106,2021,BURGLARY,144
28106,2021,BURGLARY_DWELLING,89
28106,2021,THEFT,1316
28106,2021,VEHICLE_THEFT,75
28106,2021,DRUG_TRAFFICKING,31
28106,2021,OTHER_CONVENTIONAL,3028
28106,2021,CYBERCRIME,412
28106,2021,CYBER_FRAUD,370
28106,2021,CYBER_OTHER,42
28106,2021,TOTAL,5423
28113,2021,CONVENTIONAL,2075
28113,2021,HOM_COMPLETED,0
28113,2021,HOM_ATTEMPTED,0
28113,2021,INJURY,13
28113,2021,KIDNAPPING,0
28113,2021,SEXUAL,18
28113,2021,SEXUAL_PENETRATION,5
28113,2021,SEXUAL_OTHER,13
28113,2021,ROBBERY_VIOLENT,99
28113,2021,BURGLARY,66
28113,2021,BURGLARY_DWELLING,41
28113,2021,THEFT,618
28113,2021,VEHICLE_THEFT,38
28113,2021,DRUG_TRAFFICKING,24
28113,2021,OTHER_CONVENTIONAL,1199
28113,2021,CYBERCRIME,282
28113,2021,CYBER_FRAUD,249
28113,2021,CYBER_OTHER,33
28113,2021,TOTAL,2357
28115,2021,CONVENTIONAL,2027
28115,2021,HOM_COMPLETED,2
28115,2021,HOM_ATTEMPTED,0
28115,2021,INJURY,14
28115,2021,KIDNAPPING,0
28115,2021,SEXUAL,10
28115,2021,SEXUAL_PENETRATION,1
28115,2021,SEXUAL_OTHER,9
28115,2021,ROBBERY_VIOLENT,63
28115,2021,BURGLARY,90
28115,2021,BURGLARY_DWELLING,74
28115,2021,THEFT,861
28115,2021,VEHICLE_THEFT,77
28115,2021,DRUG_TRAFFICKING,16
28115,2021,OTHER_CONVENTIONAL,894
28115,2021,CYBERCRIME,442
28115,2021,CYBER_FRAUD,420
28115,2021,CYBER_OTHER,22
28115,2021,TOTAL,2469
28123,2021,CONVENTIONAL,4239
28123,2021,HOM_COMPLETED,0
28123,2021,HOM_ATTEMPTED,2
28123,2021,INJURY,44
28123,2021,KIDNAPPING,0
28123,2021,SEXUAL,25
28123,2021,SEXUAL_PENETRATION,4
28123,2021,SEXUAL_OTHER,21
28123,2021,ROBBERY_VIOLENT,141
28123,2021,BURGLARY,262
28123,2021,BURGLARY_DWELLING,152
28123,2021,THEFT,1528
28123,2021,VEHICLE_THEFT,29
28123,2021,DRUG_TRAFFICKING,8
28123,2021,OTHER_CONVENTIONAL,2200
28123,2021,CYBERCRIME,956
28123,2021,CYBER_FRAUD,807
28123,2021,CYBER_OTHER,149
28123,2021,TOTAL,5195
28127,2021,CONVENTIONAL,3366
28127,2021,HOM_COMPLETED,0
28127,2021,HOM_ATTEMPTED,0
28127,2021,INJURY,35
28127,2021,KIDNAPPING,0
28127,2021,SEXUAL,17
28127,2021,SEXUAL_PENETRATION,2
28127,2021,SEXUAL_OTHER,15
28127,2021,ROBBERY_VIOLENT,54
28127,2021,BURGLARY,212
28127,2021,BURGLARY_DWELLING,157
28127,2021,THEFT,1144
28127,2021,VEHICLE_THEFT,66
28127,2021,DRUG_TRAFFICKING,9
28127,2021,OTHER_CONVENTIONAL,1829
28127,2021,CYBERCRIME,573
28127,2021,CYBER_FRAUD,479
28127,2021,CYBER_OTHER,94
28127,2021,TOTAL,3939
28130,2021,CONVENTIONAL,1525
28130,2021,HOM_COMPLETED,0
28130,2021,HOM_ATTEMPTED,0
28130,2021,INJURY,16
28130,2021,KIDNAPPING,0
28130,2021,SEXUAL,8
28130,2021,SEXUAL_PENETRATION,1
28130,2021,SEXUAL_OTHER,7
28130,2021,ROBBERY_VIOLENT,34
28130,2021,BURGLARY,57
28130,2021,BURGLARY_DWELLING,34
28130,2021,THEFT,433
28130,2021,VEHICLE_THEFT,64
28130,2021,DRUG_TRAFFICKING,24
28130,2021,OTHER_CONVENTIONAL,889
28130,2021,CYBERCRIME,283
28130,2021,CYBER_FRAUD,243
28130,2021,CYBER_OTHER,40
28130,2021,TOTAL,1808
28134,2021,CONVENTIONAL,3220
28134,2021,HOM_COMPLETED,0
28134,2021,HOM_ATTEMPTED,2
28134,2021,INJURY,22
28134,2021,KIDNAPPING,0
28134,2021,SEXUAL,20
28134,2021,SEXUAL_PENETRATION,1
28134,2021,SEXUAL_OTHER,19
28134,2021,ROBBERY_VIOLENT,74
28134,2021,BURGLARY,127
28134,2021,BURGLARY_DWELLING,95
28134,2021,THEFT,1349
28134,2021,VEHICLE_THEFT,62
28134,2021,DRUG_TRAFFICKING,23
28134,2021,OTHER_CONVENTIONAL,1541
28134,2021,CYBERCRIME,595
28134,2021,CYBER_FRAUD,530
28134,2021,CYBER_OTHER,65
28134,2021,TOTAL,3815
28148,2021,CONVENTIONAL,4311
28148,2021,HOM_COMPLETED,1
28148,2021,HOM_ATTEMPTED,5
28148,2021,INJURY,45
28148,2021,KIDNAPPING,0
28148,2021,SEXUAL,41
28148,2021,SEXUAL_PENETRATION,9
28148,2021,SEXUAL_OTHER,32
28148,2021,ROBBERY_VIOLENT,95
28148,2021,BURGLARY,105
28148,2021,BURGLARY_DWELLING,59
28148,2021,THEFT,1305
28148,2021,VEHICLE_THEFT,56
28148,2021,DRUG_TRAFFICKING,48
28148,2021,OTHER_CONVENTIONAL,2610
28148,2021,CYBERCRIME,786
28148,2021,CYBER_FRAUD,701
28148,2021,CYBER_OTHER,85
28148,2021,TOTAL,5097
28152,2021,CONVENTIONAL,911
28152,2021,HOM_COMPLETED,0
28152,2021,HOM_ATTEMPTED,0
28152,2021,INJURY,9
28152,2021,KIDNAPPING,0
28152,2021,SEXUAL,4
28152,2021,SEXUAL_PENETRATION,0
28152,2021,SEXUAL_OTHER,4
28152,2021,ROBBERY_VIOLENT,35
28152,2021,BURGLARY,87
28152,2021,BURGLARY_DWELLING,73
28152,2021,THEFT,278
28152,2021,VEHICLE_THEFT,4
28152,2021,DRUG_TRAFFICKING,5
28152,2021,OTHER_CONVENTIONAL,489
28152,2021,CYBERCRIME,226
28152,2021,CYBER_FRAUD,198
28152,2021,CYBER_OTHER,28
28152,2021,TOTAL,1137
28903,2021,CONVENTIONAL,1188
28903,2021,HOM_COMPLETED,0
28903,2021,HOM_ATTEMPTED,0
28903,2021,INJURY,12
28903,2021,KIDNAPPING,0
28903,2021,SEXUAL,11
28903,2021,SEXUAL_PENETRATION,2
28903,2021,SEXUAL_OTHER,9
28903,2021,ROBBERY_VIOLENT,25
28903,2021,BURGLARY,47
28903,2021,BURGLARY_DWELLING,35
28903,2021,THEFT,374
28903,2021,VEHICLE_THEFT,5
28903,2021,DRUG_TRAFFICKING,6
28903,2021,OTHER_CONVENTIONAL,708
28903,2021,CYBERCRIME,320
28903,2021,CYBER_FRAUD,284
28903,2021,CYBER_OTHER,36
28903,2021,TOTAL,1508
28161,2021,CONVENTIONAL,2871
28161,2021,HOM_COMPLETED,0
28161,2021,HOM_ATTEMPTED,0
28161,2021,INJURY,58
28161,2021,KIDNAPPING,0
28161,2021,SEXUAL,41
28161,2021,SEXUAL_PENETRATION,4
28161,2021,SEXUAL_OTHER,37
28161,2021,ROBBERY_VIOLENT,53
28161,2021,BURGLARY,115
28161,2021,BURGLARY_DWELLING,68
28161,2021,THEFT,656
28161,2021,VEHICLE_THEFT,40
28161,2021,DRUG_TRAFFICKING,13
28161,2021,OTHER_CONVENTIONAL,1895
28161,2021,CYBERCRIME,572
28161,2021,CYBER_FRAUD,497
28161,2021,CYBER_OTHER,75
28161,2021,TOTAL,3443
28176,2021,CONVENTIONAL,810
28176,2021,HOM_COMPLETED,0
28176,2021,HOM_ATTEMPTED,0
28176,2021,INJURY,11
28176,2021,KIDNAPPING,0
28176,2021,SEXUAL,8
28176,2021,SEXUAL_PENETRATION,1
28176,2021,SEXUAL_OTHER,7
28176,2021,ROBBERY_VIOLENT,20
28176,2021,BURGLARY,57
28176,2021,BURGLARY_DWELLING,47
28176,2021,THEFT,240
28176,2021,VEHICLE_THEFT,6
28176,2021,DRUG_TRAFFICKING,0
28176,2021,OTHER_CONVENTIONAL,468
28176,2021,CYBERCRIME,123
28176,2021,CYBER_FRAUD,104
28176,2021,CYBER_OTHER,19
28176,2021,TOTAL,933
28181,2021,CONVENTIONAL,1048
28181,2021,HOM_COMPLETED,0
28181,2021,HOM_ATTEMPTED,0
28181,2021,INJURY,13
28181,2021,KIDNAPPING,0
28181,2021,SEXUAL,12
28181,2021,SEXUAL_PENETRATION,1
28181,2021,SEXUAL_OTHER,11
28181,2021,ROBBERY_VIOLENT,53
28181,2021,BURGLARY,100
28181,2021,BURGLARY_DWELLING,73
28181,2021,THEFT,274
28181,2021,VEHICLE_THEFT,6
28181,2021,DRUG_TRAFFICKING,3
28181,2021,OTHER_CONVENTIONAL,587
28181,2021,CYBERCRIME,213
28181,2021,CYBER_FRAUD,183
28181,2021,CYBER_OTHER,30
28181,2021,TOTAL,1261
28005,2022,CONVENTIONAL,8107
28005,2022,HOM_COMPLETED,1
28005,2022,HOM_ATTEMPTED,6
28005,2022,INJURY,86
28005,2022,KIDNAPPING,0
28005,2022,SEXUAL,55
28005,2022,SEXUAL_PENETRATION,11
28005,2022,SEXUAL_OTHER,44
28005,2022,ROBBERY_VIOLENT,212
28005,2022,BURGLARY,359
28005,2022,BURGLARY_DWELLING,164
28005,2022,THEFT,2705
28005,2022,VEHICLE_THEFT,234
28005,2022,DRUG_TRAFFICKING,42
28005,2022,OTHER_CONVENTIONAL,4407
28005,2022,CYBERCRIME,2222
28005,2022,CYBER_FRAUD,1925
28005,2022,CYBER_OTHER,297
28005,2022,TOTAL,10329
28006,2022,CONVENTIONAL,4160
28006,2022,HOM_COMPLETED,0
28006,2022,HOM_ATTEMPTED,1
28006,2022,INJURY,37
28006,2022,KIDNAPPING,0
28006,2022,SEXUAL,25
28006,2022,SEXUAL_PENETRATION,8
28006,2022,SEXUAL_OTHER,17
28006,2022,ROBBERY_VIOLENT,96
28006,2022,BURGLARY,182
28006,2022,BURGLARY_DWELLING,106
28006,2022,THEFT,1241
28006,2022,VEHICLE_THEFT,241
28006,2022,DRUG_TRAFFICKING,31
28006,2022,OTHER_CONVENTIONAL,2306
28006,2022,CYBERCRIME,1098
28006,2022,CYBER_FRAUD,1026
28006,2022,CYBER_OTHER,72
28006,2022,TOTAL,5258
28007,2022,CONVENTIONAL,6186
28007,2022,HOM_COMPLETED,2
28007,2022,HOM_ATTEMPTED,2
28007,2022,INJURY,31
28007,2022,KIDNAPPING,1
28007,2022,SEXUAL,44
28007,2022,SEXUAL_PENETRATION,4
28007,2022,SEXUAL_OTHER,40
28007,2022,ROBBERY_VIOLENT,195
28007,2022,BURGLARY,250
28007,2022,BURGLARY_DWELLING,170
28007,2022,THEFT,2565
28007,2022,VEHICLE_THEFT,98
28007,2022,DRUG_TRAFFICKING,30
28007,2022,OTHER_CONVENTIONAL,2968
28007,2022,CYBERCRIME,1564
28007,2022,CYBER_FRAUD,1352
28007,2022,CYBER_OTHER,212
28007,2022,TOTAL,7750
28009,2022,CONVENTIONAL,675
28009,2022,HOM_COMPLETED,0
28009,2022,HOM_ATTEMPTED,0
28009,2022,INJURY,1
28009,2022,KIDNAPPING,0
28009,2022,SEXUAL,5
28009,2022,SEXUAL_PENETRATION,0
28009,2022,SEXUAL_OTHER,5
28009,2022,ROBBERY_VIOLENT,9
28009,2022,BURGLARY,61
28009,2022,BURGLARY_DWELLING,42
28009,2022,THEFT,163
28009,2022,VEHICLE_THEFT,10
28009,2022,DRUG_TRAFFICKING,3
28009,2022,OTHER_CONVENTIONAL,423
28009,2022,CYBERCRIME,206
28009,2022,CYBER_FRAUD,191
28009,2022,CYBER_OTHER,15
28009,2022,TOTAL,881
28013,2022,CONVENTIONAL,2368
28013,2022,HOM_COMPLETED,0
28013,2022,HOM_ATTEMPTED,2
28013,2022,INJURY,15
28013,2022,KIDNAPPING,0
28013,2022,SEXUAL,12
28013,2022,SEXUAL_PENETRATION,0
28013,2022,SEXUAL_OTHER,12
28013,2022,ROBBERY_VIOLENT,42
28013,2022,BURGLARY,86
28013,2022,BURGLARY_DWELLING,59
28013,2022,THEFT,714
28013,2022,VEHICLE_THEFT,44
28013,2022,DRUG_TRAFFICKING,16
28013,2022,OTHER_CONVENTIONAL,1437
28013,2022,CYBERCRIME,497
28013,2022,CYBER_FRAUD,465
28013,2022,CYBER_OTHER,32
28013,2022,TOTAL,2865
28014,2022,CONVENTIONAL,2548
28014,2022,HOM_COMPLETED,0
28014,2022,HOM_ATTEMPTED,1
28014,2022,INJURY,53
28014,2022,KIDNAPPING,2
28014,2022,SEXUAL,13
28014,2022,SEXUAL_PENETRATION,1
28014,2022,SEXUAL_OTHER,12
28014,2022,ROBBERY_VIOLENT,92
28014,2022,BURGLARY,108
28014,2022,BURGLARY_DWELLING,59
28014,2022,THEFT,755
28014,2022,VEHICLE_THEFT,24
28014,2022,DRUG_TRAFFICKING,13
28014,2022,OTHER_CONVENTIONAL,1487
28014,2022,CYBERCRIME,416
28014,2022,CYBER_FRAUD,352
28014,2022,CYBER_OTHER,64
28014,2022,TOTAL,2964
28015,2022,CONVENTIONAL,2476
28015,2022,HOM_COMPLETED,0
28015,2022,HOM_ATTEMPTED,1
28015,2022,INJURY,16
28015,2022,KIDNAPPING,0
28015,2022,SEXUAL,13
28015,2022,SEXUAL_PENETRATION,3
28015,2022,SEXUAL_OTHER,10
28015,2022,ROBBERY_VIOLENT,36
28015,2022,BURGLARY,68
28015,2022,BURGLARY_DWELLING,58
28015,2022,THEFT,1276
28015,2022,VEHICLE_THEFT,46
28015,2022,DRUG_TRAFFICKING,3
28015,2022,OTHER_CONVENTIONAL,1017
28015,2022,CYBERCRIME,314
28015,2022,CYBER_FRAUD,276
28015,2022,CYBER_OTHER,38
28015,2022,TOTAL,2790
28022,2022,CONVENTIONAL,1752
28022,2022,HOM_COMPLETED,0
28022,2022,HOM_ATTEMPTED,0
28022,2022,INJURY,17
28022,2022,KIDNAPPING,0
28022,2022,SEXUAL,20
28022,2022,SEXUAL_PENETRATION,3
28022,2022,SEXUAL_OTHER,17
28022,2022,ROBBERY_VIOLENT,26
28022,2022,BURGLARY,150
28022,2022,BURGLARY_DWELLING,143
28022,2022,THEFT,471
28022,2022,VEHICLE_THEFT,11
28022,2022,DRUG_TRAFFICKING,3
28022,2022,OTHER_CONVENTIONAL,1054
28022,2022,CYBERCRIME,513
28022,2022,CYBER_FRAUD,457
28022,2022,CYBER_OTHER,56
28022,2022,TOTAL,2265
28040,2022,CONVENTIONAL,1215
28040,2022,HOM_COMPLETED,1
28040,2022,HOM_ATTEMPTED,2
28040,2022,INJURY,22
28040,2022,KIDNAPPING,0
28040,2022,SEXUAL,14
28040,2022,SEXUAL_PENETRATION,2
28040,2022,SEXUAL_OTHER,12
28040,2022,ROBBERY_VIOLENT,32
28040,2022,BURGLARY,73
28040,2022,BURGLARY_DWELLING,45
28040,2022,THEFT,255
28040,2022,VEHICLE_THEFT,25
28040,2022,DRUG_TRAFFICKING,7
28040,2022,OTHER_CONVENTIONAL,784
28040,2022,CYBERCRIME,164
28040,2022,CYBER_FRAUD,130
28040,2022,CYBER_OTHER,34
28040,2022,TOTAL,1379
28045,2022,CONVENTIONAL,1561
28045,2022,HOM_COMPLETED,0
28045,2022,HOM_ATTEMPTED,1
28045,2022,INJURY,23
28045,2022,KIDNAPPING,0
28045,2022,SEXUAL,7
28045,2022,SEXUAL_PENETRATION,0
28045,2022,SEXUAL_OTHER,7
28045,2022,ROBBERY_VIOLENT,21
28045,2022,BURGLARY,84
28045,2022,BURGLARY_DWELLING,68
28045,2022,THEFT,356
28045,2022,VEHICLE_THEFT,10
28045,2022,DRUG_TRAFFICKING,4
28045,2022,OTHER_CONVENTIONAL,1055
28045,2022,CYBERCRIME,363
28045,2022,CYBER_FRAUD,340
28045,2022,CYBER_OTHER,23
28045,2022,TOTAL,1924
28047,2022,CONVENTIONAL,2510
28047,2022,HOM_COMPLETED,0
28047,2022,HOM_ATTEMPTED,0
28047,2022,INJURY,46
28047,2022,KIDNAPPING,1
28047,2022,SEXUAL,29
28047,2022,SEXUAL_PENETRATION,5
28047,2022,SEXUAL_OTHER,24
28047,2022,ROBBERY_VIOLENT,80
28047,2022,BURGLARY,143
28047,2022,BURGLARY_DWELLING,102
28047,2022,THEFT,739
28047,2022,VEHICLE_THEFT,17
28047,2022,DRUG_TRAFFICKING,16
28047,2022,OTHER_CONVENTIONAL,1439
28047,2022,CYBERCRIME,576
28047,2022,CYBER_FRAUD,504
28047,2022,CYBER_OTHER,72
28047,2022,TOTAL,3086
28049,2022,CONVENTIONAL,2973
28049,2022,HOM_COMPLETED,0
28049,2022,HOM_ATTEMPTED,2
28049,2022,INJURY,22
28049,2022,KIDNAPPING,0
28049,2022,SEXUAL,21
28049,2022,SEXUAL_PENETRATION,2
28049,2022,SEXUAL_OTHER,19
28049,2022,ROBBERY_VIOLENT,76
28049,2022,BURGLARY,156
28049,2022,BURGLARY_DWELLING,83
28049,2022,THEFT,899
28049,2022,VEHICLE_THEFT,109
28049,2022,DRUG_TRAFFICKING,18
28049,2022,OTHER_CONVENTIONAL,1670
28049,2022,CYBERCRIME,670
28049,2022,CYBER_FRAUD,611
28049,2022,CYBER_OTHER,59
28049,2022,TOTAL,3643
28058,2022,CONVENTIONAL,5089
28058,2022,HOM_COMPLETED,1
28058,2022,HOM_ATTEMPTED,0
28058,2022,INJURY,30
28058,2022,KIDNAPPING,0
28058,2022,SEXUAL,29
28058,2022,SEXUAL_PENETRATION,9
28058,2022,SEXUAL_OTHER,20
28058,2022,ROBBERY_VIOLENT,203
28058,2022,BURGLARY,226
28058,2022,BURGLARY_DWELLING,142
28058,2022,THEFT,1653
28058,2022,VEHICLE_THEFT,229
28058,2022,DRUG_TRAFFICKING,49
28058,2022,OTHER_CONVENTIONAL,2669
28058,2022,CYBERCRIME,1115
28058,2022,CYBER_FRAUD,1059
28058,2022,CYBER_OTHER,56
28058,2022,TOTAL,6204
28061,2022,CONVENTIONAL,1272
28061,2022,HOM_COMPLETED,0
28061,2022,HOM_ATTEMPTED,0
28061,2022,INJURY,35
28061,2022,KIDNAPPING,0
28061,2022,SEXUAL,19
28061,2022,SEXUAL_PENETRATION,0
28061,2022,SEXUAL_OTHER,19
28061,2022,ROBBERY_VIOLENT,18
28061,2022,BURGLARY,90
28061,2022,BURGLARY_DWELLING,86
28061,2022,THEFT,195
28061,2022,VEHICLE_THEFT,4
28061,2022,DRUG_TRAFFICKING,6
28061,2022,OTHER_CONVENTIONAL,905
28061,2022,CYBERCRIME,367
28061,2022,CYBER_FRAUD,309
28061,2022,CYBER_OTHER,58
28061,2022,TOTAL,1639
28065,2022,CONVENTIONAL,7155
28065,2022,HOM_COMPLETED,0
28065,2022,HOM_ATTEMPTED,1
28065,2022,INJURY,27
28065,2022,KIDNAPPING,0
28065,2022,SEXUAL,51
28065,2022,SEXUAL_PENETRATION,11
28065,2022,SEXUAL_OTHER,40
28065,2022,ROBBERY_VIOLENT,282
28065,2022,BURGLARY,231
28065,2022,BURGLARY_DWELLING,155
28065,2022,THEFT,2502
28065,2022,VEHICLE_THEFT,255
28065,2022,DRUG_TRAFFICKING,29
28065,2022,OTHER_CONVENTIONAL,3777
28065,2022,CYBERCRIME,1405
28065,2022,CYBER_FRAUD,1311
28065,2022,CYBER_OTHER,94
28065,2022,TOTAL,8560
28074,2022,CONVENTIONAL,7632
28074,2022,HOM_COMPLETED,0
28074,2022,HOM_ATTEMPTED,0
28074,2022,INJURY,66
28074,2022,KIDNAPPING,0
28074,2022,SEXUAL,52
28074,2022,SEXUAL_PENETRATION,12
28074,2022,SEXUAL_OTHER,40
28074,2022,ROBBERY_VIOLENT,199
28074,2022,BURGLARY,308
28074,2022,BURGLARY_DWELLING,188
28074,2022,THEFT,3268
28074,2022,VEHICLE_THEFT,221
28074,2022,DRUG_TRAFFICKING,57
28074,2022,OTHER_CONVENTIONAL,3461
28074,2022,CYBERCRIME,1456
28074,2022,CYBER_FRAUD,1311
28074,2022,CYBER_OTHER,145
28074,2022,TOTAL,9088
28079,2022,CONVENTIONAL,208227
28079,2022,HOM_COMPLETED,27
28079,2022,HOM_ATTEMPTED,83
28079,2022,INJURY,1753
28079,2022,KIDNAPPING,5
28079,2022,SEXUAL,1443
28079,2022,SEXUAL_PENETRATION,218
28079,2022,SEXUAL_OTHER,1225
28079,2022,ROBBERY_VIOLENT,9118
28079,2022,BURGLARY,7066
28079,2022,BURGLARY_DWELLING,4836
28079,2022,THEFT,91604
28079,2022,VEHICLE_THEFT,4489
28079,2022,DRUG_TRAFFICKING,2208
28079,2022,OTHER_CONVENTIONAL,90431
28079,2022,CYBERCRIME,35174
28079,2022,CYBER_FRAUD,32268
28079,2022,CYBER_OTHER,2906
28079,2022,TOTAL,243401
28080,2022,CONVENTIONAL,4047
28080,2022,HOM_COMPLETED,0
28080,2022,HOM_ATTEMPTED,1
28080,2022,INJURY,47
28080,2022,KIDNAPPING,0
28080,2022,SEXUAL,31
28080,2022,SEXUAL_PENETRATION,0
28080,2022,SEXUAL_OTHER,31
28080,2022,ROBBERY_VIOLENT,52
28080,2022,BURGLARY,223
28080,2022,BURGLARY_DWELLING,146
28080,2022,THEFT,1464
28080,2022,VEHICLE_THEFT,148
28080,2022,DRUG_TRAFFICKING,7
28080,2022,OTHER_CONVENTIONAL,2074
28080,2022,CYBERCRIME,537
28080,2022,CYBER_FRAUD,481
28080,2022,CYBER_OTHER,56
28080,2022,TOTAL,4584
28084,2022,CONVENTIONAL,1127
28084,2022,HOM_COMPLETED,0
28084,2022,HOM_ATTEMPTED,0
28084,2022,INJURY,16
28084,2022,KIDNAPPING,0
28084,2022,SEXUAL,10
28084,2022,SEXUAL_PENETRATION,1
28084,2022,SEXUAL_OTHER,9
28084,2022,ROBBERY_VIOLENT,15
28084,2022,BURGLARY,45
28084,2022,BURGLARY_DWELLING,26
28084,2022,THEFT,200
28084,2022,VEHICLE_THEFT,29
28084,2022,DRUG_TRAFFICKING,4
28084,2022,OTHER_CONVENTIONAL,808
28084,2022,CYBERCRIME,239
28084,2022,CYBER_FRAUD,197
28084,2022,CYBER_OTHER,42
28084,2022,TOTAL,1366
28092,2022,CONVENTIONAL,6376
28092,2022,HOM_COMPLETED,2
28092,2022,HOM_ATTEMPTED,3
28092,2022,INJURY,49
28092,2022,KIDNAPPING,1
28092,2022,SEXUAL,64
28092,2022,SEXUAL_PENETRATION,18
28092,2022,SEXUAL_OTHER,46
28092,2022,ROBBERY_VIOLENT,256
28092,2022,BURGLARY,350
28092,2022,BURGLARY_DWELLING,265
28092,2022,THEFT,1739
28092,2022,VEHICLE_THEFT,190
28092,2022,DRUG_TRAFFICKING,46
28092,2022,OTHER_CONVENTIONAL,3676
28092,2022,CYBERCRIME,2052
28092,2022,CYBER_FRAUD,1851
28092,2022,CYBER_OTHER,201
28092,2022,TOTAL,8428
28096,2022,CONVENTIONAL,1165
28096,2022,HOM_COMPLETED,0
28096,2022,HOM_ATTEMPTED,2
28096,2022,INJURY,10
28096,2022,KIDNAPPING,0
28096,2022,SEXUAL,8
28096,2022,SEXUAL_PENETRATION,3
28096,2022,SEXUAL_OTHER,5
28096,2022,ROBBERY_VIOLENT,27
28096,2022,BURGLARY,82
28096,2022,BURGLARY_DWELLING,62
28096,2022,THEFT,240
28096,2022,VEHICLE_THEFT,40
28096,2022,DRUG_TRAFFICKING,14
28096,2022,OTHER_CONVENTIONAL,742
28096,2022,CYBERCRIME,334
28096,2022,CYBER_FRAUD,287
28096,2022,CYBER_OTHER,47
28096,2022,TOTAL,1499
28104,2022,CONVENTIONAL,761
28104,2022,HOM_COMPLETED,0
28104,2022,HOM_ATTEMPTED,0
28104,2022,INJURY,8
28104,2022,KIDNAPPING,0
28104,2022,SEXUAL,10
28104,2022,SEXUAL_PENETRATION,0
28104,2022,SEXUAL_OTHER,10
28104,2022,ROBBERY_VIOLENT,15
28104,2022,BURGLARY,46
28104,2022,BURGLARY_DWELLING,33
28104,2022,THEFT,177
28104,2022,VEHICLE_THEFT,24
28104,2022,DRUG_TRAFFICKING,3
28104,2022,OTHER_CONVENTIONAL,478
28104,2022,CYBERCRIME,199
28104,2022,CYBER_FRAUD,175
28104,2022,CYBER_OTHER,24
28104,2022,TOTAL,960
28106,2022,CONVENTIONAL,5630
28106,2022,HOM_COMPLETED,1
28106,2022,HOM_ATTEMPTED,2
28106,2022,INJURY,42
28106,2022,KIDNAPPING,1
28106,2022,SEXUAL,47
28106,2022,SEXUAL_PENETRATION,10
28106,2022,SEXUAL_OTHER,37
28106,2022,ROBBERY_VIOLENT,382
28106,2022,BURGLARY,190
28106,2022,BURGLARY_DWELLING,109
28106,2022,THEFT,1558
28106,2022,VEHICLE_THEFT,91
28106,2022,DRUG_TRAFFICKING,17
28106,2022,OTHER_CONVENTIONAL,3299
28106,2022,CYBERCRIME,652
28106,2022,CYBER_FRAUD,608
28106,2022,CYBER_OTHER,44
28106,2022,TOTAL,6282
28113,2022,CONVENTIONAL,2425
28113,2022,HOM_COMPLETED,0
28113,2022,HOM_ATTEMPTED,1
28113,2022,INJURY,24
28113,2022,KIDNAPPING,0
28113,2022,SEXUAL,25
28113,2022,SEXUAL_PENETRATION,2
28113,2022,SEXUAL_OTHER,23
28113,2022,ROBBERY_VIOLENT,64
28113,2022,BURGLARY,128
28113,2022,BURGLARY_DWELLING,105
28113,2022,THEFT,871
28113,2022,VEHICLE_THEFT,23
28113,2022,DRUG_TRAFFICKING,20
28113,2022,OTHER_CONVENTIONAL,1269
28113,2022,CYBERCRIME,473
28113,2022,CYBER_FRAUD,415
28113,2022,CYBER_OTHER,58
28113,2022,TOTAL,2898
28115,2022,CONVENTIONAL,2255
28115,2022,HOM_COMPLETED,1
28115,2022,HOM_ATTEMPTED,1
28115,2022,INJURY,21
28115,2022,KIDNAPPING,1
28115,2022,SEXUAL,12
28115,2022,SEXUAL_PENETRATION,1
28115,2022,SEXUAL_OTHER,11
28115,2022,ROBBERY_VIOLENT,57
28115,2022,BURGLARY,81
28115,2022,BURGLARY_DWELLING,70
28115,2022,THEFT,920
28115,2022,VEHICLE_THEFT,79
28115,2022,DRUG_TRAFFICKING,9
28115,2022,OTHER_CONVENTIONAL,1073
28115,2022,CYBERCRIME,413
28115,2022,CYBER_FRAUD,383
28115,2022,CYBER_OTHER,30
28115,2022,TOTAL,2668
28123,2022,CONVENTIONAL,4578
28123,2022,HOM_COMPLETED,1
28123,2022,HOM_ATTEMPTED,1
28123,2022,INJURY,68
28123,2022,KIDNAPPING,0
28123,2022,SEXUAL,20
28123,2022,SEXUAL_PENETRATION,3
28123,2022,SEXUAL_OTHER,17
28123,2022,ROBBERY_VIOLENT,154
28123,2022,BURGLARY,236
28123,2022,BURGLARY_DWELLING,154
28123,2022,THEFT,1673
28123,2022,VEHICLE_THEFT,42
28123,2022,DRUG_TRAFFICKING,21
28123,2022,OTHER_CONVENTIONAL,2362
28123,2022,CYBERCRIME,848
28123,2022,CYBER_FRAUD,771
28123,2022,CYBER_OTHER,77
28123,2022,TOTAL,5426
28127,2022,CONVENTIONAL,3512
28127,2022,HOM_COMPLETED,1
28127,2022,HOM_ATTEMPTED,2
28127,2022,INJURY,54
28127,2022,KIDNAPPING,0
28127,2022,SEXUAL,32
28127,2022,SEXUAL_PENETRATION,5
28127,2022,SEXUAL_OTHER,27
28127,2022,ROBBERY_VIOLENT,84
28127,2022,BURGLARY,163
28127,2022,BURGLARY_DWELLING,142
28127,2022,THEFT,1256
28127,2022,VEHICLE_THEFT,43
28127,2022,DRUG_TRAFFICKING,14
28127,2022,OTHER_CONVENTIONAL,1863
28127,2022,CYBERCRIME,899
28127,2022,CYBER_FRAUD,823
28127,2022,CYBER_OTHER,76
28127,2022,TOTAL,4411
28130,2022,CONVENTIONAL,1605
28130,2022,HOM_COMPLETED,0
28130,2022,HOM_ATTEMPTED,0
28130,2022,INJURY,9
28130,2022,KIDNAPPING,0
28130,2022,SEXUAL,6
28130,2022,SEXUAL_PENETRATION,1
28130,2022,SEXUAL_OTHER,5
28130,2022,ROBBERY_VIOLENT,53
28130,2022,BURGLARY,61
28130,2022,BURGLARY_DWELLING,34
28130,2022,THEFT,476
28130,2022,VEHICLE_THEFT,57
28130,2022,DRUG_TRAFFICKING,20
28130,2022,OTHER_CONVENTIONAL,923
28130,2022,CYBERCRIME,312
28130,2022,CYBER_FRAUD,284
28130,2022,CYBER_OTHER,28
28130,2022,TOTAL,1917
28134,2022,CONVENTIONAL,3494
28134,2022,HOM_COMPLETED,0
28134,2022,HOM_ATTEMPTED,0
28134,2022,INJURY,22
28134,2022,KIDNAPPING,0
28134,2022,SEXUAL,31
28134,2022,SEXUAL_PENETRATION,6
28134,2022,SEXUAL_OTHER,25
28134,2022,ROBBERY_VIOLENT,80
28134,2022,BURGLARY,151
28134,2022,BURGLARY_DWELLING,94
28134,2022,THEFT,1537
28134,2022,VEHICLE_THEFT,89
28134,2022,DRUG_TRAFFICKING,34
28134,2022,OTHER_CONVENTIONAL,1550
28134,2022,CYBERCRIME,759
28134,2022,CYBER_FRAUD,707
28134,2022,CYBER_OTHER,52
28134,2022,TOTAL,4253
28148,2022,CONVENTIONAL,4771
28148,2022,HOM_COMPLETED,7
28148,2022,HOM_ATTEMPTED,9
28148,2022,INJURY,55
28148,2022,KIDNAPPING,0
28148,2022,SEXUAL,46
28148,2022,SEXUAL_PENETRATION,9
28148,2022,SEXUAL_OTHER,37
28148,2022,ROBBERY_VIOLENT,118
28148,2022,BURGLARY,121
28148,2022,BURGLARY_DWELLING,74
28148,2022,THEFT,1667
28148,2022,VEHICLE_THEFT,107
28148,2022,DRUG_TRAFFICKING,64
28148,2022,OTHER_CONVENTIONAL,2577
28148,2022,CYBERCRIME,947
28148,2022,CYBER_FRAUD,876
28148,2022,CYBER_OTHER,71
28148,2022,TOTAL,5718
28152,2022,CONVENTIONAL,893
28152,2022,HOM_COMPLETED,0
28152,2022,HOM_ATTEMPTED,1
28152,2022,INJURY,13
28152,2022,KIDNAPPING,0
28152,2022,SEXUAL,4
28152,2022,SEXUAL_PENETRATION,1
28152,2022,SEXUAL_OTHER,3
28152,2022,ROBBERY_VIOLENT,30
28152,2022,BURGLARY,75
28152,2022,BURGLARY_DWELLING,66
28152,2022,THEFT,286
28152,2022,VEHICLE_THEFT,6
28152,2022,DRUG_TRAFFICKING,1
28152,2022,OTHER_CONVENTIONAL,477
28152,2022,CYBERCRIME,273
28152,2022,CYBER_FRAUD,227
28152,2022,CYBER_OTHER,46
28152,2022,TOTAL,1166
28903,2022,CONVENTIONAL,1151
28903,2022,HOM_COMPLETED,0
28903,2022,HOM_ATTEMPTED,0
28903,2022,INJURY,22
28903,2022,KIDNAPPING,0
28903,2022,SEXUAL,8
28903,2022,SEXUAL_PENETRATION,4
28903,2022,SEXUAL_OTHER,4
28903,2022,ROBBERY_VIOLENT,35
28903,2022,BURGLARY,65
28903,2022,BURGLARY_DWELLING,50
28903,2022,THEFT,426
28903,2022,VEHICLE_THEFT,8
28903,2022,DRUG_TRAFFICKING,1
28903,2022,OTHER_CONVENTIONAL,586
28903,2022,CYBERCRIME,325
28903,2022,CYBER_FRAUD,310
28903,2022,CYBER_OTHER,15
28903,2022,TOTAL,1476
28161,2022,CONVENTIONAL,3001
28161,2022,HOM_COMPLETED,0
28161,2022,HOM_ATTEMPTED,1
28161,2022,INJURY,65
28161,2022,KIDNAPPING,0
28161,2022,SEXUAL,27
28161,2022,SEXUAL_PENETRATION,4
28161,2022,SEXUAL_OTHER,23
28161,2022,ROBBERY_VIOLENT,77
28161,2022,BURGLARY,119
28161,2022,BURGLARY_DWELLING,72
28161,2022,THEFT,830
28161,2022,VEHICLE_THEFT,46
28161,2022,DRUG_TRAFFICKING,18
28161,2022,OTHER_CONVENTIONAL,1818
28161,2022,CYBERCRIME,747
28161,2022,CYBER_FRAUD,641
28161,2022,CYBER_OTHER,106
28161,2022,TOTAL,3748
28176,2022,CONVENTIONAL,947
28176,2022,HOM_COMPLETED,0
28176,2022,HOM_ATTEMPTED,1
28176,2022,INJURY,4
28176,2022,KIDNAPPING,0
28176,2022,SEXUAL,11
28176,2022,SEXUAL_PENETRATION,0
28176,2022,SEXUAL_OTHER,11
28176,2022,ROBBERY_VIOLENT,15
28176,2022,BURGLARY,68
28176,2022,BURGLARY_DWELLING,63
28176,2022,THEFT,320
28176,2022,VEHICLE_THEFT,6
28176,2022,DRUG_TRAFFICKING,3
28176,2022,OTHER_CONVENTIONAL,519
28176,2022,CYBERCRIME,190
28176,2022,CYBER_FRAUD,166
28176,2022,CYBER_OTHER,24
28176,2022,TOTAL,1137
28181,2022,CONVENTIONAL,1136
28181,2022,HOM_COMPLETED,0
28181,2022,HOM_ATTEMPTED,0
28181,2022,INJURY,8
28181,2022,KIDNAPPING,0
28181,2022,SEXUAL,13
28181,2022,SEXUAL_PENETRATION,6
28181,2022,SEXUAL_OTHER,7
28181,2022,ROBBERY_VIOLENT,49
28181,2022,BURGLARY,100
28181,2022,BURGLARY_DWELLING,82
28181,2022,THEFT,320
28181,2022,VEHICLE_THEFT,8
28181,2022,DRUG_TRAFFICKING,4
28181,2022,OTHER_CONVENTIONAL,634
28181,2022,CYBERCRIME,268
28181,2022,CYBER_FRAUD,225
28181,2022,CYBER_OTHER,43
28181,2022,TOTAL,1404
28005,2023,CONVENTIONAL,7277
28005,2023,HOM_COMPLETED,1
28005,2023,HOM_ATTEMPTED,7
28005,2023,INJURY,86
28005,2023,KIDNAPPING,0
28005,2023,SEXUAL,61
28005,2023,SEXUAL_PENETRATION,8
28005,2023,SEXUAL_OTHER,53
28005,2023,ROBBERY_VIOLENT,190
28005,2023,BURGLARY,265
28005,2023,BURGLARY_DWELLING,136
28005,2023,THEFT,2347
28005,2023,VEHICLE_THEFT,245
28005,2023,DRUG_TRAFFICKING,64
28005,2023,OTHER_CONVENTIONAL,4011
28005,2023,CYBERCRIME,2508
28005,2023,CYBER_FRAUD,2171
28005,2023,CYBER_OTHER,337
28005,2023,TOTAL,9785
28006,2023,CONVENTIONAL,4029
28006,2023,HOM_COMPLETED,2
28006,2023,HOM_ATTEMPTED,1
28006,2023,INJURY,41
28006,2023,KIDNAPPING,0
28006,2023,SEXUAL,52
28006,2023,SEXUAL_PENETRATION,12
28006,2023,SEXUAL_OTHER,40
28006,2023,ROBBERY_VIOLENT,81
28006,2023,BURGLARY,209
28006,2023,BURGLARY_DWELLING,136
28006,2023,THEFT,1171
28006,2023,VEHICLE_THEFT,157
28006,2023,DRUG_TRAFFICKING,60
28006,2023,OTHER_CONVENTIONAL,2255
28006,2023,CYBERCRIME,1187
28006,2023,CYBER_FRAUD,1070
28006,2023,CYBER_OTHER,117
28006,2023,TOTAL,5216
28007,2023,CONVENTIONAL,5940
28007,2023,HOM_COMPLETED,0
28007,2023,HOM_ATTEMPTED,3
28007,2023,INJURY,46
28007,2023,KIDNAPPING,0
28007,2023,SEXUAL,33
28007,2023,SEXUAL_PENETRATION,4
28007,2023,SEXUAL_OTHER,29
28007,2023,ROBBERY_VIOLENT,197
28007,2023,BURGLARY,188
28007,2023,BURGLARY_DWELLING,115
28007,2023,THEFT,2512
28007,2023,VEHICLE_THEFT,151
28007,2023,DRUG_TRAFFICKING,39
28007,2023,OTHER_CONVENTIONAL,2771
28007,2023,CYBERCRIME,1639
28007,2023,CYBER_FRAUD,1454
28007,2023,CYBER_OTHER,185
28007,2023,TOTAL,7579
28009,2023,CONVENTIONAL,625
28009,2023,HOM_COMPLETED,0
28009,2023,HOM_ATTEMPTED,0
28009,2023,INJURY,5
28009,2023,KIDNAPPING,0
28009,2023,SEXUAL,7
28009,2023,SEXUAL_PENETRATION,3
28009,2023,SEXUAL_OTHER,4
28009,2023,ROBBERY_VIOLENT,10
28009,2023,BURGLARY,85
28009,2023,BURGLARY_DWELLING,67
28009,2023,THEFT,138
28009,2023,VEHICLE_THEFT,10
28009,2023,DRUG_TRAFFICKING,2
28009,2023,OTHER_CONVENTIONAL,368
28009,2023,CYBERCRIME,294
28009,2023,CYBER_FRAUD,268
28009,2023,CYBER_OTHER,26
28009,2023,TOTAL,919
28013,2023,CONVENTIONAL,2221
28013,2023,HOM_COMPLETED,1
28013,2023,HOM_ATTEMPTED,2
28013,2023,INJURY,10
28013,2023,KIDNAPPING,0
28013,2023,SEXUAL,15
28013,2023,SEXUAL_PENETRATION,2
28013,2023,SEXUAL_OTHER,13
28013,2023,ROBBERY_VIOLENT,46
28013,2023,BURGLARY,121
28013,2023,BURGLARY_DWELLING,76
28013,2023,THEFT,632
28013,2023,VEHICLE_THEFT,39
28013,2023,DRUG_TRAFFICKING,17
28013,2023,OTHER_CONVENTIONAL,1338
28013,2023,CYBERCRIME,637
28013,2023,CYBER_FRAUD,590
28013,2023,CYBER_OTHER,47
28013,2023,TOTAL,2858
28014,2023,CONVENTIONAL,2942
28014,2023,HOM_COMPLETED,0
28014,2023,HOM_ATTEMPTED,1
28014,2023,INJURY,34
28014,2023,KIDNAPPING,0
28014,2023,SEXUAL,34
28014,2023,SEXUAL_PENETRATION,5
28014,2023,SEXUAL_OTHER,29
28014,2023,ROBBERY_VIOLENT,116
28014,2023,BURGLARY,181
28014,2023,BURGLARY_DWELLING,116
28014,2023,THEFT,973
28014,2023,VEHICLE_THEFT,29
28014,2023,DRUG_TRAFFICKING,30
28014,2023,OTHER_CONVENTIONAL,1544
28014,2023,CYBERCRIME,758
28014,2023,CYBER_FRAUD,668
28014,2023,CYBER_OTHER,90
28014,2023,TOTAL,3700
28015,2023,CONVENTIONAL,2339
28015,2023,HOM_COMPLETED,0
28015,2023,HOM_ATTEMPTED,0
28015,2023,INJURY,25
28015,2023,KIDNAPPING,4
28015,2023,SEXUAL,8
28015,2023,SEXUAL_PENETRATION,0
28015,2023,SEXUAL_OTHER,8
28015,2023,ROBBERY_VIOLENT,30
28015,2023,BURGLARY,91
28015,2023,BURGLARY_DWELLING,73
28015,2023,THEFT,1290
28015,2023,VEHICLE_THEFT,58
28015,2023,DRUG_TRAFFICKING,7
28015,2023,OTHER_CONVENTIONAL,826
28015,2023,CYBERCRIME,583
28015,2023,CYBER_FRAUD,510
28015,2023,CYBER_OTHER,73
28015,2023,TOTAL,2922
28022,2023,CONVENTIONAL,1502
28022,2023,HOM_COMPLETED,0
28022,2023,HOM_ATTEMPTED,1
28022,2023,INJURY,24
28022,2023,KIDNAPPING,0
28022,2023,SEXUAL,20
28022,2023,SEXUAL_PENETRATION,4
28022,2023,SEXUAL_OTHER,16
28022,2023,ROBBERY_VIOLENT,20
28022,2023,BURGLARY,169
28022,2023,BURGLARY_DWELLING,139
28022,2023,THEFT,406
28022,2023,VEHICLE_THEFT,12
28022,2023,DRUG_TRAFFICKING,7
28022,2023,OTHER_CONVENTIONAL,843
28022,2023,CYBERCRIME,957
28022,2023,CYBER_FRAUD,859
28022,2023,CYBER_OTHER,98
28022,2023,TOTAL,2459
28040,2023,CONVENTIONAL,1141
28040,2023,HOM_COMPLETED,0
28040,2023,HOM_ATTEMPTED,2
28040,2023,INJURY,22
28040,2023,KIDNAPPING,0
28040,2023,SEXUAL,17
28040,2023,SEXUAL_PENETRATION,2
28040,2023,SEXUAL_OTHER,15
28040,2023,ROBBERY_VIOLENT,46
28040,2023,BURGLARY,106
28040,2023,BURGLARY_DWELLING,67
28040,2023,THEFT,229
28040,2023,VEHICLE_THEFT,19
28040,2023,DRUG_TRAFFICKING,9
28040,2023,OTHER_CONVENTIONAL,691
28040,2023,CYBERCRIME,333
28040,2023,CYBER_FRAUD,288
28040,2023,CYBER_OTHER,45
28040,2023,TOTAL,1474
28047,2023,CONVENTIONAL,2631
28047,2023,HOM_COMPLETED,0
28047,2023,HOM_ATTEMPTED,1
28047,2023,INJURY,42
28047,2023,KIDNAPPING,0
28047,2023,SEXUAL,33
28047,2023,SEXUAL_PENETRATION,5
28047,2023,SEXUAL_OTHER,28
28047,2023,ROBBERY_VIOLENT,72
28047,2023,BURGLARY,157
28047,2023,BURGLARY_DWELLING,86
28047,2023,THEFT,746
28047,2023,VEHICLE_THEFT,21
28047,2023,DRUG_TRAFFICKING,9
28047,2023,OTHER_CONVENTIONAL,1550
28047,2023,CYBERCRIME,483
28047,2023,CYBER_FRAUD,385
28047,2023,CYBER_OTHER,98
28047,2023,TOTAL,3114
28045,2023,CONVENTIONAL,1924
28045,2023,HOM_COMPLETED,0
28045,2023,HOM_ATTEMPTED,2
28045,2023,INJURY,31
28045,2023,KIDNAPPING,0
28045,2023,SEXUAL,19
28045,2023,SEXUAL_PENETRATION,0
28045,2023,SEXUAL_OTHER,19
28045,2023,ROBBERY_VIOLENT,48
28045,2023,BURGLARY,124
28045,2023,BURGLARY_DWELLING,92
28045,2023,THEFT,569
28045,2023,VEHICLE_THEFT,14
28045,2023,DRUG_TRAFFICKING,8
28045,2023,OTHER_CONVENTIONAL,1109
28045,2023,CYBERCRIME,546
28045,2023,CYBER_FRAUD,519
28045,2023,CYBER_OTHER,27
28045,2023,TOTAL,2470
28049,2023,CONVENTIONAL,2669
28049,2023,HOM_COMPLETED,0
28049,2023,HOM_ATTEMPTED,0
28049,2023,INJURY,17
28049,2023,KIDNAPPING,0
28049,2023,SEXUAL,19
28049,2023,SEXUAL_PENETRATION,2
28049,2023,SEXUAL_OTHER,17
28049,2023,ROBBERY_VIOLENT,56
28049,2023,BURGLARY,164
28049,2023,BURGLARY_DWELLING,68
28049,2023,THEFT,908
28049,2023,VEHICLE_THEFT,82
28049,2023,DRUG_TRAFFICKING,30
28049,2023,OTHER_CONVENTIONAL,1393
28049,2023,CYBERCRIME,719
28049,2023,CYBER_FRAUD,691
28049,2023,CYBER_OTHER,28
28049,2023,TOTAL,3388
28058,2023,CONVENTIONAL,4746
28058,2023,HOM_COMPLETED,1
28058,2023,HOM_ATTEMPTED,2
28058,2023,INJURY,24
28058,2023,KIDNAPPING,0
28058,2023,SEXUAL,42
28058,2023,SEXUAL_PENETRATION,17
28058,2023,SEXUAL_OTHER,25
28058,2023,ROBBERY_VIOLENT,186
28058,2023,BURGLARY,213
28058,2023,BURGLARY_DWELLING,113
28058,2023,THEFT,1508
28058,2023,VEHICLE_THEFT,249
28058,2023,DRUG_TRAFFICKING,51
28058,2023,OTHER_CONVENTIONAL,2470
28058,2023,CYBERCRIME,1307
28058,2023,CYBER_FRAUD,1240
28058,2023,CYBER_OTHER,67
28058,2023,TOTAL,6053
28061,2023,CONVENTIONAL,1389
28061,2023,HOM_COMPLETED,0
28061,2023,HOM_ATTEMPTED,0
28061,2023,INJURY,46
28061,2023,KIDNAPPING,0
28061,2023,SEXUAL,20
28061,2023,SEXUAL_PENETRATION,5
28061,2023,SEXUAL_OTHER,15
28061,2023,ROBBERY_VIOLENT,27
28061,2023,BURGLARY,132
28061,2023,BURGLARY_DWELLING,115
28061,2023,THEFT,208
28061,2023,VEHICLE_THEFT,8
28061,2023,DRUG_TRAFFICKING,9
28061,2023,OTHER_CONVENTIONAL,939
28061,2023,CYBERCRIME,533
28061,2023,CYBER_FRAUD,442
28061,2023,CYBER_OTHER,91
28061,2023,TOTAL,1922
28065,2023,CONVENTIONAL,7193
28065,2023,HOM_COMPLETED,1
28065,2023,HOM_ATTEMPTED,0
28065,2023,INJURY,36
28065,2023,KIDNAPPING,0
28065,2023,SEXUAL,66
28065,2023,SEXUAL_PENETRATION,13
28065,2023,SEXUAL_OTHER,53
28065,2023,ROBBERY_VIOLENT,259
28065,2023,BURGLARY,275
28065,2023,BURGLARY_DWELLING,129
28065,2023,THEFT,2420
28065,2023,VEHICLE_THEFT,266
28065,2023,DRUG_TRAFFICKING,32
28065,2023,OTHER_CONVENTIONAL,3838
28065,2023,CYBERCRIME,1919
28065,2023,CYBER_FRAUD,1813
28065,2023,CYBER_OTHER,106
28065,2023,TOTAL,9112
28074,2023,CONVENTIONAL,7837
28074,2023,HOM_COMPLETED,0
28074,2023,HOM_ATTEMPTED,2
28074,2023,INJURY,55
28074,2023,KIDNAPPING,2
28074,2023,SEXUAL,83
28074,2023,SEXUAL_PENETRATION,22
28074,2023,SEXUAL_OTHER,61
28074,2023,ROBBERY_VIOLENT,249
28074,2023,BURGLARY,325
28074,2023,BURGLARY_DWELLING,167
28074,2023,THEFT,3195
28074,2023,VEHICLE_THEFT,287
28074,2023,DRUG_TRAFFICKING,49
28074,2023,OTHER_CONVENTIONAL,3590
28074,2023,CYBERCRIME,1120
28074,2023,CYBER_FRAUD,997
28074,2023,CYBER_OTHER,123
28074,2023,TOTAL,8957
28079,2023,CONVENTIONAL,207817
28079,2023,HOM_COMPLETED,23
28079,2023,HOM_ATTEMPTED,119
28079,2023,INJURY,1838
28079,2023,KIDNAPPING,10
28079,2023,SEXUAL,1676
28079,2023,SEXUAL_PENETRATION,412
28079,2023,SEXUAL_OTHER,1264
28079,2023,ROBBERY_VIOLENT,8883
28079,2023,BURGLARY,7380
28079,2023,BURGLARY_DWELLING,4586
28079,2023,THEFT,88516
28079,2023,VEHICLE_THEFT,4039
28079,2023,DRUG_TRAFFICKING,2478
28079,2023,OTHER_CONVENTIONAL,92855
28079,2023,CYBERCRIME,40686
28079,2023,CYBER_FRAUD,37277
28079,2023,CYBER_OTHER,3409
28079,2023,TOTAL,248503
28080,2023,CONVENTIONAL,3355
28080,2023,HOM_COMPLETED,0
28080,2023,HOM_ATTEMPTED,0
28080,2023,INJURY,55
28080,2023,KIDNAPPING,0
28080,2023,SEXUAL,31
28080,2023,SEXUAL_PENETRATION,3
28080,2023,SEXUAL_OTHER,28
28080,2023,ROBBERY_VIOLENT,53
28080,2023,BURGLARY,184
28080,2023,BURGLARY_DWELLING,112
28080,2023,THEFT,1214
28080,2023,VEHICLE_THEFT,69
28080,2023,DRUG_TRAFFICKING,15
28080,2023,OTHER_CONVENTIONAL,1734
28080,2023,CYBERCRIME,1292
28080,2023,CYBER_FRAUD,1157
28080,2023,CYBER_OTHER,135
28080,2023,TOTAL,4647
28084,2023,CONVENTIONAL,1084
28084,2023,HOM_COMPLETED,1
28084,2023,HOM_ATTEMPTED,1
28084,2023,INJURY,17
28084,2023,KIDNAPPING,1
28084,2023,SEXUAL,9
28084,2023,SEXUAL_PENETRATION,1
28084,2023,SEXUAL_OTHER,8
28084,2023,ROBBERY_VIOLENT,17
28084,2023,BURGLARY,56
28084,2023,BURGLARY_DWELLING,34
28084,2023,THEFT,205
28084,2023,VEHICLE_THEFT,25
28084,2023,DRUG_TRAFFICKING,11
28084,2023,OTHER_CONVENTIONAL,741
28084,2023,CYBERCRIME,354
28084,2023,CYBER_FRAUD,323
28084,2023,CYBER_OTHER,31
28084,2023,TOTAL,1438
28092,2023,CONVENTIONAL,6441
28092,2023,HOM_COMPLETED,2
28092,2023,HOM_ATTEMPTED,5
28092,2023,INJURY,55
28092,2023,KIDNAPPING,0
28092,2023,SEXUAL,54
28092,2023,SEXUAL_PENETRATION,21
28092,2023,SEXUAL_OTHER,33
28092,2023,ROBBERY_VIOLENT,217
28092,2023,BURGLARY,329
28092,2023,BURGLARY_DWELLING,219
28092,2023,THEFT,1779
28092,2023,VEHICLE_THEFT,207
28092,2023,DRUG_TRAFFICKING,57
28092,2023,OTHER_CONVENTIONAL,3736
28092,2023,CYBERCRIME,2242
28092,2023,CYBER_FRAUD,2072
28092,2023,CYBER_OTHER,170
28092,2023,TOTAL,8683
28096,2023,CONVENTIONAL,1076
28096,2023,HOM_COMPLETED,0
28096,2023,HOM_ATTEMPTED,1
28096,2023,INJURY,13
28096,2023,KIDNAPPING,0
28096,2023,SEXUAL,17
28096,2023,SEXUAL_PENETRATION,1
28096,2023,SEXUAL_OTHER,16
28096,2023,ROBBERY_VIOLENT,14
28096,2023,BURGLARY,55
28096,2023,BURGLARY_DWELLING,45
28096,2023,THEFT,237
28096,2023,VEHICLE_THEFT,37
28096,2023,DRUG_TRAFFICKING,13
28096,2023,OTHER_CONVENTIONAL,689
28096,2023,CYBERCRIME,482
28096,2023,CYBER_FRAUD,417
28096,2023,CYBER_OTHER,65
28096,2023,TOTAL,1558
28104,2023,CONVENTIONAL,652
28104,2023,HOM_COMPLETED,0
28104,2023,HOM_ATTEMPTED,0
28104,2023,INJURY,7
28104,2023,KIDNAPPING,0
28104,2023,SEXUAL,16
28104,2023,SEXUAL_PENETRATION,1
28104,2023,SEXUAL_OTHER,15
28104,2023,ROBBERY_VIOLENT,14
28104,2023,BURGLARY,67
28104,2023,BURGLARY_DWELLING,46
28104,2023,THEFT,119
28104,2023,VEHICLE_THEFT,27
28104,2023,DRUG_TRAFFICKING,4
28104,2023,OTHER_CONVENTIONAL,398
28104,2023,CYBERCRIME,443
28104,2023,CYBER_FRAUD,381
28104,2023,CYBER_OTHER,62
28104,2023,TOTAL,1095
28106,2023,CONVENTIONAL,5373
28106,2023,HOM_COMPLETED,0
28106,2023,HOM_ATTEMPTED,3
28106,2023,INJURY,42
28106,2023,KIDNAPPING,0
28106,2023,SEXUAL,40
28106,2023,SEXUAL_PENETRATION,14
28106,2023,SEXUAL_OTHER,26
28106,2023,ROBBERY_VIOLENT,273
28106,2023,BURGLARY,173
28106,2023,BURGLARY_DWELLING,68
28106,2023,THEFT,1634
28106,2023,VEHICLE_THEFT,85
28106,2023,DRUG_TRAFFICKING,25
28106,2023,OTHER_CONVENTIONAL,3098
28106,2023,CYBERCRIME,1154
28106,2023,CYBER_FRAUD,1098
28106,2023,CYBER_OTHER,56
28106,2023,TOTAL,6527
28113,2023,CONVENTIONAL,2357
28113,2023,HOM_COMPLETED,0
28113,2023,HOM_ATTEMPTED,3
28113,2023,INJURY,33
28113,2023,KIDNAPPING,0
28113,2023,SEXUAL,21
28113,2023,SEXUAL_PENETRATION,5
28113,2023,SEXUAL_OTHER,16
28113,2023,ROBBERY_VIOLENT,46
28113,2023,BURGLARY,123
28113,2023,BURGLARY_DWELLING,83
28113,2023,THEFT,786
28113,2023,VEHICLE_THEFT,17
28113,2023,DRUG_TRAFFICKING,20
28113,2023,OTHER_CONVENTIONAL,1308
28113,2023,CYBERCRIME,745
28113,2023,CYBER_FRAUD,670
28113,2023,CYBER_OTHER,75
28113,2023,TOTAL,3102
28115,2023,CONVENTIONAL,1923
28115,2023,HOM_COMPLETED,0
28115,2023,HOM_ATTEMPTED,0
28115,2023,INJURY,23
28115,2023,KIDNAPPING,0
28115,2023,SEXUAL,13
28115,2023,SEXUAL_PENETRATION,4
28115,2023,SEXUAL_OTHER,9
28115,2023,ROBBERY_VIOLENT,33
28115,2023,BURGLARY,106
28115,2023,BURGLARY_DWELLING,86
28115,2023,THEFT,711
28115,2023,VEHICLE_THEFT,70
28115,2023,DRUG_TRAFFICKING,21
28115,2023,OTHER_CONVENTIONAL,946
28115,2023,CYBERCRIME,489
28115,2023,CYBER_FRAUD,439
28115,2023,CYBER_OTHER,50
28115,2023,TOTAL,2412
28123,2023,CONVENTIONAL,4328
28123,2023,HOM_COMPLETED,0
28123,2023,HOM_ATTEMPTED,1
28123,2023,INJURY,62
28123,2023,KIDNAPPING,0
28123,2023,SEXUAL,28
28123,2023,SEXUAL_PENETRATION,7
28123,2023,SEXUAL_OTHER,21
28123,2023,ROBBERY_VIOLENT,136
28123,2023,BURGLARY,381
28123,2023,BURGLARY_DWELLING,257
28123,2023,THEFT,1830
28123,2023,VEHICLE_THEFT,54
28123,2023,DRUG_TRAFFICKING,17
28123,2023,OTHER_CONVENTIONAL,1819
28123,2023,CYBERCRIME,1452
28123,2023,CYBER_FRAUD,1357
28123,2023,CYBER_OTHER,95
28123,2023,TOTAL,5780
28127,2023,CONVENTIONAL,3210
28127,2023,HOM_COMPLETED,0
28127,2023,HOM_ATTEMPTED,2
28127,2023,INJURY,58
28127,2023,KIDNAPPING,0
28127,2023,SEXUAL,28
28127,2023,SEXUAL_PENETRATION,5
28127,2023,SEXUAL_OTHER,23
28127,2023,ROBBERY_VIOLENT,93
28127,2023,BURGLARY,216
28127,2023,BURGLARY_DWELLING,173
28127,2023,THEFT,1321
28127,2023,VEHICLE_THEFT,34
28127,2023,DRUG_TRAFFICKING,8
28127,2023,OTHER_CONVENTIONAL,1450
28127,2023,CYBERCRIME,1554
28127,2023,CYBER_FRAUD,1380
28127,2023,CYBER_OTHER,174
28127,2023,TOTAL,4764
28130,2023,CONVENTIONAL,1483
28130,2023,HOM_COMPLETED,0
28130,2023,HOM_ATTEMPTED,0
28130,2023,INJURY,9
28130,2023,KIDNAPPING,0
28130,2023,SEXUAL,7
28130,2023,SEXUAL_PENETRATION,2
28130,2023,SEXUAL_OTHER,5
28130,2023,ROBBERY_VIOLENT,49
28130,2023,BURGLARY,31
28130,2023,BURGLARY_DWELLING,11
28130,2023,THEFT,515
28130,2023,VEHICLE_THEFT,67
28130,2023,DRUG_TRAFFICKING,7
28130,2023,OTHER_CONVENTIONAL,798
28130,2023,CYBERCRIME,350
28130,2023,CYBER_FRAUD,324
28130,2023,CYBER_OTHER,26
28130,2023,TOTAL,1833
28134,2023,CONVENTIONAL,3646
28134,2023,HOM_COMPLETED,0
28134,2023,HOM_ATTEMPTED,2
28134,2023,INJURY,33
28134,2023,KIDNAPPING,0
28134,2023,SEXUAL,21
28134,2023,SEXUAL_PENETRATION,3
28134,2023,SEXUAL_OTHER,18
28134,2023,ROBBERY_VIOLENT,73
28134,2023,BURGLARY,162
28134,2023,BURGLARY_DWELLING,103
28134,2023,THEFT,1509
28134,2023,VEHICLE_THEFT,77
28134,2023,DRUG_TRAFFICKING,25
28134,2023,OTHER_CONVENTIONAL,1744
28134,2023,CYBERCRIME,818
28134,2023,CYBER_FRAUD,749
28134,2023,CYBER_OTHER,69
28134,2023,TOTAL,4464
28132,2023,CONVENTIONAL,653
28132,2023,HOM_COMPLETED,0
28132,2023,HOM_ATTEMPTED,0
28132,2023,INJURY,9
28132,2023,KIDNAPPING,0
28132,2023,SEXUAL,6
28132,2023,SEXUAL_PENETRATION,0
28132,2023,SEXUAL_OTHER,6
28132,2023,ROBBERY_VIOLENT,9
28132,2023,BURGLARY,26
28132,2023,BURGLARY_DWELLING,16
28132,2023,THEFT,185
28132,2023,VEHICLE_THEFT,7
28132,2023,DRUG_TRAFFICKING,5
28132,2023,OTHER_CONVENTIONAL,406
28132,2023,CYBERCRIME,242
28132,2023,CYBER_FRAUD,216
28132,2023,CYBER_OTHER,26
28132,2023,TOTAL,895
28148,2023,CONVENTIONAL,4485
28148,2023,HOM_COMPLETED,0
28148,2023,HOM_ATTEMPTED,3
28148,2023,INJURY,49
28148,2023,KIDNAPPING,0
28148,2023,SEXUAL,37
28148,2023,SEXUAL_PENETRATION,15
28148,2023,SEXUAL_OTHER,22
28148,2023,ROBBERY_VIOLENT,108
28148,2023,BURGLARY,116
28148,2023,BURGLARY_DWELLING,71
28148,2023,THEFT,1615
28148,2023,VEHICLE_THEFT,95
28148,2023,DRUG_TRAFFICKING,48
28148,2023,OTHER_CONVENTIONAL,2414
28148,2023,CYBERCRIME,964
28148,2023,CYBER_FRAUD,859
28148,2023,CYBER_OTHER,105
28148,2023,TOTAL,5449
28152,2023,CONVENTIONAL,859
28152,2023,HOM_COMPLETED,0
28152,2023,HOM_ATTEMPTED,0
28152,2023,INJURY,14
28152,2023,KIDNAPPING,0
28152,2023,SEXUAL,11
28152,2023,SEXUAL_PENETRATION,1
28152,2023,SEXUAL_OTHER,10
28152,2023,ROBBERY_VIOLENT,15
28152,2023,BURGLARY,91
28152,2023,BURGLARY_DWELLING,77
28152,2023,THEFT,280
28152,2023,VEHICLE_THEFT,6
28152,2023,DRUG_TRAFFICKING,5
28152,2023,OTHER_CONVENTIONAL,437
28152,2023,CYBERCRIME,434
28152,2023,CYBER_FRAUD,383
28152,2023,CYBER_OTHER,51
28152,2023,TOTAL,1293
28903,2023,CONVENTIONAL,1107
28903,2023,HOM_COMPLETED,0
28903,2023,HOM_ATTEMPTED,0
28903,2023,INJURY,17
28903,2023,KIDNAPPING,0
28903,2023,SEXUAL,10
28903,2023,SEXUAL_PENETRATION,2
28903,2023,SEXUAL_OTHER,8
28903,2023,ROBBERY_VIOLENT,16
28903,2023,BURGLARY,80
28903,2023,BURGLARY_DWELLING,56
28903,2023,THEFT,411
28903,2023,VEHICLE_THEFT,2
28903,2023,DRUG_TRAFFICKING,2
28903,2023,OTHER_CONVENTIONAL,569
28903,2023,CYBERCRIME,498
28903,2023,CYBER_FRAUD,454
28903,2023,CYBER_OTHER,44
28903,2023,TOTAL,1605
28161,2023,CONVENTIONAL,3012
28161,2023,HOM_COMPLETED,0
28161,2023,HOM_ATTEMPTED,1
28161,2023,INJURY,74
28161,2023,KIDNAPPING,0
28161,2023,SEXUAL,29
28161,2023,SEXUAL_PENETRATION,9
28161,2023,SEXUAL_OTHER,20
28161,2023,ROBBERY_VIOLENT,60
28161,2023,BURGLARY,103
28161,2023,BURGLARY_DWELLING,62
28161,2023,THEFT,785
28161,2023,VEHICLE_THEFT,45
28161,2023,DRUG_TRAFFICKING,14
28161,2023,OTHER_CONVENTIONAL,1901
28161,2023,CYBERCRIME,1067
28161,2023,CYBER_FRAUD,930
28161,2023,CYBER_OTHER,137
28161,2023,TOTAL,4079
28176,2023,CONVENTIONAL,849
28176,2023,HOM_COMPLETED,0
28176,2023,HOM_ATTEMPTED,0
28176,2023,INJURY,9
28176,2023,KIDNAPPING,0
28176,2023,SEXUAL,16
28176,2023,SEXUAL_PENETRATION,3
28176,2023,SEXUAL_OTHER,13
28176,2023,ROBBERY_VIOLENT,18
28176,2023,BURGLARY,69
28176,2023,BURGLARY_DWELLING,61
28176,2023,THEFT,299
28176,2023,VEHICLE_THEFT,3
28176,2023,DRUG_TRAFFICKING,10
28176,2023,OTHER_CONVENTIONAL,425
28176,2023,CYBERCRIME,253
28176,2023,CYBER_FRAUD,235
28176,2023,CYBER_OTHER,18
28176,2023,TOTAL,1102
28181,2023,CONVENTIONAL,1082
28181,2023,HOM_COMPLETED,0
28181,2023,HOM_ATTEMPTED,0
28181,2023,INJURY,17
28181,2023,KIDNAPPING,0
28181,2023,SEXUAL,9
28181,2023,SEXUAL_PENETRATION,2
28181,2023,SEXUAL_OTHER,7
28181,2023,ROBBERY_VIOLENT,37
28181,2023,BURGLARY,124
28181,2023,BURGLARY_DWELLING,110
28181,2023,THEFT,301
28181,2023,VEHICLE_THEFT,7
28181,2023,DRUG_TRAFFICKING,6
28181,2023,OTHER_CONVENTIONAL,581
28181,2023,CYBERCRIME,332
28181,2023,CYBER_FRAUD,280
28181,2023,CYBER_OTHER,52
28181,2023,TOTAL,1414
28005,2024,CONVENTIONAL,7550
28005,2024,HOM_COMPLETED,1
28005,2024,HOM_ATTEMPTED,13
28005,2024,INJURY,63
28005,2024,KIDNAPPING,0
28005,2024,SEXUAL,68
28005,2024,SEXUAL_PENETRATION,13
28005,2024,SEXUAL_OTHER,55
28005,2024,ROBBERY_VIOLENT,217
28005,2024,BURGLARY,314
28005,2024,BURGLARY_DWELLING,199
28005,2024,THEFT,2209
28005,2024,VEHICLE_THEFT,224
28005,2024,DRUG_TRAFFICKING,86
28005,2024,OTHER_CONVENTIONAL,4355
28005,2024,CYBERCRIME,2215
28005,2024,CYBER_FRAUD,1919
28005,2024,CYBER_OTHER,296
28005,2024,TOTAL,9765
28006,2024,CONVENTIONAL,4182
28006,2024,HOM_COMPLETED,1
28006,2024,HOM_ATTEMPTED,1
28006,2024,INJURY,34
28006,2024,KIDNAPPING,0
28006,2024,SEXUAL,50
28006,2024,SEXUAL_PENETRATION,11
28006,2024,SEXUAL_OTHER,39
28006,2024,ROBBERY_VIOLENT,78
28006,2024,BURGLARY,169
28006,2024,BURGLARY_DWELLING,111
28006,2024,THEFT,1200
28006,2024,VEHICLE_THEFT,183
28006,2024,DRUG_TRAFFICKING,44
28006,2024,OTHER_CONVENTIONAL,2422
28006,2024,CYBERCRIME,1308
28006,2024,CYBER_FRAUD,1189
28006,2024,CYBER_OTHER,119
28006,2024,TOTAL,5490
28007,2024,CONVENTIONAL,5925
28007,2024,HOM_COMPLETED,0
28007,2024,HOM_ATTEMPTED,0
28007,2024,INJURY,47
28007,2024,KIDNAPPING,1
28007,2024,SEXUAL,33
28007,2024,SEXUAL_PENETRATION,9
28007,2024,SEXUAL_OTHER,24
28007,2024,ROBBERY_VIOLENT,159
28007,2024,BURGLARY,214
28007,2024,BURGLARY_DWELLING,134
28007,2024,THEFT,2429
28007,2024,VEHICLE_THEFT,106
28007,2024,DRUG_TRAFFICKING,46
28007,2024,OTHER_CONVENTIONAL,2890
28007,2024,CYBERCRIME,1058
28007,2024,CYBER_FRAUD,865
28007,2024,CYBER_OTHER,193
28007,2024,TOTAL,6983
28009,2024,CONVENTIONAL,596
28009,2024,HOM_COMPLETED,0
28009,2024,HOM_ATTEMPTED,0
28009,2024,INJURY,11
28009,2024,KIDNAPPING,0
28009,2024,SEXUAL,9
28009,2024,SEXUAL_PENETRATION,0
28009,2024,SEXUAL_OTHER,9
28009,2024,ROBBERY_VIOLENT,16
28009,2024,BURGLARY,29
28009,2024,BURGLARY_DWELLING,23
28009,2024,THEFT,133
28009,2024,VEHICLE_THEFT,15
28009,2024,DRUG_TRAFFICKING,0
28009,2024,OTHER_CONVENTIONAL,383
28009,2024,CYBERCRIME,274
28009,2024,CYBER_FRAUD,242
28009,2024,CYBER_OTHER,32
28009,2024,TOTAL,870
28013,2024,CONVENTIONAL,2298
28013,2024,HOM_COMPLETED,0
28013,2024,HOM_ATTEMPTED,2
28013,2024,INJURY,14
28013,2024,KIDNAPPING,0
28013,2024,SEXUAL,16
28013,2024,SEXUAL_PENETRATION,2
28013,2024,SEXUAL_OTHER,14
28013,2024,ROBBERY_VIOLENT,48
28013,2024,BURGLARY,114
28013,2024,BURGLARY_DWELLING,65
28013,2024,THEFT,703
28013,2024,VEHICLE_THEFT,55
28013,2024,DRUG_TRAFFICKING,16
28013,2024,OTHER_CONVENTIONAL,1330
28013,2024,CYBERCRIME,518
28013,2024,CYBER_FRAUD,476
28013,2024,CYBER_OTHER,42
28013,2024,TOTAL,2816
28014,2024,CONVENTIONAL,2704
28014,2024,HOM_COMPLETED,0
28014,2024,HOM_ATTEMPTED,1
28014,2024,INJURY,34
28014,2024,KIDNAPPING,0
28014,2024,SEXUAL,16
28014,2024,SEXUAL_PENETRATION,2
28014,2024,SEXUAL_OTHER,14
28014,2024,ROBBERY_VIOLENT,92
28014,2024,BURGLARY,104
28014,2024,BURGLARY_DWELLING,58
28014,2024,THEFT,828
28014,2024,VEHICLE_THEFT,36
28014,2024,DRUG_TRAFFICKING,20
28014,2024,OTHER_CONVENTIONAL,1573
28014,2024,CYBERCRIME,719
28014,2024,CYBER_FRAUD,622
28014,2024,CYBER_OTHER,97
28014,2024,TOTAL,3423
28015,2024,CONVENTIONAL,1938
28015,2024,HOM_COMPLETED,0
28015,2024,HOM_ATTEMPTED,1
28015,2024,INJURY,6
28015,2024,KIDNAPPING,0
28015,2024,SEXUAL,20
28015,2024,SEXUAL_PENETRATION,8
28015,2024,SEXUAL_OTHER,12
28015,2024,ROBBERY_VIOLENT,17
28015,2024,BURGLARY,78
28015,2024,BURGLARY_DWELLING,54
28015,2024,THEFT,1002
28015,2024,VEHICLE_THEFT,44
28015,2024,DRUG_TRAFFICKING,7
28015,2024,OTHER_CONVENTIONAL,763
28015,2024,CYBERCRIME,508
28015,2024,CYBER_FRAUD,447
28015,2024,CYBER_OTHER,61
28015,2024,TOTAL,2446
28022,2024,CONVENTIONAL,1397
28022,2024,HOM_COMPLETED,0
28022,2024,HOM_ATTEMPTED,0
28022,2024,INJURY,16
28022,2024,KIDNAPPING,0
28022,2024,SEXUAL,14
28022,2024,SEXUAL_PENETRATION,4
28022,2024,SEXUAL_OTHER,10
28022,2024,ROBBERY_VIOLENT,17
28022,2024,BURGLARY,149
28022,2024,BURGLARY_DWELLING,131
28022,2024,THEFT,393
28022,2024,VEHICLE_THEFT,12
28022,2024,DRUG_TRAFFICKING,7
28022,2024,OTHER_CONVENTIONAL,789
28022,2024,CYBERCRIME,919
28022,2024,CYBER_FRAUD,825
28022,2024,CYBER_OTHER,94
28022,2024,TOTAL,2316
28040,2024,CONVENTIONAL,1102
28040,2024,HOM_COMPLETED,0
28040,2024,HOM_ATTEMPTED,2
28040,2024,INJURY,21
28040,2024,KIDNAPPING,0
28040,2024,SEXUAL,7
28040,2024,SEXUAL_PENETRATION,1
28040,2024,SEXUAL_OTHER,6
28040,2024,ROBBERY_VIOLENT,39
28040,2024,BURGLARY,53
28040,2024,BURGLARY_DWELLING,28
28040,2024,THEFT,265
28040,2024,VEHICLE_THEFT,17
28040,2024,DRUG_TRAFFICKING,5
28040,2024,OTHER_CONVENTIONAL,693
28040,2024,CYBERCRIME,355
28040,2024,CYBER_FRAUD,284
28040,2024,CYBER_OTHER,71
28040,2024,TOTAL,1457
28047,2024,CONVENTIONAL,2720
28047,2024,HOM_COMPLETED,0
28047,2024,HOM_ATTEMPTED,3
28047,2024,INJURY,65
28047,2024,KIDNAPPING,1
28047,2024,SEXUAL,41
28047,2024,SEXUAL_PENETRATION,3
28047,2024,SEXUAL_OTHER,38
28047,2024,ROBBERY_VIOLENT,80
28047,2024,BURGLARY,168
28047,2024,BURGLARY_DWELLING,110
28047,2024,THEFT,711
28047,2024,VEHICLE_THEFT,14
28047,2024,DRUG_TRAFFICKING,9
28047,2024,OTHER_CONVENTIONAL,1628
28047,2024,CYBERCRIME,613
28047,2024,CYBER_FRAUD,522
28047,2024,CYBER_OTHER,91
28047,2024,TOTAL,3333
28045,2024,CONVENTIONAL,1893
28045,2024,HOM_COMPLETED,0
28045,2024,HOM_ATTEMPTED,0
28045,2024,INJURY,21
28045,2024,KIDNAPPING,0
28045,2024,SEXUAL,34
28045,2024,SEXUAL_PENETRATION,6
28045,2024,SEXUAL_OTHER,28
28045,2024,ROBBERY_VIOLENT,38
28045,2024,BURGLARY,144
28045,2024,BURGLARY_DWELLING,103
28045,2024,THEFT,477
28045,2024,VEHICLE_THEFT,14
28045,2024,DRUG_TRAFFICKING,7
28045,2024,OTHER_CONVENTIONAL,1158
28045,2024,CYBERCRIME,584
28045,2024,CYBER_FRAUD,530
28045,2024,CYBER_OTHER,54
28045,2024,TOTAL,2477
28049,2024,CONVENTIONAL,2909
28049,2024,HOM_COMPLETED,0
28049,2024,HOM_ATTEMPTED,1
28049,2024,INJURY,30
28049,2024,KIDNAPPING,0
28049,2024,SEXUAL,27
28049,2024,SEXUAL_PENETRATION,12
28049,2024,SEXUAL_OTHER,15
28049,2024,ROBBERY_VIOLENT,61
28049,2024,BURGLARY,140
28049,2024,BURGLARY_DWELLING,65
28049,2024,THEFT,973
28049,2024,VEHICLE_THEFT,128
28049,2024,DRUG_TRAFFICKING,12
28049,2024,OTHER_CONVENTIONAL,1537
28049,2024,CYBERCRIME,676
28049,2024,CYBER_FRAUD,637
28049,2024,CYBER_OTHER,39
28049,2024,TOTAL,3585
28058,2024,CONVENTIONAL,4348
28058,2024,HOM_COMPLETED,0
28058,2024,HOM_ATTEMPTED,0
28058,2024,INJURY,36
28058,2024,KIDNAPPING,0
28058,2024,SEXUAL,45
28058,2024,SEXUAL_PENETRATION,11
28058,2024,SEXUAL_OTHER,34
28058,2024,ROBBERY_VIOLENT,188
28058,2024,BURGLARY,304
28058,2024,BURGLARY_DWELLING,217
28058,2024,THEFT,1344
28058,2024,VEHICLE_THEFT,193
28058,2024,DRUG_TRAFFICKING,50
28058,2024,OTHER_CONVENTIONAL,2188
28058,2024,CYBERCRIME,1604
28058,2024,CYBER_FRAUD,1551
28058,2024,CYBER_OTHER,53
28058,2024,TOTAL,5952
28061,2024,CONVENTIONAL,1303
28061,2024,HOM_COMPLETED,0
28061,2024,HOM_ATTEMPTED,0
28061,2024,INJURY,35
28061,2024,KIDNAPPING,0
28061,2024,SEXUAL,14
28061,2024,SEXUAL_PENETRATION,0
28061,2024,SEXUAL_OTHER,14
28061,2024,ROBBERY_VIOLENT,36
28061,2024,BURGLARY,87
28061,2024,BURGLARY_DWELLING,79
28061,2024,THEFT,218
28061,2024,VEHICLE_THEFT,9
28061,2024,DRUG_TRAFFICKING,3
28061,2024,OTHER_CONVENTIONAL,901
28061,2024,CYBERCRIME,518
28061,2024,CYBER_FRAUD,447
28061,2024,CYBER_OTHER,71
28061,2024,TOTAL,1821
28065,2024,CONVENTIONAL,7274
28065,2024,HOM_COMPLETED,0
28065,2024,HOM_ATTEMPTED,4
28065,2024,INJURY,53
28065,2024,KIDNAPPING,3
28065,2024,SEXUAL,62
28065,2024,SEXUAL_PENETRATION,12
28065,2024,SEXUAL_OTHER,50
28065,2024,ROBBERY_VIOLENT,233
28065,2024,BURGLARY,181
28065,2024,BURGLARY_DWELLING,114
28065,2024,THEFT,2356
28065,2024,VEHICLE_THEFT,253
28065,2024,DRUG_TRAFFICKING,22
28065,2024,OTHER_CONVENTIONAL,4107
28065,2024,CYBERCRIME,1714
28065,2024,CYBER_FRAUD,1554
28065,2024,CYBER_OTHER,160
28065,2024,TOTAL,8988
28074,2024,CONVENTIONAL,7637
28074,2024,HOM_COMPLETED,0
28074,2024,HOM_ATTEMPTED,1
28074,2024,INJURY,70
28074,2024,KIDNAPPING,0
28074,2024,SEXUAL,63
28074,2024,SEXUAL_PENETRATION,16
28074,2024,SEXUAL_OTHER,47
28074,2024,ROBBERY_VIOLENT,186
28074,2024,BURGLARY,317
28074,2024,BURGLARY_DWELLING,162
28074,2024,THEFT,2911
28074,2024,VEHICLE_THEFT,308
28074,2024,DRUG_TRAFFICKING,72
28074,2024,OTHER_CONVENTIONAL,3709
28074,2024,CYBERCRIME,1400
28074,2024,CYBER_FRAUD,1304
28074,2024,CYBER_OTHER,96
28074,2024,TOTAL,9037
28079,2024,CONVENTIONAL,200749
28079,2024,HOM_COMPLETED,12
28079,2024,HOM_ATTEMPTED,83
28079,2024,INJURY,1929
28079,2024,KIDNAPPING,7
28079,2024,SEXUAL,1753
28079,2024,SEXUAL_PENETRATION,407
28079,2024,SEXUAL_OTHER,1346
28079,2024,ROBBERY_VIOLENT,8175
28079,2024,BURGLARY,6914
28079,2024,BURGLARY_DWELLING,4340
28079,2024,THEFT,79774
28079,2024,VEHICLE_THEFT,3982
28079,2024,DRUG_TRAFFICKING,2964
28079,2024,OTHER_CONVENTIONAL,95156
28079,2024,CYBERCRIME,36824
28079,2024,CYBER_FRAUD,32907
28079,2024,CYBER_OTHER,3917
28079,2024,TOTAL,237573
28080,2024,CONVENTIONAL,3548
28080,2024,HOM_COMPLETED,0
28080,2024,HOM_ATTEMPTED,0
28080,2024,INJURY,41
28080,2024,KIDNAPPING,0
28080,2024,SEXUAL,37
28080,2024,SEXUAL_PENETRATION,7
28080,2024,SEXUAL_OTHER,30
28080,2024,ROBBERY_VIOLENT,63
28080,2024,BURGLARY,156
28080,2024,BURGLARY_DWELLING,115
28080,2024,THEFT,1382
28080,2024,VEHICLE_THEFT,77
28080,2024,DRUG_TRAFFICKING,10
28080,2024,OTHER_CONVENTIONAL,1782
28080,2024,CYBERCRIME,1183
28080,2024,CYBER_FRAUD,1058
28080,2024,CYBER_OTHER,125
28080,2024,TOTAL,4731
28084,2024,CONVENTIONAL,898
28084,2024,HOM_COMPLETED,0
28084,2024,HOM_ATTEMPTED,2
28084,2024,INJURY,17
28084,2024,KIDNAPPING,0
28084,2024,SEXUAL,20
28084,2024,SEXUAL_PENETRATION,0
28084,2024,SEXUAL_OTHER,20
28084,2024,ROBBERY_VIOLENT,14
28084,2024,BURGLARY,30
28084,2024,BURGLARY_DWELLING,19
28084,2024,THEFT,154
28084,2024,VEHICLE_THEFT,23
28084,2024,DRUG_TRAFFICKING,6
28084,2024,OTHER_CONVENTIONAL,632
28084,2024,CYBERCRIME,323
28084,2024,CYBER_FRAUD,291
28084,2024,CYBER_OTHER,32
28084,2024,TOTAL,1221
28092,2024,CONVENTIONAL,6622
28092,2024,HOM_COMPLETED,0
28092,2024,HOM_ATTEMPTED,5
28092,2024,INJURY,74
28092,2024,KIDNAPPING,0
28092,2024,SEXUAL,57
28092,2024,SEXUAL_PENETRATION,19
28092,2024,SEXUAL_OTHER,38
28092,2024,ROBBERY_VIOLENT,201
28092,2024,BURGLARY,336
28092,2024,BURGLARY_DWELLING,248
28092,2024,THEFT,1732
28092,2024,VEHICLE_THEFT,166
28092,2024,DRUG_TRAFFICKING,66
28092,2024,OTHER_CONVENTIONAL,3985
28092,2024,CYBERCRIME,1986
28092,2024,CYBER_FRAUD,1764
28092,2024,CYBER_OTHER,222
28092,2024,TOTAL,8608
28096,2024,CONVENTIONAL,1114
28096,2024,HOM_COMPLETED,1
28096,2024,HOM_ATTEMPTED,0
28096,2024,INJURY,5
28096,2024,KIDNAPPING,0
28096,2024,SEXUAL,11
28096,2024,SEXUAL_PENETRATION,0
28096,2024,SEXUAL_OTHER,11
28096,2024,ROBBERY_VIOLENT,15
28096,2024,BURGLARY,50
28096,2024,BURGLARY_DWELLING,38
28096,2024,THEFT,283
28096,2024,VEHICLE_THEFT,37
28096,2024,DRUG_TRAFFICKING,13
28096,2024,OTHER_CONVENTIONAL,699
28096,2024,CYBERCRIME,391
28096,2024,CYBER_FRAUD,330
28096,2024,CYBER_OTHER,61
28096,2024,TOTAL,1505
28104,2024,CONVENTIONAL,637
28104,2024,HOM_COMPLETED,0
28104,2024,HOM_ATTEMPTED,1
28104,2024,INJURY,4
28104,2024,KIDNAPPING,0
28104,2024,SEXUAL,7
28104,2024,SEXUAL_PENETRATION,1
28104,2024,SEXUAL_OTHER,6
28104,2024,ROBBERY_VIOLENT,6
28104,2024,BURGLARY,48
28104,2024,BURGLARY_DWELLING,37
28104,2024,THEFT,109
28104,2024,VEHICLE_THEFT,38
28104,2024,DRUG_TRAFFICKING,9
28104,2024,OTHER_CONVENTIONAL,415
28104,2024,CYBERCRIME,410
28104,2024,CYBER_FRAUD,360
28104,2024,CYBER_OTHER,50
28104,2024,TOTAL,1047
28106,2024,CONVENTIONAL,6435
28106,2024,HOM_COMPLETED,1
28106,2024,HOM_ATTEMPTED,9
28106,2024,INJURY,69
28106,2024,KIDNAPPING,0
28106,2024,SEXUAL,64
28106,2024,SEXUAL_PENETRATION,16
28106,2024,SEXUAL_OTHER,48
28106,2024,ROBBERY_VIOLENT,415
28106,2024,BURGLARY,339
28106,2024,BURGLARY_DWELLING,123
28106,2024,THEFT,1738
28106,2024,VEHICLE_THEFT,97
28106,2024,DRUG_TRAFFICKING,25
28106,2024,OTHER_CONVENTIONAL,3678
28106,2024,CYBERCRIME,1266
28106,2024,CYBER_FRAUD,1211
28106,2024,CYBER_OTHER,55
28106,2024,TOTAL,7701
28113,2024,CONVENTIONAL,2205
28113,2024,HOM_COMPLETED,0
28113,2024,HOM_ATTEMPTED,2
28113,2024,INJURY,24
28113,2024,KIDNAPPING,1
28113,2024,SEXUAL,22
28113,2024,SEXUAL_PENETRATION,4
28113,2024,SEXUAL_OTHER,18
28113,2024,ROBBERY_VIOLENT,57
28113,2024,BURGLARY,118
28113,2024,BURGLARY_DWELLING,75
28113,2024,THEFT,646
28113,2024,VEHICLE_THEFT,26
28113,2024,DRUG_TRAFFICKING,26
28113,2024,OTHER_CONVENTIONAL,1283
28113,2024,CYBERCRIME,804
28113,2024,CYBER_FRAUD,699
28113,2024,CYBER_OTHER,105
28113,2024,TOTAL,3009
28115,2024,CONVENTIONAL,1940
28115,2024,HOM_COMPLETED,0
28115,2024,HOM_ATTEMPTED,0
28115,2024,INJURY,29
28115,2024,KIDNAPPING,0
28115,2024,SEXUAL,10
28115,2024,SEXUAL_PENETRATION,3
28115,2024,SEXUAL_OTHER,7
28115,2024,ROBBERY_VIOLENT,20
28115,2024,BURGLARY,110
28115,2024,BURGLARY_DWELLING,86
28115,2024,THEFT,652
28115,2024,VEHICLE_THEFT,64
28115,2024,DRUG_TRAFFICKING,7
28115,2024,OTHER_CONVENTIONAL,1048
28115,2024,CYBERCRIME,472
28115,2024,CYBER_FRAUD,401
28115,2024,CYBER_OTHER,71
28115,2024,TOTAL,2412
28123,2024,CONVENTIONAL,4030
28123,2024,HOM_COMPLETED,0
28123,2024,HOM_ATTEMPTED,0
28123,2024,INJURY,60
28123,2024,KIDNAPPING,0
28123,2024,SEXUAL,29
28123,2024,SEXUAL_PENETRATION,8
28123,2024,SEXUAL_OTHER,21
28123,2024,ROBBERY_VIOLENT,100
28123,2024,BURGLARY,263
28123,2024,BURGLARY_DWELLING,181
28123,2024,THEFT,1530
28123,2024,VEHICLE_THEFT,51
28123,2024,DRUG_TRAFFICKING,22
28123,2024,OTHER_CONVENTIONAL,1975
28123,2024,CYBERCRIME,1264
28123,2024,CYBER_FRAUD,1136
28123,2024,CYBER_OTHER,128
28123,2024,TOTAL,5294
28127,2024,CONVENTIONAL,3253
28127,2024,HOM_COMPLETED,0
28127,2024,HOM_ATTEMPTED,1
28127,2024,INJURY,55
28127,2024,KIDNAPPING,0
28127,2024,SEXUAL,40
28127,2024,SEXUAL_PENETRATION,8
28127,2024,SEXUAL_OTHER,32
28127,2024,ROBBERY_VIOLENT,43
28127,2024,BURGLARY,165
28127,2024,BURGLARY_DWELLING,137
28127,2024,THEFT,1268
28127,2024,VEHICLE_THEFT,50
28127,2024,DRUG_TRAFFICKING,17
28127,2024,OTHER_CONVENTIONAL,1614
28127,2024,CYBERCRIME,1375
28127,2024,CYBER_FRAUD,1199
28127,2024,CYBER_OTHER,176
28127,2024,TOTAL,4628
28130,2024,CONVENTIONAL,1408
28130,2024,HOM_COMPLETED,0
28130,2024,HOM_ATTEMPTED,1
28130,2024,INJURY,10
28130,2024,KIDNAPPING,0
28130,2024,SEXUAL,8
28130,2024,SEXUAL_PENETRATION,3
28130,2024,SEXUAL_OTHER,5
28130,2024,ROBBERY_VIOLENT,27
28130,2024,BURGLARY,59
28130,2024,BURGLARY_DWELLING,30
28130,2024,THEFT,463
28130,2024,VEHICLE_THEFT,65
28130,2024,DRUG_TRAFFICKING,10
28130,2024,OTHER_CONVENTIONAL,765
28130,2024,CYBERCRIME,328
28130,2024,CYBER_FRAUD,307
28130,2024,CYBER_OTHER,21
28130,2024,TOTAL,1736
28134,2024,CONVENTIONAL,3507
28134,2024,HOM_COMPLETED,1
28134,2024,HOM_ATTEMPTED,5
28134,2024,INJURY,31
28134,2024,KIDNAPPING,0
28134,2024,SEXUAL,27
28134,2024,SEXUAL_PENETRATION,9
28134,2024,SEXUAL_OTHER,18
28134,2024,ROBBERY_VIOLENT,71
28134,2024,BURGLARY,104
28134,2024,BURGLARY_DWELLING,68
28134,2024,THEFT,1571
28134,2024,VEHICLE_THEFT,87
28134,2024,DRUG_TRAFFICKING,28
28134,2024,OTHER_CONVENTIONAL,1582
28134,2024,CYBERCRIME,873
28134,2024,CYBER_FRAUD,788
28134,2024,CYBER_OTHER,85
28134,2024,TOTAL,4380
28132,2024,CONVENTIONAL,764
28132,2024,HOM_COMPLETED,0
28132,2024,HOM_ATTEMPTED,0
28132,2024,INJURY,21
28132,2024,KIDNAPPING,0
28132,2024,SEXUAL,11
28132,2024,SEXUAL_PENETRATION,1
28132,2024,SEXUAL_OTHER,10
28132,2024,ROBBERY_VIOLENT,6
28132,2024,BURGLARY,50
28132,2024,BURGLARY_DWELLING,38
28132,2024,THEFT,202
28132,2024,VEHICLE_THEFT,11
28132,2024,DRUG_TRAFFICKING,6
28132,2024,OTHER_CONVENTIONAL,457
28132,2024,CYBERCRIME,280
28132,2024,CYBER_FRAUD,237
28132,2024,CYBER_OTHER,43
28132,2024,TOTAL,1044
28148,2024,CONVENTIONAL,4361
28148,2024,HOM_COMPLETED,0
28148,2024,HOM_ATTEMPTED,6
28148,2024,INJURY,68
28148,2024,KIDNAPPING,0
28148,2024,SEXUAL,49
28148,2024,SEXUAL_PENETRATION,10
28148,2024,SEXUAL_OTHER,39
28148,2024,ROBBERY_VIOLENT,90
28148,2024,BURGLARY,135
28148,2024,BURGLARY_DWELLING,75
28148,2024,THEFT,1529
28148,2024,VEHICLE_THEFT,83
28148,2024,DRUG_TRAFFICKING,44
28148,2024,OTHER_CONVENTIONAL,2357
28148,2024,CYBERCRIME,936
28148,2024,CYBER_FRAUD,832
28148,2024,CYBER_OTHER,104
28148,2024,TOTAL,5297
28152,2024,CONVENTIONAL,781
28152,2024,HOM_COMPLETED,0
28152,2024,HOM_ATTEMPTED,0
28152,2024,INJURY,18
28152,2024,KIDNAPPING,0
28152,2024,SEXUAL,9
28152,2024,SEXUAL_PENETRATION,1
28152,2024,SEXUAL_OTHER,8
28152,2024,ROBBERY_VIOLENT,13
28152,2024,BURGLARY,62
28152,2024,BURGLARY_DWELLING,61
28152,2024,THEFT,246
28152,2024,VEHICLE_THEFT,6
28152,2024,DRUG_TRAFFICKING,4
28152,2024,OTHER_CONVENTIONAL,423
28152,2024,CYBERCRIME,396
28152,2024,CYBER_FRAUD,338
28152,2024,CYBER_OTHER,58
28152,2024,TOTAL,1177
28903,2024,CONVENTIONAL,1093
28903,2024,HOM_COMPLETED,0
28903,2024,HOM_ATTEMPTED,0
28903,2024,INJURY,10
28903,2024,KIDNAPPING,0
28903,2024,SEXUAL,12
28903,2024,SEXUAL_PENETRATION,1
28903,2024,SEXUAL_OTHER,11
28903,2024,ROBBERY_VIOLENT,24
28903,2024,BURGLARY,92
28903,2024,BURGLARY_DWELLING,74
28903,2024,THEFT,329
28903,2024,VEHICLE_THEFT,10
28903,2024,DRUG_TRAFFICKING,4
28903,2024,OTHER_CONVENTIONAL,612
28903,2024,CYBERCRIME,518
28903,2024,CYBER_FRAUD,452
28903,2024,CYBER_OTHER,66
28903,2024,TOTAL,1611
28161,2024,CONVENTIONAL,3284
28161,2024,HOM_COMPLETED,0
28161,2024,HOM_ATTEMPTED,0
28161,2024,INJURY,79
28161,2024,KIDNAPPING,0
28161,2024,SEXUAL,33
28161,2024,SEXUAL_PENETRATION,4
28161,2024,SEXUAL_OTHER,29
28161,2024,ROBBERY_VIOLENT,62
28161,2024,BURGLARY,183
28161,2024,BURGLARY_DWELLING,81
28161,2024,THEFT,734
28161,2024,VEHICLE_THEFT,56
28161,2024,DRUG_TRAFFICKING,10
28161,2024,OTHER_CONVENTIONAL,2127
28161,2024,CYBERCRIME,998
28161,2024,CYBER_FRAUD,834
28161,2024,CYBER_OTHER,164
28161,2024,TOTAL,4282
28176,2024,CONVENTIONAL,713
28176,2024,HOM_COMPLETED,0
28176,2024,HOM_ATTEMPTED,0
28176,2024,INJURY,15
28176,2024,KIDNAPPING,0
28176,2024,SEXUAL,11
28176,2024,SEXUAL_PENETRATION,1
28176,2024,SEXUAL_OTHER,10
28176,2024,ROBBERY_VIOLENT,15
28176,2024,BURGLARY,51
28176,2024,BURGLARY_DWELLING,50
28176,2024,THEFT,231
28176,2024,VEHICLE_THEFT,2
28176,2024,DRUG_TRAFFICKING,2
28176,2024,OTHER_CONVENTIONAL,386
28176,2024,CYBERCRIME,230
28176,2024,CYBER_FRAUD,202
28176,2024,CYBER_OTHER,28
28176,2024,TOTAL,943
28181,2024,CONVENTIONAL,971
28181,2024,HOM_COMPLETED,0
28181,2024,HOM_ATTEMPTED,0
28181,2024,INJURY,20
28181,2024,KIDNAPPING,0
28181,2024,SEXUAL,9
28181,2024,SEXUAL_PENETRATION,1
28181,2024,SEXUAL_OTHER,8
28181,2024,ROBBERY_VIOLENT,22
28181,2024,BURGLARY,93
28181,2024,BURGLARY_DWELLING,82
28181,2024,THEFT,267
28181,2024,VEHICLE_THEFT,8
28181,2024,DRUG_TRAFFICKING,4
28181,2024,OTHER_CONVENTIONAL,548
28181,2024,CYBERCRIME,340
28181,2024,CYBER_FRAUD,283
28181,2024,CYBER_OTHER,57
28181,2024,TOTAL,1311
28005,2025,CONVENTIONAL,7695
28005,2025,HOM_COMPLETED,1
28005,2025,HOM_ATTEMPTED,8
28005,2025,INJURY,73
28005,2025,KIDNAPPING,1
28005,2025,SEXUAL,89
28005,2025,SEXUAL_PENETRATION,15
28005,2025,SEXUAL_OTHER,74
28005,2025,ROBBERY_VIOLENT,137
28005,2025,BURGLARY,330
28005,2025,BURGLARY_DWELLING,189
28005,2025,THEFT,2257
28005,2025,VEHICLE_THEFT,279
28005,2025,DRUG_TRAFFICKING,58
28005,2025,OTHER_CONVENTIONAL,4462
28005,2025,CYBERCRIME,2193
28005,2025,CYBER_FRAUD,1810
28005,2025,CYBER_OTHER,383
28005,2025,TOTAL,9888
28006,2025,CONVENTIONAL,4369
28006,2025,HOM_COMPLETED,0
28006,2025,HOM_ATTEMPTED,4
28006,2025,INJURY,40
28006,2025,KIDNAPPING,0
28006,2025,SEXUAL,51
28006,2025,SEXUAL_PENETRATION,12
28006,2025,SEXUAL_OTHER,39
28006,2025,ROBBERY_VIOLENT,77
28006,2025,BURGLARY,160
28006,2025,BURGLARY_DWELLING,88
28006,2025,THEFT,1190
28006,2025,VEHICLE_THEFT,173
28006,2025,DRUG_TRAFFICKING,49
28006,2025,OTHER_CONVENTIONAL,2625
28006,2025,CYBERCRIME,1188
28006,2025,CYBER_FRAUD,1072
28006,2025,CYBER_OTHER,116
28006,2025,TOTAL,5557
28007,2025,CONVENTIONAL,6107
28007,2025,HOM_COMPLETED,0
28007,2025,HOM_ATTEMPTED,2
28007,2025,INJURY,70
28007,2025,KIDNAPPING,0
28007,2025,SEXUAL,44
28007,2025,SEXUAL_PENETRATION,9
28007,2025,SEXUAL_OTHER,35
28007,2025,ROBBERY_VIOLENT,168
28007,2025,BURGLARY,287
28007,2025,BURGLARY_DWELLING,107
28007,2025,THEFT,2566
28007,2025,VEHICLE_THEFT,123
28007,2025,DRUG_TRAFFICKING,38
28007,2025,OTHER_CONVENTIONAL,2809
28007,2025,CYBERCRIME,1127
28007,2025,CYBER_FRAUD,885
28007,2025,CYBER_OTHER,242
28007,2025,TOTAL,7234
28009,2025,CONVENTIONAL,618
28009,2025,HOM_COMPLETED,0
28009,2025,HOM_ATTEMPTED,0
28009,2025,INJURY,10
28009,2025,KIDNAPPING,0
28009,2025,SEXUAL,4
28009,2025,SEXUAL_PENETRATION,0
28009,2025,SEXUAL_OTHER,4
28009,2025,ROBBERY_VIOLENT,5
28009,2025,BURGLARY,33
28009,2025,BURGLARY_DWELLING,27
28009,2025,THEFT,135
28009,2025,VEHICLE_THEFT,15
28009,2025,DRUG_TRAFFICKING,3
28009,2025,OTHER_CONVENTIONAL,413
28009,2025,CYBERCRIME,292
28009,2025,CYBER_FRAUD,259
28009,2025,CYBER_OTHER,33
28009,2025,TOTAL,910
28013,2025,CONVENTIONAL,2753
28013,2025,HOM_COMPLETED,0
28013,2025,HOM_ATTEMPTED,2
28013,2025,INJURY,9
28013,2025,KIDNAPPING,0
28013,2025,SEXUAL,30
28013,2025,SEXUAL_PENETRATION,4
28013,2025,SEXUAL_OTHER,26
28013,2025,ROBBERY_VIOLENT,65
28013,2025,BURGLARY,126
28013,2025,BURGLARY_DWELLING,69
28013,2025,THEFT,751
28013,2025,VEHICLE_THEFT,76
28013,2025,DRUG_TRAFFICKING,11
28013,2025,OTHER_CONVENTIONAL,1683
28013,2025,CYBERCRIME,493
28013,2025,CYBER_FRAUD,433
28013,2025,CYBER_OTHER,60
28013,2025,TOTAL,3246
28014,2025,CONVENTIONAL,2471
28014,2025,HOM_COMPLETED,0
28014,2025,HOM_ATTEMPTED,0
28014,2025,INJURY,46
28014,2025,KIDNAPPING,0
28014,2025,SEXUAL,27
28014,2025,SEXUAL_PENETRATION,5
28014,2025,SEXUAL_OTHER,22
28014,2025,ROBBERY_VIOLENT,77
28014,2025,BURGLARY,106
28014,2025,BURGLARY_DWELLING,55
28014,2025,THEFT,724
28014,2025,VEHICLE_THEFT,38
28014,2025,DRUG_TRAFFICKING,18
28014,2025,OTHER_CONVENTIONAL,1435
28014,2025,CYBERCRIME,700
28014,2025,CYBER_FRAUD,611
28014,2025,CYBER_OTHER,89
28014,2025,TOTAL,3171
28015,2025,CONVENTIONAL,1916
28015,2025,HOM_COMPLETED,1
28015,2025,HOM_ATTEMPTED,0
28015,2025,INJURY,14
28015,2025,KIDNAPPING,0
28015,2025,SEXUAL,14
28015,2025,SEXUAL_PENETRATION,2
28015,2025,SEXUAL_OTHER,12
28015,2025,ROBBERY_VIOLENT,12
28015,2025,BURGLARY,59
28015,2025,BURGLARY_DWELLING,48
28015,2025,THEFT,1069
28015,2025,VEHICLE_THEFT,61
28015,2025,DRUG_TRAFFICKING,5
28015,2025,OTHER_CONVENTIONAL,681
28015,2025,CYBERCRIME,548
28015,2025,CYBER_FRAUD,463
28015,2025,CYBER_OTHER,85
28015,2025,TOTAL,2464
28022,2025,CONVENTIONAL,1496
28022,2025,HOM_COMPLETED,0
28022,2025,HOM_ATTEMPTED,0
28022,2025,INJURY,23
28022,2025,KIDNAPPING,0
28022,2025,SEXUAL,25
28022,2025,SEXUAL_PENETRATION,5
28022,2025,SEXUAL_OTHER,20
28022,2025,ROBBERY_VIOLENT,13
28022,2025,BURGLARY,118
28022,2025,BURGLARY_DWELLING,102
28022,2025,THEFT,438
28022,2025,VEHICLE_THEFT,15
28022,2025,DRUG_TRAFFICKING,5
28022,2025,OTHER_CONVENTIONAL,859
28022,2025,CYBERCRIME,1000
28022,2025,CYBER_FRAUD,887
28022,2025,CYBER_OTHER,113
28022,2025,TOTAL,2496
28040,2025,CONVENTIONAL,966
28040,2025,HOM_COMPLETED,0
28040,2025,HOM_ATTEMPTED,1
28040,2025,INJURY,24
28040,2025,KIDNAPPING,0
28040,2025,SEXUAL,15
28040,2025,SEXUAL_PENETRATION,5
28040,2025,SEXUAL_OTHER,10
28040,2025,ROBBERY_VIOLENT,21
28040,2025,BURGLARY,35
28040,2025,BURGLARY_DWELLING,21
28040,2025,THEFT,208
28040,2025,VEHICLE_THEFT,20
28040,2025,DRUG_TRAFFICKING,5
28040,2025,OTHER_CONVENTIONAL,637
28040,2025,CYBERCRIME,303
28040,2025,CYBER_FRAUD,233
28040,2025,CYBER_OTHER,70
28040,2025,TOTAL,1269
28047,2025,CONVENTIONAL,2520
28047,2025,HOM_COMPLETED,0
28047,2025,HOM_ATTEMPTED,2
28047,2025,INJURY,62
28047,2025,KIDNAPPING,0
28047,2025,SEXUAL,33
28047,2025,SEXUAL_PENETRATION,0
28047,2025,SEXUAL_OTHER,33
28047,2025,ROBBERY_VIOLENT,71
28047,2025,BURGLARY,116
28047,2025,BURGLARY_DWELLING,79
28047,2025,THEFT,621
28047,2025,VEHICLE_THEFT,11
28047,2025,DRUG_TRAFFICKING,11
28047,2025,OTHER_CONVENTIONAL,1593
28047,2025,CYBERCRIME,696
28047,2025,CYBER_FRAUD,553
28047,2025,CYBER_OTHER,143
28047,2025,TOTAL,3216
28045,2025,CONVENTIONAL,1966
28045,2025,HOM_COMPLETED,1
28045,2025,HOM_ATTEMPTED,3
28045,2025,INJURY,47
28045,2025,KIDNAPPING,0
28045,2025,SEXUAL,26
28045,2025,SEXUAL_PENETRATION,3
28045,2025,SEXUAL_OTHER,23
28045,2025,ROBBERY_VIOLENT,26
28045,2025,BURGLARY,137
28045,2025,BURGLARY_DWELLING,74
28045,2025,THEFT,557
28045,2025,VEHICLE_THEFT,15
28045,2025,DRUG_TRAFFICKING,7
28045,2025,OTHER_CONVENTIONAL,1147
28045,2025,CYBERCRIME,657
28045,2025,CYBER_FRAUD,592
28045,2025,CYBER_OTHER,65
28045,2025,TOTAL,2623
28049,2025,CONVENTIONAL,2903
28049,2025,HOM_COMPLETED,0
28049,2025,HOM_ATTEMPTED,0
28049,2025,INJURY,34
28049,2025,KIDNAPPING,0
28049,2025,SEXUAL,20
28049,2025,SEXUAL_PENETRATION,6
28049,2025,SEXUAL_OTHER,14
28049,2025,ROBBERY_VIOLENT,61
28049,2025,BURGLARY,135
28049,2025,BURGLARY_DWELLING,68
28049,2025,THEFT,958
28049,2025,VEHICLE_THEFT,134
28049,2025,DRUG_TRAFFICKING,9
28049,2025,OTHER_CONVENTIONAL,1552
28049,2025,CYBERCRIME,634
28049,2025,CYBER_FRAUD,575
28049,2025,CYBER_OTHER,59
28049,2025,TOTAL,3537
28058,2025,CONVENTIONAL,4419
28058,2025,HOM_COMPLETED,0
28058,2025,HOM_ATTEMPTED,2
28058,2025,INJURY,29
28058,2025,KIDNAPPING,0
28058,2025,SEXUAL,53
28058,2025,SEXUAL_PENETRATION,14
28058,2025,SEXUAL_OTHER,39
28058,2025,ROBBERY_VIOLENT,180
28058,2025,BURGLARY,227
28058,2025,BURGLARY_DWELLING,146
28058,2025,THEFT,1393
28058,2025,VEHICLE_THEFT,182
28058,2025,DRUG_TRAFFICKING,51
28058,2025,OTHER_CONVENTIONAL,2302
28058,2025,CYBERCRIME,1470
28058,2025,CYBER_FRAUD,1302
28058,2025,CYBER_OTHER,168
28058,2025,TOTAL,5889
28061,2025,CONVENTIONAL,1227
28061,2025,HOM_COMPLETED,0
28061,2025,HOM_ATTEMPTED,0
28061,2025,INJURY,27
28061,2025,KIDNAPPING,0
28061,2025,SEXUAL,12
28061,2025,SEXUAL_PENETRATION,4
28061,2025,SEXUAL_OTHER,8
28061,2025,ROBBERY_VIOLENT,25
28061,2025,BURGLARY,136
28061,2025,BURGLARY_DWELLING,128
28061,2025,THEFT,180
28061,2025,VEHICLE_THEFT,4
28061,2025,DRUG_TRAFFICKING,7
28061,2025,OTHER_CONVENTIONAL,836
28061,2025,CYBERCRIME,612
28061,2025,CYBER_FRAUD,495
28061,2025,CYBER_OTHER,117
28061,2025,TOTAL,1839
28065,2025,CONVENTIONAL,7611
28065,2025,HOM_COMPLETED,2
28065,2025,HOM_ATTEMPTED,2
28065,2025,INJURY,51
28065,2025,KIDNAPPING,0
28065,2025,SEXUAL,60
28065,2025,SEXUAL_PENETRATION,15
28065,2025,SEXUAL_OTHER,45
28065,2025,ROBBERY_VIOLENT,197
28065,2025,BURGLARY,194
28065,2025,BURGLARY_DWELLING,97
28065,2025,THEFT,2671
28065,2025,VEHICLE_THEFT,202
28065,2025,DRUG_TRAFFICKING,34
28065,2025,OTHER_CONVENTIONAL,4198
28065,2025,CYBERCRIME,1666
28065,2025,CYBER_FRAUD,1512
28065,2025,CYBER_OTHER,154
28065,2025,TOTAL,9277
28073,2025,CONVENTIONAL,1874
28073,2025,HOM_COMPLETED,0
28073,2025,HOM_ATTEMPTED,0
28073,2025,INJURY,12
28073,2025,KIDNAPPING,0
28073,2025,SEXUAL,20
28073,2025,SEXUAL_PENETRATION,6
28073,2025,SEXUAL_OTHER,14
28073,2025,ROBBERY_VIOLENT,58
28073,2025,BURGLARY,50
28073,2025,BURGLARY_DWELLING,27
28073,2025,THEFT,980
28073,2025,VEHICLE_THEFT,62
28073,2025,DRUG_TRAFFICKING,19
28073,2025,OTHER_CONVENTIONAL,673
28073,2025,CYBERCRIME,235
28073,2025,CYBER_FRAUD,212
28073,2025,CYBER_OTHER,23
28073,2025,TOTAL,2109
28074,2025,CONVENTIONAL,7590
28074,2025,HOM_COMPLETED,1
28074,2025,HOM_ATTEMPTED,2
28074,2025,INJURY,72
28074,2025,KIDNAPPING,0
28074,2025,SEXUAL,61
28074,2025,SEXUAL_PENETRATION,17
28074,2025,SEXUAL_OTHER,44
28074,2025,ROBBERY_VIOLENT,164
28074,2025,BURGLARY,232
28074,2025,BURGLARY_DWELLING,151
28074,2025,THEFT,3241
28074,2025,VEHICLE_THEFT,336
28074,2025,DRUG_TRAFFICKING,67
28074,2025,OTHER_CONVENTIONAL,3414
28074,2025,CYBERCRIME,1364
28074,2025,CYBER_FRAUD,1152
28074,2025,CYBER_OTHER,212
28074,2025,TOTAL,8954
28079,2025,CONVENTIONAL,195651
28079,2025,HOM_COMPLETED,17
28079,2025,HOM_ATTEMPTED,90
28079,2025,INJURY,2167
28079,2025,KIDNAPPING,11
28079,2025,SEXUAL,1850
28079,2025,SEXUAL_PENETRATION,401
28079,2025,SEXUAL_OTHER,1449
28079,2025,ROBBERY_VIOLENT,7376
28079,2025,BURGLARY,6569
28079,2025,BURGLARY_DWELLING,4328
28079,2025,THEFT,72548
28079,2025,VEHICLE_THEFT,3850
28079,2025,DRUG_TRAFFICKING,3739
28079,2025,OTHER_CONVENTIONAL,97434
28079,2025,CYBERCRIME,34011
28079,2025,CYBER_FRAUD,29883
28079,2025,CYBER_OTHER,4128
28079,2025,TOTAL,229662
28080,2025,CONVENTIONAL,3334
28080,2025,HOM_COMPLETED,0
28080,2025,HOM_ATTEMPTED,1
28080,2025,INJURY,31
28080,2025,KIDNAPPING,0
28080,2025,SEXUAL,21
28080,2025,SEXUAL_PENETRATION,3
28080,2025,SEXUAL_OTHER,18
28080,2025,ROBBERY_VIOLENT,46
28080,2025,BURGLARY,113
28080,2025,BURGLARY_DWELLING,82
28080,2025,THEFT,1271
28080,2025,VEHICLE_THEFT,65
28080,2025,DRUG_TRAFFICKING,10
28080,2025,OTHER_CONVENTIONAL,1776
28080,2025,CYBERCRIME,1166
28080,2025,CYBER_FRAUD,1038
28080,2025,CYBER_OTHER,128
28080,2025,TOTAL,4500
28084,2025,CONVENTIONAL,1027
28084,2025,HOM_COMPLETED,0
28084,2025,HOM_ATTEMPTED,2
28084,2025,INJURY,18
28084,2025,KIDNAPPING,0
28084,2025,SEXUAL,8
28084,2025,SEXUAL_PENETRATION,3
28084,2025,SEXUAL_OTHER,5
28084,2025,ROBBERY_VIOLENT,8
28084,2025,BURGLARY,35
28084,2025,BURGLARY_DWELLING,14
28084,2025,THEFT,222
28084,2025,VEHICLE_THEFT,23
28084,2025,DRUG_TRAFFICKING,9
28084,2025,OTHER_CONVENTIONAL,702
28084,2025,CYBERCRIME,325
28084,2025,CYBER_FRAUD,281
28084,2025,CYBER_OTHER,44
28084,2025,TOTAL,1352
28092,2025,CONVENTIONAL,5983
28092,2025,HOM_COMPLETED,0
28092,2025,HOM_ATTEMPTED,0
28092,2025,INJURY,62
28092,2025,KIDNAPPING,0
28092,2025,SEXUAL,71
28092,2025,SEXUAL_PENETRATION,37
28092,2025,SEXUAL_OTHER,34
28092,2025,ROBBERY_VIOLENT,138
28092,2025,BURGLARY,271
28092,2025,BURGLARY_DWELLING,191
28092,2025,THEFT,1728
28092,2025,VEHICLE_THEFT,171
28092,2025,DRUG_TRAFFICKING,83
28092,2025,OTHER_CONVENTIONAL,3459
28092,2025,CYBERCRIME,2168
28092,2025,CYBER_FRAUD,1834
28092,2025,CYBER_OTHER,334
28092,2025,TOTAL,8151
28096,2025,CONVENTIONAL,1051
28096,2025,HOM_COMPLETED,0
28096,2025,HOM_ATTEMPTED,0
28096,2025,INJURY,10
28096,2025,KIDNAPPING,0
28096,2025,SEXUAL,15
28096,2025,SEXUAL_PENETRATION,1
28096,2025,SEXUAL_OTHER,14
28096,2025,ROBBERY_VIOLENT,13
28096,2025,BURGLARY,62
28096,2025,BURGLARY_DWELLING,33
28096,2025,THEFT,283
28096,2025,VEHICLE_THEFT,48
28096,2025,DRUG_TRAFFICKING,12
28096,2025,OTHER_CONVENTIONAL,608
28096,2025,CYBERCRIME,449
28096,2025,CYBER_FRAUD,368
28096,2025,CYBER_OTHER,81
28096,2025,TOTAL,1500
28104,2025,CONVENTIONAL,633
28104,2025,HOM_COMPLETED,0
28104,2025,HOM_ATTEMPTED,1
28104,2025,INJURY,3
28104,2025,KIDNAPPING,0
28104,2025,SEXUAL,16
28104,2025,SEXUAL_PENETRATION,7
28104,2025,SEXUAL_OTHER,9
28104,2025,ROBBERY_VIOLENT,8
28104,2025,BURGLARY,56
28104,2025,BURGLARY_DWELLING,44
28104,2025,THEFT,125
28104,2025,VEHICLE_THEFT,24
28104,2025,DRUG_TRAFFICKING,0
28104,2025,OTHER_CONVENTIONAL,400
28104,2025,CYBERCRIME,410
28104,2025,CYBER_FRAUD,355
28104,2025,CYBER_OTHER,55
28104,2025,TOTAL,1043
28106,2025,CONVENTIONAL,5931
28106,2025,HOM_COMPLETED,2
28106,2025,HOM_ATTEMPTED,6
28106,2025,INJURY,53
28106,2025,KIDNAPPING,0
28106,2025,SEXUAL,54
28106,2025,SEXUAL_PENETRATION,17
28106,2025,SEXUAL_OTHER,37
28106,2025,ROBBERY_VIOLENT,370
28106,2025,BURGLARY,264
28106,2025,BURGLARY_DWELLING,76
28106,2025,THEFT,1734
28106,2025,VEHICLE_THEFT,96
28106,2025,DRUG_TRAFFICKING,37
28106,2025,OTHER_CONVENTIONAL,3315
28106,2025,CYBERCRIME,932
28106,2025,CYBER_FRAUD,883
28106,2025,CYBER_OTHER,49
28106,2025,TOTAL,6863
28113,2025,CONVENTIONAL,2056
28113,2025,HOM_COMPLETED,0
28113,2025,HOM_ATTEMPTED,1
28113,2025,INJURY,26
28113,2025,KIDNAPPING,0
28113,2025,SEXUAL,21
28113,2025,SEXUAL_PENETRATION,3
28113,2025,SEXUAL_OTHER,18
28113,2025,ROBBERY_VIOLENT,37
28113,2025,BURGLARY,64
28113,2025,BURGLARY_DWELLING,41
28113,2025,THEFT,628
28113,2025,VEHICLE_THEFT,29
28113,2025,DRUG_TRAFFICKING,23
28113,2025,OTHER_CONVENTIONAL,1227
28113,2025,CYBERCRIME,771
28113,2025,CYBER_FRAUD,640
28113,2025,CYBER_OTHER,131
28113,2025,TOTAL,2827
28115,2025,CONVENTIONAL,1890
28115,2025,HOM_COMPLETED,1
28115,2025,HOM_ATTEMPTED,0
28115,2025,INJURY,12
28115,2025,KIDNAPPING,0
28115,2025,SEXUAL,17
28115,2025,SEXUAL_PENETRATION,2
28115,2025,SEXUAL_OTHER,15
28115,2025,ROBBERY_VIOLENT,19
28115,2025,BURGLARY,82
28115,2025,BURGLARY_DWELLING,56
28115,2025,THEFT,702
28115,2025,VEHICLE_THEFT,62
28115,2025,DRUG_TRAFFICKING,1
28115,2025,OTHER_CONVENTIONAL,994
28115,2025,CYBERCRIME,609
28115,2025,CYBER_FRAUD,508
28115,2025,CYBER_OTHER,101
28115,2025,TOTAL,2499
28123,2025,CONVENTIONAL,4498
28123,2025,HOM_COMPLETED,0
28123,2025,HOM_ATTEMPTED,1
28123,2025,INJURY,51
28123,2025,KIDNAPPING,0
28123,2025,SEXUAL,24
28123,2025,SEXUAL_PENETRATION,0
28123,2025,SEXUAL_OTHER,24
28123,2025,ROBBERY_VIOLENT,87
28123,2025,BURGLARY,310
28123,2025,BURGLARY_DWELLING,202
28123,2025,THEFT,1844
28123,2025,VEHICLE_THEFT,71
28123,2025,DRUG_TRAFFICKING,17
28123,2025,OTHER_CONVENTIONAL,2093
28123,2025,CYBERCRIME,1666
28123,2025,CYBER_FRAUD,1504
28123,2025,CYBER_OTHER,162
28123,2025,TOTAL,6164
28127,2025,CONVENTIONAL,2953
28127,2025,HOM_COMPLETED,0
28127,2025,HOM_ATTEMPTED,0
28127,2025,INJURY,49
28127,2025,KIDNAPPING,0
28127,2025,SEXUAL,31
28127,2025,SEXUAL_PENETRATION,7
28127,2025,SEXUAL_OTHER,24
28127,2025,ROBBERY_VIOLENT,33
28127,2025,BURGLARY,158
28127,2025,BURGLARY_DWELLING,137
28127,2025,THEFT,1133
28127,2025,VEHICLE_THEFT,37
28127,2025,DRUG_TRAFFICKING,13
28127,2025,OTHER_CONVENTIONAL,1499
28127,2025,CYBERCRIME,1599
28127,2025,CYBER_FRAUD,1435
28127,2025,CYBER_OTHER,164
28127,2025,TOTAL,4552
28130,2025,CONVENTIONAL,1405
28130,2025,HOM_COMPLETED,0
28130,2025,HOM_ATTEMPTED,0
28130,2025,INJURY,16
28130,2025,KIDNAPPING,0
28130,2025,SEXUAL,10
28130,2025,SEXUAL_PENETRATION,0
28130,2025,SEXUAL_OTHER,10
28130,2025,ROBBERY_VIOLENT,29
28130,2025,BURGLARY,52
28130,2025,BURGLARY_DWELLING,35
28130,2025,THEFT,437
28130,2025,VEHICLE_THEFT,60
28130,2025,DRUG_TRAFFICKING,6
28130,2025,OTHER_CONVENTIONAL,795
28130,2025,CYBERCRIME,319
28130,2025,CYBER_FRAUD,273
28130,2025,CYBER_OTHER,46
28130,2025,TOTAL,1724
28134,2025,CONVENTIONAL,3981
28134,2025,HOM_COMPLETED,0
28134,2025,HOM_ATTEMPTED,2
28134,2025,INJURY,34
28134,2025,KIDNAPPING,0
28134,2025,SEXUAL,23
28134,2025,SEXUAL_PENETRATION,6
28134,2025,SEXUAL_OTHER,17
28134,2025,ROBBERY_VIOLENT,71
28134,2025,BURGLARY,89
28134,2025,BURGLARY_DWELLING,59
28134,2025,THEFT,1696
28134,2025,VEHICLE_THEFT,162
28134,2025,DRUG_TRAFFICKING,26
28134,2025,OTHER_CONVENTIONAL,1878
28134,2025,CYBERCRIME,789
28134,2025,CYBER_FRAUD,713
28134,2025,CYBER_OTHER,76
28134,2025,TOTAL,4770
28132,2025,CONVENTIONAL,638
28132,2025,HOM_COMPLETED,0
28132,2025,HOM_ATTEMPTED,0
28132,2025,INJURY,10
28132,2025,KIDNAPPING,0
28132,2025,SEXUAL,11
28132,2025,SEXUAL_PENETRATION,3
28132,2025,SEXUAL_OTHER,8
28132,2025,ROBBERY_VIOLENT,3
28132,2025,BURGLARY,33
28132,2025,BURGLARY_DWELLING,21
28132,2025,THEFT,168
28132,2025,VEHICLE_THEFT,13
28132,2025,DRUG_TRAFFICKING,2
28132,2025,OTHER_CONVENTIONAL,398
28132,2025,CYBERCRIME,157
28132,2025,CYBER_FRAUD,132
28132,2025,CYBER_OTHER,25
28132,2025,TOTAL,795
28148,2025,CONVENTIONAL,4672
28148,2025,HOM_COMPLETED,1
28148,2025,HOM_ATTEMPTED,0
28148,2025,INJURY,54
28148,2025,KIDNAPPING,0
28148,2025,SEXUAL,68
28148,2025,SEXUAL_PENETRATION,13
28148,2025,SEXUAL_OTHER,55
28148,2025,ROBBERY_VIOLENT,105
28148,2025,BURGLARY,121
28148,2025,BURGLARY_DWELLING,69
28148,2025,THEFT,1775
28148,2025,VEHICLE_THEFT,90
28148,2025,DRUG_TRAFFICKING,68
28148,2025,OTHER_CONVENTIONAL,2390
28148,2025,CYBERCRIME,1030
28148,2025,CYBER_FRAUD,858
28148,2025,CYBER_OTHER,172
28148,2025,TOTAL,5702
28152,2025,CONVENTIONAL,769
28152,2025,HOM_COMPLETED,0
28152,2025,HOM_ATTEMPTED,0
28152,2025,INJURY,18
28152,2025,KIDNAPPING,0
28152,2025,SEXUAL,8
28152,2025,SEXUAL_PENETRATION,0
28152,2025,SEXUAL_OTHER,8
28152,2025,ROBBERY_VIOLENT,5
28152,2025,BURGLARY,98
28152,2025,BURGLARY_DWELLING,78
28152,2025,THEFT,215
28152,2025,VEHICLE_THEFT,4
28152,2025,DRUG_TRAFFICKING,5
28152,2025,OTHER_CONVENTIONAL,416
28152,2025,CYBERCRIME,407
28152,2025,CYBER_FRAUD,351
28152,2025,CYBER_OTHER,56
28152,2025,TOTAL,1176
28903,2025,CONVENTIONAL,1257
28903,2025,HOM_COMPLETED,0
28903,2025,HOM_ATTEMPTED,0
28903,2025,INJURY,16
28903,2025,KIDNAPPING,0
28903,2025,SEXUAL,6
28903,2025,SEXUAL_PENETRATION,0
28903,2025,SEXUAL_OTHER,6
28903,2025,ROBBERY_VIOLENT,12
28903,2025,BURGLARY,60
28903,2025,BURGLARY_DWELLING,49
28903,2025,THEFT,435
28903,2025,VEHICLE_THEFT,10
28903,2025,DRUG_TRAFFICKING,4
28903,2025,OTHER_CONVENTIONAL,714
28903,2025,CYBERCRIME,713
28903,2025,CYBER_FRAUD,634
28903,2025,CYBER_OTHER,79
28903,2025,TOTAL,1970
28161,2025,CONVENTIONAL,2737
28161,2025,HOM_COMPLETED,1
28161,2025,HOM_ATTEMPTED,0
28161,2025,INJURY,107
28161,2025,KIDNAPPING,0
28161,2025,SEXUAL,33
28161,2025,SEXUAL_PENETRATION,6
28161,2025,SEXUAL_OTHER,27
28161,2025,ROBBERY_VIOLENT,46
28161,2025,BURGLARY,110
28161,2025,BURGLARY_DWELLING,52
28161,2025,THEFT,730
28161,2025,VEHICLE_THEFT,43
28161,2025,DRUG_TRAFFICKING,19
28161,2025,OTHER_CONVENTIONAL,1648
28161,2025,CYBERCRIME,980
28161,2025,CYBER_FRAUD,808
28161,2025,CYBER_OTHER,172
28161,2025,TOTAL,3717
28176,2025,CONVENTIONAL,702
28176,2025,HOM_COMPLETED,0
28176,2025,HOM_ATTEMPTED,0
28176,2025,INJURY,8
28176,2025,KIDNAPPING,0
28176,2025,SEXUAL,8
28176,2025,SEXUAL_PENETRATION,1
28176,2025,SEXUAL_OTHER,7
28176,2025,ROBBERY_VIOLENT,7
28176,2025,BURGLARY,63
28176,2025,BURGLARY_DWELLING,61
28176,2025,THEFT,278
28176,2025,VEHICLE_THEFT,9
28176,2025,DRUG_TRAFFICKING,0
28176,2025,OTHER_CONVENTIONAL,329
28176,2025,CYBERCRIME,225
28176,2025,CYBER_FRAUD,198
28176,2025,CYBER_OTHER,27
28176,2025,TOTAL,927
28181,2025,CONVENTIONAL,981
28181,2025,HOM_COMPLETED,0
28181,2025,HOM_ATTEMPTED,1
28181,2025,INJURY,13
28181,2025,KIDNAPPING,0
28181,2025,SEXUAL,20
28181,2025,SEXUAL_PENETRATION,5
28181,2025,SEXUAL_OTHER,15
28181,2025,ROBBERY_VIOLENT,18
28181,2025,BURGLARY,93
28181,2025,BURGLARY_DWELLING,81
28181,2025,THEFT,254
28181,2025,VEHICLE_THEFT,6
28181,2025,DRUG_TRAFFICKING,6
28181,2025,OTHER_CONVENTIONAL,570
28181,2025,CYBERCRIME,356
28181,2025,CYBER_FRAUD,314
28181,2025,CYBER_OTHER,42
28181,2025,TOTAL,1337
28005,2019,OTHER,6135
28005,2021,OTHER,6170
28005,2022,OTHER,6629
28005,2023,OTHER,6519
28005,2024,OTHER,6570
28005,2025,OTHER,6655
28006,2019,OTHER,3292
28006,2021,OTHER,2755
28006,2022,OTHER,3404
28006,2023,OTHER,3442
28006,2024,OTHER,3730
28006,2025,OTHER,3813
28007,2019,OTHER,3804
28007,2021,OTHER,4113
28007,2022,OTHER,4532
28007,2023,OTHER,4410
28007,2024,OTHER,3948
28007,2025,OTHER,3936
28009,2019,OTHER,550
28009,2021,OTHER,502
28009,2022,OTHER,629
28009,2023,OTHER,662
28009,2024,OTHER,657
28009,2025,OTHER,705
28013,2019,OTHER,1506
28013,2021,OTHER,1462
28013,2022,OTHER,1934
28013,2023,OTHER,1975
28013,2024,OTHER,1848
28013,2025,OTHER,2176
28014,2019,OTHER,1733
28014,2021,OTHER,1750
28014,2022,OTHER,1903
28014,2023,OTHER,2302
28014,2024,OTHER,2292
28014,2025,OTHER,2135
28015,2019,OTHER,1064
28015,2021,OTHER,1150
28015,2022,OTHER,1331
28015,2023,OTHER,1409
28015,2024,OTHER,1271
28015,2025,OTHER,1229
28022,2019,OTHER,801
28022,2021,OTHER,1196
28022,2022,OTHER,1567
28022,2023,OTHER,1800
28022,2024,OTHER,1708
28022,2025,OTHER,1859
28040,2019,OTHER,1029
28040,2021,OTHER,940
28040,2022,OTHER,948
28040,2023,OTHER,1024
28040,2024,OTHER,1048
28040,2025,OTHER,940
28045,2019,OTHER,1296
28045,2021,OTHER,1053
28045,2022,OTHER,1418
28045,2023,OTHER,1655
28045,2024,OTHER,1742
28045,2025,OTHER,1804
28047,2019,OTHER,1899
28047,2021,OTHER,1653
28047,2022,OTHER,2015
28047,2023,OTHER,2033
28047,2024,OTHER,2241
28047,2025,OTHER,2289
28049,2019,OTHER,2171
28049,2021,OTHER,2040
28049,2022,OTHER,2340
28049,2023,OTHER,2112
28049,2024,OTHER,2213
28049,2025,OTHER,2186
28058,2019,OTHER,4199
28058,2021,OTHER,4317
28058,2022,OTHER,3784
28058,2023,OTHER,3777
28058,2024,OTHER,3792
28058,2025,OTHER,3772
28061,2019,OTHER,1473
28061,2021,OTHER,1227
28061,2022,OTHER,1272
28061,2023,OTHER,1472
28061,2024,OTHER,1419
28061,2025,OTHER,1448
28065,2019,OTHER,4840
28065,2021,OTHER,4962
28065,2022,OTHER,5182
28065,2023,OTHER,5757
28065,2024,OTHER,5821
28065,2025,OTHER,5864
28073,2025,OTHER,908
28074,2019,OTHER,4751
28074,2021,OTHER,4440
28074,2022,OTHER,4917
28074,2023,OTHER,4710
28074,2024,OTHER,5109
28074,2025,OTHER,4778
28079,2019,OTHER,111510
28079,2021,OTHER,106110
28079,2022,OTHER,125605
28079,2023,OTHER,133541
28079,2024,OTHER,131980
28079,2025,OTHER,131445
28080,2019,OTHER,2047
28080,2021,OTHER,1984
28080,2022,OTHER,2611
28080,2023,OTHER,3026
28080,2024,OTHER,2965
28080,2025,OTHER,2942
28084,2019,OTHER,973
28084,2021,OTHER,975
28084,2022,OTHER,1047
28084,2023,OTHER,1095
28084,2024,OTHER,955
28084,2025,OTHER,1027
28092,2019,OTHER,5320
28092,2021,OTHER,5437
28092,2022,OTHER,5728
28092,2023,OTHER,5978
28092,2024,OTHER,5971
28092,2025,OTHER,5627
28096,2019,OTHER,812
28096,2021,OTHER,877
28096,2022,OTHER,1076
28096,2023,OTHER,1171
28096,2024,OTHER,1090
28096,2025,OTHER,1057
28104,2019,OTHER,688
28104,2021,OTHER,676
28104,2022,OTHER,677
28104,2023,OTHER,841
28104,2024,OTHER,825
28104,2025,OTHER,810
28106,2019,OTHER,3744
28106,2021,OTHER,3440
28106,2022,OTHER,3951
28106,2023,OTHER,4252
28106,2024,OTHER,4944
28106,2025,OTHER,4247
28113,2019,OTHER,1654
28113,2021,OTHER,1481
28113,2022,OTHER,1742
28113,2023,OTHER,2053
28113,2024,OTHER,2087
28113,2025,OTHER,1998
28115,2019,OTHER,2224
28115,2021,OTHER,1336
28115,2022,OTHER,1486
28115,2023,OTHER,1435
28115,2024,OTHER,1520
28115,2025,OTHER,1603
28123,2019,OTHER,3099
28123,2021,OTHER,3156
28123,2022,OTHER,3210
28123,2023,OTHER,3271
28123,2024,OTHER,3239
28123,2025,OTHER,3759
28127,2019,OTHER,2562
28127,2021,OTHER,2402
28127,2022,OTHER,2762
28127,2023,OTHER,3004
28127,2024,OTHER,2989
28127,2025,OTHER,3098
28130,2019,OTHER,1054
28130,2021,OTHER,1172
28130,2022,OTHER,1235
28130,2023,OTHER,1148
28130,2024,OTHER,1093
28130,2025,OTHER,1114
28132,2023,OTHER,648
28132,2024,OTHER,737
28132,2025,OTHER,555
28134,2019,OTHER,2388
28134,2021,OTHER,2136
28134,2022,OTHER,2309
28134,2023,OTHER,2562
28134,2024,OTHER,2455
28134,2025,OTHER,2667
28148,2019,OTHER,2923
28148,2021,OTHER,3396
28148,2022,OTHER,3524
28148,2023,OTHER,3378
28148,2024,OTHER,3293
28148,2025,OTHER,3420
28152,2019,OTHER,812
28152,2021,OTHER,715
28152,2022,OTHER,750
28152,2023,OTHER,871
28152,2024,OTHER,819
28152,2025,OTHER,823
28161,2019,OTHER,2456
28161,2021,OTHER,2467
28161,2022,OTHER,2565
28161,2023,OTHER,2968
28161,2024,OTHER,3125
28161,2025,OTHER,2628
28176,2019,OTHER,639
28176,2021,OTHER,591
28176,2022,OTHER,709
28176,2023,OTHER,678
28176,2024,OTHER,616
28176,2025,OTHER,554
28181,2019,OTHER,662
28181,2021,OTHER,800
28181,2022,OTHER,902
28181,2023,OTHER,913
28181,2024,OTHER,888
28181,2025,OTHER,926
28903,2019,OTHER,791
28903,2021,OTHER,1028
28903,2022,OTHER,911
28903,2023,OTHER,1067
28903,2024,OTHER,1130
28903,2025,OTHER,1427
