year,crime_code,age,sex,count
2019,1,0-13,M,534
2019,1,0-13,F,364
2019,1,0-13,U,1
2019,1,14-17,M,696
2019,1,14-17,F,690
2019,1,14-17,U,1
2019,1,18-30,M,3752
2019,1,18-30,F,5258
2019,1,18-30,U,8
2019,1,31-40,M,2813
2019,1,31-40,F,4621
2019,1,31-40,U,13
2019,1,41-64,M,4263
2019,1,41-64,F,5221
2019,1,41-64,U,14
2019,1,65+,M,579
2019,1,65+,F,676
2019,1,65+,U,2
2019,1,U,M,45
2019,1,U,F,19
2019,1,U,U,7
2019,1.1,0-13,M,1
2019,1.1,0-13,F,2
2019,1.1,0-13,U,0
2019,1.1,14-17,M,0
2019,1.1,14-17,F,0
2019,1.1,14-17,U,0
2019,1.1,18-30,M,30
2019,1.1,18-30,F,9
2019,1.1,18-30,U,1
2019,1.1,31-40,M,17
2019,1.1,31-40,F,6
2019,1.1,31-40,U,0
2019,1.1,41-64,M,17
2019,1.1,41-64,F,8
2019,1.1,41-64,U,0
2019,1.1,65+,M,8
2019,1.1,65+,F,5
2019,1.1,65+,U,0
2019,1.1,U,M,4
2019,1.1,U,F,1
2019,1.1,U,U,1
2019,1.1.1,0-13,M,1
2019,1.1.1,0-13,F,0
2019,1.1.1,0-13,U,0
2019,1.1.1,14-17,M,0
2019,1.1.1,14-17,F,0
2019,1.1.1,14-17,U,0
2019,1.1.1,18-30,M,4
2019,1.1.1,18-30,F,4
2019,1.1.1,18-30,U,0
2019,1.1.1,31-40,M,1
2019,1.1.1,31-40,F,4
2019,1.1.1,31-40,U,0
2019,1.1.1,41-64,M,6
2019,1.1.1,41-64,F,3
2019,1.1.1,41-64,U,0
2019,1.1.1,65+,M,5
2019,1.1.1,65+,F,3
2019,1.1.1,65+,U,0
2019,1.1.1,U,M,0
2019,1.1.1,U,F,1
2019,1.1.1,U,U,0
2019,1.2,0-13,M,264
2019,1.2,0-13,F,137
2019,1.2,0-13,U,1
2019,1.2,14-17,M,563
2019,1.2,14-17,F,295
2019,1.2,14-17,U,0
2019,1.2,18-30,M,2969
2019,1.2,18-30,F,1322
2019,1.2,18-30,U,0
2019,1.2,31-40,M,2159
2019,1.2,31-40,F,989
2019,1.2,31-40,U,2
2019,1.2,41-64,M,3149
2019,1.2,41-64,F,1507
2019,1.2,41-64,U,8
2019,1.2,65+,M,362
2019,1.2,65+,F,208
2019,1.2,65+,U,2
2019,1.2,U,M,27
2019,1.2,U,F,8
2019,1.2,U,U,5
2019,1.3,0-13,M,254
2019,1.3,0-13,F,211
2019,1.3,0-13,U,0
2019,1.3,14-17,M,121
2019,1.3,14-17,F,384
2019,1.3,14-17,U,1
2019,1.3,18-30,M,688
2019,1.3,18-30,F,3860
2019,1.3,18-30,U,6
2019,1.3,31-40,M,585
2019,1.3,31-40,F,3583
2019,1.3,31-40,U,11
2019,1.3,41-64,M,971
2019,1.3,41-64,F,3615
2019,1.3,41-64,U,6
2019,1.3,65+,M,188
2019,1.3,65+,F,447
2019,1.3,65+,U,0
2019,1.3,U,M,12
2019,1.3,U,F,9
2019,1.3,U,U,0
2019,1.4,0-13,M,15
2019,1.4,0-13,F,14
2019,1.4,0-13,U,0
2019,1.4,14-17,M,12
2019,1.4,14-17,F,11
2019,1.4,14-17,U,0
2019,1.4,18-30,M,65
2019,1.4,18-30,F,67
2019,1.4,18-30,U,1
2019,1.4,31-40,M,52
2019,1.4,31-40,F,43
2019,1.4,31-40,U,0
2019,1.4,41-64,M,126
2019,1.4,41-64,F,91
2019,1.4,41-64,U,0
2019,1.4,65+,M,21
2019,1.4,65+,F,16
2019,1.4,65+,U,0
2019,1.4,U,M,2
2019,1.4,U,F,1
2019,1.4,U,U,1
2019,2,0-13,M,150
2019,2,0-13,F,157
2019,2,0-13,U,0
2019,2,14-17,M,342
2019,2,14-17,F,344
2019,2,14-17,U,0
2019,2,18-30,M,1649
2019,2,18-30,F,1942
2019,2,18-30,U,2
2019,2,31-40,M,1857
2019,2,31-40,F,1878
2019,2,31-40,U,2
2019,2,41-64,M,3378
2019,2,41-64,F,2906
2019,2,41-64,U,17
2019,2,65+,M,503
2019,2,65+,F,434
2019,2,65+,U,6
2019,2,U,M,61
2019,2,U,F,27
2019,2,U,U,6
2019,2.1,0-13,M,24
2019,2.1,0-13,F,20
2019,2.1,0-13,U,0
2019,2.1,14-17,M,19
2019,2.1,14-17,F,37
2019,2.1,14-17,U,0
2019,2.1,18-30,M,39
2019,2.1,18-30,F,252
2019,2.1,18-30,U,1
2019,2.1,31-40,M,24
2019,2.1,31-40,F,318
2019,2.1,31-40,U,1
2019,2.1,41-64,M,67
2019,2.1,41-64,F,332
2019,2.1,41-64,U,0
2019,2.1,65+,M,24
2019,2.1,65+,F,63
2019,2.1,65+,U,0
2019,2.1,U,M,1
2019,2.1,U,F,2
2019,2.1,U,U,0
2019,2.2,0-13,M,126
2019,2.2,0-13,F,137
2019,2.2,0-13,U,0
2019,2.2,14-17,M,323
2019,2.2,14-17,F,307
2019,2.2,14-17,U,0
2019,2.2,18-30,M,1610
2019,2.2,18-30,F,1690
2019,2.2,18-30,U,1
2019,2.2,31-40,M,1833
2019,2.2,31-40,F,1560
2019,2.2,31-40,U,1
2019,2.2,41-64,M,3311
2019,2.2,41-64,F,2574
2019,2.2,41-64,U,17
2019,2.2,65+,M,479
2019,2.2,65+,F,371
2019,2.2,65+,U,6
2019,2.2,U,M,60
2019,2.2,U,F,25
2019,2.2,U,U,6
2019,3,0-13,M,134
2019,3,0-13,F,356
2019,3,0-13,U,2
2019,3,14-17,M,102
2019,3,14-17,F,453
2019,3,14-17,U,0
2019,3,18-30,M,71
2019,3,18-30,F,663
2019,3,18-30,U,0
2019,3,31-40,M,26
2019,3,31-40,F,224
2019,3,31-40,U,1
2019,3,41-64,M,21
2019,3,41-64,F,170
2019,3,41-64,U,0
2019,3,65+,M,2
2019,3,65+,F,12
2019,3,65+,U,0
2019,3,U,M,1
2019,3,U,F,8
2019,3,U,U,0
2019,3.1,0-13,M,61
2019,3.1,0-13,F,230
2019,3.1,0-13,U,0
2019,3.1,14-17,M,63
2019,3.1,14-17,F,247
2019,3.1,14-17,U,0
2019,3.1,18-30,M,46
2019,3.1,18-30,F,424
2019,3.1,18-30,U,0
2019,3.1,31-40,M,13
2019,3.1,31-40,F,145
2019,3.1,31-40,U,0
2019,3.1,41-64,M,14
2019,3.1,41-64,F,109
2019,3.1,41-64,U,0
2019,3.1,65+,M,0
2019,3.1,65+,F,12
2019,3.1,65+,U,0
2019,3.1,U,M,1
2019,3.1,U,F,3
2019,3.1,U,U,0
2019,3.2,0-13,M,12
2019,3.2,0-13,F,31
2019,3.2,0-13,U,0
2019,3.2,14-17,M,5
2019,3.2,14-17,F,108
2019,3.2,14-17,U,0
2019,3.2,18-30,M,19
2019,3.2,18-30,F,182
2019,3.2,18-30,U,0
2019,3.2,31-40,M,7
2019,3.2,31-40,F,57
2019,3.2,31-40,U,1
2019,3.2,41-64,M,1
2019,3.2,41-64,F,44
2019,3.2,41-64,U,0
2019,3.2,65+,M,0
2019,3.2,65+,F,0
2019,3.2,65+,U,0
2019,3.2,U,M,0
2019,3.2,U,F,1
2019,3.2,U,U,0
2019,3.3,0-13,M,7
2019,3.3,0-13,F,11
2019,3.3,0-13,U,0
2019,3.3,14-17,M,15
2019,3.3,14-17,F,20
2019,3.3,14-17,U,0
2019,3.3,18-30,M,4
2019,3.3,18-30,F,2
2019,3.3,18-30,U,0
2019,3.3,31-40,M,1
2019,3.3,31-40,F,0
2019,3.3,31-40,U,0
2019,3.3,41-64,M,1
2019,3.3,41-64,F,1
2019,3.3,41-64,U,0
2019,3.3,65+,M,1
2019,3.3,65+,F,0
2019,3.3,65+,U,0
2019,3.3,U,M,0
2019,3.3,U,F,2
2019,3.3,U,U,0
2019,3.4,0-13,M,5
2019,3.4,0-13,F,7
2019,3.4,0-13,U,0
2019,3.4,14-17,M,5
2019,3.4,14-17,F,1
2019,3.4,14-17,U,0
2019,3.4,18-30,M,1
2019,3.4,18-30,F,0
2019,3.4,18-30,U,0
2019,3.4,31-40,M,1
2019,3.4,31-40,F,0
2019,3.4,31-40,U,0
2019,3.4,41-64,M,1
2019,3.4,41-64,F,4
2019,3.4,41-64,U,0
2019,3.4,65+,M,0
2019,3.4,65+,F,0
2019,3.4,65+,U,0
2019,3.4,U,M,0
2019,3.4,U,F,0
2019,3.4,U,U,0
2019,3.5,0-13,M,49
2019,3.5,0-13,F,77
2019,3.5,0-13,U,2
2019,3.5,14-17,M,14
2019,3.5,14-17,F,77
2019,3.5,14-17,U,0
2019,3.5,18-30,M,1
2019,3.5,18-30,F,55
2019,3.5,18-30,U,0
2019,3.5,31-40,M,4
2019,3.5,31-40,F,22
2019,3.5,31-40,U,0
2019,3.5,41-64,M,4
2019,3.5,41-64,F,12
2019,3.5,41-64,U,0
2019,3.5,65+,M,1
2019,3.5,65+,F,0
2019,3.5,65+,U,0
2019,3.5,U,M,0
2019,3.5,U,F,2
2019,3.5,U,U,0
2019,4,0-13,M,108
2019,4,0-13,F,66
2019,4,0-13,U,1
2019,4,14-17,M,14
2019,4,14-17,F,25
2019,4,14-17,U,0
2019,4,18-30,M,19
2019,4,18-30,F,63
2019,4,18-30,U,0
2019,4,31-40,M,34
2019,4,31-40,F,196
2019,4,31-40,U,0
2019,4,41-64,M,54
2019,4,41-64,F,239
2019,4,41-64,U,0
2019,4,65+,M,3
2019,4,65+,F,8
2019,4,65+,U,0
2019,4,U,M,7
2019,4,U,F,0
2019,4,U,U,0
2019,5,0-13,M,315
2019,5,0-13,F,138
2019,5,0-13,U,1
2019,5,14-17,M,1828
2019,5,14-17,F,1454
2019,5,14-17,U,2
2019,5,18-30,M,30741
2019,5,18-30,F,33110
2019,5,18-30,U,18
2019,5,31-40,M,30349
2019,5,31-40,F,24037
2019,5,31-40,U,12
2019,5,41-64,M,60943
2019,5,41-64,F,44117
2019,5,41-64,U,25
2019,5,65+,M,13818
2019,5,65+,F,13739
2019,5,65+,U,29
2019,5,U,M,247
2019,5,U,F,102
2019,5,U,U,66
2019,5.1,0-13,M,116
2019,5.1,0-13,F,98
2019,5.1,0-13,U,0
2019,5.1,14-17,M,719
2019,5.1,14-17,F,1109
2019,5.1,14-17,U,1
2019,5.1,18-30,M,15115
2019,5.1,18-30,F,22265
2019,5.1,18-30,U,17
2019,5.1,31-40,M,11240
2019,5.1,31-40,F,12438
2019,5.1,31-40,U,8
2019,5.1,41-64,M,20689
2019,5.1,41-64,F,21434
2019,5.1,41-64,U,10
2019,5.1,65+,M,6091
2019,5.1,65+,F,8695
2019,5.1,65+,U,20
2019,5.1,U,M,199
2019,5.1,U,F,77
2019,5.1,U,U,54
2019,5.2,0-13,M,10
2019,5.2,0-13,F,1
2019,5.2,0-13,U,0
2019,5.2,14-17,M,27
2019,5.2,14-17,F,10
2019,5.2,14-17,U,0
2019,5.2,18-30,M,3119
2019,5.2,18-30,F,1457
2019,5.2,18-30,U,0
2019,5.2,31-40,M,5601
2019,5.2,31-40,F,2288
2019,5.2,31-40,U,1
2019,5.2,41-64,M,11926
2019,5.2,41-64,F,4304
2019,5.2,41-64,U,0
2019,5.2,65+,M,1705
2019,5.2,65+,F,892
2019,5.2,65+,U,0
2019,5.2,U,M,10
2019,5.2,U,F,3
2019,5.2,U,U,0
2019,5.2.1,0-13,M,4
2019,5.2.1,0-13,F,0
2019,5.2.1,0-13,U,0
2019,5.2.1,14-17,M,1
2019,5.2.1,14-17,F,1
2019,5.2.1,14-17,U,0
2019,5.2.1,18-30,M,2308
2019,5.2.1,18-30,F,836
2019,5.2.1,18-30,U,0
2019,5.2.1,31-40,M,3772
2019,5.2.1,31-40,F,1166
2019,5.2.1,31-40,U,0
2019,5.2.1,41-64,M,7320
2019,5.2.1,41-64,F,1709
2019,5.2.1,41-64,U,0
2019,5.2.1,65+,M,557
2019,5.2.1,65+,F,142
2019,5.2.1,65+,U,0
2019,5.2.1,U,M,7
2019,5.2.1,U,F,0
2019,5.2.1,U,U,0
2019,5.2.2,0-13,M,5
2019,5.2.2,0-13,F,1
2019,5.2.2,0-13,U,0
2019,5.2.2,14-17,M,2
2019,5.2.2,14-17,F,3
2019,5.2.2,14-17,U,0
2019,5.2.2,18-30,M,301
2019,5.2.2,18-30,F,337
2019,5.2.2,18-30,U,0
2019,5.2.2,31-40,M,703
2019,5.2.2,31-40,F,527
2019,5.2.2,31-40,U,1
2019,5.2.2,41-64,M,1827
2019,5.2.2,41-64,F,1460
2019,5.2.2,41-64,U,0
2019,5.2.2,65+,M,892
2019,5.2.2,65+,F,647
2019,5.2.2,65+,U,0
2019,5.2.2,U,M,1
2019,5.2.2,U,F,3
2019,5.2.2,U,U,0
2019,5.2.3,0-13,M,0
2019,5.2.3,0-13,F,0
2019,5.2.3,0-13,U,0
2019,5.2.3,14-17,M,2
2019,5.2.3,14-17,F,0
2019,5.2.3,14-17,U,0
2019,5.2.3,18-30,M,245
2019,5.2.3,18-30,F,151
2019,5.2.3,18-30,U,0
2019,5.2.3,31-40,M,721
2019,5.2.3,31-40,F,412
2019,5.2.3,31-40,U,0
2019,5.2.3,41-64,M,1728
2019,5.2.3,41-64,F,732
2019,5.2.3,41-64,U,0
2019,5.2.3,65+,M,124
2019,5.2.3,65+,F,48
2019,5.2.3,65+,U,0
2019,5.2.3,U,M,1
2019,5.2.3,U,F,0
2019,5.2.3,U,U,0
2019,5.3,0-13,M,165
2019,5.3,0-13,F,21
2019,5.3,0-13,U,0
2019,5.3,14-17,M,1014
2019,5.3,14-17,F,277
2019,5.3,14-17,U,1
2019,5.3,18-30,M,3597
2019,5.3,18-30,F,1971
2019,5.3,18-30,U,0
2019,5.3,31-40,M,1658
2019,5.3,31-40,F,969
2019,5.3,31-40,U,1
2019,5.3,41-64,M,2661
2019,5.3,41-64,F,2030
2019,5.3,41-64,U,9
2019,5.3,65+,M,655
2019,5.3,65+,F,952
2019,5.3,65+,U,3
2019,5.3,U,M,19
2019,5.3,U,F,8
2019,5.3,U,U,1
2019,5.3.1,0-13,M,114
2019,5.3.1,0-13,F,16
2019,5.3.1,0-13,U,0
2019,5.3.1,14-17,M,759
2019,5.3.1,14-17,F,178
2019,5.3.1,14-17,U,1
2019,5.3.1,18-30,M,2646
2019,5.3.1,18-30,F,1319
2019,5.3.1,18-30,U,0
2019,5.3.1,31-40,M,1232
2019,5.3.1,31-40,F,660
2019,5.3.1,31-40,U,1
2019,5.3.1,41-64,M,1892
2019,5.3.1,41-64,F,1378
2019,5.3.1,41-64,U,5
2019,5.3.1,65+,M,452
2019,5.3.1,65+,F,644
2019,5.3.1,65+,U,2
2019,5.3.1,U,M,10
2019,5.3.1,U,F,2
2019,5.3.1,U,U,1
2019,5.3.2,0-13,M,8
2019,5.3.2,0-13,F,2
2019,5.3.2,0-13,U,0
2019,5.3.2,14-17,M,15
2019,5.3.2,14-17,F,7
2019,5.3.2,14-17,U,0
2019,5.3.2,18-30,M,80
2019,5.3.2,18-30,F,57
2019,5.3.2,18-30,U,0
2019,5.3.2,31-40,M,59
2019,5.3.2,31-40,F,36
2019,5.3.2,31-40,U,0
2019,5.3.2,41-64,M,167
2019,5.3.2,41-64,F,119
2019,5.3.2,41-64,U,0
2019,5.3.2,65+,M,106
2019,5.3.2,65+,F,229
2019,5.3.2,65+,U,0
2019,5.3.2,U,M,1
2019,5.3.2,U,F,1
2019,5.3.2,U,U,0
2019,5.3.3,0-13,M,4
2019,5.3.3,0-13,F,0
2019,5.3.3,0-13,U,0
2019,5.3.3,14-17,M,17
2019,5.3.3,14-17,F,12
2019,5.3.3,14-17,U,0
2019,5.3.3,18-30,M,287
2019,5.3.3,18-30,F,297
2019,5.3.3,18-30,U,0
2019,5.3.3,31-40,M,201
2019,5.3.3,31-40,F,164
2019,5.3.3,31-40,U,0
2019,5.3.3,41-64,M,313
2019,5.3.3,41-64,F,292
2019,5.3.3,41-64,U,0
2019,5.3.3,65+,M,34
2019,5.3.3,65+,F,23
2019,5.3.3,65+,U,0
2019,5.3.3,U,M,4
2019,5.3.3,U,F,2
2019,5.3.3,U,U,0
2019,5.4,0-13,M,2
2019,5.4,0-13,F,1
2019,5.4,0-13,U,0
2019,5.4,14-17,M,0
2019,5.4,14-17,F,0
2019,5.4,14-17,U,0
2019,5.4,18-30,M,1051
2019,5.4,18-30,F,269
2019,5.4,18-30,U,0
2019,5.4,31-40,M,1537
2019,5.4,31-40,F,463
2019,5.4,31-40,U,0
2019,5.4,41-64,M,2434
2019,5.4,41-64,F,638
2019,5.4,41-64,U,0
2019,5.4,65+,M,356
2019,5.4,65+,F,70
2019,5.4,65+,U,0
2019,5.4,U,M,0
2019,5.4,U,F,1
2019,5.4,U,U,0
2019,5.5,0-13,M,12
2019,5.5,0-13,F,8
2019,5.5,0-13,U,0
2019,5.5,14-17,M,38
2019,5.5,14-17,F,28
2019,5.5,14-17,U,0
2019,5.5,18-30,M,4991
2019,5.5,18-30,F,5363
2019,5.5,18-30,U,1
2019,5.5,31-40,M,5461
2019,5.5,31-40,F,5081
2019,5.5,31-40,U,1
2019,5.5,41-64,M,11515
2019,5.5,41-64,F,9754
2019,5.5,41-64,U,3
2019,5.5,65+,M,2632
2019,5.5,65+,F,2003
2019,5.5,65+,U,1
2019,5.5,U,M,7
2019,5.5,U,F,6
2019,5.5,U,U,1
2019,5.5.1,0-13,M,7
2019,5.5.1,0-13,F,4
2019,5.5.1,0-13,U,0
2019,5.5.1,14-17,M,21
2019,5.5.1,14-17,F,20
2019,5.5.1,14-17,U,0
2019,5.5.1,18-30,M,2830
2019,5.5.1,18-30,F,3079
2019,5.5.1,18-30,U,1
2019,5.5.1,31-40,M,3059
2019,5.5.1,31-40,F,2946
2019,5.5.1,31-40,U,0
2019,5.5.1,41-64,M,6316
2019,5.5.1,41-64,F,5703
2019,5.5.1,41-64,U,2
2019,5.5.1,65+,M,1289
2019,5.5.1,65+,F,852
2019,5.5.1,65+,U,0
2019,5.5.1,U,M,0
2019,5.5.1,U,F,3
2019,5.5.1,U,U,0
2019,5.6,0-13,M,3
2019,5.6,0-13,F,3
2019,5.6,0-13,U,0
2019,5.6,14-17,M,8
2019,5.6,14-17,F,4
2019,5.6,14-17,U,0
2019,5.6,18-30,M,2333
2019,5.6,18-30,F,1291
2019,5.6,18-30,U,0
2019,5.6,31-40,M,4250
2019,5.6,31-40,F,2416
2019,5.6,31-40,U,1
2019,5.6,41-64,M,10368
2019,5.6,41-64,F,5064
2019,5.6,41-64,U,2
2019,5.6,65+,M,2041
2019,5.6,65+,F,912
2019,5.6,65+,U,2
2019,5.6,U,M,8
2019,5.6,U,F,5
2019,5.6,U,U,6
2019,5.7,0-13,M,0
2019,5.7,0-13,F,0
2019,5.7,0-13,U,0
2019,5.7,14-17,M,0
2019,5.7,14-17,F,0
2019,5.7,14-17,U,0
2019,5.7,18-30,M,3
2019,5.7,18-30,F,2
2019,5.7,18-30,U,0
2019,5.7,31-40,M,3
2019,5.7,31-40,F,3
2019,5.7,31-40,U,0
2019,5.7,41-64,M,11
2019,5.7,41-64,F,5
2019,5.7,41-64,U,0
2019,5.7,65+,M,2
2019,5.7,65+,F,0
2019,5.7,65+,U,0
2019,5.7,U,M,0
2019,5.7,U,F,0
2019,5.7,U,U,0
2019,5.8,0-13,M,0
2019,5.8,0-13,F,0
2019,5.8,0-13,U,0
2019,5.8,14-17,M,0
2019,5.8,14-17,F,0
2019,5.8,14-17,U,0
2019,5.8,18-30,M,0
2019,5.8,18-30,F,2
2019,5.8,18-30,U,0
2019,5.8,31-40,M,0
2019,5.8,31-40,F,3
2019,5.8,31-40,U,0
2019,5.8,41-64,M,1
2019,5.8,41-64,F,3
2019,5.8,41-64,U,0
2019,5.8,65+,M,0
2019,5.8,65+,F,0
2019,5.8,65+,U,0
2019,5.8,U,M,0
2019,5.8,U,F,0
2019,5.8,U,U,0
2019,5.9,0-13,M,7
2019,5.9,0-13,F,6
2019,5.9,0-13,U,1
2019,5.9,14-17,M,22
2019,5.9,14-17,F,26
2019,5.9,14-17,U,0
2019,5.9,18-30,M,532
2019,5.9,18-30,F,490
2019,5.9,18-30,U,0
2019,5.9,31-40,M,599
2019,5.9,31-40,F,376
2019,5.9,31-40,U,0
2019,5.9,41-64,M,1338
2019,5.9,41-64,F,885
2019,5.9,41-64,U,1
2019,5.9,65+,M,336
2019,5.9,65+,F,215
2019,5.9,65+,U,3
2019,5.9,U,M,4
2019,5.9,U,F,2
2019,5.9,U,U,4
2019,6,0-13,M,1
2019,6,0-13,F,0
2019,6,0-13,U,0
2019,6,14-17,M,2
2019,6,14-17,F,3
2019,6,14-17,U,0
2019,6,18-30,M,27
2019,6,18-30,F,11
2019,6,18-30,U,0
2019,6,31-40,M,30
2019,6,31-40,F,10
2019,6,31-40,U,0
2019,6,41-64,M,44
2019,6,41-64,F,29
2019,6,41-64,U,0
2019,6,65+,M,8
2019,6,65+,F,5
2019,6,65+,U,0
2019,6,U,M,9
2019,6,U,F,0
2019,6,U,U,0
2019,6.1,0-13,M,0
2019,6.1,0-13,F,0
2019,6.1,0-13,U,0
2019,6.1,14-17,M,2
2019,6.1,14-17,F,1
2019,6.1,14-17,U,0
2019,6.1,18-30,M,7
2019,6.1,18-30,F,1
2019,6.1,18-30,U,0
2019,6.1,31-40,M,4
2019,6.1,31-40,F,1
2019,6.1,31-40,U,0
2019,6.1,41-64,M,5
2019,6.1,41-64,F,3
2019,6.1,41-64,U,0
2019,6.1,65+,M,0
2019,6.1,65+,F,0
2019,6.1,65+,U,0
2019,6.1,U,M,4
2019,6.1,U,F,0
2019,6.1,U,U,0
2019,6.2,0-13,M,0
2019,6.2,0-13,F,0
2019,6.2,0-13,U,0
2019,6.2,14-17,M,0
2019,6.2,14-17,F,0
2019,6.2,14-17,U,0
2019,6.2,18-30,M,11
2019,6.2,18-30,F,6
2019,6.2,18-30,U,0
2019,6.2,31-40,M,17
2019,6.2,31-40,F,6
2019,6.2,31-40,U,0
2019,6.2,41-64,M,23
2019,6.2,41-64,F,11
2019,6.2,41-64,U,0
2019,6.2,65+,M,3
2019,6.2,65+,F,0
2019,6.2,65+,U,0
2019,6.2,U,M,4
2019,6.2,U,F,0
2019,6.2,U,U,0
2019,6.3,0-13,M,1
2019,6.3,0-13,F,0
2019,6.3,0-13,U,0
2019,6.3,14-17,M,0
2019,6.3,14-17,F,2
2019,6.3,14-17,U,0
2019,6.3,18-30,M,9
2019,6.3,18-30,F,4
2019,6.3,18-30,U,0
2019,6.3,31-40,M,9
2019,6.3,31-40,F,3
2019,6.3,31-40,U,0
2019,6.3,41-64,M,16
2019,6.3,41-64,F,15
2019,6.3,41-64,U,0
2019,6.3,65+,M,5
2019,6.3,65+,F,5
2019,6.3,65+,U,0
2019,6.3,U,M,1
2019,6.3,U,F,0
2019,6.3,U,U,0
2019,7,0-13,M,2
2019,7,0-13,F,4
2019,7,0-13,U,0
2019,7,14-17,M,2
2019,7,14-17,F,8
2019,7,14-17,U,0
2019,7,18-30,M,207
2019,7,18-30,F,211
2019,7,18-30,U,0
2019,7,31-40,M,283
2019,7,31-40,F,237
2019,7,31-40,U,1
2019,7,41-64,M,564
2019,7,41-64,F,367
2019,7,41-64,U,0
2019,7,65+,M,72
2019,7,65+,F,56
2019,7,65+,U,0
2019,7,U,M,3
2019,7,U,F,1
2019,7,U,U,0
2019,8,0-13,M,0
2019,8,0-13,F,1
2019,8,0-13,U,0
2019,8,14-17,M,0
2019,8,14-17,F,0
2019,8,14-17,U,0
2019,8,18-30,M,0
2019,8,18-30,F,0
2019,8,18-30,U,0
2019,8,31-40,M,1
2019,8,31-40,F,0
2019,8,31-40,U,0
2019,8,41-64,M,4
2019,8,41-64,F,4
2019,8,41-64,U,0
2019,8,65+,M,0
2019,8,65+,F,0
2019,8,65+,U,0
2019,8,U,M,1
2019,8,U,F,0
2019,8,U,U,0
2019,9,0-13,M,3
2019,9,0-13,F,4
2019,9,0-13,U,0
2019,9,14-17,M,6
2019,9,14-17,F,57
2019,9,14-17,U,0
2019,9,18-30,M,72
2019,9,18-30,F,650
2019,9,18-30,U,0
2019,9,31-40,M,82
2019,9,31-40,F,629
2019,9,31-40,U,0
2019,9,41-64,M,119
2019,9,41-64,F,690
2019,9,41-64,U,0
2019,9,65+,M,45
2019,9,65+,F,130
2019,9,65+,U,1
2019,9,U,M,45
2019,9,U,F,27
2019,9,U,U,1
2019,10,0-13,M,5
2019,10,0-13,F,0
2019,10,0-13,U,0
2019,10,14-17,M,0
2019,10,14-17,F,0
2019,10,14-17,U,0
2019,10,18-30,M,168
2019,10,18-30,F,17
2019,10,18-30,U,0
2019,10,31-40,M,219
2019,10,31-40,F,14
2019,10,31-40,U,3
2019,10,41-64,M,95
2019,10,41-64,F,18
2019,10,41-64,U,2
2019,10,65+,M,512
2019,10,65+,F,22
2019,10,65+,U,6
2019,10,U,M,1309
2019,10,U,F,40
2019,10,U,U,199
2019,11,0-13,M,0
2019,11,0-13,F,0
2019,11,0-13,U,0
2019,11,14-17,M,0
2019,11,14-17,F,0
2019,11,14-17,U,0
2019,11,18-30,M,0
2019,11,18-30,F,0
2019,11,18-30,U,0
2019,11,31-40,M,0
2019,11,31-40,F,0
2019,11,31-40,U,0
2019,11,41-64,M,0
2019,11,41-64,F,0
2019,11,41-64,U,0
2019,11,65+,M,0
2019,11,65+,F,0
2019,11,65+,U,0
2019,11,U,M,0
2019,11,U,F,0
2019,11,U,U,0
2019,12,0-13,M,2
2019,12,0-13,F,2
2019,12,0-13,U,0
2019,12,14-17,M,4
2019,12,14-17,F,9
2019,12,14-17,U,0
2019,12,18-30,M,97
2019,12,18-30,F,78
2019,12,18-30,U,0
2019,12,31-40,M,83
2019,12,31-40,F,78
2019,12,31-40,U,0
2019,12,41-64,M,166
2019,12,41-64,F,144
2019,12,41-64,U,0
2019,12,65+,M,6
2019,12,65+,F,14
2019,12,65+,U,0
2019,12,U,M,4
2019,12,U,F,0
2019,12,U,U,0
2019,TOTAL,0-13,M,1254
2019,TOTAL,0-13,F,1092
2019,TOTAL,0-13,U,5
2019,TOTAL,14-17,M,2996
2019,TOTAL,14-17,F,3043
2019,TOTAL,14-17,U,3
2019,TOTAL,18-30,M,36803
2019,TOTAL,18-30,F,42003
2019,TOTAL,18-30,U,28
2019,TOTAL,31-40,M,35777
2019,TOTAL,31-40,F,31924
2019,TOTAL,31-40,U,32
2019,TOTAL,41-64,M,69651
2019,TOTAL,41-64,F,53905
2019,TOTAL,41-64,U,58
2019,TOTAL,65+,M,15548
2019,TOTAL,65+,F,15096
2019,TOTAL,65+,U,44
2019,TOTAL,U,M,1732
2019,TOTAL,U,F,224
2019,TOTAL,U,U,279
2020,1,0-13,M,395
2020,1,0-13,F,307
2020,1,0-13,U,1
2020,1,14-17,M,675
2020,1,14-17,F,604
2020,1,14-17,U,0
2020,1,18-30,M,2978
2020,1,18-30,F,4603
2020,1,18-30,U,4
2020,1,31-40,M,2301
2020,1,31-40,F,4279
2020,1,31-40,U,6
2020,1,41-64,M,3839
2020,1,41-64,F,4937
2020,1,41-64,U,22
2020,1,65+,M,519
2020,1,65+,F,711
2020,1,65+,U,2
2020,1,U,M,45
2020,1,U,F,15
2020,1,U,U,5
2020,1.1,0-13,M,1
2020,1.1,0-13,F,2
2020,1.1,0-13,U,0
2020,1.1,14-17,M,4
2020,1.1,14-17,F,0
2020,1.1,14-17,U,0
2020,1.1,18-30,M,31
2020,1.1,18-30,F,7
2020,1.1,18-30,U,0
2020,1.1,31-40,M,25
2020,1.1,31-40,F,4
2020,1.1,31-40,U,0
2020,1.1,41-64,M,34
2020,1.1,41-64,F,10
2020,1.1,41-64,U,0
2020,1.1,65+,M,9
2020,1.1,65+,F,8
2020,1.1,65+,U,0
2020,1.1,U,M,5
2020,1.1,U,F,0
2020,1.1,U,U,0
2020,1.1.1,0-13,M,1
2020,1.1.1,0-13,F,0
2020,1.1.1,0-13,U,0
2020,1.1.1,14-17,M,1
2020,1.1.1,14-17,F,0
2020,1.1.1,14-17,U,0
2020,1.1.1,18-30,M,5
2020,1.1.1,18-30,F,2
2020,1.1.1,18-30,U,0
2020,1.1.1,31-40,M,5
2020,1.1.1,31-40,F,2
2020,1.1.1,31-40,U,0
2020,1.1.1,41-64,M,11
2020,1.1.1,41-64,F,3
2020,1.1.1,41-64,U,0
2020,1.1.1,65+,M,2
2020,1.1.1,65+,F,5
2020,1.1.1,65+,U,0
2020,1.1.1,U,M,1
2020,1.1.1,U,F,0
2020,1.1.1,U,U,0
2020,1.2,0-13,M,177
2020,1.2,0-13,F,110
2020,1.2,0-13,U,0
2020,1.2,14-17,M,524
2020,1.2,14-17,F,273
2020,1.2,14-17,U,0
2020,1.2,18-30,M,2078
2020,1.2,18-30,F,944
2020,1.2,18-30,U,1
2020,1.2,31-40,M,1541
2020,1.2,31-40,F,766
2020,1.2,31-40,U,3
2020,1.2,41-64,M,2640
2020,1.2,41-64,F,1207
2020,1.2,41-64,U,11
2020,1.2,65+,M,283
2020,1.2,65+,F,158
2020,1.2,65+,U,2
2020,1.2,U,M,32
2020,1.2,U,F,3
2020,1.2,U,U,3
2020,1.3,0-13,M,209
2020,1.3,0-13,F,191
2020,1.3,0-13,U,1
2020,1.3,14-17,M,131
2020,1.3,14-17,F,325
2020,1.3,14-17,U,0
2020,1.3,18-30,M,808
2020,1.3,18-30,F,3617
2020,1.3,18-30,U,3
2020,1.3,31-40,M,702
2020,1.3,31-40,F,3481
2020,1.3,31-40,U,3
2020,1.3,41-64,M,1094
2020,1.3,41-64,F,3629
2020,1.3,41-64,U,10
2020,1.3,65+,M,212
2020,1.3,65+,F,531
2020,1.3,65+,U,0
2020,1.3,U,M,7
2020,1.3,U,F,11
2020,1.3,U,U,2
2020,1.4,0-13,M,8
2020,1.4,0-13,F,4
2020,1.4,0-13,U,0
2020,1.4,14-17,M,16
2020,1.4,14-17,F,6
2020,1.4,14-17,U,0
2020,1.4,18-30,M,61
2020,1.4,18-30,F,35
2020,1.4,18-30,U,0
2020,1.4,31-40,M,33
2020,1.4,31-40,F,28
2020,1.4,31-40,U,0
2020,1.4,41-64,M,71
2020,1.4,41-64,F,91
2020,1.4,41-64,U,1
2020,1.4,65+,M,15
2020,1.4,65+,F,14
2020,1.4,65+,U,0
2020,1.4,U,M,1
2020,1.4,U,F,1
2020,1.4,U,U,0
2020,2,0-13,M,152
2020,2,0-13,F,154
2020,2,0-13,U,0
2020,2,14-17,M,294
2020,2,14-17,F,306
2020,2,14-17,U,0
2020,2,18-30,M,1658
2020,2,18-30,F,1848
2020,2,18-30,U,1
2020,2,31-40,M,1985
2020,2,31-40,F,1791
2020,2,31-40,U,3
2020,2,41-64,M,3435
2020,2,41-64,F,2934
2020,2,41-64,U,15
2020,2,65+,M,536
2020,2,65+,F,428
2020,2,65+,U,13
2020,2,U,M,48
2020,2,U,F,6
2020,2,U,U,9
2020,2.1,0-13,M,18
2020,2.1,0-13,F,18
2020,2.1,0-13,U,0
2020,2.1,14-17,M,8
2020,2.1,14-17,F,30
2020,2.1,14-17,U,0
2020,2.1,18-30,M,28
2020,2.1,18-30,F,270
2020,2.1,18-30,U,1
2020,2.1,31-40,M,26
2020,2.1,31-40,F,273
2020,2.1,31-40,U,0
2020,2.1,41-64,M,47
2020,2.1,41-64,F,339
2020,2.1,41-64,U,1
2020,2.1,65+,M,19
2020,2.1,65+,F,58
2020,2.1,65+,U,0
2020,2.1,U,M,0
2020,2.1,U,F,0
2020,2.1,U,U,0
2020,2.2,0-13,M,134
2020,2.2,0-13,F,136
2020,2.2,0-13,U,0
2020,2.2,14-17,M,286
2020,2.2,14-17,F,276
2020,2.2,14-17,U,0
2020,2.2,18-30,M,1630
2020,2.2,18-30,F,1578
2020,2.2,18-30,U,0
2020,2.2,31-40,M,1959
2020,2.2,31-40,F,1518
2020,2.2,31-40,U,3
2020,2.2,41-64,M,3388
2020,2.2,41-64,F,2595
2020,2.2,41-64,U,14
2020,2.2,65+,M,517
2020,2.2,65+,F,370
2020,2.2,65+,U,13
2020,2.2,U,M,48
2020,2.2,U,F,6
2020,2.2,U,U,9
2020,3,0-13,M,111
2020,3,0-13,F,330
2020,3,0-13,U,0
2020,3,14-17,M,114
2020,3,14-17,F,406
2020,3,14-17,U,0
2020,3,18-30,M,59
2020,3,18-30,F,595
2020,3,18-30,U,4
2020,3,31-40,M,13
2020,3,31-40,F,186
2020,3,31-40,U,0
2020,3,41-64,M,11
2020,3,41-64,F,153
2020,3,41-64,U,0
2020,3,65+,M,6
2020,3,65+,F,11
2020,3,65+,U,0
2020,3,U,M,0
2020,3,U,F,1
2020,3,U,U,2
2020,3.1,0-13,M,53
2020,3.1,0-13,F,186
2020,3.1,0-13,U,0
2020,3.1,14-17,M,62
2020,3.1,14-17,F,210
2020,3.1,14-17,U,0
2020,3.1,18-30,M,40
2020,3.1,18-30,F,378
2020,3.1,18-30,U,2
2020,3.1,31-40,M,6
2020,3.1,31-40,F,103
2020,3.1,31-40,U,0
2020,3.1,41-64,M,7
2020,3.1,41-64,F,94
2020,3.1,41-64,U,0
2020,3.1,65+,M,4
2020,3.1,65+,F,7
2020,3.1,65+,U,0
2020,3.1,U,M,0
2020,3.1,U,F,0
2020,3.1,U,U,1
2020,3.2,0-13,M,8
2020,3.2,0-13,F,60
2020,3.2,0-13,U,0
2020,3.2,14-17,M,5
2020,3.2,14-17,F,95
2020,3.2,14-17,U,0
2020,3.2,18-30,M,12
2020,3.2,18-30,F,184
2020,3.2,18-30,U,2
2020,3.2,31-40,M,4
2020,3.2,31-40,F,66
2020,3.2,31-40,U,0
2020,3.2,41-64,M,4
2020,3.2,41-64,F,43
2020,3.2,41-64,U,0
2020,3.2,65+,M,0
2020,3.2,65+,F,3
2020,3.2,65+,U,0
2020,3.2,U,M,0
2020,3.2,U,F,0
2020,3.2,U,U,0
2020,3.3,0-13,M,4
2020,3.3,0-13,F,11
2020,3.3,0-13,U,0
2020,3.3,14-17,M,14
2020,3.3,14-17,F,16
2020,3.3,14-17,U,0
2020,3.3,18-30,M,1
2020,3.3,18-30,F,0
2020,3.3,18-30,U,0
2020,3.3,31-40,M,1
2020,3.3,31-40,F,0
2020,3.3,31-40,U,0
2020,3.3,41-64,M,0
2020,3.3,41-64,F,0
2020,3.3,41-64,U,0
2020,3.3,65+,M,0
2020,3.3,65+,F,0
2020,3.3,65+,U,0
2020,3.3,U,M,0
2020,3.3,U,F,0
2020,3.3,U,U,0
2020,3.4,0-13,M,6
2020,3.4,0-13,F,9
2020,3.4,0-13,U,0
2020,3.4,14-17,M,5
2020,3.4,14-17,F,6
2020,3.4,14-17,U,0
2020,3.4,18-30,M,0
2020,3.4,18-30,F,0
2020,3.4,18-30,U,0
2020,3.4,31-40,M,0
2020,3.4,31-40,F,0
2020,3.4,31-40,U,0
2020,3.4,41-64,M,0
2020,3.4,41-64,F,0
2020,3.4,41-64,U,0
2020,3.4,65+,M,1
2020,3.4,65+,F,0
2020,3.4,65+,U,0
2020,3.4,U,M,0
2020,3.4,U,F,1
2020,3.4,U,U,0
2020,3.5,0-13,M,40
2020,3.5,0-13,F,64
2020,3.5,0-13,U,0
2020,3.5,14-17,M,28
2020,3.5,14-17,F,79
2020,3.5,14-17,U,0
2020,3.5,18-30,M,6
2020,3.5,18-30,F,33
2020,3.5,18-30,U,0
2020,3.5,31-40,M,2
2020,3.5,31-40,F,17
2020,3.5,31-40,U,0
2020,3.5,41-64,M,0
2020,3.5,41-64,F,16
2020,3.5,41-64,U,0
2020,3.5,65+,M,1
2020,3.5,65+,F,1
2020,3.5,65+,U,0
2020,3.5,U,M,0
2020,3.5,U,F,0
2020,3.5,U,U,1
2020,4,0-13,M,107
2020,4,0-13,F,56
2020,4,0-13,U,2
2020,4,14-17,M,24
2020,4,14-17,F,20
2020,4,14-17,U,0
2020,4,18-30,M,7
2020,4,18-30,F,66
2020,4,18-30,U,0
2020,4,31-40,M,21
2020,4,31-40,F,170
2020,4,31-40,U,0
2020,4,41-64,M,55
2020,4,41-64,F,205
2020,4,41-64,U,0
2020,4,65+,M,3
2020,4,65+,F,6
2020,4,65+,U,0
2020,4,U,M,5
2020,4,U,F,0
2020,4,U,U,0
2020,5,0-13,M,293
2020,5,0-13,F,102
2020,5,0-13,U,0
2020,5,14-17,M,1449
2020,5,14-17,F,732
2020,5,14-17,U,0
2020,5,18-30,M,18988
2020,5,18-30,F,18949
2020,5,18-30,U,9
2020,5,31-40,M,20756
2020,5,31-40,F,16662
2020,5,31-40,U,10
2020,5,41-64,M,44035
2020,5,41-64,F,33402
2020,5,41-64,U,13
2020,5,65+,M,10115
2020,5,65+,F,9844
2020,5,65+,U,18
2020,5,U,M,74
2020,5,U,F,30
2020,5,U,U,24
2020,5.1,0-13,M,78
2020,5.1,0-13,F,60
2020,5.1,0-13,U,0
2020,5.1,14-17,M,394
2020,5.1,14-17,F,495
2020,5.1,14-17,U,0
2020,5.1,18-30,M,7183
2020,5.1,18-30,F,10452
2020,5.1,18-30,U,8
2020,5.1,31-40,M,6559
2020,5.1,31-40,F,7393
2020,5.1,31-40,U,5
2020,5.1,41-64,M,12888
2020,5.1,41-64,F,13955
2020,5.1,41-64,U,5
2020,5.1,65+,M,3690
2020,5.1,65+,F,5374
2020,5.1,65+,U,13
2020,5.1,U,M,46
2020,5.1,U,F,20
2020,5.1,U,U,12
2020,5.2,0-13,M,4
2020,5.2,0-13,F,0
2020,5.2,0-13,U,0
2020,5.2,14-17,M,25
2020,5.2,14-17,F,1
2020,5.2,14-17,U,0
2020,5.2,18-30,M,1997
2020,5.2,18-30,F,921
2020,5.2,18-30,U,0
2020,5.2,31-40,M,3623
2020,5.2,31-40,F,1362
2020,5.2,31-40,U,0
2020,5.2,41-64,M,8151
2020,5.2,41-64,F,2732
2020,5.2,41-64,U,0
2020,5.2,65+,M,1001
2020,5.2,65+,F,488
2020,5.2,65+,U,1
2020,5.2,U,M,3
2020,5.2,U,F,0
2020,5.2,U,U,2
2020,5.2.1,0-13,M,0
2020,5.2.1,0-13,F,0
2020,5.2.1,0-13,U,0
2020,5.2.1,14-17,M,7
2020,5.2.1,14-17,F,1
2020,5.2.1,14-17,U,0
2020,5.2.1,18-30,M,1468
2020,5.2.1,18-30,F,573
2020,5.2.1,18-30,U,0
2020,5.2.1,31-40,M,2528
2020,5.2.1,31-40,F,738
2020,5.2.1,31-40,U,0
2020,5.2.1,41-64,M,4596
2020,5.2.1,41-64,F,1104
2020,5.2.1,41-64,U,0
2020,5.2.1,65+,M,396
2020,5.2.1,65+,F,73
2020,5.2.1,65+,U,1
2020,5.2.1,U,M,0
2020,5.2.1,U,F,0
2020,5.2.1,U,U,1
2020,5.2.2,0-13,M,1
2020,5.2.2,0-13,F,0
2020,5.2.2,0-13,U,0
2020,5.2.2,14-17,M,0
2020,5.2.2,14-17,F,0
2020,5.2.2,14-17,U,0
2020,5.2.2,18-30,M,190
2020,5.2.2,18-30,F,194
2020,5.2.2,18-30,U,0
2020,5.2.2,31-40,M,405
2020,5.2.2,31-40,F,271
2020,5.2.2,31-40,U,0
2020,5.2.2,41-64,M,1194
2020,5.2.2,41-64,F,866
2020,5.2.2,41-64,U,0
2020,5.2.2,65+,M,404
2020,5.2.2,65+,F,364
2020,5.2.2,65+,U,0
2020,5.2.2,U,M,0
2020,5.2.2,U,F,0
2020,5.2.2,U,U,1
2020,5.2.3,0-13,M,2
2020,5.2.3,0-13,F,0
2020,5.2.3,0-13,U,0
2020,5.2.3,14-17,M,1
2020,5.2.3,14-17,F,0
2020,5.2.3,14-17,U,0
2020,5.2.3,18-30,M,177
2020,5.2.3,18-30,F,88
2020,5.2.3,18-30,U,0
2020,5.2.3,31-40,M,435
2020,5.2.3,31-40,F,250
2020,5.2.3,31-40,U,0
2020,5.2.3,41-64,M,1601
2020,5.2.3,41-64,F,498
2020,5.2.3,41-64,U,0
2020,5.2.3,65+,M,112
2020,5.2.3,65+,F,34
2020,5.2.3,65+,U,0
2020,5.2.3,U,M,3
2020,5.2.3,U,F,0
2020,5.2.3,U,U,0
2020,5.3,0-13,M,192
2020,5.3,0-13,F,32
2020,5.3,0-13,U,0
2020,5.3,14-17,M,957
2020,5.3,14-17,F,173
2020,5.3,14-17,U,0
2020,5.3,18-30,M,2227
2020,5.3,18-30,F,1174
2020,5.3,18-30,U,1
2020,5.3,31-40,M,1076
2020,5.3,31-40,F,714
2020,5.3,31-40,U,3
2020,5.3,41-64,M,1801
2020,5.3,41-64,F,1537
2020,5.3,41-64,U,4
2020,5.3,65+,M,467
2020,5.3,65+,F,617
2020,5.3,65+,U,2
2020,5.3,U,M,15
2020,5.3,U,F,1
2020,5.3,U,U,1
2020,5.3.1,0-13,M,147
2020,5.3.1,0-13,F,23
2020,5.3.1,0-13,U,0
2020,5.3.1,14-17,M,715
2020,5.3.1,14-17,F,124
2020,5.3.1,14-17,U,0
2020,5.3.1,18-30,M,1582
2020,5.3.1,18-30,F,795
2020,5.3.1,18-30,U,0
2020,5.3.1,31-40,M,748
2020,5.3.1,31-40,F,463
2020,5.3.1,31-40,U,2
2020,5.3.1,41-64,M,1243
2020,5.3.1,41-64,F,982
2020,5.3.1,41-64,U,3
2020,5.3.1,65+,M,297
2020,5.3.1,65+,F,411
2020,5.3.1,65+,U,0
2020,5.3.1,U,M,8
2020,5.3.1,U,F,0
2020,5.3.1,U,U,1
2020,5.3.2,0-13,M,4
2020,5.3.2,0-13,F,1
2020,5.3.2,0-13,U,0
2020,5.3.2,14-17,M,9
2020,5.3.2,14-17,F,3
2020,5.3.2,14-17,U,0
2020,5.3.2,18-30,M,70
2020,5.3.2,18-30,F,43
2020,5.3.2,18-30,U,1
2020,5.3.2,31-40,M,54
2020,5.3.2,31-40,F,36
2020,5.3.2,31-40,U,0
2020,5.3.2,41-64,M,109
2020,5.3.2,41-64,F,102
2020,5.3.2,41-64,U,0
2020,5.3.2,65+,M,81
2020,5.3.2,65+,F,136
2020,5.3.2,65+,U,1
2020,5.3.2,U,M,1
2020,5.3.2,U,F,0
2020,5.3.2,U,U,0
2020,5.3.3,0-13,M,2
2020,5.3.3,0-13,F,1
2020,5.3.3,0-13,U,0
2020,5.3.3,14-17,M,24
2020,5.3.3,14-17,F,5
2020,5.3.3,14-17,U,0
2020,5.3.3,18-30,M,193
2020,5.3.3,18-30,F,187
2020,5.3.3,18-30,U,0
2020,5.3.3,31-40,M,170
2020,5.3.3,31-40,F,155
2020,5.3.3,31-40,U,1
2020,5.3.3,41-64,M,257
2020,5.3.3,41-64,F,269
2020,5.3.3,41-64,U,1
2020,5.3.3,65+,M,40
2020,5.3.3,65+,F,27
2020,5.3.3,65+,U,0
2020,5.3.3,U,M,3
2020,5.3.3,U,F,1
2020,5.3.3,U,U,0
2020,5.4,0-13,M,1
2020,5.4,0-13,F,0
2020,5.4,0-13,U,0
2020,5.4,14-17,M,1
2020,5.4,14-17,F,1
2020,5.4,14-17,U,0
2020,5.4,18-30,M,657
2020,5.4,18-30,F,172
2020,5.4,18-30,U,0
2020,5.4,31-40,M,1069
2020,5.4,31-40,F,299
2020,5.4,31-40,U,0
2020,5.4,41-64,M,1781
2020,5.4,41-64,F,440
2020,5.4,41-64,U,0
2020,5.4,65+,M,208
2020,5.4,65+,F,44
2020,5.4,65+,U,0
2020,5.4,U,M,0
2020,5.4,U,F,1
2020,5.4,U,U,1
2020,5.5,0-13,M,10
2020,5.5,0-13,F,4
2020,5.5,0-13,U,0
2020,5.5,14-17,M,35
2020,5.5,14-17,F,37
2020,5.5,14-17,U,0
2020,5.5,18-30,M,4838
2020,5.5,18-30,F,5008
2020,5.5,18-30,U,0
2020,5.5,31-40,M,5015
2020,5.5,31-40,F,4991
2020,5.5,31-40,U,0
2020,5.5,41-64,M,11015
2020,5.5,41-64,F,10395
2020,5.5,41-64,U,2
2020,5.5,65+,M,3027
2020,5.5,65+,F,2500
2020,5.5,65+,U,0
2020,5.5,U,M,4
2020,5.5,U,F,4
2020,5.5,U,U,2
2020,5.5.1,0-13,M,6
2020,5.5.1,0-13,F,2
2020,5.5.1,0-13,U,0
2020,5.5.1,14-17,M,23
2020,5.5.1,14-17,F,27
2020,5.5.1,14-17,U,0
2020,5.5.1,18-30,M,3562
2020,5.5.1,18-30,F,3686
2020,5.5.1,18-30,U,0
2020,5.5.1,31-40,M,3722
2020,5.5.1,31-40,F,3715
2020,5.5.1,31-40,U,0
2020,5.5.1,41-64,M,7928
2020,5.5.1,41-64,F,7694
2020,5.5.1,41-64,U,1
2020,5.5.1,65+,M,2066
2020,5.5.1,65+,F,1589
2020,5.5.1,65+,U,0
2020,5.5.1,U,M,2
2020,5.5.1,U,F,4
2020,5.5.1,U,U,1
2020,5.6,0-13,M,4
2020,5.6,0-13,F,2
2020,5.6,0-13,U,0
2020,5.6,14-17,M,7
2020,5.6,14-17,F,2
2020,5.6,14-17,U,0
2020,5.6,18-30,M,1659
2020,5.6,18-30,F,921
2020,5.6,18-30,U,0
2020,5.6,31-40,M,2926
2020,5.6,31-40,F,1617
2020,5.6,31-40,U,1
2020,5.6,41-64,M,7406
2020,5.6,41-64,F,3696
2020,5.6,41-64,U,1
2020,5.6,65+,M,1477
2020,5.6,65+,F,639
2020,5.6,65+,U,2
2020,5.6,U,M,2
2020,5.6,U,F,3
2020,5.6,U,U,4
2020,5.7,0-13,M,0
2020,5.7,0-13,F,0
2020,5.7,0-13,U,0
2020,5.7,14-17,M,0
2020,5.7,14-17,F,0
2020,5.7,14-17,U,0
2020,5.7,18-30,M,1
2020,5.7,18-30,F,2
2020,5.7,18-30,U,0
2020,5.7,31-40,M,3
2020,5.7,31-40,F,1
2020,5.7,31-40,U,0
2020,5.7,41-64,M,9
2020,5.7,41-64,F,6
2020,5.7,41-64,U,0
2020,5.7,65+,M,1
2020,5.7,65+,F,0
2020,5.7,65+,U,0
2020,5.7,U,M,0
2020,5.7,U,F,0
2020,5.7,U,U,1
2020,5.8,0-13,M,0
2020,5.8,0-13,F,0
2020,5.8,0-13,U,0
2020,5.8,14-17,M,0
2020,5.8,14-17,F,0
2020,5.8,14-17,U,0
2020,5.8,18-30,M,2
2020,5.8,18-30,F,0
2020,5.8,18-30,U,0
2020,5.8,31-40,M,0
2020,5.8,31-40,F,2
2020,5.8,31-40,U,0
2020,5.8,41-64,M,2
2020,5.8,41-64,F,3
2020,5.8,41-64,U,0
2020,5.8,65+,M,1
2020,5.8,65+,F,0
2020,5.8,65+,U,0
2020,5.8,U,M,0
2020,5.8,U,F,0
2020,5.8,U,U,0
2020,5.9,0-13,M,4
2020,5.9,0-13,F,4
2020,5.9,0-13,U,0
2020,5.9,14-17,M,30
2020,5.9,14-17,F,23
2020,5.9,14-17,U,0
2020,5.9,18-30,M,424
2020,5.9,18-30,F,299
2020,5.9,18-30,U,0
2020,5.9,31-40,M,485
2020,5.9,31-40,F,283
2020,5.9,31-40,U,1
2020,5.9,41-64,M,982
2020,5.9,41-64,F,638
2020,5.9,41-64,U,1
2020,5.9,65+,M,243
2020,5.9,65+,F,182
2020,5.9,65+,U,0
2020,5.9,U,M,4
2020,5.9,U,F,1
2020,5.9,U,U,1
2020,6,0-13,M,2
2020,6,0-13,F,1
2020,6,0-13,U,0
2020,6,14-17,M,2
2020,6,14-17,F,0
2020,6,14-17,U,0
2020,6,18-30,M,29
2020,6,18-30,F,18
2020,6,18-30,U,0
2020,6,31-40,M,31
2020,6,31-40,F,9
2020,6,31-40,U,0
2020,6,41-64,M,50
2020,6,41-64,F,14
2020,6,41-64,U,0
2020,6,65+,M,5
2020,6,65+,F,2
2020,6,65+,U,0
2020,6,U,M,0
2020,6,U,F,0
2020,6,U,U,1
2020,6.1,0-13,M,0
2020,6.1,0-13,F,0
2020,6.1,0-13,U,0
2020,6.1,14-17,M,1
2020,6.1,14-17,F,0
2020,6.1,14-17,U,0
2020,6.1,18-30,M,13
2020,6.1,18-30,F,3
2020,6.1,18-30,U,0
2020,6.1,31-40,M,10
2020,6.1,31-40,F,0
2020,6.1,31-40,U,0
2020,6.1,41-64,M,3
2020,6.1,41-64,F,1
2020,6.1,41-64,U,0
2020,6.1,65+,M,1
2020,6.1,65+,F,0
2020,6.1,65+,U,0
2020,6.1,U,M,0
2020,6.1,U,F,0
2020,6.1,U,U,0
2020,6.2,0-13,M,1
2020,6.2,0-13,F,0
2020,6.2,0-13,U,0
2020,6.2,14-17,M,1
2020,6.2,14-17,F,0
2020,6.2,14-17,U,0
2020,6.2,18-30,M,12
2020,6.2,18-30,F,7
2020,6.2,18-30,U,0
2020,6.2,31-40,M,14
2020,6.2,31-40,F,4
2020,6.2,31-40,U,0
2020,6.2,41-64,M,25
2020,6.2,41-64,F,6
2020,6.2,41-64,U,0
2020,6.2,65+,M,2
2020,6.2,65+,F,0
2020,6.2,65+,U,0
2020,6.2,U,M,0
2020,6.2,U,F,0
2020,6.2,U,U,1
2020,6.3,0-13,M,1
2020,6.3,0-13,F,1
2020,6.3,0-13,U,0
2020,6.3,14-17,M,0
2020,6.3,14-17,F,0
2020,6.3,14-17,U,0
2020,6.3,18-30,M,4
2020,6.3,18-30,F,8
2020,6.3,18-30,U,0
2020,6.3,31-40,M,7
2020,6.3,31-40,F,5
2020,6.3,31-40,U,0
2020,6.3,41-64,M,22
2020,6.3,41-64,F,7
2020,6.3,41-64,U,0
2020,6.3,65+,M,2
2020,6.3,65+,F,2
2020,6.3,65+,U,0
2020,6.3,U,M,0
2020,6.3,U,F,0
2020,6.3,U,U,0
2020,7,0-13,M,1
2020,7,0-13,F,7
2020,7,0-13,U,0
2020,7,14-17,M,3
2020,7,14-17,F,8
2020,7,14-17,U,0
2020,7,18-30,M,297
2020,7,18-30,F,276
2020,7,18-30,U,0
2020,7,31-40,M,344
2020,7,31-40,F,273
2020,7,31-40,U,0
2020,7,41-64,M,656
2020,7,41-64,F,525
2020,7,41-64,U,0
2020,7,65+,M,100
2020,7,65+,F,76
2020,7,65+,U,0
2020,7,U,M,0
2020,7,U,F,0
2020,7,U,U,0
2020,8,0-13,M,0
2020,8,0-13,F,1
2020,8,0-13,U,0
2020,8,14-17,M,1
2020,8,14-17,F,0
2020,8,14-17,U,0
2020,8,18-30,M,0
2020,8,18-30,F,4
2020,8,18-30,U,0
2020,8,31-40,M,0
2020,8,31-40,F,1
2020,8,31-40,U,0
2020,8,41-64,M,1
2020,8,41-64,F,3
2020,8,41-64,U,0
2020,8,65+,M,0
2020,8,65+,F,0
2020,8,65+,U,0
2020,8,U,M,0
2020,8,U,F,0
2020,8,U,U,0
2020,9,0-13,M,5
2020,9,0-13,F,5
2020,9,0-13,U,0
2020,9,14-17,M,8
2020,9,14-17,F,33
2020,9,14-17,U,0
2020,9,18-30,M,41
2020,9,18-30,F,621
2020,9,18-30,U,0
2020,9,31-40,M,99
2020,9,31-40,F,630
2020,9,31-40,U,1
2020,9,41-64,M,151
2020,9,41-64,F,689
2020,9,41-64,U,1
2020,9,65+,M,55
2020,9,65+,F,147
2020,9,65+,U,5
2020,9,U,M,25
2020,9,U,F,11
2020,9,U,U,6
2020,10,0-13,M,6
2020,10,0-13,F,0
2020,10,0-13,U,0
2020,10,14-17,M,6
2020,10,14-17,F,0
2020,10,14-17,U,0
2020,10,18-30,M,155
2020,10,18-30,F,23
2020,10,18-30,U,0
2020,10,31-40,M,353
2020,10,31-40,F,22
2020,10,31-40,U,3
2020,10,41-64,M,119
2020,10,41-64,F,15
2020,10,41-64,U,3
2020,10,65+,M,685
2020,10,65+,F,37
2020,10,65+,U,38
2020,10,U,M,981
2020,10,U,F,35
2020,10,U,U,120
2020,11,0-13,M,0
2020,11,0-13,F,0
2020,11,0-13,U,0
2020,11,14-17,M,0
2020,11,14-17,F,0
2020,11,14-17,U,0
2020,11,18-30,M,0
2020,11,18-30,F,0
2020,11,18-30,U,0
2020,11,31-40,M,0
2020,11,31-40,F,0
2020,11,31-40,U,0
2020,11,41-64,M,0
2020,11,41-64,F,0
2020,11,41-64,U,0
2020,11,65+,M,0
2020,11,65+,F,0
2020,11,65+,U,0
2020,11,U,M,0
2020,11,U,F,0
2020,11,U,U,0
2020,12,0-13,M,5
2020,12,0-13,F,3
2020,12,0-13,U,0
2020,12,14-17,M,6
2020,12,14-17,F,9
2020,12,14-17,U,0
2020,12,18-30,M,61
2020,12,18-30,F,74
2020,12,18-30,U,1
2020,12,31-40,M,83
2020,12,31-40,F,93
2020,12,31-40,U,0
2020,12,41-64,M,112
2020,12,41-64,F,123
2020,12,41-64,U,0
2020,12,65+,M,24
2020,12,65+,F,18
2020,12,65+,U,0
2020,12,U,M,6
2020,12,U,F,0
2020,12,U,U,1
2020,TOTAL,0-13,M,1077
2020,TOTAL,0-13,F,966
2020,TOTAL,0-13,U,3
2020,TOTAL,14-17,M,2582
2020,TOTAL,14-17,F,2118
2020,TOTAL,14-17,U,0
2020,TOTAL,18-30,M,24273
2020,TOTAL,18-30,F,27077
2020,TOTAL,18-30,U,19
2020,TOTAL,31-40,M,25986
2020,TOTAL,31-40,F,24116
2020,TOTAL,31-40,U,23
2020,TOTAL,41-64,M,52464
2020,TOTAL,41-64,F,43000
2020,TOTAL,41-64,U,54
2020,TOTAL,65+,M,12048
2020,TOTAL,65+,F,11280
2020,TOTAL,65+,U,76
2020,TOTAL,U,M,1184
2020,TOTAL,U,F,98
2020,TOTAL,U,U,168
2021,1,0-13,M,480
2021,1,0-13,F,366
2021,1,0-13,U,0
2021,1,14-17,M,745
2021,1,14-17,F,697
2021,1,14-17,U,0
2021,1,18-30,M,3751
2021,1,18-30,F,5240
2021,1,18-30,U,5
2021,1,31-40,M,2678
2021,1,31-40,F,4449
2021,1,31-40,U,6
2021,1,41-64,M,4304
2021,1,41-64,F,5510
2021,1,41-64,U,17
2021,1,65+,M,600
2021,1,65+,F,728
2021,1,65+,U,3
2021,1,U,M,35
2021,1,U,F,11
2021,1,U,U,4
2021,1.1,0-13,M,0
2021,1.1,0-13,F,2
2021,1.1,0-13,U,0
2021,1.1,14-17,M,7
2021,1.1,14-17,F,0
2021,1.1,14-17,U,0
2021,1.1,18-30,M,41
2021,1.1,18-30,F,4
2021,1.1,18-30,U,0
2021,1.1,31-40,M,14
2021,1.1,31-40,F,1
2021,1.1,31-40,U,0
2021,1.1,41-64,M,35
2021,1.1,41-64,F,12
2021,1.1,41-64,U,0
2021,1.1,65+,M,6
2021,1.1,65+,F,12
2021,1.1,65+,U,0
2021,1.1,U,M,0
2021,1.1,U,F,0
2021,1.1,U,U,0
2021,1.1.1,0-13,M,0
2021,1.1.1,0-13,F,2
2021,1.1.1,0-13,U,0
2021,1.1.1,14-17,M,0
2021,1.1.1,14-17,F,0
2021,1.1.1,14-17,U,0
2021,1.1.1,18-30,M,5
2021,1.1.1,18-30,F,0
2021,1.1.1,18-30,U,0
2021,1.1.1,31-40,M,4
2021,1.1.1,31-40,F,0
2021,1.1.1,31-40,U,0
2021,1.1.1,41-64,M,11
2021,1.1.1,41-64,F,5
2021,1.1.1,41-64,U,0
2021,1.1.1,65+,M,3
2021,1.1.1,65+,F,7
2021,1.1.1,65+,U,0
2021,1.1.1,U,M,0
2021,1.1.1,U,F,0
2021,1.1.1,U,U,0
2021,1.2,0-13,M,240
2021,1.2,0-13,F,140
2021,1.2,0-13,U,0
2021,1.2,14-17,M,574
2021,1.2,14-17,F,257
2021,1.2,14-17,U,0
2021,1.2,18-30,M,2608
2021,1.2,18-30,F,1063
2021,1.2,18-30,U,2
2021,1.2,31-40,M,1730
2021,1.2,31-40,F,798
2021,1.2,31-40,U,2
2021,1.2,41-64,M,2915
2021,1.2,41-64,F,1355
2021,1.2,41-64,U,9
2021,1.2,65+,M,376
2021,1.2,65+,F,180
2021,1.2,65+,U,2
2021,1.2,U,M,26
2021,1.2,U,F,3
2021,1.2,U,U,3
2021,1.3,0-13,M,229
2021,1.3,0-13,F,215
2021,1.3,0-13,U,0
2021,1.3,14-17,M,153
2021,1.3,14-17,F,431
2021,1.3,14-17,U,0
2021,1.3,18-30,M,1038
2021,1.3,18-30,F,4125
2021,1.3,18-30,U,3
2021,1.3,31-40,M,898
2021,1.3,31-40,F,3622
2021,1.3,31-40,U,4
2021,1.3,41-64,M,1246
2021,1.3,41-64,F,4068
2021,1.3,41-64,U,8
2021,1.3,65+,M,205
2021,1.3,65+,F,514
2021,1.3,65+,U,1
2021,1.3,U,M,9
2021,1.3,U,F,7
2021,1.3,U,U,1
2021,1.4,0-13,M,11
2021,1.4,0-13,F,9
2021,1.4,0-13,U,0
2021,1.4,14-17,M,11
2021,1.4,14-17,F,9
2021,1.4,14-17,U,0
2021,1.4,18-30,M,64
2021,1.4,18-30,F,48
2021,1.4,18-30,U,0
2021,1.4,31-40,M,36
2021,1.4,31-40,F,28
2021,1.4,31-40,U,0
2021,1.4,41-64,M,108
2021,1.4,41-64,F,75
2021,1.4,41-64,U,0
2021,1.4,65+,M,13
2021,1.4,65+,F,22
2021,1.4,65+,U,0
2021,1.4,U,M,0
2021,1.4,U,F,1
2021,1.4,U,U,0
2021,2,0-13,M,177
2021,2,0-13,F,165
2021,2,0-13,U,0
2021,2,14-17,M,320
2021,2,14-17,F,341
2021,2,14-17,U,0
2021,2,18-30,M,2059
2021,2,18-30,F,2003
2021,2,18-30,U,3
2021,2,31-40,M,2141
2021,2,31-40,F,1839
2021,2,31-40,U,2
2021,2,41-64,M,4087
2021,2,41-64,F,3143
2021,2,41-64,U,18
2021,2,65+,M,558
2021,2,65+,F,451
2021,2,65+,U,3
2021,2,U,M,62
2021,2,U,F,12
2021,2,U,U,5
2021,2.1,0-13,M,22
2021,2.1,0-13,F,20
2021,2.1,0-13,U,0
2021,2.1,14-17,M,16
2021,2.1,14-17,F,36
2021,2.1,14-17,U,0
2021,2.1,18-30,M,29
2021,2.1,18-30,F,293
2021,2.1,18-30,U,1
2021,2.1,31-40,M,28
2021,2.1,31-40,F,333
2021,2.1,31-40,U,0
2021,2.1,41-64,M,56
2021,2.1,41-64,F,404
2021,2.1,41-64,U,0
2021,2.1,65+,M,18
2021,2.1,65+,F,55
2021,2.1,65+,U,1
2021,2.1,U,M,0
2021,2.1,U,F,0
2021,2.1,U,U,0
2021,2.2,0-13,M,155
2021,2.2,0-13,F,145
2021,2.2,0-13,U,0
2021,2.2,14-17,M,304
2021,2.2,14-17,F,305
2021,2.2,14-17,U,0
2021,2.2,18-30,M,2030
2021,2.2,18-30,F,1710
2021,2.2,18-30,U,2
2021,2.2,31-40,M,2113
2021,2.2,31-40,F,1506
2021,2.2,31-40,U,2
2021,2.2,41-64,M,4031
2021,2.2,41-64,F,2739
2021,2.2,41-64,U,18
2021,2.2,65+,M,540
2021,2.2,65+,F,396
2021,2.2,65+,U,2
2021,2.2,U,M,62
2021,2.2,U,F,12
2021,2.2,U,U,5
2021,3,0-13,M,109
2021,3,0-13,F,379
2021,3,0-13,U,2
2021,3,14-17,M,84
2021,3,14-17,F,524
2021,3,14-17,U,0
2021,3,18-30,M,76
2021,3,18-30,F,747
2021,3,18-30,U,1
2021,3,31-40,M,20
2021,3,31-40,F,216
2021,3,31-40,U,1
2021,3,41-64,M,14
2021,3,41-64,F,167
2021,3,41-64,U,1
2021,3,65+,M,0
2021,3,65+,F,17
2021,3,65+,U,0
2021,3,U,M,1
2021,3,U,F,4
2021,3,U,U,0
2021,3.1,0-13,M,47
2021,3.1,0-13,F,227
2021,3.1,0-13,U,1
2021,3.1,14-17,M,36
2021,3.1,14-17,F,304
2021,3.1,14-17,U,0
2021,3.1,18-30,M,53
2021,3.1,18-30,F,475
2021,3.1,18-30,U,1
2021,3.1,31-40,M,13
2021,3.1,31-40,F,143
2021,3.1,31-40,U,1
2021,3.1,41-64,M,6
2021,3.1,41-64,F,101
2021,3.1,41-64,U,1
2021,3.1,65+,M,0
2021,3.1,65+,F,13
2021,3.1,65+,U,0
2021,3.1,U,M,0
2021,3.1,U,F,3
2021,3.1,U,U,0
2021,3.2,0-13,M,15
2021,3.2,0-13,F,46
2021,3.2,0-13,U,0
2021,3.2,14-17,M,12
2021,3.2,14-17,F,123
2021,3.2,14-17,U,0
2021,3.2,18-30,M,20
2021,3.2,18-30,F,236
2021,3.2,18-30,U,0
2021,3.2,31-40,M,6
2021,3.2,31-40,F,52
2021,3.2,31-40,U,0
2021,3.2,41-64,M,4
2021,3.2,41-64,F,40
2021,3.2,41-64,U,0
2021,3.2,65+,M,0
2021,3.2,65+,F,3
2021,3.2,65+,U,0
2021,3.2,U,M,0
2021,3.2,U,F,0
2021,3.2,U,U,0
2021,3.3,0-13,M,7
2021,3.3,0-13,F,13
2021,3.3,0-13,U,0
2021,3.3,14-17,M,5
2021,3.3,14-17,F,17
2021,3.3,14-17,U,0
2021,3.3,18-30,M,0
2021,3.3,18-30,F,5
2021,3.3,18-30,U,0
2021,3.3,31-40,M,0
2021,3.3,31-40,F,0
2021,3.3,31-40,U,0
2021,3.3,41-64,M,0
2021,3.3,41-64,F,1
2021,3.3,41-64,U,0
2021,3.3,65+,M,0
2021,3.3,65+,F,0
2021,3.3,65+,U,0
2021,3.3,U,M,0
2021,3.3,U,F,0
2021,3.3,U,U,0
2021,3.4,0-13,M,6
2021,3.4,0-13,F,5
2021,3.4,0-13,U,1
2021,3.4,14-17,M,8
2021,3.4,14-17,F,2
2021,3.4,14-17,U,0
2021,3.4,18-30,M,0
2021,3.4,18-30,F,0
2021,3.4,18-30,U,0
2021,3.4,31-40,M,0
2021,3.4,31-40,F,0
2021,3.4,31-40,U,0
2021,3.4,41-64,M,1
2021,3.4,41-64,F,0
2021,3.4,41-64,U,0
2021,3.4,65+,M,0
2021,3.4,65+,F,0
2021,3.4,65+,U,0
2021,3.4,U,M,0
2021,3.4,U,F,0
2021,3.4,U,U,0
2021,3.5,0-13,M,34
2021,3.5,0-13,F,88
2021,3.5,0-13,U,0
2021,3.5,14-17,M,23
2021,3.5,14-17,F,78
2021,3.5,14-17,U,0
2021,3.5,18-30,M,3
2021,3.5,18-30,F,31
2021,3.5,18-30,U,0
2021,3.5,31-40,M,1
2021,3.5,31-40,F,21
2021,3.5,31-40,U,0
2021,3.5,41-64,M,3
2021,3.5,41-64,F,25
2021,3.5,41-64,U,0
2021,3.5,65+,M,0
2021,3.5,65+,F,1
2021,3.5,65+,U,0
2021,3.5,U,M,1
2021,3.5,U,F,1
2021,3.5,U,U,0
2021,4,0-13,M,112
2021,4,0-13,F,96
2021,4,0-13,U,1
2021,4,14-17,M,21
2021,4,14-17,F,24
2021,4,14-17,U,0
2021,4,18-30,M,19
2021,4,18-30,F,84
2021,4,18-30,U,0
2021,4,31-40,M,35
2021,4,31-40,F,206
2021,4,31-40,U,0
2021,4,41-64,M,67
2021,4,41-64,F,246
2021,4,41-64,U,0
2021,4,65+,M,7
2021,4,65+,F,3
2021,4,65+,U,0
2021,4,U,M,3
2021,4,U,F,1
2021,4,U,U,0
2021,5,0-13,M,374
2021,5,0-13,F,112
2021,5,0-13,U,1
2021,5,14-17,M,1823
2021,5,14-17,F,1150
2021,5,14-17,U,1
2021,5,18-30,M,22856
2021,5,18-30,F,21196
2021,5,18-30,U,2
2021,5,31-40,M,21549
2021,5,31-40,F,17430
2021,5,31-40,U,5
2021,5,41-64,M,46825
2021,5,41-64,F,35628
2021,5,41-64,U,33
2021,5,65+,M,11600
2021,5,65+,F,11651
2021,5,65+,U,17
2021,5,U,M,80
2021,5,U,F,21
2021,5,U,U,33
2021,5.1,0-13,M,98
2021,5.1,0-13,F,58
2021,5.1,0-13,U,1
2021,5.1,14-17,M,539
2021,5.1,14-17,F,813
2021,5.1,14-17,U,0
2021,5.1,18-30,M,9541
2021,5.1,18-30,F,12120
2021,5.1,18-30,U,2
2021,5.1,31-40,M,7351
2021,5.1,31-40,F,8352
2021,5.1,31-40,U,4
2021,5.1,41-64,M,14908
2021,5.1,41-64,F,15095
2021,5.1,41-64,U,23
2021,5.1,65+,M,4496
2021,5.1,65+,F,6639
2021,5.1,65+,U,13
2021,5.1,U,M,58
2021,5.1,U,F,13
2021,5.1,U,U,23
2021,5.2,0-13,M,4
2021,5.2,0-13,F,1
2021,5.2,0-13,U,0
2021,5.2,14-17,M,17
2021,5.2,14-17,F,3
2021,5.2,14-17,U,0
2021,5.2,18-30,M,2167
2021,5.2,18-30,F,1064
2021,5.2,18-30,U,0
2021,5.2,31-40,M,3656
2021,5.2,31-40,F,1507
2021,5.2,31-40,U,0
2021,5.2,41-64,M,8320
2021,5.2,41-64,F,3103
2021,5.2,41-64,U,2
2021,5.2,65+,M,1197
2021,5.2,65+,F,642
2021,5.2,65+,U,0
2021,5.2,U,M,4
2021,5.2,U,F,0
2021,5.2,U,U,2
2021,5.2.1,0-13,M,2
2021,5.2.1,0-13,F,0
2021,5.2.1,0-13,U,0
2021,5.2.1,14-17,M,4
2021,5.2.1,14-17,F,0
2021,5.2.1,14-17,U,0
2021,5.2.1,18-30,M,1600
2021,5.2.1,18-30,F,622
2021,5.2.1,18-30,U,0
2021,5.2.1,31-40,M,2525
2021,5.2.1,31-40,F,786
2021,5.2.1,31-40,U,0
2021,5.2.1,41-64,M,5092
2021,5.2.1,41-64,F,1323
2021,5.2.1,41-64,U,0
2021,5.2.1,65+,M,461
2021,5.2.1,65+,F,109
2021,5.2.1,65+,U,0
2021,5.2.1,U,M,1
2021,5.2.1,U,F,0
2021,5.2.1,U,U,0
2021,5.2.2,0-13,M,0
2021,5.2.2,0-13,F,0
2021,5.2.2,0-13,U,0
2021,5.2.2,14-17,M,3
2021,5.2.2,14-17,F,0
2021,5.2.2,14-17,U,0
2021,5.2.2,18-30,M,235
2021,5.2.2,18-30,F,233
2021,5.2.2,18-30,U,0
2021,5.2.2,31-40,M,483
2021,5.2.2,31-40,F,402
2021,5.2.2,31-40,U,0
2021,5.2.2,41-64,M,1370
2021,5.2.2,41-64,F,1057
2021,5.2.2,41-64,U,2
2021,5.2.2,65+,M,555
2021,5.2.2,65+,F,478
2021,5.2.2,65+,U,0
2021,5.2.2,U,M,0
2021,5.2.2,U,F,0
2021,5.2.2,U,U,1
2021,5.2.3,0-13,M,1
2021,5.2.3,0-13,F,1
2021,5.2.3,0-13,U,0
2021,5.2.3,14-17,M,1
2021,5.2.3,14-17,F,1
2021,5.2.3,14-17,U,0
2021,5.2.3,18-30,M,155
2021,5.2.3,18-30,F,100
2021,5.2.3,18-30,U,0
2021,5.2.3,31-40,M,379
2021,5.2.3,31-40,F,223
2021,5.2.3,31-40,U,0
2021,5.2.3,41-64,M,1003
2021,5.2.3,41-64,F,453
2021,5.2.3,41-64,U,0
2021,5.2.3,65+,M,103
2021,5.2.3,65+,F,25
2021,5.2.3,65+,U,0
2021,5.2.3,U,M,3
2021,5.2.3,U,F,0
2021,5.2.3,U,U,0
2021,5.3,0-13,M,255
2021,5.3,0-13,F,44
2021,5.3,0-13,U,0
2021,5.3,14-17,M,1164
2021,5.3,14-17,F,258
2021,5.3,14-17,U,1
2021,5.3,18-30,M,2747
2021,5.3,18-30,F,1353
2021,5.3,18-30,U,0
2021,5.3,31-40,M,1142
2021,5.3,31-40,F,735
2021,5.3,31-40,U,1
2021,5.3,41-64,M,1950
2021,5.3,41-64,F,1516
2021,5.3,41-64,U,3
2021,5.3,65+,M,579
2021,5.3,65+,F,721
2021,5.3,65+,U,3
2021,5.3,U,M,10
2021,5.3,U,F,5
2021,5.3,U,U,1
2021,5.3.1,0-13,M,191
2021,5.3.1,0-13,F,26
2021,5.3.1,0-13,U,0
2021,5.3.1,14-17,M,825
2021,5.3.1,14-17,F,177
2021,5.3.1,14-17,U,1
2021,5.3.1,18-30,M,1961
2021,5.3.1,18-30,F,940
2021,5.3.1,18-30,U,0
2021,5.3.1,31-40,M,787
2021,5.3.1,31-40,F,483
2021,5.3.1,31-40,U,0
2021,5.3.1,41-64,M,1305
2021,5.3.1,41-64,F,1010
2021,5.3.1,41-64,U,2
2021,5.3.1,65+,M,337
2021,5.3.1,65+,F,443
2021,5.3.1,65+,U,2
2021,5.3.1,U,M,2
2021,5.3.1,U,F,5
2021,5.3.1,U,U,0
2021,5.3.2,0-13,M,9
2021,5.3.2,0-13,F,1
2021,5.3.2,0-13,U,0
2021,5.3.2,14-17,M,12
2021,5.3.2,14-17,F,6
2021,5.3.2,14-17,U,0
2021,5.3.2,18-30,M,69
2021,5.3.2,18-30,F,42
2021,5.3.2,18-30,U,0
2021,5.3.2,31-40,M,56
2021,5.3.2,31-40,F,30
2021,5.3.2,31-40,U,0
2021,5.3.2,41-64,M,115
2021,5.3.2,41-64,F,89
2021,5.3.2,41-64,U,0
2021,5.3.2,65+,M,116
2021,5.3.2,65+,F,184
2021,5.3.2,65+,U,1
2021,5.3.2,U,M,0
2021,5.3.2,U,F,0
2021,5.3.2,U,U,0
2021,5.3.3,0-13,M,2
2021,5.3.3,0-13,F,3
2021,5.3.3,0-13,U,0
2021,5.3.3,14-17,M,19
2021,5.3.3,14-17,F,4
2021,5.3.3,14-17,U,0
2021,5.3.3,18-30,M,193
2021,5.3.3,18-30,F,166
2021,5.3.3,18-30,U,0
2021,5.3.3,31-40,M,178
2021,5.3.3,31-40,F,137
2021,5.3.3,31-40,U,1
2021,5.3.3,41-64,M,296
2021,5.3.3,41-64,F,215
2021,5.3.3,41-64,U,0
2021,5.3.3,65+,M,41
2021,5.3.3,65+,F,31
2021,5.3.3,65+,U,0
2021,5.3.3,U,M,7
2021,5.3.3,U,F,0
2021,5.3.3,U,U,1
2021,5.4,0-13,M,0
2021,5.4,0-13,F,0
2021,5.4,0-13,U,0
2021,5.4,14-17,M,2
2021,5.4,14-17,F,0
2021,5.4,14-17,U,0
2021,5.4,18-30,M,775
2021,5.4,18-30,F,214
2021,5.4,18-30,U,0
2021,5.4,31-40,M,1108
2021,5.4,31-40,F,327
2021,5.4,31-40,U,0
2021,5.4,41-64,M,1986
2021,5.4,41-64,F,468
2021,5.4,41-64,U,0
2021,5.4,65+,M,237
2021,5.4,65+,F,45
2021,5.4,65+,U,0
2021,5.4,U,M,1
2021,5.4,U,F,0
2021,5.4,U,U,0
2021,5.5,0-13,M,5
2021,5.5,0-13,F,3
2021,5.5,0-13,U,0
2021,5.5,14-17,M,51
2021,5.5,14-17,F,43
2021,5.5,14-17,U,0
2021,5.5,18-30,M,5190
2021,5.5,18-30,F,5009
2021,5.5,18-30,U,0
2021,5.5,31-40,M,4743
2021,5.5,31-40,F,4578
2021,5.5,31-40,U,0
2021,5.5,41-64,M,10842
2021,5.5,41-64,F,10660
2021,5.5,41-64,U,4
2021,5.5,65+,M,3283
2021,5.5,65+,F,2718
2021,5.5,65+,U,0
2021,5.5,U,M,2
2021,5.5,U,F,1
2021,5.5,U,U,1
2021,5.5.1,0-13,M,2
2021,5.5.1,0-13,F,1
2021,5.5.1,0-13,U,0
2021,5.5.1,14-17,M,38
2021,5.5.1,14-17,F,30
2021,5.5.1,14-17,U,0
2021,5.5.1,18-30,M,3936
2021,5.5.1,18-30,F,3795
2021,5.5.1,18-30,U,0
2021,5.5.1,31-40,M,3455
2021,5.5.1,31-40,F,3414
2021,5.5.1,31-40,U,0
2021,5.5.1,41-64,M,7983
2021,5.5.1,41-64,F,8095
2021,5.5.1,41-64,U,3
2021,5.5.1,65+,M,2158
2021,5.5.1,65+,F,1655
2021,5.5.1,65+,U,0
2021,5.5.1,U,M,0
2021,5.5.1,U,F,1
2021,5.5.1,U,U,0
2021,5.6,0-13,M,2
2021,5.6,0-13,F,2
2021,5.6,0-13,U,0
2021,5.6,14-17,M,11
2021,5.6,14-17,F,4
2021,5.6,14-17,U,0
2021,5.6,18-30,M,1758
2021,5.6,18-30,F,1022
2021,5.6,18-30,U,0
2021,5.6,31-40,M,2955
2021,5.6,31-40,F,1610
2021,5.6,31-40,U,0
2021,5.6,41-64,M,7653
2021,5.6,41-64,F,4031
2021,5.6,41-64,U,1
2021,5.6,65+,M,1538
2021,5.6,65+,F,702
2021,5.6,65+,U,1
2021,5.6,U,M,4
2021,5.6,U,F,2
2021,5.6,U,U,3
2021,5.7,0-13,M,0
2021,5.7,0-13,F,0
2021,5.7,0-13,U,0
2021,5.7,14-17,M,0
2021,5.7,14-17,F,0
2021,5.7,14-17,U,0
2021,5.7,18-30,M,3
2021,5.7,18-30,F,3
2021,5.7,18-30,U,0
2021,5.7,31-40,M,3
2021,5.7,31-40,F,2
2021,5.7,31-40,U,0
2021,5.7,41-64,M,15
2021,5.7,41-64,F,8
2021,5.7,41-64,U,0
2021,5.7,65+,M,2
2021,5.7,65+,F,0
2021,5.7,65+,U,0
2021,5.7,U,M,0
2021,5.7,U,F,0
2021,5.7,U,U,0
2021,5.8,0-13,M,0
2021,5.8,0-13,F,0
2021,5.8,0-13,U,0
2021,5.8,14-17,M,0
2021,5.8,14-17,F,0
2021,5.8,14-17,U,0
2021,5.8,18-30,M,4
2021,5.8,18-30,F,3
2021,5.8,18-30,U,0
2021,5.8,31-40,M,1
2021,5.8,31-40,F,0
2021,5.8,31-40,U,0
2021,5.8,41-64,M,4
2021,5.8,41-64,F,1
2021,5.8,41-64,U,0
2021,5.8,65+,M,0
2021,5.8,65+,F,0
2021,5.8,65+,U,0
2021,5.8,U,M,0
2021,5.8,U,F,0
2021,5.8,U,U,0
2021,5.9,0-13,M,10
2021,5.9,0-13,F,4
2021,5.9,0-13,U,0
2021,5.9,14-17,M,39
2021,5.9,14-17,F,29
2021,5.9,14-17,U,0
2021,5.9,18-30,M,671
2021,5.9,18-30,F,408
2021,5.9,18-30,U,0
2021,5.9,31-40,M,590
2021,5.9,31-40,F,319
2021,5.9,31-40,U,0
2021,5.9,41-64,M,1147
2021,5.9,41-64,F,746
2021,5.9,41-64,U,0
2021,5.9,65+,M,268
2021,5.9,65+,F,184
2021,5.9,65+,U,0
2021,5.9,U,M,1
2021,5.9,U,F,0
2021,5.9,U,U,3
2021,6,0-13,M,0
2021,6,0-13,F,0
2021,6,0-13,U,0
2021,6,14-17,M,2
2021,6,14-17,F,1
2021,6,14-17,U,0
2021,6,18-30,M,23
2021,6,18-30,F,9
2021,6,18-30,U,1
2021,6,31-40,M,31
2021,6,31-40,F,11
2021,6,31-40,U,0
2021,6,41-64,M,45
2021,6,41-64,F,20
2021,6,41-64,U,0
2021,6,65+,M,13
2021,6,65+,F,3
2021,6,65+,U,0
2021,6,U,M,1
2021,6,U,F,0
2021,6,U,U,0
2021,6.1,0-13,M,0
2021,6.1,0-13,F,0
2021,6.1,0-13,U,0
2021,6.1,14-17,M,1
2021,6.1,14-17,F,0
2021,6.1,14-17,U,0
2021,6.1,18-30,M,5
2021,6.1,18-30,F,0
2021,6.1,18-30,U,0
2021,6.1,31-40,M,3
2021,6.1,31-40,F,2
2021,6.1,31-40,U,0
2021,6.1,41-64,M,5
2021,6.1,41-64,F,2
2021,6.1,41-64,U,0
2021,6.1,65+,M,0
2021,6.1,65+,F,0
2021,6.1,65+,U,0
2021,6.1,U,M,0
2021,6.1,U,F,0
2021,6.1,U,U,0
2021,6.2,0-13,M,0
2021,6.2,0-13,F,0
2021,6.2,0-13,U,0
2021,6.2,14-17,M,0
2021,6.2,14-17,F,1
2021,6.2,14-17,U,0
2021,6.2,18-30,M,12
2021,6.2,18-30,F,6
2021,6.2,18-30,U,0
2021,6.2,31-40,M,16
2021,6.2,31-40,F,4
2021,6.2,31-40,U,0
2021,6.2,41-64,M,20
2021,6.2,41-64,F,14
2021,6.2,41-64,U,0
2021,6.2,65+,M,6
2021,6.2,65+,F,1
2021,6.2,65+,U,0
2021,6.2,U,M,1
2021,6.2,U,F,0
2021,6.2,U,U,0
2021,6.3,0-13,M,0
2021,6.3,0-13,F,0
2021,6.3,0-13,U,0
2021,6.3,14-17,M,1
2021,6.3,14-17,F,0
2021,6.3,14-17,U,0
2021,6.3,18-30,M,6
2021,6.3,18-30,F,3
2021,6.3,18-30,U,1
2021,6.3,31-40,M,12
2021,6.3,31-40,F,5
2021,6.3,31-40,U,0
2021,6.3,41-64,M,20
2021,6.3,41-64,F,4
2021,6.3,41-64,U,0
2021,6.3,65+,M,7
2021,6.3,65+,F,2
2021,6.3,65+,U,0
2021,6.3,U,M,0
2021,6.3,U,F,0
2021,6.3,U,U,0
2021,7,0-13,M,4
2021,7,0-13,F,6
2021,7,0-13,U,0
2021,7,14-17,M,8
2021,7,14-17,F,30
2021,7,14-17,U,0
2021,7,18-30,M,431
2021,7,18-30,F,594
2021,7,18-30,U,0
2021,7,31-40,M,509
2021,7,31-40,F,439
2021,7,31-40,U,0
2021,7,41-64,M,1124
2021,7,41-64,F,860
2021,7,41-64,U,0
2021,7,65+,M,184
2021,7,65+,F,131
2021,7,65+,U,0
2021,7,U,M,0
2021,7,U,F,2
2021,7,U,U,0
2021,8,0-13,M,0
2021,8,0-13,F,0
2021,8,0-13,U,0
2021,8,14-17,M,2
2021,8,14-17,F,1
2021,8,14-17,U,0
2021,8,18-30,M,1
2021,8,18-30,F,4
2021,8,18-30,U,0
2021,8,31-40,M,1
2021,8,31-40,F,0
2021,8,31-40,U,0
2021,8,41-64,M,2
2021,8,41-64,F,1
2021,8,41-64,U,0
2021,8,65+,M,0
2021,8,65+,F,0
2021,8,65+,U,0
2021,8,U,M,0
2021,8,U,F,0
2021,8,U,U,0
2021,9,0-13,M,6
2021,9,0-13,F,8
2021,9,0-13,U,0
2021,9,14-17,M,7
2021,9,14-17,F,47
2021,9,14-17,U,0
2021,9,18-30,M,68
2021,9,18-30,F,715
2021,9,18-30,U,1
2021,9,31-40,M,97
2021,9,31-40,F,657
2021,9,31-40,U,0
2021,9,41-64,M,178
2021,9,41-64,F,833
2021,9,41-64,U,0
2021,9,65+,M,54
2021,9,65+,F,177
2021,9,65+,U,3
2021,9,U,M,9
2021,9,U,F,10
2021,9,U,U,4
2021,10,0-13,M,2
2021,10,0-13,F,0
2021,10,0-13,U,0
2021,10,14-17,M,4
2021,10,14-17,F,1
2021,10,14-17,U,0
2021,10,18-30,M,95
2021,10,18-30,F,12
2021,10,18-30,U,0
2021,10,31-40,M,411
2021,10,31-40,F,46
2021,10,31-40,U,3
2021,10,41-64,M,176
2021,10,41-64,F,16
2021,10,41-64,U,4
2021,10,65+,M,762
2021,10,65+,F,31
2021,10,65+,U,28
2021,10,U,M,853
2021,10,U,F,48
2021,10,U,U,276
2021,11,0-13,M,0
2021,11,0-13,F,0
2021,11,0-13,U,0
2021,11,14-17,M,0
2021,11,14-17,F,0
2021,11,14-17,U,0
2021,11,18-30,M,0
2021,11,18-30,F,0
2021,11,18-30,U,0
2021,11,31-40,M,0
2021,11,31-40,F,0
2021,11,31-40,U,0
2021,11,41-64,M,0
2021,11,41-64,F,0
2021,11,41-64,U,0
2021,11,65+,M,0
2021,11,65+,F,0
2021,11,65+,U,0
2021,11,U,M,0
2021,11,U,F,0
2021,11,U,U,0
2021,12,0-13,M,3
2021,12,0-13,F,7
2021,12,0-13,U,0
2021,12,14-17,M,7
2021,12,14-17,F,9
2021,12,14-17,U,0
2021,12,18-30,M,84
2021,12,18-30,F,52
2021,12,18-30,U,0
2021,12,31-40,M,72
2021,12,31-40,F,64
2021,12,31-40,U,0
2021,12,41-64,M,147
2021,12,41-64,F,126
2021,12,41-64,U,0
2021,12,65+,M,16
2021,12,65+,F,18
2021,12,65+,U,0
2021,12,U,M,4
2021,12,U,F,0
2021,12,U,U,0
2021,TOTAL,0-13,M,1267
2021,TOTAL,0-13,F,1139
2021,TOTAL,0-13,U,4
2021,TOTAL,14-17,M,3023
2021,TOTAL,14-17,F,2825
2021,TOTAL,14-17,U,1
2021,TOTAL,18-30,M,29463
2021,TOTAL,18-30,F,30656
2021,TOTAL,18-30,U,13
2021,TOTAL,31-40,M,27544
2021,TOTAL,31-40,F,25357
2021,TOTAL,31-40,U,17
2021,TOTAL,41-64,M,56969
2021,TOTAL,41-64,F,46550
2021,TOTAL,41-64,U,73
2021,TOTAL,65+,M,13794
2021,TOTAL,65+,F,13210
2021,TOTAL,65+,U,54
2021,TOTAL,U,M,1048
2021,TOTAL,U,F,109
2021,TOTAL,U,U,322
2022,1,0-13,M,537
2022,1,0-13,F,383
2022,1,0-13,U,0
2022,1,14-17,M,789
2022,1,14-17,F,752
2022,1,14-17,U,1
2022,1,18-30,M,4197
2022,1,18-30,F,6088
2022,1,18-30,U,2
2022,1,31-40,M,3152
2022,1,31-40,F,5042
2022,1,31-40,U,1
2022,1,41-64,M,5100
2022,1,41-64,F,6102
2022,1,41-64,U,11
2022,1,65+,M,571
2022,1,65+,F,715
2022,1,65+,U,3
2022,1,U,M,58
2022,1,U,F,64
2022,1,U,U,3
2022,1.1,0-13,M,2
2022,1.1,0-13,F,3
2022,1.1,0-13,U,0
2022,1.1,14-17,M,8
2022,1.1,14-17,F,0
2022,1.1,14-17,U,0
2022,1.1,18-30,M,52
2022,1.1,18-30,F,12
2022,1.1,18-30,U,0
2022,1.1,31-40,M,30
2022,1.1,31-40,F,7
2022,1.1,31-40,U,0
2022,1.1,41-64,M,31
2022,1.1,41-64,F,16
2022,1.1,41-64,U,0
2022,1.1,65+,M,5
2022,1.1,65+,F,9
2022,1.1,65+,U,0
2022,1.1,U,M,9
2022,1.1,U,F,0
2022,1.1,U,U,0
2022,1.1.1,0-13,M,1
2022,1.1.1,0-13,F,1
2022,1.1.1,0-13,U,0
2022,1.1.1,14-17,M,3
2022,1.1.1,14-17,F,0
2022,1.1.1,14-17,U,0
2022,1.1.1,18-30,M,7
2022,1.1.1,18-30,F,6
2022,1.1.1,18-30,U,0
2022,1.1.1,31-40,M,4
2022,1.1.1,31-40,F,2
2022,1.1.1,31-40,U,0
2022,1.1.1,41-64,M,7
2022,1.1.1,41-64,F,4
2022,1.1.1,41-64,U,0
2022,1.1.1,65+,M,1
2022,1.1.1,65+,F,6
2022,1.1.1,65+,U,0
2022,1.1.1,U,M,4
2022,1.1.1,U,F,0
2022,1.1.1,U,U,0
2022,1.2,0-13,M,267
2022,1.2,0-13,F,156
2022,1.2,0-13,U,0
2022,1.2,14-17,M,607
2022,1.2,14-17,F,343
2022,1.2,14-17,U,0
2022,1.2,18-30,M,2839
2022,1.2,18-30,F,1268
2022,1.2,18-30,U,2
2022,1.2,31-40,M,1984
2022,1.2,31-40,F,801
2022,1.2,31-40,U,0
2022,1.2,41-64,M,3469
2022,1.2,41-64,F,1457
2022,1.2,41-64,U,8
2022,1.2,65+,M,332
2022,1.2,65+,F,173
2022,1.2,65+,U,3
2022,1.2,U,M,35
2022,1.2,U,F,8
2022,1.2,U,U,2
2022,1.3,0-13,M,255
2022,1.3,0-13,F,212
2022,1.3,0-13,U,0
2022,1.3,14-17,M,161
2022,1.3,14-17,F,393
2022,1.3,14-17,U,1
2022,1.3,18-30,M,1209
2022,1.3,18-30,F,4759
2022,1.3,18-30,U,0
2022,1.3,31-40,M,1073
2022,1.3,31-40,F,4183
2022,1.3,31-40,U,1
2022,1.3,41-64,M,1488
2022,1.3,41-64,F,4530
2022,1.3,41-64,U,3
2022,1.3,65+,M,221
2022,1.3,65+,F,508
2022,1.3,65+,U,0
2022,1.3,U,M,11
2022,1.3,U,F,56
2022,1.3,U,U,1
2022,1.4,0-13,M,13
2022,1.4,0-13,F,12
2022,1.4,0-13,U,0
2022,1.4,14-17,M,13
2022,1.4,14-17,F,16
2022,1.4,14-17,U,0
2022,1.4,18-30,M,97
2022,1.4,18-30,F,49
2022,1.4,18-30,U,0
2022,1.4,31-40,M,65
2022,1.4,31-40,F,51
2022,1.4,31-40,U,0
2022,1.4,41-64,M,112
2022,1.4,41-64,F,99
2022,1.4,41-64,U,0
2022,1.4,65+,M,13
2022,1.4,65+,F,25
2022,1.4,65+,U,0
2022,1.4,U,M,3
2022,1.4,U,F,0
2022,1.4,U,U,0
2022,2,0-13,M,170
2022,2,0-13,F,223
2022,2,0-13,U,0
2022,2,14-17,M,398
2022,2,14-17,F,409
2022,2,14-17,U,0
2022,2,18-30,M,2109
2022,2,18-30,F,1866
2022,2,18-30,U,0
2022,2,31-40,M,2049
2022,2,31-40,F,1785
2022,2,31-40,U,3
2022,2,41-64,M,4047
2022,2,41-64,F,3061
2022,2,41-64,U,13
2022,2,65+,M,530
2022,2,65+,F,382
2022,2,65+,U,7
2022,2,U,M,112
2022,2,U,F,28
2022,2,U,U,6
2022,2.1,0-13,M,15
2022,2.1,0-13,F,24
2022,2.1,0-13,U,0
2022,2.1,14-17,M,15
2022,2.1,14-17,F,37
2022,2.1,14-17,U,0
2022,2.1,18-30,M,25
2022,2.1,18-30,F,298
2022,2.1,18-30,U,0
2022,2.1,31-40,M,23
2022,2.1,31-40,F,288
2022,2.1,31-40,U,0
2022,2.1,41-64,M,65
2022,2.1,41-64,F,369
2022,2.1,41-64,U,0
2022,2.1,65+,M,17
2022,2.1,65+,F,47
2022,2.1,65+,U,0
2022,2.1,U,M,0
2022,2.1,U,F,1
2022,2.1,U,U,0
2022,2.2,0-13,M,155
2022,2.2,0-13,F,199
2022,2.2,0-13,U,0
2022,2.2,14-17,M,383
2022,2.2,14-17,F,372
2022,2.2,14-17,U,0
2022,2.2,18-30,M,2084
2022,2.2,18-30,F,1568
2022,2.2,18-30,U,0
2022,2.2,31-40,M,2026
2022,2.2,31-40,F,1497
2022,2.2,31-40,U,3
2022,2.2,41-64,M,3982
2022,2.2,41-64,F,2692
2022,2.2,41-64,U,13
2022,2.2,65+,M,513
2022,2.2,65+,F,335
2022,2.2,65+,U,7
2022,2.2,U,M,112
2022,2.2,U,F,27
2022,2.2,U,U,6
2022,3,0-13,M,106
2022,3,0-13,F,397
2022,3,0-13,U,1
2022,3,14-17,M,89
2022,3,14-17,F,584
2022,3,14-17,U,0
2022,3,18-30,M,90
2022,3,18-30,F,828
2022,3,18-30,U,0
2022,3,31-40,M,37
2022,3,31-40,F,244
2022,3,31-40,U,1
2022,3,41-64,M,23
2022,3,41-64,F,211
2022,3,41-64,U,0
2022,3,65+,M,0
2022,3,65+,F,7
2022,3,65+,U,0
2022,3,U,M,0
2022,3,U,F,6
2022,3,U,U,0
2022,3.1,0-13,M,52
2022,3.1,0-13,F,263
2022,3.1,0-13,U,0
2022,3.1,14-17,M,45
2022,3.1,14-17,F,323
2022,3.1,14-17,U,0
2022,3.1,18-30,M,63
2022,3.1,18-30,F,526
2022,3.1,18-30,U,0
2022,3.1,31-40,M,23
2022,3.1,31-40,F,161
2022,3.1,31-40,U,1
2022,3.1,41-64,M,16
2022,3.1,41-64,F,144
2022,3.1,41-64,U,0
2022,3.1,65+,M,0
2022,3.1,65+,F,3
2022,3.1,65+,U,0
2022,3.1,U,M,0
2022,3.1,U,F,2
2022,3.1,U,U,0
2022,3.2,0-13,M,11
2022,3.2,0-13,F,55
2022,3.2,0-13,U,0
2022,3.2,14-17,M,13
2022,3.2,14-17,F,163
2022,3.2,14-17,U,0
2022,3.2,18-30,M,24
2022,3.2,18-30,F,222
2022,3.2,18-30,U,0
2022,3.2,31-40,M,12
2022,3.2,31-40,F,63
2022,3.2,31-40,U,0
2022,3.2,41-64,M,7
2022,3.2,41-64,F,53
2022,3.2,41-64,U,0
2022,3.2,65+,M,0
2022,3.2,65+,F,3
2022,3.2,65+,U,0
2022,3.2,U,M,0
2022,3.2,U,F,0
2022,3.2,U,U,0
2022,3.3,0-13,M,7
2022,3.3,0-13,F,12
2022,3.3,0-13,U,0
2022,3.3,14-17,M,7
2022,3.3,14-17,F,14
2022,3.3,14-17,U,0
2022,3.3,18-30,M,0
2022,3.3,18-30,F,1
2022,3.3,18-30,U,0
2022,3.3,31-40,M,0
2022,3.3,31-40,F,0
2022,3.3,31-40,U,0
2022,3.3,41-64,M,0
2022,3.3,41-64,F,0
2022,3.3,41-64,U,0
2022,3.3,65+,M,0
2022,3.3,65+,F,0
2022,3.3,65+,U,0
2022,3.3,U,M,0
2022,3.3,U,F,0
2022,3.3,U,U,0
2022,3.4,0-13,M,3
2022,3.4,0-13,F,3
2022,3.4,0-13,U,0
2022,3.4,14-17,M,1
2022,3.4,14-17,F,6
2022,3.4,14-17,U,0
2022,3.4,18-30,M,1
2022,3.4,18-30,F,0
2022,3.4,18-30,U,0
2022,3.4,31-40,M,0
2022,3.4,31-40,F,0
2022,3.4,31-40,U,0
2022,3.4,41-64,M,0
2022,3.4,41-64,F,0
2022,3.4,41-64,U,0
2022,3.4,65+,M,0
2022,3.4,65+,F,0
2022,3.4,65+,U,0
2022,3.4,U,M,0
2022,3.4,U,F,0
2022,3.4,U,U,0
2022,3.5,0-13,M,33
2022,3.5,0-13,F,64
2022,3.5,0-13,U,1
2022,3.5,14-17,M,23
2022,3.5,14-17,F,78
2022,3.5,14-17,U,0
2022,3.5,18-30,M,2
2022,3.5,18-30,F,79
2022,3.5,18-30,U,0
2022,3.5,31-40,M,2
2022,3.5,31-40,F,20
2022,3.5,31-40,U,0
2022,3.5,41-64,M,0
2022,3.5,41-64,F,14
2022,3.5,41-64,U,0
2022,3.5,65+,M,0
2022,3.5,65+,F,1
2022,3.5,65+,U,0
2022,3.5,U,M,0
2022,3.5,U,F,4
2022,3.5,U,U,0
2022,4,0-13,M,136
2022,4,0-13,F,99
2022,4,0-13,U,0
2022,4,14-17,M,19
2022,4,14-17,F,23
2022,4,14-17,U,0
2022,4,18-30,M,10
2022,4,18-30,F,61
2022,4,18-30,U,0
2022,4,31-40,M,31
2022,4,31-40,F,203
2022,4,31-40,U,0
2022,4,41-64,M,70
2022,4,41-64,F,198
2022,4,41-64,U,0
2022,4,65+,M,3
2022,4,65+,F,14
2022,4,65+,U,0
2022,4,U,M,3
2022,4,U,F,1
2022,4,U,U,0
2022,5,0-13,M,288
2022,5,0-13,F,137
2022,5,0-13,U,0
2022,5,14-17,M,1687
2022,5,14-17,F,1233
2022,5,14-17,U,4
2022,5,18-30,M,28781
2022,5,18-30,F,27817
2022,5,18-30,U,6
2022,5,31-40,M,25076
2022,5,31-40,F,19676
2022,5,31-40,U,4
2022,5,41-64,M,56784
2022,5,41-64,F,41585
2022,5,41-64,U,29
2022,5,65+,M,14162
2022,5,65+,F,13618
2022,5,65+,U,17
2022,5,U,M,289
2022,5,U,F,131
2022,5,U,U,18
2022,5.1,0-13,M,96
2022,5.1,0-13,F,89
2022,5.1,0-13,U,0
2022,5.1,14-17,M,655
2022,5.1,14-17,F,914
2022,5.1,14-17,U,2
2022,5.1,18-30,M,12843
2022,5.1,18-30,F,15898
2022,5.1,18-30,U,5
2022,5.1,31-40,M,9264
2022,5.1,31-40,F,9180
2022,5.1,31-40,U,3
2022,5.1,41-64,M,19528
2022,5.1,41-64,F,17526
2022,5.1,41-64,U,17
2022,5.1,65+,M,5405
2022,5.1,65+,F,7506
2022,5.1,65+,U,11
2022,5.1,U,M,159
2022,5.1,U,F,96
2022,5.1,U,U,7
2022,5.2,0-13,M,2
2022,5.2,0-13,F,1
2022,5.2,0-13,U,0
2022,5.2,14-17,M,24
2022,5.2,14-17,F,6
2022,5.2,14-17,U,0
2022,5.2,18-30,M,2944
2022,5.2,18-30,F,1339
2022,5.2,18-30,U,0
2022,5.2,31-40,M,4220
2022,5.2,31-40,F,1795
2022,5.2,31-40,U,0
2022,5.2,41-64,M,10134
2022,5.2,41-64,F,3793
2022,5.2,41-64,U,1
2022,5.2,65+,M,1465
2022,5.2,65+,F,769
2022,5.2,65+,U,0
2022,5.2,U,M,24
2022,5.2,U,F,4
2022,5.2,U,U,4
2022,5.2.1,0-13,M,1
2022,5.2.1,0-13,F,1
2022,5.2.1,0-13,U,0
2022,5.2.1,14-17,M,7
2022,5.2.1,14-17,F,3
2022,5.2.1,14-17,U,0
2022,5.2.1,18-30,M,2233
2022,5.2.1,18-30,F,820
2022,5.2.1,18-30,U,0
2022,5.2.1,31-40,M,3009
2022,5.2.1,31-40,F,1028
2022,5.2.1,31-40,U,0
2022,5.2.1,41-64,M,6789
2022,5.2.1,41-64,F,1758
2022,5.2.1,41-64,U,0
2022,5.2.1,65+,M,569
2022,5.2.1,65+,F,122
2022,5.2.1,65+,U,0
2022,5.2.1,U,M,9
2022,5.2.1,U,F,0
2022,5.2.1,U,U,1
2022,5.2.2,0-13,M,1
2022,5.2.2,0-13,F,0
2022,5.2.2,0-13,U,0
2022,5.2.2,14-17,M,1
2022,5.2.2,14-17,F,0
2022,5.2.2,14-17,U,0
2022,5.2.2,18-30,M,320
2022,5.2.2,18-30,F,318
2022,5.2.2,18-30,U,0
2022,5.2.2,31-40,M,552
2022,5.2.2,31-40,F,430
2022,5.2.2,31-40,U,0
2022,5.2.2,41-64,M,1511
2022,5.2.2,41-64,F,1256
2022,5.2.2,41-64,U,0
2022,5.2.2,65+,M,711
2022,5.2.2,65+,F,593
2022,5.2.2,65+,U,0
2022,5.2.2,U,M,3
2022,5.2.2,U,F,3
2022,5.2.2,U,U,3
2022,5.2.3,0-13,M,0
2022,5.2.3,0-13,F,0
2022,5.2.3,0-13,U,0
2022,5.2.3,14-17,M,1
2022,5.2.3,14-17,F,0
2022,5.2.3,14-17,U,0
2022,5.2.3,18-30,M,185
2022,5.2.3,18-30,F,95
2022,5.2.3,18-30,U,0
2022,5.2.3,31-40,M,359
2022,5.2.3,31-40,F,228
2022,5.2.3,31-40,U,0
2022,5.2.3,41-64,M,992
2022,5.2.3,41-64,F,515
2022,5.2.3,41-64,U,1
2022,5.2.3,65+,M,99
2022,5.2.3,65+,F,28
2022,5.2.3,65+,U,0
2022,5.2.3,U,M,8
2022,5.2.3,U,F,0
2022,5.2.3,U,U,0
2022,5.3,0-13,M,165
2022,5.3,0-13,F,36
2022,5.3,0-13,U,0
2022,5.3,14-17,M,869
2022,5.3,14-17,F,206
2022,5.3,14-17,U,2
2022,5.3,18-30,M,3369
2022,5.3,18-30,F,1485
2022,5.3,18-30,U,1
2022,5.3,31-40,M,1371
2022,5.3,31-40,F,667
2022,5.3,31-40,U,1
2022,5.3,41-64,M,2168
2022,5.3,41-64,F,1355
2022,5.3,41-64,U,4
2022,5.3,65+,M,526
2022,5.3,65+,F,589
2022,5.3,65+,U,2
2022,5.3,U,M,51
2022,5.3,U,F,12
2022,5.3,U,U,4
2022,5.3.1,0-13,M,123
2022,5.3.1,0-13,F,25
2022,5.3.1,0-13,U,0
2022,5.3.1,14-17,M,601
2022,5.3.1,14-17,F,120
2022,5.3.1,14-17,U,2
2022,5.3.1,18-30,M,2419
2022,5.3.1,18-30,F,925
2022,5.3.1,18-30,U,1
2022,5.3.1,31-40,M,986
2022,5.3.1,31-40,F,423
2022,5.3.1,31-40,U,1
2022,5.3.1,41-64,M,1470
2022,5.3.1,41-64,F,846
2022,5.3.1,41-64,U,3
2022,5.3.1,65+,M,335
2022,5.3.1,65+,F,401
2022,5.3.1,65+,U,2
2022,5.3.1,U,M,20
2022,5.3.1,U,F,6
2022,5.3.1,U,U,0
2022,5.3.2,0-13,M,6
2022,5.3.2,0-13,F,1
2022,5.3.2,0-13,U,0
2022,5.3.2,14-17,M,19
2022,5.3.2,14-17,F,4
2022,5.3.2,14-17,U,0
2022,5.3.2,18-30,M,65
2022,5.3.2,18-30,F,27
2022,5.3.2,18-30,U,0
2022,5.3.2,31-40,M,47
2022,5.3.2,31-40,F,30
2022,5.3.2,31-40,U,0
2022,5.3.2,41-64,M,112
2022,5.3.2,41-64,F,79
2022,5.3.2,41-64,U,1
2022,5.3.2,65+,M,84
2022,5.3.2,65+,F,117
2022,5.3.2,65+,U,0
2022,5.3.2,U,M,2
2022,5.3.2,U,F,1
2022,5.3.2,U,U,0
2022,5.3.3,0-13,M,9
2022,5.3.3,0-13,F,0
2022,5.3.3,0-13,U,0
2022,5.3.3,14-17,M,15
2022,5.3.3,14-17,F,5
2022,5.3.3,14-17,U,0
2022,5.3.3,18-30,M,298
2022,5.3.3,18-30,F,297
2022,5.3.3,18-30,U,0
2022,5.3.3,31-40,M,211
2022,5.3.3,31-40,F,150
2022,5.3.3,31-40,U,0
2022,5.3.3,41-64,M,338
2022,5.3.3,41-64,F,274
2022,5.3.3,41-64,U,0
2022,5.3.3,65+,M,30
2022,5.3.3,65+,F,26
2022,5.3.3,65+,U,0
2022,5.3.3,U,M,22
2022,5.3.3,U,F,5
2022,5.3.3,U,U,4
2022,5.4,0-13,M,1
2022,5.4,0-13,F,0
2022,5.4,0-13,U,0
2022,5.4,14-17,M,2
2022,5.4,14-17,F,1
2022,5.4,14-17,U,0
2022,5.4,18-30,M,808
2022,5.4,18-30,F,271
2022,5.4,18-30,U,0
2022,5.4,31-40,M,1113
2022,5.4,31-40,F,382
2022,5.4,31-40,U,0
2022,5.4,41-64,M,2263
2022,5.4,41-64,F,626
2022,5.4,41-64,U,0
2022,5.4,65+,M,253
2022,5.4,65+,F,64
2022,5.4,65+,U,0
2022,5.4,U,M,8
2022,5.4,U,F,3
2022,5.4,U,U,0
2022,5.5,0-13,M,13
2022,5.5,0-13,F,6
2022,5.5,0-13,U,0
2022,5.5,14-17,M,62
2022,5.5,14-17,F,57
2022,5.5,14-17,U,0
2022,5.5,18-30,M,6068
2022,5.5,18-30,F,7075
2022,5.5,18-30,U,0
2022,5.5,31-40,M,5199
2022,5.5,31-40,F,5450
2022,5.5,31-40,U,0
2022,5.5,41-64,M,12642
2022,5.5,41-64,F,12864
2022,5.5,41-64,U,4
2022,5.5,65+,M,4355
2022,5.5,65+,F,3590
2022,5.5,65+,U,4
2022,5.5,U,M,23
2022,5.5,U,F,12
2022,5.5,U,U,2
2022,5.5.1,0-13,M,9
2022,5.5.1,0-13,F,5
2022,5.5.1,0-13,U,0
2022,5.5.1,14-17,M,46
2022,5.5.1,14-17,F,50
2022,5.5.1,14-17,U,0
2022,5.5.1,18-30,M,4521
2022,5.5.1,18-30,F,5513
2022,5.5.1,18-30,U,0
2022,5.5.1,31-40,M,3847
2022,5.5.1,31-40,F,4284
2022,5.5.1,31-40,U,0
2022,5.5.1,41-64,M,9386
2022,5.5.1,41-64,F,10022
2022,5.5.1,41-64,U,1
2022,5.5.1,65+,M,3009
2022,5.5.1,65+,F,2309
2022,5.5.1,65+,U,1
2022,5.5.1,U,M,8
2022,5.5.1,U,F,4
2022,5.5.1,U,U,2
2022,5.6,0-13,M,2
2022,5.6,0-13,F,0
2022,5.6,0-13,U,0
2022,5.6,14-17,M,12
2022,5.6,14-17,F,7
2022,5.6,14-17,U,0
2022,5.6,18-30,M,1790
2022,5.6,18-30,F,1105
2022,5.6,18-30,U,0
2022,5.6,31-40,M,3197
2022,5.6,31-40,F,1758
2022,5.6,31-40,U,0
2022,5.6,41-64,M,8482
2022,5.6,41-64,F,4475
2022,5.6,41-64,U,2
2022,5.6,65+,M,1842
2022,5.6,65+,F,872
2022,5.6,65+,U,0
2022,5.6,U,M,9
2022,5.6,U,F,1
2022,5.6,U,U,1
2022,5.7,0-13,M,0
2022,5.7,0-13,F,0
2022,5.7,0-13,U,0
2022,5.7,14-17,M,0
2022,5.7,14-17,F,0
2022,5.7,14-17,U,0
2022,5.7,18-30,M,2
2022,5.7,18-30,F,2
2022,5.7,18-30,U,0
2022,5.7,31-40,M,2
2022,5.7,31-40,F,3
2022,5.7,31-40,U,0
2022,5.7,41-64,M,10
2022,5.7,41-64,F,5
2022,5.7,41-64,U,0
2022,5.7,65+,M,0
2022,5.7,65+,F,0
2022,5.7,65+,U,0
2022,5.7,U,M,3
2022,5.7,U,F,2
2022,5.7,U,U,0
2022,5.8,0-13,M,0
2022,5.8,0-13,F,0
2022,5.8,0-13,U,0
2022,5.8,14-17,M,0
2022,5.8,14-17,F,0
2022,5.8,14-17,U,0
2022,5.8,18-30,M,6
2022,5.8,18-30,F,3
2022,5.8,18-30,U,0
2022,5.8,31-40,M,2
2022,5.8,31-40,F,4
2022,5.8,31-40,U,0
2022,5.8,41-64,M,0
2022,5.8,41-64,F,1
2022,5.8,41-64,U,0
2022,5.8,65+,M,0
2022,5.8,65+,F,0
2022,5.8,65+,U,0
2022,5.8,U,M,0
2022,5.8,U,F,0
2022,5.8,U,U,0
2022,5.9,0-13,M,9
2022,5.9,0-13,F,5
2022,5.9,0-13,U,0
2022,5.9,14-17,M,63
2022,5.9,14-17,F,42
2022,5.9,14-17,U,0
2022,5.9,18-30,M,951
2022,5.9,18-30,F,639
2022,5.9,18-30,U,0
2022,5.9,31-40,M,708
2022,5.9,31-40,F,437
2022,5.9,31-40,U,0
2022,5.9,41-64,M,1557
2022,5.9,41-64,F,940
2022,5.9,41-64,U,1
2022,5.9,65+,M,316
2022,5.9,65+,F,228
2022,5.9,65+,U,0
2022,5.9,U,M,12
2022,5.9,U,F,1
2022,5.9,U,U,0
2022,6,0-13,M,2
2022,6,0-13,F,1
2022,6,0-13,U,0
2022,6,14-17,M,0
2022,6,14-17,F,2
2022,6,14-17,U,0
2022,6,18-30,M,37
2022,6,18-30,F,14
2022,6,18-30,U,0
2022,6,31-40,M,27
2022,6,31-40,F,11
2022,6,31-40,U,0
2022,6,41-64,M,58
2022,6,41-64,F,17
2022,6,41-64,U,0
2022,6,65+,M,5
2022,6,65+,F,1
2022,6,65+,U,0
2022,6,U,M,0
2022,6,U,F,0
2022,6,U,U,0
2022,6.1,0-13,M,0
2022,6.1,0-13,F,0
2022,6.1,0-13,U,0
2022,6.1,14-17,M,0
2022,6.1,14-17,F,1
2022,6.1,14-17,U,0
2022,6.1,18-30,M,8
2022,6.1,18-30,F,1
2022,6.1,18-30,U,0
2022,6.1,31-40,M,4
2022,6.1,31-40,F,1
2022,6.1,31-40,U,0
2022,6.1,41-64,M,6
2022,6.1,41-64,F,3
2022,6.1,41-64,U,0
2022,6.1,65+,M,0
2022,6.1,65+,F,0
2022,6.1,65+,U,0
2022,6.1,U,M,0
2022,6.1,U,F,0
2022,6.1,U,U,0
2022,6.2,0-13,M,0
2022,6.2,0-13,F,0
2022,6.2,0-13,U,0
2022,6.2,14-17,M,0
2022,6.2,14-17,F,0
2022,6.2,14-17,U,0
2022,6.2,18-30,M,19
2022,6.2,18-30,F,2
2022,6.2,18-30,U,0
2022,6.2,31-40,M,8
2022,6.2,31-40,F,5
2022,6.2,31-40,U,0
2022,6.2,41-64,M,26
2022,6.2,41-64,F,9
2022,6.2,41-64,U,0
2022,6.2,65+,M,2
2022,6.2,65+,F,0
2022,6.2,65+,U,0
2022,6.2,U,M,0
2022,6.2,U,F,0
2022,6.2,U,U,0
2022,6.3,0-13,M,2
2022,6.3,0-13,F,1
2022,6.3,0-13,U,0
2022,6.3,14-17,M,0
2022,6.3,14-17,F,1
2022,6.3,14-17,U,0
2022,6.3,18-30,M,10
2022,6.3,18-30,F,11
2022,6.3,18-30,U,0
2022,6.3,31-40,M,15
2022,6.3,31-40,F,5
2022,6.3,31-40,U,0
2022,6.3,41-64,M,26
2022,6.3,41-64,F,5
2022,6.3,41-64,U,0
2022,6.3,65+,M,3
2022,6.3,65+,F,1
2022,6.3,65+,U,0
2022,6.3,U,M,0
2022,6.3,U,F,0
2022,6.3,U,U,0
2022,7,0-13,M,5
2022,7,0-13,F,3
2022,7,0-13,U,0
2022,7,14-17,M,11
2022,7,14-17,F,15
2022,7,14-17,U,0
2022,7,18-30,M,538
2022,7,18-30,F,676
2022,7,18-30,U,0
2022,7,31-40,M,599
2022,7,31-40,F,538
2022,7,31-40,U,0
2022,7,41-64,M,1351
2022,7,41-64,F,917
2022,7,41-64,U,2
2022,7,65+,M,196
2022,7,65+,F,127
2022,7,65+,U,0
2022,7,U,M,4
2022,7,U,F,5
2022,7,U,U,0
2022,8,0-13,M,0
2022,8,0-13,F,0
2022,8,0-13,U,0
2022,8,14-17,M,0
2022,8,14-17,F,0
2022,8,14-17,U,0
2022,8,18-30,M,2
2022,8,18-30,F,6
2022,8,18-30,U,0
2022,8,31-40,M,0
2022,8,31-40,F,1
2022,8,31-40,U,0
2022,8,41-64,M,2
2022,8,41-64,F,4
2022,8,41-64,U,0
2022,8,65+,M,1
2022,8,65+,F,0
2022,8,65+,U,0
2022,8,U,M,0
2022,8,U,F,0
2022,8,U,U,1
2022,9,0-13,M,2
2022,9,0-13,F,6
2022,9,0-13,U,0
2022,9,14-17,M,5
2022,9,14-17,F,69
2022,9,14-17,U,0
2022,9,18-30,M,88
2022,9,18-30,F,796
2022,9,18-30,U,0
2022,9,31-40,M,108
2022,9,31-40,F,817
2022,9,31-40,U,0
2022,9,41-64,M,146
2022,9,41-64,F,884
2022,9,41-64,U,0
2022,9,65+,M,47
2022,9,65+,F,105
2022,9,65+,U,0
2022,9,U,M,13
2022,9,U,F,62
2022,9,U,U,3
2022,10,0-13,M,1
2022,10,0-13,F,0
2022,10,0-13,U,0
2022,10,14-17,M,1
2022,10,14-17,F,0
2022,10,14-17,U,0
2022,10,18-30,M,135
2022,10,18-30,F,29
2022,10,18-30,U,1
2022,10,31-40,M,398
2022,10,31-40,F,38
2022,10,31-40,U,3
2022,10,41-64,M,196
2022,10,41-64,F,24
2022,10,41-64,U,6
2022,10,65+,M,0
2022,10,65+,F,1
2022,10,65+,U,0
2022,10,U,M,1100
2022,10,U,F,37
2022,10,U,U,187
2022,11,0-13,M,0
2022,11,0-13,F,0
2022,11,0-13,U,0
2022,11,14-17,M,0
2022,11,14-17,F,0
2022,11,14-17,U,0
2022,11,18-30,M,0
2022,11,18-30,F,0
2022,11,18-30,U,0
2022,11,31-40,M,0
2022,11,31-40,F,0
2022,11,31-40,U,0
2022,11,41-64,M,0
2022,11,41-64,F,0
2022,11,41-64,U,0
2022,11,65+,M,0
2022,11,65+,F,0
2022,11,65+,U,0
2022,11,U,M,0
2022,11,U,F,0
2022,11,U,U,0
2022,12,0-13,M,2
2022,12,0-13,F,9
2022,12,0-13,U,0
2022,12,14-17,M,3
2022,12,14-17,F,5
2022,12,14-17,U,0
2022,12,18-30,M,69
2022,12,18-30,F,63
2022,12,18-30,U,0
2022,12,31-40,M,73
2022,12,31-40,F,75
2022,12,31-40,U,0
2022,12,41-64,M,127
2022,12,41-64,F,148
2022,12,41-64,U,0
2022,12,65+,M,18
2022,12,65+,F,14
2022,12,65+,U,1
2022,12,U,M,3
2022,12,U,F,0
2022,12,U,U,0
2022,TOTAL,0-13,M,1249
2022,TOTAL,0-13,F,1258
2022,TOTAL,0-13,U,1
2022,TOTAL,14-17,M,3002
2022,TOTAL,14-17,F,3092
2022,TOTAL,14-17,U,5
2022,TOTAL,18-30,M,36056
2022,TOTAL,18-30,F,38244
2022,TOTAL,18-30,U,9
2022,TOTAL,31-40,M,31550
2022,TOTAL,31-40,F,28430
2022,TOTAL,31-40,U,12
2022,TOTAL,41-64,M,67904
2022,TOTAL,41-64,F,53151
2022,TOTAL,41-64,U,61
2022,TOTAL,65+,M,15533
2022,TOTAL,65+,F,14984
2022,TOTAL,65+,U,28
2022,TOTAL,U,M,1582
2022,TOTAL,U,F,334
2022,TOTAL,U,U,218
2023,1,0-13,M,551
2023,1,0-13,F,485
2023,1,0-13,U,0
2023,1,14-17,M,807
2023,1,14-17,F,829
2023,1,14-17,U,1
2023,1,18-30,M,4134
2023,1,18-30,F,6240
2023,1,18-30,U,0
2023,1,31-40,M,3252
2023,1,31-40,F,5424
2023,1,31-40,U,1
2023,1,41-64,M,5128
2023,1,41-64,F,6627
2023,1,41-64,U,13
2023,1,65+,M,669
2023,1,65+,F,748
2023,1,65+,U,3
2023,1,U,M,78
2023,1,U,F,67
2023,1,U,U,3
2023,1.1,0-13,M,2
2023,1.1,0-13,F,1
2023,1.1,0-13,U,0
2023,1.1,14-17,M,4
2023,1.1,14-17,F,0
2023,1.1,14-17,U,0
2023,1.1,18-30,M,61
2023,1.1,18-30,F,12
2023,1.1,18-30,U,0
2023,1.1,31-40,M,42
2023,1.1,31-40,F,14
2023,1.1,31-40,U,0
2023,1.1,41-64,M,41
2023,1.1,41-64,F,16
2023,1.1,41-64,U,0
2023,1.1,65+,M,5
2023,1.1,65+,F,4
2023,1.1,65+,U,0
2023,1.1,U,M,4
2023,1.1,U,F,0
2023,1.1,U,U,0
2023,1.1.1,0-13,M,0
2023,1.1.1,0-13,F,1
2023,1.1.1,0-13,U,0
2023,1.1.1,14-17,M,0
2023,1.1.1,14-17,F,0
2023,1.1.1,14-17,U,0
2023,1.1.1,18-30,M,4
2023,1.1.1,18-30,F,1
2023,1.1.1,18-30,U,0
2023,1.1.1,31-40,M,3
2023,1.1.1,31-40,F,7
2023,1.1.1,31-40,U,0
2023,1.1.1,41-64,M,6
2023,1.1.1,41-64,F,7
2023,1.1.1,41-64,U,0
2023,1.1.1,65+,M,3
2023,1.1.1,65+,F,1
2023,1.1.1,65+,U,0
2023,1.1.1,U,M,0
2023,1.1.1,U,F,0
2023,1.1.1,U,U,0
2023,1.2,0-13,M,248
2023,1.2,0-13,F,179
2023,1.2,0-13,U,0
2023,1.2,14-17,M,580
2023,1.2,14-17,F,365
2023,1.2,14-17,U,0
2023,1.2,18-30,M,2714
2023,1.2,18-30,F,1251
2023,1.2,18-30,U,0
2023,1.2,31-40,M,1921
2023,1.2,31-40,F,905
2023,1.2,31-40,U,0
2023,1.2,41-64,M,3380
2023,1.2,41-64,F,1612
2023,1.2,41-64,U,10
2023,1.2,65+,M,376
2023,1.2,65+,F,196
2023,1.2,65+,U,3
2023,1.2,U,M,53
2023,1.2,U,F,10
2023,1.2,U,U,2
2023,1.3,0-13,M,277
2023,1.3,0-13,F,296
2023,1.3,0-13,U,0
2023,1.3,14-17,M,200
2023,1.3,14-17,F,448
2023,1.3,14-17,U,1
2023,1.3,18-30,M,1279
2023,1.3,18-30,F,4911
2023,1.3,18-30,U,0
2023,1.3,31-40,M,1236
2023,1.3,31-40,F,4441
2023,1.3,31-40,U,1
2023,1.3,41-64,M,1581
2023,1.3,41-64,F,4897
2023,1.3,41-64,U,3
2023,1.3,65+,M,267
2023,1.3,65+,F,530
2023,1.3,65+,U,0
2023,1.3,U,M,20
2023,1.3,U,F,57
2023,1.3,U,U,1
2023,1.4,0-13,M,24
2023,1.4,0-13,F,9
2023,1.4,0-13,U,0
2023,1.4,14-17,M,23
2023,1.4,14-17,F,16
2023,1.4,14-17,U,0
2023,1.4,18-30,M,80
2023,1.4,18-30,F,66
2023,1.4,18-30,U,0
2023,1.4,31-40,M,53
2023,1.4,31-40,F,64
2023,1.4,31-40,U,0
2023,1.4,41-64,M,126
2023,1.4,41-64,F,102
2023,1.4,41-64,U,0
2023,1.4,65+,M,21
2023,1.4,65+,F,18
2023,1.4,65+,U,0
2023,1.4,U,M,1
2023,1.4,U,F,0
2023,1.4,U,U,0
2023,2,0-13,M,269
2023,2,0-13,F,252
2023,2,0-13,U,0
2023,2,14-17,M,438
2023,2,14-17,F,420
2023,2,14-17,U,0
2023,2,18-30,M,2278
2023,2,18-30,F,2000
2023,2,18-30,U,0
2023,2,31-40,M,2171
2023,2,31-40,F,1923
2023,2,31-40,U,0
2023,2,41-64,M,4087
2023,2,41-64,F,3394
2023,2,41-64,U,17
2023,2,65+,M,549
2023,2,65+,F,423
2023,2,65+,U,6
2023,2,U,M,95
2023,2,U,F,31
2023,2,U,U,7
2023,2.1,0-13,M,42
2023,2.1,0-13,F,27
2023,2.1,0-13,U,0
2023,2.1,14-17,M,11
2023,2.1,14-17,F,37
2023,2.1,14-17,U,0
2023,2.1,18-30,M,38
2023,2.1,18-30,F,309
2023,2.1,18-30,U,0
2023,2.1,31-40,M,24
2023,2.1,31-40,F,334
2023,2.1,31-40,U,0
2023,2.1,41-64,M,48
2023,2.1,41-64,F,452
2023,2.1,41-64,U,0
2023,2.1,65+,M,15
2023,2.1,65+,F,61
2023,2.1,65+,U,1
2023,2.1,U,M,1
2023,2.1,U,F,7
2023,2.1,U,U,0
2023,2.2,0-13,M,227
2023,2.2,0-13,F,225
2023,2.2,0-13,U,0
2023,2.2,14-17,M,427
2023,2.2,14-17,F,383
2023,2.2,14-17,U,0
2023,2.2,18-30,M,2240
2023,2.2,18-30,F,1691
2023,2.2,18-30,U,0
2023,2.2,31-40,M,2147
2023,2.2,31-40,F,1589
2023,2.2,31-40,U,0
2023,2.2,41-64,M,4039
2023,2.2,41-64,F,2942
2023,2.2,41-64,U,17
2023,2.2,65+,M,534
2023,2.2,65+,F,362
2023,2.2,65+,U,5
2023,2.2,U,M,94
2023,2.2,U,F,24
2023,2.2,U,U,7
2023,3,0-13,M,135
2023,3,0-13,F,435
2023,3,0-13,U,0
2023,3,14-17,M,83
2023,3,14-17,F,616
2023,3,14-17,U,1
2023,3,18-30,M,96
2023,3,18-30,F,909
2023,3,18-30,U,0
2023,3,31-40,M,33
2023,3,31-40,F,299
2023,3,31-40,U,3
2023,3,41-64,M,25
2023,3,41-64,F,304
2023,3,41-64,U,0
2023,3,65+,M,3
2023,3,65+,F,23
2023,3,65+,U,0
2023,3,U,M,3
2023,3,U,F,8
2023,3,U,U,0
2023,3.1,0-13,M,54
2023,3.1,0-13,F,274
2023,3.1,0-13,U,0
2023,3.1,14-17,M,34
2023,3.1,14-17,F,368
2023,3.1,14-17,U,0
2023,3.1,18-30,M,67
2023,3.1,18-30,F,573
2023,3.1,18-30,U,0
2023,3.1,31-40,M,27
2023,3.1,31-40,F,179
2023,3.1,31-40,U,1
2023,3.1,41-64,M,20
2023,3.1,41-64,F,212
2023,3.1,41-64,U,0
2023,3.1,65+,M,3
2023,3.1,65+,F,17
2023,3.1,65+,U,0
2023,3.1,U,M,3
2023,3.1,U,F,3
2023,3.1,U,U,0
2023,3.2,0-13,M,9
2023,3.2,0-13,F,47
2023,3.2,0-13,U,0
2023,3.2,14-17,M,12
2023,3.2,14-17,F,147
2023,3.2,14-17,U,0
2023,3.2,18-30,M,25
2023,3.2,18-30,F,265
2023,3.2,18-30,U,0
2023,3.2,31-40,M,3
2023,3.2,31-40,F,83
2023,3.2,31-40,U,1
2023,3.2,41-64,M,4
2023,3.2,41-64,F,67
2023,3.2,41-64,U,0
2023,3.2,65+,M,0
2023,3.2,65+,F,4
2023,3.2,65+,U,0
2023,3.2,U,M,0
2023,3.2,U,F,2
2023,3.2,U,U,0
2023,3.3,0-13,M,9
2023,3.3,0-13,F,11
2023,3.3,0-13,U,0
2023,3.3,14-17,M,13
2023,3.3,14-17,F,16
2023,3.3,14-17,U,0
2023,3.3,18-30,M,0
2023,3.3,18-30,F,0
2023,3.3,18-30,U,0
2023,3.3,31-40,M,0
2023,3.3,31-40,F,0
2023,3.3,31-40,U,0
2023,3.3,41-64,M,0
2023,3.3,41-64,F,0
2023,3.3,41-64,U,0
2023,3.3,65+,M,0
2023,3.3,65+,F,0
2023,3.3,65+,U,0
2023,3.3,U,M,0
2023,3.3,U,F,0
2023,3.3,U,U,0
2023,3.4,0-13,M,8
2023,3.4,0-13,F,10
2023,3.4,0-13,U,0
2023,3.4,14-17,M,2
2023,3.4,14-17,F,10
2023,3.4,14-17,U,0
2023,3.4,18-30,M,0
2023,3.4,18-30,F,3
2023,3.4,18-30,U,0
2023,3.4,31-40,M,0
2023,3.4,31-40,F,0
2023,3.4,31-40,U,0
2023,3.4,41-64,M,0
2023,3.4,41-64,F,0
2023,3.4,41-64,U,0
2023,3.4,65+,M,0
2023,3.4,65+,F,0
2023,3.4,65+,U,0
2023,3.4,U,M,0
2023,3.4,U,F,1
2023,3.4,U,U,0
2023,3.5,0-13,M,55
2023,3.5,0-13,F,93
2023,3.5,0-13,U,0
2023,3.5,14-17,M,22
2023,3.5,14-17,F,75
2023,3.5,14-17,U,1
2023,3.5,18-30,M,4
2023,3.5,18-30,F,68
2023,3.5,18-30,U,0
2023,3.5,31-40,M,3
2023,3.5,31-40,F,37
2023,3.5,31-40,U,1
2023,3.5,41-64,M,1
2023,3.5,41-64,F,25
2023,3.5,41-64,U,0
2023,3.5,65+,M,0
2023,3.5,65+,F,2
2023,3.5,65+,U,0
2023,3.5,U,M,0
2023,3.5,U,F,2
2023,3.5,U,U,0
2023,4,0-13,M,113
2023,4,0-13,F,79
2023,4,0-13,U,1
2023,4,14-17,M,13
2023,4,14-17,F,15
2023,4,14-17,U,0
2023,4,18-30,M,8
2023,4,18-30,F,57
2023,4,18-30,U,0
2023,4,31-40,M,22
2023,4,31-40,F,151
2023,4,31-40,U,0
2023,4,41-64,M,55
2023,4,41-64,F,197
2023,4,41-64,U,0
2023,4,65+,M,4
2023,4,65+,F,5
2023,4,65+,U,0
2023,4,U,M,0
2023,4,U,F,3
2023,4,U,U,0
2023,5,0-13,M,244
2023,5,0-13,F,128
2023,5,0-13,U,0
2023,5,14-17,M,1791
2023,5,14-17,F,1182
2023,5,14-17,U,1
2023,5,18-30,M,27278
2023,5,18-30,F,26796
2023,5,18-30,U,10
2023,5,31-40,M,24641
2023,5,31-40,F,20238
2023,5,31-40,U,3
2023,5,41-64,M,56220
2023,5,41-64,F,42473
2023,5,41-64,U,8
2023,5,65+,M,15033
2023,5,65+,F,14736
2023,5,65+,U,7
2023,5,U,M,319
2023,5,U,F,98
2023,5,U,U,16
2023,5.1,0-13,M,106
2023,5.1,0-13,F,85
2023,5.1,0-13,U,0
2023,5.1,14-17,M,750
2023,5.1,14-17,F,892
2023,5.1,14-17,U,0
2023,5.1,18-30,M,12055
2023,5.1,18-30,F,15128
2023,5.1,18-30,U,9
2023,5.1,31-40,M,8920
2023,5.1,31-40,F,9395
2023,5.1,31-40,U,2
2023,5.1,41-64,M,18090
2023,5.1,41-64,F,16444
2023,5.1,41-64,U,2
2023,5.1,65+,M,5131
2023,5.1,65+,F,7008
2023,5.1,65+,U,1
2023,5.1,U,M,169
2023,5.1,U,F,53
2023,5.1,U,U,9
2023,5.2,0-13,M,3
2023,5.2,0-13,F,4
2023,5.2,0-13,U,0
2023,5.2,14-17,M,33
2023,5.2,14-17,F,11
2023,5.2,14-17,U,0
2023,5.2,18-30,M,2804
2023,5.2,18-30,F,1347
2023,5.2,18-30,U,0
2023,5.2,31-40,M,4233
2023,5.2,31-40,F,1774
2023,5.2,31-40,U,0
2023,5.2,41-64,M,10263
2023,5.2,41-64,F,3857
2023,5.2,41-64,U,0
2023,5.2,65+,M,1457
2023,5.2,65+,F,741
2023,5.2,65+,U,0
2023,5.2,U,M,27
2023,5.2,U,F,8
2023,5.2,U,U,2
2023,5.2.1,0-13,M,1
2023,5.2.1,0-13,F,1
2023,5.2.1,0-13,U,0
2023,5.2.1,14-17,M,14
2023,5.2.1,14-17,F,5
2023,5.2.1,14-17,U,0
2023,5.2.1,18-30,M,2068
2023,5.2.1,18-30,F,822
2023,5.2.1,18-30,U,0
2023,5.2.1,31-40,M,3032
2023,5.2.1,31-40,F,1086
2023,5.2.1,31-40,U,0
2023,5.2.1,41-64,M,6747
2023,5.2.1,41-64,F,1831
2023,5.2.1,41-64,U,0
2023,5.2.1,65+,M,554
2023,5.2.1,65+,F,120
2023,5.2.1,65+,U,0
2023,5.2.1,U,M,12
2023,5.2.1,U,F,3
2023,5.2.1,U,U,0
2023,5.2.2,0-13,M,1
2023,5.2.2,0-13,F,1
2023,5.2.2,0-13,U,0
2023,5.2.2,14-17,M,3
2023,5.2.2,14-17,F,0
2023,5.2.2,14-17,U,0
2023,5.2.2,18-30,M,293
2023,5.2.2,18-30,F,268
2023,5.2.2,18-30,U,0
2023,5.2.2,31-40,M,488
2023,5.2.2,31-40,F,346
2023,5.2.2,31-40,U,0
2023,5.2.2,41-64,M,1331
2023,5.2.2,41-64,F,1107
2023,5.2.2,41-64,U,0
2023,5.2.2,65+,M,692
2023,5.2.2,65+,F,567
2023,5.2.2,65+,U,0
2023,5.2.2,U,M,1
2023,5.2.2,U,F,1
2023,5.2.2,U,U,2
2023,5.2.3,0-13,M,0
2023,5.2.3,0-13,F,1
2023,5.2.3,0-13,U,0
2023,5.2.3,14-17,M,1
2023,5.2.3,14-17,F,1
2023,5.2.3,14-17,U,0
2023,5.2.3,18-30,M,165
2023,5.2.3,18-30,F,120
2023,5.2.3,18-30,U,0
2023,5.2.3,31-40,M,412
2023,5.2.3,31-40,F,231
2023,5.2.3,31-40,U,0
2023,5.2.3,41-64,M,1194
2023,5.2.3,41-64,F,613
2023,5.2.3,41-64,U,0
2023,5.2.3,65+,M,125
2023,5.2.3,65+,F,30
2023,5.2.3,65+,U,0
2023,5.2.3,U,M,9
2023,5.2.3,U,F,4
2023,5.2.3,U,U,0
2023,5.3,0-13,M,106
2023,5.3,0-13,F,19
2023,5.3,0-13,U,0
2023,5.3,14-17,M,829
2023,5.3,14-17,F,160
2023,5.3,14-17,U,1
2023,5.3,18-30,M,3025
2023,5.3,18-30,F,1274
2023,5.3,18-30,U,0
2023,5.3,31-40,M,1416
2023,5.3,31-40,F,649
2023,5.3,31-40,U,0
2023,5.3,41-64,M,2220
2023,5.3,41-64,F,1258
2023,5.3,41-64,U,3
2023,5.3,65+,M,489
2023,5.3,65+,F,555
2023,5.3,65+,U,2
2023,5.3,U,M,62
2023,5.3,U,F,14
2023,5.3,U,U,1
2023,5.3.1,0-13,M,79
2023,5.3.1,0-13,F,8
2023,5.3.1,0-13,U,0
2023,5.3.1,14-17,M,645
2023,5.3.1,14-17,F,96
2023,5.3.1,14-17,U,1
2023,5.3.1,18-30,M,2220
2023,5.3.1,18-30,F,809
2023,5.3.1,18-30,U,0
2023,5.3.1,31-40,M,1036
2023,5.3.1,31-40,F,390
2023,5.3.1,31-40,U,0
2023,5.3.1,41-64,M,1498
2023,5.3.1,41-64,F,803
2023,5.3.1,41-64,U,1
2023,5.3.1,65+,M,311
2023,5.3.1,65+,F,351
2023,5.3.1,65+,U,1
2023,5.3.1,U,M,28
2023,5.3.1,U,F,7
2023,5.3.1,U,U,0
2023,5.3.2,0-13,M,1
2023,5.3.2,0-13,F,1
2023,5.3.2,0-13,U,0
2023,5.3.2,14-17,M,8
2023,5.3.2,14-17,F,5
2023,5.3.2,14-17,U,0
2023,5.3.2,18-30,M,66
2023,5.3.2,18-30,F,39
2023,5.3.2,18-30,U,0
2023,5.3.2,31-40,M,58
2023,5.3.2,31-40,F,37
2023,5.3.2,31-40,U,0
2023,5.3.2,41-64,M,99
2023,5.3.2,41-64,F,96
2023,5.3.2,41-64,U,0
2023,5.3.2,65+,M,105
2023,5.3.2,65+,F,131
2023,5.3.2,65+,U,1
2023,5.3.2,U,M,4
2023,5.3.2,U,F,1
2023,5.3.2,U,U,0
2023,5.3.3,0-13,M,3
2023,5.3.3,0-13,F,2
2023,5.3.3,0-13,U,0
2023,5.3.3,14-17,M,7
2023,5.3.3,14-17,F,3
2023,5.3.3,14-17,U,0
2023,5.3.3,18-30,M,260
2023,5.3.3,18-30,F,230
2023,5.3.3,18-30,U,0
2023,5.3.3,31-40,M,200
2023,5.3.3,31-40,F,137
2023,5.3.3,31-40,U,0
2023,5.3.3,41-64,M,375
2023,5.3.3,41-64,F,216
2023,5.3.3,41-64,U,1
2023,5.3.3,65+,M,22
2023,5.3.3,65+,F,21
2023,5.3.3,65+,U,0
2023,5.3.3,U,M,26
2023,5.3.3,U,F,3
2023,5.3.3,U,U,0
2023,5.4,0-13,M,1
2023,5.4,0-13,F,0
2023,5.4,0-13,U,0
2023,5.4,14-17,M,4
2023,5.4,14-17,F,1
2023,5.4,14-17,U,0
2023,5.4,18-30,M,635
2023,5.4,18-30,F,246
2023,5.4,18-30,U,1
2023,5.4,31-40,M,1017
2023,5.4,31-40,F,301
2023,5.4,31-40,U,0
2023,5.4,41-64,M,2204
2023,5.4,41-64,F,599
2023,5.4,41-64,U,0
2023,5.4,65+,M,273
2023,5.4,65+,F,81
2023,5.4,65+,U,0
2023,5.4,U,M,4
2023,5.4,U,F,2
2023,5.4,U,U,1
2023,5.5,0-13,M,10
2023,5.5,0-13,F,9
2023,5.5,0-13,U,0
2023,5.5,14-17,M,68
2023,5.5,14-17,F,70
2023,5.5,14-17,U,0
2023,5.5,18-30,M,5877
2023,5.5,18-30,F,7064
2023,5.5,18-30,U,0
2023,5.5,31-40,M,5465
2023,5.5,31-40,F,6006
2023,5.5,31-40,U,1
2023,5.5,41-64,M,13678
2023,5.5,41-64,F,15008
2023,5.5,41-64,U,2
2023,5.5,65+,M,5634
2023,5.5,65+,F,5167
2023,5.5,65+,U,4
2023,5.5,U,M,16
2023,5.5,U,F,15
2023,5.5,U,U,1
2023,5.5.1,0-13,M,7
2023,5.5.1,0-13,F,6
2023,5.5.1,0-13,U,0
2023,5.5.1,14-17,M,51
2023,5.5.1,14-17,F,52
2023,5.5.1,14-17,U,0
2023,5.5.1,18-30,M,4395
2023,5.5.1,18-30,F,5323
2023,5.5.1,18-30,U,0
2023,5.5.1,31-40,M,4123
2023,5.5.1,31-40,F,4950
2023,5.5.1,31-40,U,0
2023,5.5.1,41-64,M,10788
2023,5.5.1,41-64,F,12529
2023,5.5.1,41-64,U,1
2023,5.5.1,65+,M,4226
2023,5.5.1,65+,F,3705
2023,5.5.1,65+,U,2
2023,5.5.1,U,M,5
2023,5.5.1,U,F,9
2023,5.5.1,U,U,1
2023,5.6,0-13,M,5
2023,5.6,0-13,F,1
2023,5.6,0-13,U,0
2023,5.6,14-17,M,6
2023,5.6,14-17,F,4
2023,5.6,14-17,U,0
2023,5.6,18-30,M,1644
2023,5.6,18-30,F,1037
2023,5.6,18-30,U,0
2023,5.6,31-40,M,2880
2023,5.6,31-40,F,1643
2023,5.6,31-40,U,0
2023,5.6,41-64,M,8283
2023,5.6,41-64,F,4274
2023,5.6,41-64,U,1
2023,5.6,65+,M,1738
2023,5.6,65+,F,907
2023,5.6,65+,U,0
2023,5.6,U,M,11
2023,5.6,U,F,2
2023,5.6,U,U,1
2023,5.7,0-13,M,0
2023,5.7,0-13,F,0
2023,5.7,0-13,U,0
2023,5.7,14-17,M,0
2023,5.7,14-17,F,0
2023,5.7,14-17,U,0
2023,5.7,18-30,M,0
2023,5.7,18-30,F,0
2023,5.7,18-30,U,0
2023,5.7,31-40,M,1
2023,5.7,31-40,F,2
2023,5.7,31-40,U,0
2023,5.7,41-64,M,14
2023,5.7,41-64,F,1
2023,5.7,41-64,U,0
2023,5.7,65+,M,1
2023,5.7,65+,F,0
2023,5.7,65+,U,0
2023,5.7,U,M,1
2023,5.7,U,F,1
2023,5.7,U,U,0
2023,5.8,0-13,M,0
2023,5.8,0-13,F,0
2023,5.8,0-13,U,0
2023,5.8,14-17,M,0
2023,5.8,14-17,F,0
2023,5.8,14-17,U,0
2023,5.8,18-30,M,3
2023,5.8,18-30,F,1
2023,5.8,18-30,U,0
2023,5.8,31-40,M,3
2023,5.8,31-40,F,3
2023,5.8,31-40,U,0
2023,5.8,41-64,M,3
2023,5.8,41-64,F,4
2023,5.8,41-64,U,0
2023,5.8,65+,M,5
2023,5.8,65+,F,1
2023,5.8,65+,U,0
2023,5.8,U,M,0
2023,5.8,U,F,0
2023,5.8,U,U,0
2023,5.9,0-13,M,13
2023,5.9,0-13,F,10
2023,5.9,0-13,U,0
2023,5.9,14-17,M,101
2023,5.9,14-17,F,44
2023,5.9,14-17,U,0
2023,5.9,18-30,M,1235
2023,5.9,18-30,F,699
2023,5.9,18-30,U,0
2023,5.9,31-40,M,706
2023,5.9,31-40,F,465
2023,5.9,31-40,U,0
2023,5.9,41-64,M,1465
2023,5.9,41-64,F,1028
2023,5.9,41-64,U,0
2023,5.9,65+,M,305
2023,5.9,65+,F,276
2023,5.9,65+,U,0
2023,5.9,U,M,29
2023,5.9,U,F,3
2023,5.9,U,U,1
2023,6,0-13,M,1
2023,6,0-13,F,0
2023,6,0-13,U,0
2023,6,14-17,M,3
2023,6,14-17,F,2
2023,6,14-17,U,0
2023,6,18-30,M,24
2023,6,18-30,F,14
2023,6,18-30,U,1
2023,6,31-40,M,23
2023,6,31-40,F,9
2023,6,31-40,U,0
2023,6,41-64,M,33
2023,6,41-64,F,14
2023,6,41-64,U,0
2023,6,65+,M,0
2023,6,65+,F,3
2023,6,65+,U,0
2023,6,U,M,1
2023,6,U,F,1
2023,6,U,U,1
2023,6.1,0-13,M,0
2023,6.1,0-13,F,0
2023,6.1,0-13,U,0
2023,6.1,14-17,M,1
2023,6.1,14-17,F,0
2023,6.1,14-17,U,0
2023,6.1,18-30,M,7
2023,6.1,18-30,F,0
2023,6.1,18-30,U,0
2023,6.1,31-40,M,6
2023,6.1,31-40,F,0
2023,6.1,31-40,U,0
2023,6.1,41-64,M,4
2023,6.1,41-64,F,2
2023,6.1,41-64,U,0
2023,6.1,65+,M,0
2023,6.1,65+,F,0
2023,6.1,65+,U,0
2023,6.1,U,M,0
2023,6.1,U,F,0
2023,6.1,U,U,0
2023,6.2,0-13,M,0
2023,6.2,0-13,F,0
2023,6.2,0-13,U,0
2023,6.2,14-17,M,0
2023,6.2,14-17,F,0
2023,6.2,14-17,U,0
2023,6.2,18-30,M,4
2023,6.2,18-30,F,3
2023,6.2,18-30,U,1
2023,6.2,31-40,M,10
2023,6.2,31-40,F,3
2023,6.2,31-40,U,0
2023,6.2,41-64,M,15
2023,6.2,41-64,F,4
2023,6.2,41-64,U,0
2023,6.2,65+,M,0
2023,6.2,65+,F,0
2023,6.2,65+,U,0
2023,6.2,U,M,0
2023,6.2,U,F,1
2023,6.2,U,U,1
2023,6.3,0-13,M,1
2023,6.3,0-13,F,0
2023,6.3,0-13,U,0
2023,6.3,14-17,M,2
2023,6.3,14-17,F,2
2023,6.3,14-17,U,0
2023,6.3,18-30,M,13
2023,6.3,18-30,F,11
2023,6.3,18-30,U,0
2023,6.3,31-40,M,7
2023,6.3,31-40,F,6
2023,6.3,31-40,U,0
2023,6.3,41-64,M,14
2023,6.3,41-64,F,8
2023,6.3,41-64,U,0
2023,6.3,65+,M,0
2023,6.3,65+,F,3
2023,6.3,65+,U,0
2023,6.3,U,M,1
2023,6.3,U,F,0
2023,6.3,U,U,0
2023,7,0-13,M,4
2023,7,0-13,F,0
2023,7,0-13,U,0
2023,7,14-17,M,5
2023,7,14-17,F,11
2023,7,14-17,U,0
2023,7,18-30,M,648
2023,7,18-30,F,663
2023,7,18-30,U,1
2023,7,31-40,M,769
2023,7,31-40,F,609
2023,7,31-40,U,0
2023,7,41-64,M,1625
2023,7,41-64,F,1222
2023,7,41-64,U,3
2023,7,65+,M,271
2023,7,65+,F,180
2023,7,65+,U,1
2023,7,U,M,3
2023,7,U,F,0
2023,7,U,U,2
2023,8,0-13,M,0
2023,8,0-13,F,0
2023,8,0-13,U,0
2023,8,14-17,M,1
2023,8,14-17,F,1
2023,8,14-17,U,0
2023,8,18-30,M,1
2023,8,18-30,F,2
2023,8,18-30,U,0
2023,8,31-40,M,2
2023,8,31-40,F,1
2023,8,31-40,U,0
2023,8,41-64,M,1
2023,8,41-64,F,5
2023,8,41-64,U,0
2023,8,65+,M,0
2023,8,65+,F,0
2023,8,65+,U,0
2023,8,U,M,0
2023,8,U,F,0
2023,8,U,U,0
2023,9,0-13,M,4
2023,9,0-13,F,18
2023,9,0-13,U,0
2023,9,14-17,M,8
2023,9,14-17,F,60
2023,9,14-17,U,0
2023,9,18-30,M,80
2023,9,18-30,F,863
2023,9,18-30,U,1
2023,9,31-40,M,141
2023,9,31-40,F,781
2023,9,31-40,U,1
2023,9,41-64,M,179
2023,9,41-64,F,990
2023,9,41-64,U,1
2023,9,65+,M,54
2023,9,65+,F,127
2023,9,65+,U,0
2023,9,U,M,25
2023,9,U,F,66
2023,9,U,U,6
2023,10,0-13,M,5
2023,10,0-13,F,0
2023,10,0-13,U,0
2023,10,14-17,M,5
2023,10,14-17,F,0
2023,10,14-17,U,0
2023,10,18-30,M,155
2023,10,18-30,F,31
2023,10,18-30,U,3
2023,10,31-40,M,485
2023,10,31-40,F,45
2023,10,31-40,U,2
2023,10,41-64,M,216
2023,10,41-64,F,31
2023,10,41-64,U,2
2023,10,65+,M,0
2023,10,65+,F,1
2023,10,65+,U,0
2023,10,U,M,928
2023,10,U,F,57
2023,10,U,U,124
2023,11,0-13,M,0
2023,11,0-13,F,0
2023,11,0-13,U,0
2023,11,14-17,M,0
2023,11,14-17,F,0
2023,11,14-17,U,0
2023,11,18-30,M,0
2023,11,18-30,F,0
2023,11,18-30,U,0
2023,11,31-40,M,0
2023,11,31-40,F,0
2023,11,31-40,U,0
2023,11,41-64,M,0
2023,11,41-64,F,0
2023,11,41-64,U,0
2023,11,65+,M,0
2023,11,65+,F,0
2023,11,65+,U,0
2023,11,U,M,0
2023,11,U,F,0
2023,11,U,U,0
2023,12,0-13,M,3
2023,12,0-13,F,9
2023,12,0-13,U,0
2023,12,14-17,M,5
2023,12,14-17,F,19
2023,12,14-17,U,0
2023,12,18-30,M,72
2023,12,18-30,F,47
2023,12,18-30,U,0
2023,12,31-40,M,74
2023,12,31-40,F,55
2023,12,31-40,U,0
2023,12,41-64,M,113
2023,12,41-64,F,119
2023,12,41-64,U,1
2023,12,65+,M,10
2023,12,65+,F,11
2023,12,65+,U,0
2023,12,U,M,0
2023,12,U,F,2
2023,12,U,U,0
2023,TOTAL,0-13,M,1329
2023,TOTAL,0-13,F,1406
2023,TOTAL,0-13,U,1
2023,TOTAL,14-17,M,3159
2023,TOTAL,14-17,F,3155
2023,TOTAL,14-17,U,3
2023,TOTAL,18-30,M,34774
2023,TOTAL,18-30,F,37622
2023,TOTAL,18-30,U,16
2023,TOTAL,31-40,M,31613
2023,TOTAL,31-40,F,29535
2023,TOTAL,31-40,U,10
2023,TOTAL,41-64,M,67682
2023,TOTAL,41-64,F,55376
2023,TOTAL,41-64,U,45
2023,TOTAL,65+,M,16593
2023,TOTAL,65+,F,16257
2023,TOTAL,65+,U,17
2023,TOTAL,U,M,1452
2023,TOTAL,U,F,333
2023,TOTAL,U,U,159
2024,1,0-13,M,619
2024,1,0-13,F,428
2024,1,0-13,U,1
2024,1,14-17,M,884
2024,1,14-17,F,816
2024,1,14-17,U,1
2024,1,18-30,M,4497
2024,1,18-30,F,6307
2024,1,18-30,U,4
2024,1,31-40,M,3416
2024,1,31-40,F,5656
2024,1,31-40,U,5
2024,1,41-64,M,5411
2024,1,41-64,F,6940
2024,1,41-64,U,4
2024,1,65+,M,701
2024,1,65+,F,840
2024,1,65+,U,1
2024,1,U,M,79
2024,1,U,F,74
2024,1,U,U,2
2024,1.1,0-13,M,1
2024,1.1,0-13,F,0
2024,1.1,0-13,U,0
2024,1.1,14-17,M,4
2024,1.1,14-17,F,0
2024,1.1,14-17,U,0
2024,1.1,18-30,M,53
2024,1.1,18-30,F,6
2024,1.1,18-30,U,0
2024,1.1,31-40,M,38
2024,1.1,31-40,F,6
2024,1.1,31-40,U,0
2024,1.1,41-64,M,52
2024,1.1,41-64,F,8
2024,1.1,41-64,U,0
2024,1.1,65+,M,6
2024,1.1,65+,F,5
2024,1.1,65+,U,0
2024,1.1,U,M,2
2024,1.1,U,F,0
2024,1.1,U,U,0
2024,1.1.1,0-13,M,0
2024,1.1.1,0-13,F,0
2024,1.1.1,0-13,U,0
2024,1.1.1,14-17,M,0
2024,1.1.1,14-17,F,0
2024,1.1.1,14-17,U,0
2024,1.1.1,18-30,M,3
2024,1.1.1,18-30,F,2
2024,1.1.1,18-30,U,0
2024,1.1.1,31-40,M,2
2024,1.1.1,31-40,F,1
2024,1.1.1,31-40,U,0
2024,1.1.1,41-64,M,6
2024,1.1.1,41-64,F,2
2024,1.1.1,41-64,U,0
2024,1.1.1,65+,M,2
2024,1.1.1,65+,F,3
2024,1.1.1,65+,U,0
2024,1.1.1,U,M,0
2024,1.1.1,U,F,0
2024,1.1.1,U,U,0
2024,1.2,0-13,M,258
2024,1.2,0-13,F,160
2024,1.2,0-13,U,0
2024,1.2,14-17,M,646
2024,1.2,14-17,F,296
2024,1.2,14-17,U,0
2024,1.2,18-30,M,2825
2024,1.2,18-30,F,1202
2024,1.2,18-30,U,2
2024,1.2,31-40,M,2021
2024,1.2,31-40,F,983
2024,1.2,31-40,U,0
2024,1.2,41-64,M,3521
2024,1.2,41-64,F,1699
2024,1.2,41-64,U,0
2024,1.2,65+,M,389
2024,1.2,65+,F,222
2024,1.2,65+,U,0
2024,1.2,U,M,49
2024,1.2,U,F,14
2024,1.2,U,U,1
2024,1.3,0-13,M,339
2024,1.3,0-13,F,252
2024,1.3,0-13,U,1
2024,1.3,14-17,M,212
2024,1.3,14-17,F,503
2024,1.3,14-17,U,1
2024,1.3,18-30,M,1502
2024,1.3,18-30,F,5034
2024,1.3,18-30,U,2
2024,1.3,31-40,M,1270
2024,1.3,31-40,F,4590
2024,1.3,31-40,U,5
2024,1.3,41-64,M,1683
2024,1.3,41-64,F,5114
2024,1.3,41-64,U,4
2024,1.3,65+,M,281
2024,1.3,65+,F,586
2024,1.3,65+,U,1
2024,1.3,U,M,22
2024,1.3,U,F,59
2024,1.3,U,U,1
2024,1.4,0-13,M,21
2024,1.4,0-13,F,16
2024,1.4,0-13,U,0
2024,1.4,14-17,M,22
2024,1.4,14-17,F,17
2024,1.4,14-17,U,0
2024,1.4,18-30,M,117
2024,1.4,18-30,F,65
2024,1.4,18-30,U,0
2024,1.4,31-40,M,87
2024,1.4,31-40,F,77
2024,1.4,31-40,U,0
2024,1.4,41-64,M,155
2024,1.4,41-64,F,119
2024,1.4,41-64,U,0
2024,1.4,65+,M,25
2024,1.4,65+,F,27
2024,1.4,65+,U,0
2024,1.4,U,M,6
2024,1.4,U,F,1
2024,1.4,U,U,0
2024,2,0-13,M,201
2024,2,0-13,F,213
2024,2,0-13,U,1
2024,2,14-17,M,403
2024,2,14-17,F,378
2024,2,14-17,U,0
2024,2,18-30,M,2328
2024,2,18-30,F,2130
2024,2,18-30,U,1
2024,2,31-40,M,2233
2024,2,31-40,F,2032
2024,2,31-40,U,0
2024,2,41-64,M,4308
2024,2,41-64,F,3621
2024,2,41-64,U,1
2024,2,65+,M,654
2024,2,65+,F,509
2024,2,65+,U,0
2024,2,U,M,139
2024,2,U,F,33
2024,2,U,U,4
2024,2.1,0-13,M,41
2024,2.1,0-13,F,27
2024,2.1,0-13,U,0
2024,2.1,14-17,M,16
2024,2.1,14-17,F,48
2024,2.1,14-17,U,0
2024,2.1,18-30,M,29
2024,2.1,18-30,F,300
2024,2.1,18-30,U,0
2024,2.1,31-40,M,30
2024,2.1,31-40,F,321
2024,2.1,31-40,U,0
2024,2.1,41-64,M,54
2024,2.1,41-64,F,427
2024,2.1,41-64,U,1
2024,2.1,65+,M,22
2024,2.1,65+,F,55
2024,2.1,65+,U,0
2024,2.1,U,M,0
2024,2.1,U,F,2
2024,2.1,U,U,0
2024,2.2,0-13,M,160
2024,2.2,0-13,F,186
2024,2.2,0-13,U,1
2024,2.2,14-17,M,387
2024,2.2,14-17,F,330
2024,2.2,14-17,U,0
2024,2.2,18-30,M,2299
2024,2.2,18-30,F,1830
2024,2.2,18-30,U,1
2024,2.2,31-40,M,2203
2024,2.2,31-40,F,1711
2024,2.2,31-40,U,0
2024,2.2,41-64,M,4254
2024,2.2,41-64,F,3194
2024,2.2,41-64,U,0
2024,2.2,65+,M,632
2024,2.2,65+,F,454
2024,2.2,65+,U,0
2024,2.2,U,M,139
2024,2.2,U,F,31
2024,2.2,U,U,4
2024,3,0-13,M,136
2024,3,0-13,F,407
2024,3,0-13,U,1
2024,3,14-17,M,125
2024,3,14-17,F,627
2024,3,14-17,U,0
2024,3,18-30,M,126
2024,3,18-30,F,1004
2024,3,18-30,U,2
2024,3,31-40,M,35
2024,3,31-40,F,333
2024,3,31-40,U,0
2024,3,41-64,M,37
2024,3,41-64,F,313
2024,3,41-64,U,0
2024,3,65+,M,5
2024,3,65+,F,23
2024,3,65+,U,0
2024,3,U,M,2
2024,3,U,F,3
2024,3,U,U,0
2024,3.1,0-13,M,73
2024,3.1,0-13,F,283
2024,3.1,0-13,U,0
2024,3.1,14-17,M,46
2024,3.1,14-17,F,314
2024,3.1,14-17,U,0
2024,3.1,18-30,M,92
2024,3.1,18-30,F,679
2024,3.1,18-30,U,0
2024,3.1,31-40,M,25
2024,3.1,31-40,F,201
2024,3.1,31-40,U,0
2024,3.1,41-64,M,30
2024,3.1,41-64,F,211
2024,3.1,41-64,U,0
2024,3.1,65+,M,2
2024,3.1,65+,F,17
2024,3.1,65+,U,0
2024,3.1,U,M,2
2024,3.1,U,F,3
2024,3.1,U,U,0
2024,3.2,0-13,M,11
2024,3.2,0-13,F,46
2024,3.2,0-13,U,0
2024,3.2,14-17,M,10
2024,3.2,14-17,F,169
2024,3.2,14-17,U,0
2024,3.2,18-30,M,27
2024,3.2,18-30,F,241
2024,3.2,18-30,U,1
2024,3.2,31-40,M,9
2024,3.2,31-40,F,89
2024,3.2,31-40,U,0
2024,3.2,41-64,M,6
2024,3.2,41-64,F,76
2024,3.2,41-64,U,0
2024,3.2,65+,M,2
2024,3.2,65+,F,4
2024,3.2,65+,U,0
2024,3.2,U,M,0
2024,3.2,U,F,0
2024,3.2,U,U,0
2024,3.3,0-13,M,5
2024,3.3,0-13,F,7
2024,3.3,0-13,U,0
2024,3.3,14-17,M,18
2024,3.3,14-17,F,23
2024,3.3,14-17,U,0
2024,3.3,18-30,M,0
2024,3.3,18-30,F,3
2024,3.3,18-30,U,0
2024,3.3,31-40,M,0
2024,3.3,31-40,F,0
2024,3.3,31-40,U,0
2024,3.3,41-64,M,0
2024,3.3,41-64,F,0
2024,3.3,41-64,U,0
2024,3.3,65+,M,1
2024,3.3,65+,F,0
2024,3.3,65+,U,0
2024,3.3,U,M,0
2024,3.3,U,F,0
2024,3.3,U,U,0
2024,3.4,0-13,M,8
2024,3.4,0-13,F,11
2024,3.4,0-13,U,0
2024,3.4,14-17,M,5
2024,3.4,14-17,F,19
2024,3.4,14-17,U,0
2024,3.4,18-30,M,0
2024,3.4,18-30,F,6
2024,3.4,18-30,U,0
2024,3.4,31-40,M,0
2024,3.4,31-40,F,1
2024,3.4,31-40,U,0
2024,3.4,41-64,M,0
2024,3.4,41-64,F,0
2024,3.4,41-64,U,0
2024,3.4,65+,M,0
2024,3.4,65+,F,0
2024,3.4,65+,U,0
2024,3.4,U,M,0
2024,3.4,U,F,0
2024,3.4,U,U,0
2024,3.5,0-13,M,39
2024,3.5,0-13,F,60
2024,3.5,0-13,U,1
2024,3.5,14-17,M,46
2024,3.5,14-17,F,102
2024,3.5,14-17,U,0
2024,3.5,18-30,M,7
2024,3.5,18-30,F,75
2024,3.5,18-30,U,1
2024,3.5,31-40,M,1
2024,3.5,31-40,F,42
2024,3.5,31-40,U,0
2024,3.5,41-64,M,1
2024,3.5,41-64,F,26
2024,3.5,41-64,U,0
2024,3.5,65+,M,0
2024,3.5,65+,F,2
2024,3.5,65+,U,0
2024,3.5,U,M,0
2024,3.5,U,F,0
2024,3.5,U,U,0
2024,4,0-13,M,119
2024,4,0-13,F,69
2024,4,0-13,U,0
2024,4,14-17,M,19
2024,4,14-17,F,26
2024,4,14-17,U,0
2024,4,18-30,M,6
2024,4,18-30,F,50
2024,4,18-30,U,0
2024,4,31-40,M,24
2024,4,31-40,F,166
2024,4,31-40,U,0
2024,4,41-64,M,50
2024,4,41-64,F,200
2024,4,41-64,U,0
2024,4,65+,M,4
2024,4,65+,F,10
2024,4,65+,U,0
2024,4,U,M,2
2024,4,U,F,3
2024,4,U,U,0
2024,5,0-13,M,186
2024,5,0-13,F,88
2024,5,0-13,U,0
2024,5,14-17,M,1419
2024,5,14-17,F,1100
2024,5,14-17,U,0
2024,5,18-30,M,26428
2024,5,18-30,F,24243
2024,5,18-30,U,3
2024,5,31-40,M,23862
2024,5,31-40,F,19806
2024,5,31-40,U,0
2024,5,41-64,M,54518
2024,5,41-64,F,39637
2024,5,41-64,U,8
2024,5,65+,M,14714
2024,5,65+,F,14219
2024,5,65+,U,1
2024,5,U,M,481
2024,5,U,F,152
2024,5,U,U,116
2024,5.1,0-13,M,77
2024,5.1,0-13,F,57
2024,5.1,0-13,U,0
2024,5.1,14-17,M,650
2024,5.1,14-17,F,859
2024,5.1,14-17,U,0
2024,5.1,18-30,M,11192
2024,5.1,18-30,F,13258
2024,5.1,18-30,U,2
2024,5.1,31-40,M,8394
2024,5.1,31-40,F,9468
2024,5.1,31-40,U,0
2024,5.1,41-64,M,16591
2024,5.1,41-64,F,14276
2024,5.1,41-64,U,2
2024,5.1,65+,M,4946
2024,5.1,65+,F,6702
2024,5.1,65+,U,0
2024,5.1,U,M,223
2024,5.1,U,F,94
2024,5.1,U,U,44
2024,5.2,0-13,M,4
2024,5.2,0-13,F,3
2024,5.2,0-13,U,0
2024,5.2,14-17,M,17
2024,5.2,14-17,F,12
2024,5.2,14-17,U,0
2024,5.2,18-30,M,2863
2024,5.2,18-30,F,1393
2024,5.2,18-30,U,0
2024,5.2,31-40,M,4277
2024,5.2,31-40,F,2014
2024,5.2,31-40,U,0
2024,5.2,41-64,M,10530
2024,5.2,41-64,F,4094
2024,5.2,41-64,U,0
2024,5.2,65+,M,1483
2024,5.2,65+,F,805
2024,5.2,65+,U,0
2024,5.2,U,M,75
2024,5.2,U,F,12
2024,5.2,U,U,10
2024,5.2.1,0-13,M,3
2024,5.2.1,0-13,F,1
2024,5.2.1,0-13,U,0
2024,5.2.1,14-17,M,9
2024,5.2.1,14-17,F,7
2024,5.2.1,14-17,U,0
2024,5.2.1,18-30,M,2141
2024,5.2.1,18-30,F,930
2024,5.2.1,18-30,U,0
2024,5.2.1,31-40,M,3115
2024,5.2.1,31-40,F,1220
2024,5.2.1,31-40,U,0
2024,5.2.1,41-64,M,7051
2024,5.2.1,41-64,F,2085
2024,5.2.1,41-64,U,0
2024,5.2.1,65+,M,578
2024,5.2.1,65+,F,149
2024,5.2.1,65+,U,0
2024,5.2.1,U,M,40
2024,5.2.1,U,F,4
2024,5.2.1,U,U,1
2024,5.2.2,0-13,M,0
2024,5.2.2,0-13,F,0
2024,5.2.2,0-13,U,0
2024,5.2.2,14-17,M,1
2024,5.2.2,14-17,F,0
2024,5.2.2,14-17,U,0
2024,5.2.2,18-30,M,297
2024,5.2.2,18-30,F,270
2024,5.2.2,18-30,U,0
2024,5.2.2,31-40,M,449
2024,5.2.2,31-40,F,402
2024,5.2.2,31-40,U,0
2024,5.2.2,41-64,M,1381
2024,5.2.2,41-64,F,1136
2024,5.2.2,41-64,U,0
2024,5.2.2,65+,M,697
2024,5.2.2,65+,F,587
2024,5.2.2,65+,U,0
2024,5.2.2,U,M,7
2024,5.2.2,U,F,2
2024,5.2.2,U,U,4
2024,5.2.3,0-13,M,0
2024,5.2.3,0-13,F,1
2024,5.2.3,0-13,U,0
2024,5.2.3,14-17,M,0
2024,5.2.3,14-17,F,1
2024,5.2.3,14-17,U,0
2024,5.2.3,18-30,M,188
2024,5.2.3,18-30,F,103
2024,5.2.3,18-30,U,0
2024,5.2.3,31-40,M,419
2024,5.2.3,31-40,F,277
2024,5.2.3,31-40,U,0
2024,5.2.3,41-64,M,1139
2024,5.2.3,41-64,F,570
2024,5.2.3,41-64,U,0
2024,5.2.3,65+,M,118
2024,5.2.3,65+,F,52
2024,5.2.3,65+,U,0
2024,5.2.3,U,M,17
2024,5.2.3,U,F,4
2024,5.2.3,U,U,3
2024,5.3,0-13,M,74
2024,5.3,0-13,F,9
2024,5.3,0-13,U,0
2024,5.3,14-17,M,596
2024,5.3,14-17,F,114
2024,5.3,14-17,U,0
2024,5.3,18-30,M,2812
2024,5.3,18-30,F,1045
2024,5.3,18-30,U,0
2024,5.3,31-40,M,1515
2024,5.3,31-40,F,568
2024,5.3,31-40,U,0
2024,5.3,41-64,M,2196
2024,5.3,41-64,F,1123
2024,5.3,41-64,U,2
2024,5.3,65+,M,477
2024,5.3,65+,F,545
2024,5.3,65+,U,1
2024,5.3,U,M,57
2024,5.3,U,F,11
2024,5.3,U,U,4
2024,5.3.1,0-13,M,59
2024,5.3.1,0-13,F,5
2024,5.3.1,0-13,U,0
2024,5.3.1,14-17,M,461
2024,5.3.1,14-17,F,71
2024,5.3.1,14-17,U,0
2024,5.3.1,18-30,M,2089
2024,5.3.1,18-30,F,653
2024,5.3.1,18-30,U,0
2024,5.3.1,31-40,M,1072
2024,5.3.1,31-40,F,350
2024,5.3.1,31-40,U,0
2024,5.3.1,41-64,M,1515
2024,5.3.1,41-64,F,672
2024,5.3.1,41-64,U,0
2024,5.3.1,65+,M,311
2024,5.3.1,65+,F,351
2024,5.3.1,65+,U,1
2024,5.3.1,U,M,16
2024,5.3.1,U,F,8
2024,5.3.1,U,U,4
2024,5.3.2,0-13,M,2
2024,5.3.2,0-13,F,0
2024,5.3.2,0-13,U,0
2024,5.3.2,14-17,M,7
2024,5.3.2,14-17,F,2
2024,5.3.2,14-17,U,0
2024,5.3.2,18-30,M,84
2024,5.3.2,18-30,F,36
2024,5.3.2,18-30,U,0
2024,5.3.2,31-40,M,50
2024,5.3.2,31-40,F,40
2024,5.3.2,31-40,U,0
2024,5.3.2,41-64,M,95
2024,5.3.2,41-64,F,97
2024,5.3.2,41-64,U,0
2024,5.3.2,65+,M,84
2024,5.3.2,65+,F,108
2024,5.3.2,65+,U,0
2024,5.3.2,U,M,1
2024,5.3.2,U,F,1
2024,5.3.2,U,U,0
2024,5.3.3,0-13,M,0
2024,5.3.3,0-13,F,2
2024,5.3.3,0-13,U,0
2024,5.3.3,14-17,M,12
2024,5.3.3,14-17,F,2
2024,5.3.3,14-17,U,0
2024,5.3.3,18-30,M,269
2024,5.3.3,18-30,F,189
2024,5.3.3,18-30,U,0
2024,5.3.3,31-40,M,245
2024,5.3.3,31-40,F,111
2024,5.3.3,31-40,U,0
2024,5.3.3,41-64,M,349
2024,5.3.3,41-64,F,224
2024,5.3.3,41-64,U,1
2024,5.3.3,65+,M,25
2024,5.3.3,65+,F,21
2024,5.3.3,65+,U,0
2024,5.3.3,U,M,34
2024,5.3.3,U,F,1
2024,5.3.3,U,U,0
2024,5.4,0-13,M,1
2024,5.4,0-13,F,0
2024,5.4,0-13,U,0
2024,5.4,14-17,M,1
2024,5.4,14-17,F,0
2024,5.4,14-17,U,0
2024,5.4,18-30,M,602
2024,5.4,18-30,F,228
2024,5.4,18-30,U,0
2024,5.4,31-40,M,940
2024,5.4,31-40,F,290
2024,5.4,31-40,U,0
2024,5.4,41-64,M,2194
2024,5.4,41-64,F,652
2024,5.4,41-64,U,0
2024,5.4,65+,M,255
2024,5.4,65+,F,67
2024,5.4,65+,U,0
2024,5.4,U,M,13
2024,5.4,U,F,4
2024,5.4,U,U,2
2024,5.5,0-13,M,11
2024,5.5,0-13,F,8
2024,5.5,0-13,U,0
2024,5.5,14-17,M,59
2024,5.5,14-17,F,67
2024,5.5,14-17,U,0
2024,5.5,18-30,M,5952
2024,5.5,18-30,F,6487
2024,5.5,18-30,U,1
2024,5.5,31-40,M,5221
2024,5.5,31-40,F,5362
2024,5.5,31-40,U,0
2024,5.5,41-64,M,13404
2024,5.5,41-64,F,13923
2024,5.5,41-64,U,4
2024,5.5,65+,M,5537
2024,5.5,65+,F,4986
2024,5.5,65+,U,0
2024,5.5,U,M,29
2024,5.5,U,F,14
2024,5.5,U,U,3
2024,5.5.1,0-13,M,7
2024,5.5.1,0-13,F,6
2024,5.5.1,0-13,U,0
2024,5.5.1,14-17,M,39
2024,5.5.1,14-17,F,44
2024,5.5.1,14-17,U,0
2024,5.5.1,18-30,M,4410
2024,5.5.1,18-30,F,4785
2024,5.5.1,18-30,U,0
2024,5.5.1,31-40,M,3828
2024,5.5.1,31-40,F,4223
2024,5.5.1,31-40,U,0
2024,5.5.1,41-64,M,10328
2024,5.5.1,41-64,F,11228
2024,5.5.1,41-64,U,3
2024,5.5.1,65+,M,4048
2024,5.5.1,65+,F,3396
2024,5.5.1,65+,U,0
2024,5.5.1,U,M,6
2024,5.5.1,U,F,1
2024,5.5.1,U,U,1
2024,5.6,0-13,M,9
2024,5.6,0-13,F,2
2024,5.6,0-13,U,0
2024,5.6,14-17,M,7
2024,5.6,14-17,F,6
2024,5.6,14-17,U,0
2024,5.6,18-30,M,1722
2024,5.6,18-30,F,1074
2024,5.6,18-30,U,0
2024,5.6,31-40,M,2721
2024,5.6,31-40,F,1561
2024,5.6,31-40,U,0
2024,5.6,41-64,M,7991
2024,5.6,41-64,F,4449
2024,5.6,41-64,U,0
2024,5.6,65+,M,1637
2024,5.6,65+,F,802
2024,5.6,65+,U,0
2024,5.6,U,M,32
2024,5.6,U,F,9
2024,5.6,U,U,4
2024,5.7,0-13,M,0
2024,5.7,0-13,F,0
2024,5.7,0-13,U,0
2024,5.7,14-17,M,0
2024,5.7,14-17,F,0
2024,5.7,14-17,U,0
2024,5.7,18-30,M,2
2024,5.7,18-30,F,1
2024,5.7,18-30,U,0
2024,5.7,31-40,M,0
2024,5.7,31-40,F,3
2024,5.7,31-40,U,0
2024,5.7,41-64,M,6
2024,5.7,41-64,F,8
2024,5.7,41-64,U,0
2024,5.7,65+,M,1
2024,5.7,65+,F,0
2024,5.7,65+,U,0
2024,5.7,U,M,0
2024,5.7,U,F,0
2024,5.7,U,U,2
2024,5.8,0-13,M,0
2024,5.8,0-13,F,0
2024,5.8,0-13,U,0
2024,5.8,14-17,M,0
2024,5.8,14-17,F,0
2024,5.8,14-17,U,0
2024,5.8,18-30,M,5
2024,5.8,18-30,F,3
2024,5.8,18-30,U,0
2024,5.8,31-40,M,1
2024,5.8,31-40,F,2
2024,5.8,31-40,U,0
2024,5.8,41-64,M,3
2024,5.8,41-64,F,2
2024,5.8,41-64,U,0
2024,5.8,65+,M,0
2024,5.8,65+,F,1
2024,5.8,65+,U,0
2024,5.8,U,M,0
2024,5.8,U,F,0
2024,5.8,U,U,0
2024,5.9,0-13,M,10
2024,5.9,0-13,F,9
2024,5.9,0-13,U,0
2024,5.9,14-17,M,89
2024,5.9,14-17,F,42
2024,5.9,14-17,U,0
2024,5.9,18-30,M,1278
2024,5.9,18-30,F,754
2024,5.9,18-30,U,0
2024,5.9,31-40,M,793
2024,5.9,31-40,F,538
2024,5.9,31-40,U,0
2024,5.9,41-64,M,1603
2024,5.9,41-64,F,1110
2024,5.9,41-64,U,0
2024,5.9,65+,M,378
2024,5.9,65+,F,311
2024,5.9,65+,U,0
2024,5.9,U,M,52
2024,5.9,U,F,8
2024,5.9,U,U,47
2024,6,0-13,M,1
2024,6,0-13,F,0
2024,6,0-13,U,0
2024,6,14-17,M,0
2024,6,14-17,F,4
2024,6,14-17,U,0
2024,6,18-30,M,33
2024,6,18-30,F,13
2024,6,18-30,U,0
2024,6,31-40,M,19
2024,6,31-40,F,13
2024,6,31-40,U,0
2024,6,41-64,M,48
2024,6,41-64,F,24
2024,6,41-64,U,0
2024,6,65+,M,6
2024,6,65+,F,6
2024,6,65+,U,0
2024,6,U,M,9
2024,6,U,F,0
2024,6,U,U,0
2024,6.1,0-13,M,0
2024,6.1,0-13,F,0
2024,6.1,0-13,U,0
2024,6.1,14-17,M,0
2024,6.1,14-17,F,1
2024,6.1,14-17,U,0
2024,6.1,18-30,M,6
2024,6.1,18-30,F,0
2024,6.1,18-30,U,0
2024,6.1,31-40,M,2
2024,6.1,31-40,F,2
2024,6.1,31-40,U,0
2024,6.1,41-64,M,4
2024,6.1,41-64,F,2
2024,6.1,41-64,U,0
2024,6.1,65+,M,1
2024,6.1,65+,F,2
2024,6.1,65+,U,0
2024,6.1,U,M,2
2024,6.1,U,F,0
2024,6.1,U,U,0
2024,6.2,0-13,M,0
2024,6.2,0-13,F,0
2024,6.2,0-13,U,0
2024,6.2,14-17,M,0
2024,6.2,14-17,F,0
2024,6.2,14-17,U,0
2024,6.2,18-30,M,18
2024,6.2,18-30,F,9
2024,6.2,18-30,U,0
2024,6.2,31-40,M,7
2024,6.2,31-40,F,4
2024,6.2,31-40,U,0
2024,6.2,41-64,M,20
2024,6.2,41-64,F,9
2024,6.2,41-64,U,0
2024,6.2,65+,M,2
2024,6.2,65+,F,2
2024,6.2,65+,U,0
2024,6.2,U,M,4
2024,6.2,U,F,0
2024,6.2,U,U,0
2024,6.3,0-13,M,1
2024,6.3,0-13,F,0
2024,6.3,0-13,U,0
2024,6.3,14-17,M,0
2024,6.3,14-17,F,3
2024,6.3,14-17,U,0
2024,6.3,18-30,M,9
2024,6.3,18-30,F,4
2024,6.3,18-30,U,0
2024,6.3,31-40,M,10
2024,6.3,31-40,F,7
2024,6.3,31-40,U,0
2024,6.3,41-64,M,24
2024,6.3,41-64,F,13
2024,6.3,41-64,U,0
2024,6.3,65+,M,3
2024,6.3,65+,F,2
2024,6.3,65+,U,0
2024,6.3,U,M,3
2024,6.3,U,F,0
2024,6.3,U,U,0
2024,7,0-13,M,4
2024,7,0-13,F,8
2024,7,0-13,U,0
2024,7,14-17,M,15
2024,7,14-17,F,19
2024,7,14-17,U,0
2024,7,18-30,M,733
2024,7,18-30,F,711
2024,7,18-30,U,0
2024,7,31-40,M,751
2024,7,31-40,F,630
2024,7,31-40,U,0
2024,7,41-64,M,1605
2024,7,41-64,F,1355
2024,7,41-64,U,0
2024,7,65+,M,283
2024,7,65+,F,214
2024,7,65+,U,0
2024,7,U,M,5
2024,7,U,F,10
2024,7,U,U,0
2024,8,0-13,M,0
2024,8,0-13,F,0
2024,8,0-13,U,0
2024,8,14-17,M,0
2024,8,14-17,F,2
2024,8,14-17,U,0
2024,8,18-30,M,2
2024,8,18-30,F,6
2024,8,18-30,U,0
2024,8,31-40,M,1
2024,8,31-40,F,0
2024,8,31-40,U,0
2024,8,41-64,M,0
2024,8,41-64,F,8
2024,8,41-64,U,0
2024,8,65+,M,1
2024,8,65+,F,0
2024,8,65+,U,0
2024,8,U,M,0
2024,8,U,F,0
2024,8,U,U,0
2024,9,0-13,M,19
2024,9,0-13,F,8
2024,9,0-13,U,0
2024,9,14-17,M,9
2024,9,14-17,F,64
2024,9,14-17,U,0
2024,9,18-30,M,110
2024,9,18-30,F,906
2024,9,18-30,U,0
2024,9,31-40,M,150
2024,9,31-40,F,1033
2024,9,31-40,U,0
2024,9,41-64,M,266
2024,9,41-64,F,1235
2024,9,41-64,U,2
2024,9,65+,M,103
2024,9,65+,F,150
2024,9,65+,U,0
2024,9,U,M,206
2024,9,U,F,132
2024,9,U,U,18
2024,10,0-13,M,5
2024,10,0-13,F,0
2024,10,0-13,U,0
2024,10,14-17,M,1
2024,10,14-17,F,0
2024,10,14-17,U,0
2024,10,18-30,M,194
2024,10,18-30,F,30
2024,10,18-30,U,3
2024,10,31-40,M,631
2024,10,31-40,F,43
2024,10,31-40,U,4
2024,10,41-64,M,512
2024,10,41-64,F,36
2024,10,41-64,U,1
2024,10,65+,M,1
2024,10,65+,F,0
2024,10,65+,U,0
2024,10,U,M,1955
2024,10,U,F,79
2024,10,U,U,284
2024,11,0-13,M,0
2024,11,0-13,F,0
2024,11,0-13,U,0
2024,11,14-17,M,0
2024,11,14-17,F,0
2024,11,14-17,U,0
2024,11,18-30,M,0
2024,11,18-30,F,0
2024,11,18-30,U,0
2024,11,31-40,M,0
2024,11,31-40,F,0
2024,11,31-40,U,0
2024,11,41-64,M,0
2024,11,41-64,F,0
2024,11,41-64,U,0
2024,11,65+,M,0
2024,11,65+,F,0
2024,11,65+,U,0
2024,11,U,M,0
2024,11,U,F,0
2024,11,U,U,0
2024,12,0-13,M,2
2024,12,0-13,F,5
2024,12,0-13,U,0
2024,12,14-17,M,11
2024,12,14-17,F,13
2024,12,14-17,U,0
2024,12,18-30,M,86
2024,12,18-30,F,67
2024,12,18-30,U,0
2024,12,31-40,M,74
2024,12,31-40,F,58
2024,12,31-40,U,0
2024,12,41-64,M,126
2024,12,41-64,F,125
2024,12,41-64,U,0
2024,12,65+,M,12
2024,12,65+,F,15
2024,12,65+,U,0
2024,12,U,M,3
2024,12,U,F,1
2024,12,U,U,0
2024,TOTAL,0-13,M,1292
2024,TOTAL,0-13,F,1226
2024,TOTAL,0-13,U,3
2024,TOTAL,14-17,M,2886
2024,TOTAL,14-17,F,3049
2024,TOTAL,14-17,U,1
2024,TOTAL,18-30,M,34543
2024,TOTAL,18-30,F,35467
2024,TOTAL,18-30,U,13
2024,TOTAL,31-40,M,31196
2024,TOTAL,31-40,F,29770
2024,TOTAL,31-40,U,9
2024,TOTAL,41-64,M,66881
2024,TOTAL,41-64,F,53494
2024,TOTAL,41-64,U,16
2024,TOTAL,65+,M,16484
2024,TOTAL,65+,F,15986
2024,TOTAL,65+,U,2
2024,TOTAL,U,M,2881
2024,TOTAL,U,F,487
2024,TOTAL,U,U,424
